{"SM_RackShelf_01": [{"translations": [200.0, 0.0, 37.0], "angles": [0.0, 0.0, 0.0], "sizes": [1.0, 1.0, 1.0]}, {"translations": [200.0, 0.0, 187.0], "angles": [0.0, 0.0, 0.0], "sizes": [1.0, 1.0, 1.0]}, {"translations": [200.0, 0.0, 337.0], "angles": [0.0, 0.0, 0.0], "sizes": [1.0, 1.0, 1.0]}, {"translations": [200.0, 0.0, 487.0], "angles": [0.0, 0.0, 0.0], "sizes": [1.0, 1.0, 1.0]}, {"translations": [200.0, 0.0, 637.0], "angles": [0.0, 0.0, 0.0], "sizes": [1.0, 1.0, 1.0]}, {"translations": [200.0, 0.0, 787.0], "angles": [0.0, 0.0, 0.0], "sizes": [1.0, 1.0, 1.0]}, {"translations": [200.0, 0.0, 937.0], "angles": [0.0, 0.0, 0.0], "sizes": [1.0, 1.0, 1.0]}, {"translations": [200.0, 0.0, 1087.0], "angles": [0.0, 0.0, 0.0], "sizes": [1.0, 1.0, 1.0]}, {"translations": [200.0, 0.0, 1237.0], "angles": [0.0, 0.0, 0.0], "sizes": [1.0, 1.0, 1.0]}, {"translations": [600.0, 0.0, 37.0], "angles": [0.0, 0.0, 0.0], "sizes": [1.0, 1.0, 1.0]}, {"translations": [600.0, 0.0, 187.0], "angles": [0.0, 0.0, 0.0], "sizes": [1.0, 1.0, 1.0]}, {"translations": [600.0, 0.0, 337.0], "angles": [0.0, 0.0, 0.0], "sizes": [1.0, 1.0, 1.0]}, {"translations": [600.0, 0.0, 487.0], "angles": [0.0, 0.0, 0.0], "sizes": [1.0, 1.0, 1.0]}, {"translations": [600.0, 0.0, 637.0], "angles": [0.0, 0.0, 0.0], "sizes": [1.0, 1.0, 1.0]}, {"translations": [600.0, 0.0, 787.0], "angles": [0.0, 0.0, 0.0], "sizes": [1.0, 1.0, 1.0]}, {"translations": [600.0, 0.0, 937.0], "angles": [0.0, 0.0, 0.0], "sizes": [1.0, 1.0, 1.0]}, {"translations": [600.0, 0.0, 1087.0], "angles": [0.0, 0.0, 0.0], "sizes": [1.0, 1.0, 1.0]}, {"translations": [600.0, 0.0, 1237.0], "angles": [0.0, 0.0, 0.0], "sizes": [1.0, 1.0, 1.0]}, {"translations": [1000.0, 0.0, 37.0], "angles": [0.0, 0.0, 0.0], "sizes": [1.0, 1.0, 1.0]}, {"translations": [1000.0, 0.0, 187.0], "angles": [0.0, 0.0, 0.0], "sizes": [1.0, 1.0, 1.0]}, {"translations": [1000.0, 0.0, 337.0], "angles": [0.0, 0.0, 0.0], "sizes": [1.0, 1.0, 1.0]}, {"translations": [1000.0, 0.0, 487.0], "angles": [0.0, 0.0, 0.0], "sizes": [1.0, 1.0, 1.0]}, {"translations": [1000.0, 0.0, 637.0], "angles": [0.0, 0.0, 0.0], "sizes": [1.0, 1.0, 1.0]}, {"translations": [1000.0, 0.0, 787.0], "angles": [0.0, 0.0, 0.0], "sizes": [1.0, 1.0, 1.0]}, {"translations": [1000.0, 0.0, 937.0], "angles": [0.0, 0.0, 0.0], "sizes": [1.0, 1.0, 1.0]}, {"translations": [1000.0, 0.0, 1087.0], "angles": [0.0, 0.0, 0.0], "sizes": [1.0, 1.0, 1.0]}, {"translations": [1000.0, 0.0, 1237.0], "angles": [0.0, 0.0, 0.0], "sizes": [1.0, 1.0, 1.0]}, {"translations": [1400.0, 0.0, 37.0], "angles": [0.0, 0.0, 0.0], "sizes": [1.0, 1.0, 1.0]}, {"translations": [1400.0, 0.0, 187.0], "angles": [0.0, 0.0, 0.0], "sizes": [1.0, 1.0, 1.0]}, {"translations": [1400.0, 0.0, 337.0], "angles": [0.0, 0.0, 0.0], "sizes": [1.0, 1.0, 1.0]}, {"translations": [1400.0, 0.0, 487.0], "angles": [0.0, 0.0, 0.0], "sizes": [1.0, 1.0, 1.0]}, {"translations": [1400.0, 0.0, 637.0], "angles": [0.0, 0.0, 0.0], "sizes": [1.0, 1.0, 1.0]}, {"translations": [1400.0, 0.0, 787.0], "angles": [0.0, 0.0, 0.0], "sizes": [1.0, 1.0, 1.0]}, {"translations": [1400.0, 0.0, 937.0], "angles": [0.0, 0.0, 0.0], "sizes": [1.0, 1.0, 1.0]}, {"translations": [1400.0, 0.0, 1087.0], "angles": [0.0, 0.0, 0.0], "sizes": [1.0, 1.0, 1.0]}, {"translations": [1400.0, 0.0, 1237.0], "angles": [0.0, 0.0, 0.0], "sizes": [1.0, 1.0, 1.0]}], "SM_RackFrame_03": [{"translations": [0.0, 0.0, 0.0], "angles": [0.0, 0.0, 0.0], "sizes": [1.0, 1.0, 1.0]}, {"translations": [400.0, 0.0, 0.0], "angles": [0.0, 0.0, 0.0], "sizes": [1.0, 1.0, 1.0]}, {"translations": [800.0, 0.0, 0.0], "angles": [0.0, 0.0, 0.0], "sizes": [1.0, 1.0, 1.0]}, {"translations": [1200.0, 0.0, 0.0], "angles": [0.0, 0.0, 0.0], "sizes": [1.0, 1.0, 1.0]}, {"translations": [0.0, 0.0, 300.0], "angles": [0.0, 0.0, 0.0], "sizes": [1.0, 1.0, 1.0]}, {"translations": [400.0, 0.0, 300.0], "angles": [0.0, 0.0, 0.0], "sizes": [1.0, 1.0, 1.0]}, {"translations": [800.0, 0.0, 300.0], "angles": [0.0, 0.0, 0.0], "sizes": [1.0, 1.0, 1.0]}, {"translations": [1200.0, 0.0, 300.0], "angles": [0.0, 0.0, 0.0], "sizes": [1.0, 1.0, 1.0]}, {"translations": [0.0, 0.0, 600.0], "angles": [0.0, 0.0, 0.0], "sizes": [1.0, 1.0, 1.0]}, {"translations": [400.0, 0.0, 600.0], "angles": [0.0, 0.0, 0.0], "sizes": [1.0, 1.0, 1.0]}, {"translations": [800.0, 0.0, 600.0], "angles": [0.0, 0.0, 0.0], "sizes": [1.0, 1.0, 1.0]}, {"translations": [1200.0, 0.0, 600.0], "angles": [0.0, 0.0, 0.0], "sizes": [1.0, 1.0, 1.0]}, {"translations": [0.0, 0.0, 900.0], "angles": [0.0, 0.0, 0.0], "sizes": [1.0, 1.0, 1.0]}, {"translations": [400.0, 0.0, 900.0], "angles": [0.0, 0.0, 0.0], "sizes": [1.0, 1.0, 1.0]}, {"translations": [800.0, 0.0, 900.0], "angles": [0.0, 0.0, 0.0], "sizes": [1.0, 1.0, 1.0]}, {"translations": [1200.0, 0.0, 900.0], "angles": [0.0, 0.0, 0.0], "sizes": [1.0, 1.0, 1.0]}, {"translations": [0.0, 0.0, 1200.0], "angles": [0.0, 0.0, 0.0], "sizes": [1.0, 1.0, 1.0]}, {"translations": [400.0, 0.0, 1200.0], "angles": [0.0, 0.0, 0.0], "sizes": [1.0, 1.0, 1.0]}, {"translations": [800.0, 0.0, 1200.0], "angles": [0.0, 0.0, 0.0], "sizes": [1.0, 1.0, 1.0]}, {"translations": [1200.0, 0.0, 1200.0], "angles": [0.0, 0.0, 0.0], "sizes": [1.0, 1.0, 1.0]}, {"translations": [1600.0, 0.0, 0.0], "angles": [0.0, 0.0, 0.0], "sizes": [1.0, 1.0, 1.0]}, {"translations": [1600.0, 0.0, 300.0], "angles": [0.0, 0.0, 0.0], "sizes": [1.0, 1.0, 1.0]}, {"translations": [1600.0, 0.0, 600.0], "angles": [0.0, 0.0, 0.0], "sizes": [1.0, 1.0, 1.0]}, {"translations": [1600.0, 0.0, 900.0], "angles": [0.0, 0.0, 0.0], "sizes": [1.0, 1.0, 1.0]}, {"translations": [1600.0, 0.0, 1200.0], "angles": [0.0, 0.0, 0.0], "sizes": [1.0, 1.0, 1.0]}], "SM_PaletteA_01": [{"translations": [104.04623413085938, -1.7162489891052246, 37.0], "angles": [0.0, 0.0, 0.03907978285814381], "sizes": [0.9999999999999999, 0.9999999999999999, 1.0]}, {"translations": [77.0445785522461, -0.000858306884765625, 187.0], "angles": [0.0, 0.0, -0.0033863068838936587], "sizes": [0.9999999999999999, 0.9999999999999999, 1.0]}, {"translations": [167.94365692138672, 0.4796934127807617, 337.0], "angles": [0.0, 0.0, 0.024692404473394738], "sizes": [1.0, 1.0, 1.0]}, {"translations": [74.09922790527344, -9.138336181640625, 487.0], "angles": [0.0, 0.0, 0.018067784606266877], "sizes": [0.9999999999999999, 0.9999999999999999, 1.0]}, {"translations": [106.05471801757812, -5.421197414398193, 637.0], "angles": [0.0, 0.0, -0.013599429000656171], "sizes": [0.9999999999999999, 0.9999999999999999, 1.0]}, {"translations": [115.29872131347656, 7.166991233825684, 787.0], "angles": [0.0, 0.0, -0.0024355338305652517], "sizes": [1.0, 1.0, 1.0]}, {"translations": [132.94749450683594, -1.137080192565918, 937.0], "angles": [0.0, 0.0, 0.014757823964793467], "sizes": [0.9999999999999999, 0.9999999999999999, 1.0]}, {"translations": [141.91117095947266, -1.9424939155578613, 1087.0], "angles": [0.0, 0.0, 0.020887625681076997], "sizes": [0.9999999999999999, 0.9999999999999999, 1.0]}, {"translations": [171.65704727172852, -8.041610717773438, 1237.0], "angles": [0.0, 0.0, 0.02909048925686594], "sizes": [1.0, 1.0, 1.0]}, {"translations": [482.2792282104492, 6.109950542449951, 37.0], "angles": [0.0, 0.0, -0.019958343066367668], "sizes": [1.0, 1.0, 1.0]}, {"translations": [491.85707092285156, -2.9225897789001465, 187.0], "angles": [0.0, 0.0, -0.009184062786470625], "sizes": [0.9999999999999999, 0.9999999999999999, 1.0]}, {"translations": [533.3830947875977, 8.623649597167969, 337.0], "angles": [0.0, 0.0, -0.006875106852037018], "sizes": [1.0, 1.0, 1.0]}, {"translations": [494.8818664550781, 8.459146499633789, 487.0], "angles": [0.0, 0.0, 0.0022570947267095995], "sizes": [0.9999999999999999, 0.9999999999999999, 1.0]}, {"translations": [541.5834045410156, 7.324190139770508, 637.0], "angles": [0.0, 0.0, -0.04045559361240034], "sizes": [0.9999999999999999, 0.9999999999999999, 1.0]}, {"translations": [533.2000122070312, 9.428579330444336, 787.0], "angles": [0.0, 0.0, -0.008510288608032589], "sizes": [0.9999999999999999, 0.9999999999999999, 1.0]}, {"translations": [479.88209533691406, -8.396973609924316, 937.0], "angles": [0.0, 0.0, 0.04359544171565146], "sizes": [0.9999999999999999, 0.9999999999999999, 1.0]}, {"translations": [518.589485168457, 2.799050807952881, 1087.0], "angles": [0.0, 0.0, -0.003820412323600582], "sizes": [1.0, 1.0, 1.0]}, {"translations": [505.95130920410156, 9.096426963806152, 1237.0], "angles": [0.0, 0.0, 0.02928482134677507], "sizes": [1.0, 1.0, 1.0]}, {"translations": [911.4894409179688, 2.581357955932617, 37.0], "angles": [0.0, 0.0, -0.002653917533914948], "sizes": [0.9999999999999999, 0.9999999999999999, 1.0]}, {"translations": [962.7283554077148, 0.3313159942626953, 187.0], "angles": [0.0, 0.0, 0.016930752605198184], "sizes": [1.0, 1.0, 1.0]}, {"translations": [935.8382797241211, -4.22123908996582, 337.0], "angles": [0.0, 0.0, 0.0273148093872967], "sizes": [1.0, 1.0, 1.0]}, {"translations": [966.4827346801758, 3.2526063919067383, 487.0], "angles": [0.0, 0.0, -0.037959390930379595], "sizes": [1.0, 1.0, 1.0]}, {"translations": [881.7578506469727, 2.102322578430176, 637.0], "angles": [0.0, 0.0, -0.04145347019752016], "sizes": [1.0, 1.0, 1.0]}, {"translations": [922.1294860839844, 5.8795952796936035, 787.0], "angles": [0.0, 0.0, 0.032362065110803494], "sizes": [1.0, 1.0, 1.0]}, {"translations": [880.4381942749023, 9.166719436645508, 937.0], "angles": [0.0, 0.0, -0.04033850601929637], "sizes": [1.0, 1.0, 1.0]}, {"translations": [910.0795974731445, 0.4271697998046875, 1087.0], "angles": [0.0, 0.0, -0.019564263873513746], "sizes": [1.0, 1.0, 1.0]}, {"translations": [953.6557540893555, 6.80105447769165, 1237.0], "angles": [0.0, 0.0, -0.018581702947491473], "sizes": [1.0, 1.0, 1.0]}, {"translations": [1312.5039825439453, 3.831033706665039, 37.0], "angles": [0.0, 0.0, 0.022096456831280253], "sizes": [0.9999999999999999, 0.9999999999999999, 1.0]}, {"translations": [1367.7973022460938, 1.4619636535644531, 187.0], "angles": [0.0, 0.0, -0.015428881782275026], "sizes": [1.0, 1.0, 1.0]}, {"translations": [1278.5350646972656, 1.4052867889404297, 337.0], "angles": [0.0, 0.0, 0.02646288104064199], "sizes": [0.9999999999999999, 0.9999999999999999, 1.0]}, {"translations": [1300.343391418457, -2.281332015991211, 487.0], "angles": [0.0, 0.0, -0.042962182480243596], "sizes": [1.0, 1.0, 1.0]}, {"translations": [1315.598030090332, -4.324848651885986, 637.0], "angles": [0.0, 0.0, -0.015873588726540155], "sizes": [0.9999999999999999, 0.9999999999999999, 1.0]}, {"translations": [1286.8436584472656, 4.431722164154053, 787.0], "angles": [0.0, 0.0, 0.003972213954049757], "sizes": [0.9999999999999999, 0.9999999999999999, 1.0]}, {"translations": [1352.2860984802246, -4.739868640899658, 937.0], "angles": [0.0, 0.0, -0.035037102084015066], "sizes": [1.0, 1.0, 1.0]}, {"translations": [1276.7451858520508, 9.815754890441895, 1087.0], "angles": [0.0, 0.0, -0.035156874658121354], "sizes": [0.9999999999999999, 0.9999999999999999, 1.0]}, {"translations": [1348.378776550293, -5.155339241027832, 1237.0], "angles": [0.0, 0.0, 0.0035434376463205856], "sizes": [1.0, 1.0, 1.0]}, {"translations": [288.7731170654297, -1.7162489891052246, 37.0], "angles": [0.0, 0.0, -0.029950338244081814], "sizes": [1.0, 1.0, 1.0]}, {"translations": [275.2722930908203, -0.000858306884765625, 187.0], "angles": [0.0, 0.0, -0.02857935623188821], "sizes": [1.0, 1.0, 1.0]}, {"translations": [320.7218246459961, 0.4796934127807617, 337.0], "angles": [0.0, 0.0, 0.03656216496310105], "sizes": [0.9999999999999999, 0.9999999999999999, 1.0]}, {"translations": [273.7996139526367, -9.138336181640625, 487.0], "angles": [0.0, 0.0, 0.01217737240933496], "sizes": [0.9999999999999999, 0.9999999999999999, 1.0]}, {"translations": [289.77735900878906, -5.421197414398193, 637.0], "angles": [0.0, 0.0, -0.03723017987065824], "sizes": [0.9999999999999999, 0.9999999999999999, 1.0]}, {"translations": [294.3993606567383, 7.166991233825684, 787.0], "angles": [0.0, 0.0, -0.03854753952880215], "sizes": [1.0, 1.0, 1.0]}, {"translations": [303.22374725341797, -1.137080192565918, 937.0], "angles": [0.0, 0.0, 0.0026113045034022236], "sizes": [0.9999999999999999, 0.9999999999999999, 1.0]}, {"translations": [307.7055892944336, -1.9424939155578613, 1087.0], "angles": [0.0, 0.0, -0.001620582228081892], "sizes": [1.0, 1.0, 1.0]}, {"translations": [322.5785217285156, -8.041610717773438, 1237.0], "angles": [0.0, 0.0, -0.03588347961882939], "sizes": [0.9999999999999999, 0.9999999999999999, 1.0]}, {"translations": [677.8896102905273, 6.109950542449951, 37.0], "angles": [0.0, 0.0, 0.017047919981467576], "sizes": [1.0, 1.0, 1.0]}, {"translations": [682.6785354614258, -2.9225897789001465, 187.0], "angles": [0.0, 0.0, 0.012907047140997377], "sizes": [1.0, 1.0, 1.0]}, {"translations": [703.4415435791016, 8.623649597167969, 337.0], "angles": [0.0, 0.0, 0.02606353219414957], "sizes": [1.0, 1.0, 1.0]}, {"translations": [684.1909332275391, 8.459146499633789, 487.0], "angles": [0.0, 0.0, 0.03001422745525533], "sizes": [0.9999999999999999, 0.9999999999999999, 1.0]}, {"translations": [707.5417022705078, 7.324190139770508, 637.0], "angles": [0.0, 0.0, -0.030868732983226704], "sizes": [1.0, 1.0, 1.0]}, {"translations": [703.3500061035156, 9.428579330444336, 787.0], "angles": [0.0, 0.0, 0.011492967154388347], "sizes": [1.0, 1.0, 1.0]}, {"translations": [676.691047668457, -8.396973609924316, 937.0], "angles": [0.0, 0.0, -0.010558228458764158], "sizes": [1.0, 1.0, 1.0]}, {"translations": [696.0447387695312, 2.799050807952881, 1087.0], "angles": [0.0, 0.0, 0.033581164985081666], "sizes": [1.0, 1.0, 1.0]}, {"translations": [689.7256546020508, 9.096426963806152, 1237.0], "angles": [0.0, 0.0, 0.004124018093684029], "sizes": [1.0, 1.0, 1.0]}, {"translations": [1092.4947204589844, 2.581357955932617, 37.0], "angles": [0.0, 0.0, -0.02180090676394758], "sizes": [1.0, 1.0, 1.0]}, {"translations": [1118.1141815185547, 0.3313159942626953, 187.0], "angles": [0.0, 0.0, 0.03325643249641328], "sizes": [1.0, 1.0, 1.0]}, {"translations": [1104.6691436767578, -4.22123908996582, 337.0], "angles": [0.0, 0.0, 0.02958031455710553], "sizes": [0.9999999999999999, 0.9999999999999999, 1.0]}, {"translations": [1119.9913635253906, 3.2526063919067383, 487.0], "angles": [0.0, 0.0, 0.01775889708911968], "sizes": [0.9999999999999999, 0.9999999999999999, 1.0]}, {"translations": [1077.6289291381836, 2.102322578430176, 637.0], "angles": [0.0, 0.0, 0.0021132791698466502], "sizes": [1.0, 1.0, 1.0]}, {"translations": [1097.8147430419922, 5.8795952796936035, 787.0], "angles": [0.0, 0.0, -0.005732597097655167], "sizes": [1.0, 1.0, 1.0]}, {"translations": [1076.9691009521484, 9.166719436645508, 937.0], "angles": [0.0, 0.0, -0.02241064033704214], "sizes": [1.0, 1.0, 1.0]}, {"translations": [1091.789794921875, 0.4271697998046875, 1087.0], "angles": [0.0, 0.0, 0.020224617898619204], "sizes": [1.0, 1.0, 1.0]}, {"translations": [1113.577880859375, 6.80105447769165, 1237.0], "angles": [0.0, 0.0, -0.0067872219859863815], "sizes": [1.0, 1.0, 1.0]}, {"translations": [1493.0019912719727, 3.831033706665039, 37.0], "angles": [0.0, 0.0, 0.015426216857785346], "sizes": [1.0, 1.0, 1.0]}, {"translations": [1520.6486511230469, 1.4619636535644531, 187.0], "angles": [0.0, 0.0, -0.03907446476223272], "sizes": [1.0, 1.0, 1.0]}, {"translations": [1476.0175323486328, 1.4052867889404297, 337.0], "angles": [0.0, 0.0, 0.013865725197253567], "sizes": [0.9999999999999999, 0.9999999999999999, 1.0]}, {"translations": [1486.9216995239258, -2.281332015991211, 487.0], "angles": [0.0, 0.0, 0.016603219439318653], "sizes": [1.0, 1.0, 1.0]}, {"translations": [1494.5490188598633, -4.324848651885986, 637.0], "angles": [0.0, 0.0, -0.009572877605776582], "sizes": [0.9999999999999999, 0.9999999999999999, 1.0]}, {"translations": [1480.1718292236328, 4.431722164154053, 787.0], "angles": [0.0, 0.0, -0.012182701457072113], "sizes": [0.9999999999999999, 0.9999999999999999, 1.0]}, {"translations": [1512.893051147461, -4.739868640899658, 937.0], "angles": [0.0, 0.0, -0.010347841905642427], "sizes": [1.0, 1.0, 1.0]}, {"translations": [1475.1225967407227, 9.815754890441895, 1087.0], "angles": [0.0, 0.0, 0.008579528268439544], "sizes": [1.0, 1.0, 1.0]}, {"translations": [1510.9393844604492, -5.155339241027832, 1237.0], "angles": [0.0, 0.0, -0.009895115232051346], "sizes": [1.0, 1.0, 1.0]}], "SM_CardBoxD_04": [{"translations": [1480.3515814114683, -34.55578659539215, 1258.0], "angles": [0.0, 0.0, 0.7968890115322872], "sizes": [0.9999999999999999, 0.9999999999999999, 1.0]}, {"translations": [1479.4409213822653, -25.55937274295842, 808.0], "angles": [0.0, 0.0, 0.9968124236976011], "sizes": [1.0000000000000002, 1.0000000000000002, 1.0]}, {"translations": [1488.3975825317452, -26.10375009955929, 208.0], "angles": [0.0, 0.0, 0.7183771204544285], "sizes": [1.0000000000000007, 1.0000000000000007, 1.0]}, {"translations": [1120.5520239405928, 31.615856560789528, 1108.0], "angles": [0.0, 0.0, 0.752564921934956], "sizes": [1.0000000000000002, 1.0000000000000002, 1.0]}, {"translations": [672.6683989159898, 38.73112154763707, 808.0], "angles": [0.0, 0.0, 0.9994058797301735], "sizes": [1.0000000000000016, 1.0000000000000016, 1.0]}, {"translations": [677.5988749910672, 9.175431483730536, 658.0], "angles": [0.0, 0.0, 0.9554646691033546], "sizes": [1.0000000000000016, 1.0000000000000016, 1.0]}, {"translations": [708.8948989441569, -22.849885014837152, 58.0], "angles": [0.0, 0.0, -0.42627486609446774], "sizes": [1.0, 1.0, 1.0]}, {"translations": [292.0096211369366, 24.495637408009713, 658.0], "angles": [0.0, 0.0, 0.896343316349403], "sizes": [1.0000000000000002, 1.0000000000000002, 1.0]}, {"translations": [907.5213227155846, -35.81475022400562, 358.0], "angles": [0.0, 0.0, 0.9933800785212771], "sizes": [1.0000000000000007, 1.0000000000000007, 1.0]}, {"translations": [932.7455544307415, -0.68438355541194, 208.0], "angles": [0.0, 0.0, -0.30615911098741067], "sizes": [1.0, 1.0, 1.0]}, {"translations": [477.75910092842724, -22.60845266916204, 1258.0], "angles": [0.0, 0.0, -0.19981146874092878], "sizes": [1.0, 1.0, 1.0]}, {"translations": [535.8998531584228, 10.852762642453097, 1258.0], "angles": [0.0, 0.0, 0.9994204992393295], "sizes": [1.0000000000000009, 1.0000000000000009, 1.0]}, {"translations": [145.44449700039263, 37.02050372790484, 808.0], "angles": [0.0, 0.0, 0.5558257893244865], "sizes": [0.9999999999999999, 0.9999999999999999, 1.0]}], "SM_CardBoxD_02": [{"translations": [1541.5271875094302, 24.24510811333648, 1258.0], "angles": [0.0, 0.0, 0.8791461717658428], "sizes": [1.0000000000000002, 1.0000000000000002, 1.0]}, {"translations": [1450.9116421578879, 35.153724912633955, 808.0], "angles": [0.0, 0.0, 0.9506401347266096], "sizes": [1.0000000000000009, 1.0000000000000009, 1.0]}, {"translations": [1550.5570422952596, -0.8807137655245079, 208.0], "angles": [0.0, 0.0, -0.04925293506619536], "sizes": [0.9999999999999999, 0.9999999999999999, 1.0]}, {"translations": [1136.3906862008698, -32.394697164738105, 358.0], "angles": [0.0, 0.0, 0.9446775460416155], "sizes": [1.0000000000000007, 1.0000000000000007, 1.0]}, {"translations": [1088.180540936698, -1.6629662115001338, 208.0], "angles": [0.0, 0.0, 0.9883976327348107], "sizes": [1.0000000000000002, 1.0000000000000002, 1.0]}, {"translations": [707.3178174939757, 20.96287942197457, 958.0], "angles": [0.0, 0.0, -0.8354371064537307], "sizes": [1.0000000000000007, 1.0000000000000007, 1.0]}, {"translations": [652.6885309733798, -3.696948098401216, 208.0], "angles": [0.0, 0.0, -0.4391222391346555], "sizes": [1.0, 1.0, 1.0]}, {"translations": [333.38001585476104, -30.979993321877732, 958.0], "angles": [0.0, 0.0, 0.6353919806235573], "sizes": [1.0000000000000002, 1.0000000000000002, 1.0]}, {"translations": [348.4493540043449, 32.59174902561728, 358.0], "angles": [0.0, 0.0, -0.050611663880394155], "sizes": [1.0, 1.0, 1.0]}, {"translations": [881.3306290233999, -27.258984956105255, 58.0], "angles": [0.0, 0.0, -0.7457773508298402], "sizes": [1.0000000000000002, 1.0000000000000002, 1.0]}, {"translations": [911.6486754092342, 32.58093535923601, 58.0], "angles": [0.0, 0.0, -0.015742174508368546], "sizes": [1.0, 1.0, 1.0]}, {"translations": [503.7149565331772, 39.93483265512727, 808.0], "angles": [0.0, 0.0, -0.6705555185260756], "sizes": [1.0, 1.0, 1.0]}], "SM_CardBoxD_03": [{"translations": [1512.2722138747465, -34.73344397097341, 958.0], "angles": [0.0, 0.0, 0.3551411679888002], "sizes": [1.0, 1.0, 1.0]}, {"translations": [1107.7554576483092, -27.77061299758226, 658.0], "angles": [0.0, 0.0, 0.9713741706516396], "sizes": [1.0000000000000004, 1.0000000000000004, 1.0]}, {"translations": [1093.8024639821324, 32.5528411837888, 58.0], "angles": [0.0, 0.0, 0.6148640073971887], "sizes": [1.0000000000000002, 1.0000000000000002, 1.0]}, {"translations": [684.1909332275391, 8.459146499633789, 508.0], "angles": [0.0, 0.0, 0.983627117268751], "sizes": [0.9999999999999998, 0.9999999999999998, 1.0]}, {"translations": [648.9297747332403, -24.8953381111796, 58.0], "angles": [0.0, 0.0, 0.7253047888070046], "sizes": [1.0000000000000004, 1.0000000000000004, 1.0]}, {"translations": [333.06666038272976, 29.01918840877713, 958.0], "angles": [0.0, 0.0, 0.9959030472213651], "sizes": [1.0000000000000004, 1.0000000000000004, 1.0]}, {"translations": [1244.711237748845, -18.00197630606508, 1108.0], "angles": [0.0, 0.0, -0.4803603406962275], "sizes": [1.0, 1.0, 1.0]}, {"translations": [1338.737207984514, 32.37330334481848, 208.0], "angles": [0.0, 0.0, 0.43947714799968113], "sizes": [1.0, 1.0, 1.0]}, {"translations": [924.7911805541173, 37.89504738032208, 1258.0], "angles": [0.0, 0.0, 0.9977546025575589], "sizes": [1.0000000000000018, 1.0000000000000018, 1.0]}, {"translations": [908.9059663150111, -29.549864574940564, 1108.0], "angles": [0.0, 0.0, 0.9832213672713475], "sizes": [1.0000000000000007, 1.0000000000000007, 1.0]}, {"translations": [907.9222221699173, -23.15398926019529, 958.0], "angles": [0.0, 0.0, -0.6627280732885249], "sizes": [1.0000000000000004, 1.0000000000000004, 1.0]}, {"translations": [562.6850678808853, -21.0776739942386, 808.0], "angles": [0.0, 0.0, -0.8207589004699823], "sizes": [1.0000000000000002, 1.0000000000000002, 1.0]}, {"translations": [491.30605039560027, -32.91752895834419, 208.0], "angles": [0.0, 0.0, 0.9972849280109573], "sizes": [1.0000000000000002, 1.0000000000000002, 1.0]}], "SM_CardBoxD_05": [{"translations": [1543.507463750249, 24.632869416459776, 958.0], "angles": [0.0, 0.0, -0.1266703117696095], "sizes": [1.0, 1.0, 1.0]}, {"translations": [1523.9691741227314, -34.89369659073931, 658.0], "angles": [0.0, 0.0, 0.38045904977321465], "sizes": [1.0, 1.0, 1.0]}, {"translations": [1494.6665946483697, -26.122748952613364, 58.0], "angles": [0.0, 0.0, -0.5864725386300937], "sizes": [1.0, 1.0, 1.0]}, {"translations": [337.7054317172281, -2.039728721559282, 1108.0], "angles": [0.0, 0.0, 0.9115631022943674], "sizes": [0.9999999999999997, 0.9999999999999997, 1.0]}, {"translations": [573.9105536855242, 34.80064238871817, 658.0], "angles": [0.0, 0.0, 0.6717431606305707], "sizes": [1.0000000000000004, 1.0000000000000004, 1.0]}, {"translations": [494.8818664550781, 8.459146499633789, 508.0], "angles": [0.0, 0.0, 0.8946486608875158], "sizes": [0.9999999999999994, 0.9999999999999994, 1.0]}, {"translations": [102.99575109695766, 21.925967245805744, 508.0], "angles": [0.0, 0.0, -0.75144176130857], "sizes": [1.0000000000000002, 1.0000000000000002, 1.0]}, {"translations": [199.38816657084053, -28.002631157124103, 358.0], "angles": [0.0, 0.0, -0.17223519513892344], "sizes": [1.0, 1.0, 1.0]}], "SM_CardBoxC_01": [{"translations": [1510.8938319721128, 33.691909229899096, 808.0], "angles": [0.0, 0.0, -0.6039419886800655], "sizes": [1.0, 1.0, 1.0]}, {"translations": [1493.0829373699232, 33.71303224486611, 208.0], "angles": [0.0, 0.0, -0.844839172390833], "sizes": [1.0000000000000004, 1.0000000000000004, 1.0]}, {"translations": [1148.9070750309343, 34.29904947526454, 508.0], "angles": [0.0, 0.0, 0.24633106221409581], "sizes": [1.0, 1.0, 1.0]}, {"translations": [1072.9476011526458, 23.952218984806464, 358.0], "angles": [0.0, 0.0, -0.7022158161093038], "sizes": [1.0000000000000004, 1.0000000000000004, 1.0]}, {"translations": [673.4823020417277, 7.060368910505446, 358.0], "angles": [0.0, 0.0, 0.9615500975732363], "sizes": [1.0000000000000013, 1.0000000000000013, 1.0]}, {"translations": [324.73014392614857, 21.881131835653267, 1258.0], "angles": [0.0, 0.0, -0.6455426911679834], "sizes": [1.0000000000000004, 1.0000000000000004, 1.0]}, {"translations": [294.3993606567383, 7.166991233825684, 808.0], "angles": [0.0, 0.0, 0.9986919205755995], "sizes": [1.0000000000000002, 1.0000000000000002, 1.0]}, {"translations": [303.060128479049, 21.5833546840916, 508.0], "angles": [0.0, 0.0, 0.8981173022908984], "sizes": [0.9999999999999998, 0.9999999999999998, 1.0]}, {"translations": [1306.6710255019073, 7.707646437092481, 1108.0], "angles": [0.0, 0.0, -0.783641914408225], "sizes": [1.0000000000000004, 1.0000000000000004, 1.0]}, {"translations": [1344.6306165155902, -35.262025728340774, 658.0], "angles": [0.0, 0.0, 0.9430498199689676], "sizes": [1.0000000000000009, 1.0000000000000009, 1.0]}, {"translations": [1310.080264471938, -26.965479347630442, 358.0], "angles": [0.0, 0.0, 0.9446189936773087], "sizes": [1.000000000000001, 1.000000000000001, 1.0]}, {"translations": [1248.577081741644, -0.18193003011042785, 358.0], "angles": [0.0, 0.0, -0.6799244241220618], "sizes": [1.0000000000000004, 1.0000000000000004, 1.0]}, {"translations": [850.5358259789745, 11.585059837558433, 958.0], "angles": [0.0, 0.0, 0.314842484766455], "sizes": [1.0, 1.0, 1.0]}, {"translations": [849.3758837625425, -25.309503714169587, 658.0], "angles": [0.0, 0.0, -0.598492896205927], "sizes": [1.0, 1.0, 1.0]}, {"translations": [884.2429209428878, 31.999219166945174, 658.0], "angles": [0.0, 0.0, -0.6527405353976696], "sizes": [1.0, 1.0, 1.0]}, {"translations": [934.293267625546, -24.38501671028683, 508.0], "angles": [0.0, 0.0, -0.1665790887989178], "sizes": [1.0, 1.0, 1.0]}, {"translations": [488.81958396805567, 33.02739814151286, 1108.0], "angles": [0.0, 0.0, 0.9995738945285384], "sizes": [1.0000000000000009, 1.0000000000000009, 1.0]}, {"translations": [447.3828894443483, 18.875752992903987, 958.0], "angles": [0.0, 0.0, -0.4456259553700714], "sizes": [1.0000000000000002, 1.0000000000000002, 1.0]}, {"translations": [563.7062655317142, 38.91363500429836, 808.0], "angles": [0.0, 0.0, -0.5259949116628592], "sizes": [1.0, 1.0, 1.0]}, {"translations": [511.6816038442875, 9.749538587550946, 658.0], "angles": [0.0, 0.0, -0.15551945973865666], "sizes": [0.9999999999999999, 0.9999999999999999, 1.0]}, {"translations": [103.84593511687771, -32.00938559842659, 958.0], "angles": [0.0, 0.0, 0.9056286984872262], "sizes": [1.0000000000000002, 1.0000000000000002, 1.0]}, {"translations": [1505.1181802424042, 10.330507640463528, 1108.0], "angles": [0.0, 0.0, -0.6654619382032565], "sizes": [1.0000000000000002, 1.0000000000000002, 1.0]}], "SM_CardBoxA_01": [{"translations": [1486.9216995239258, -2.281332015991211, 508.0], "angles": [0.0, 0.0, 0.9196473853505005], "sizes": [1.0, 1.0, 1.0]}, {"translations": [1445.197204314794, 30.56188775487206, 358.0], "angles": [0.0, 0.0, -0.18714681667876074], "sizes": [1.0, 1.0, 1.0]}, {"translations": [1083.173420903144, -22.78895760020285, 1258.0], "angles": [0.0, 0.0, 0.8675192488744465], "sizes": [1.0000000000000002, 1.0000000000000002, 1.0]}, {"translations": [1046.9992351601675, 10.511020151011756, 958.0], "angles": [0.0, 0.0, 0.21188094009551464], "sizes": [1.0, 1.0, 1.0]}, {"translations": [1077.502132671127, 32.10205462149919, 658.0], "angles": [0.0, 0.0, -0.832463920560383], "sizes": [1.0, 1.0, 1.0]}, {"translations": [1076.4956856019855, -35.94278161407786, 358.0], "angles": [0.0, 0.0, 0.6627157129944108], "sizes": [1.0000000000000002, 1.0000000000000002, 1.0]}, {"translations": [734.0316132910415, -19.8739628867484, 808.0], "angles": [0.0, 0.0, 0.9858388581267735], "sizes": [1.0000000000000002, 1.0000000000000002, 1.0]}, {"translations": [273.22415638809053, -1.2937579285815342, 958.0], "angles": [0.0, 0.0, 0.8953306859171973], "sizes": [1.0, 1.0, 1.0]}, {"translations": [306.9373472544648, 28.23607397715528, 208.0], "angles": [0.0, 0.0, 0.7165899189377893], "sizes": [1.0000000000000004, 1.0000000000000004, 1.0]}, {"translations": [1267.8787854381078, -29.595236140825982, 508.0], "angles": [0.0, 0.0, -0.6437047692334582], "sizes": [1.0000000000000004, 1.0000000000000004, 1.0]}, {"translations": [1332.8079973988063, 25.03257210884356, 508.0], "angles": [0.0, 0.0, -0.22991862504283872], "sizes": [1.0, 1.0, 1.0]}, {"translations": [85.1529456265605, -22.68652126025347, 808.0], "angles": [0.0, 0.0, 0.9894688151702635], "sizes": [0.9999999999999988, 0.9999999999999988, 1.0]}, {"translations": [1444.6122604890195, 39.296585642101725, 1108.0], "angles": [0.0, 0.0, -0.5696969493872256], "sizes": [1.0, 1.0, 1.0]}], "SM_CardBoxD_01": [{"translations": [1506.005996848518, 2.237150322894053, 358.0], "angles": [0.0, 0.0, 0.9627534655832833], "sizes": [1.0000000000000007, 1.0000000000000007, 1.0]}, {"translations": [1061.8143370320238, -0.78605907132886, 1108.0], "angles": [0.0, 0.0, -0.4416811106684473], "sizes": [1.0, 1.0, 1.0]}, {"translations": [1097.4707928678326, -24.118432960137355, 808.0], "angles": [0.0, 0.0, -0.2308494301791136], "sizes": [1.0, 1.0, 1.0]}, {"translations": [1121.0567293142979, -26.728470902543947, 508.0], "angles": [0.0, 0.0, 0.6069430203566312], "sizes": [1.0000000000000002, 1.0000000000000002, 1.0]}, {"translations": [1491.3373878955756, 33.78481636594344, 58.0], "angles": [0.0, 0.0, 0.6217865478261547], "sizes": [1.0000000000000002, 1.0000000000000002, 1.0]}, {"translations": [277.70574687163906, -1.845259109556441, 1108.0], "angles": [0.0, 0.0, 0.8016705904053827], "sizes": [0.9999999999999999, 0.9999999999999999, 1.0]}, {"translations": [316.9230815700094, -33.458641753213335, 58.0], "angles": [0.0, 0.0, 0.964495049703079], "sizes": [1.0000000000000007, 1.0000000000000007, 1.0]}, {"translations": [1257.0829361132576, -25.805662083794317, 808.0], "angles": [0.0, 0.0, -0.6632725360992076], "sizes": [1.0, 1.0, 1.0]}, {"translations": [492.40809145010286, 27.072349400543903, 208.0], "angles": [0.0, 0.0, 0.9057241916081541], "sizes": [0.9999999999999997, 0.9999999999999997, 1.0]}, {"translations": [76.06581468572676, -4.605307132023169, 658.0], "angles": [0.0, 0.0, 0.9318758181938576], "sizes": [1.0000000000000007, 1.0000000000000007, 1.0]}, {"translations": [77.0445785522461, -0.000858306884765625, 208.0], "angles": [0.0, 0.0, 0.43331557238134855], "sizes": [0.9999999999999999, 0.9999999999999999, 1.0]}], "SM_CardBoxB_02": [{"translations": [1493.927454148431, -26.154688203342356, 58.0], "angles": [0.0, 0.0, 0.7879848484202984], "sizes": [1.0000000000000007, 1.0000000000000007, 1.0]}, {"translations": [1143.982340815606, 36.39106655558615, 1258.0], "angles": [0.0, 0.0, 0.9926757724788271], "sizes": [0.9999999999999996, 0.9999999999999996, 1.0]}, {"translations": [1068.1606649763207, 36.22157369368413, 808.0], "angles": [0.0, 0.0, -0.18782989905870368], "sizes": [1.0, 1.0, 1.0]}, {"translations": [1150.0421043061742, -27.608042381831165, 208.0], "angles": [0.0, 0.0, 0.5691966177795945], "sizes": [1.0000000000000002, 1.0000000000000002, 1.0]}, {"translations": [659.9741140349969, -21.149991566111467, 1258.0], "angles": [0.0, 0.0, 0.3847674252903196], "sizes": [1.0, 1.0, 1.0]}, {"translations": [258.8269384310858, 0.07996514065898208, 58.0], "angles": [0.0, 0.0, 0.7870175348605483], "sizes": [1.0000000000000004, 1.0000000000000004, 1.0]}, {"translations": [1316.5503254159303, 25.66003309897045, 658.0], "angles": [0.0, 0.0, 0.9855943324603738], "sizes": [1.0000000000000004, 1.0000000000000004, 1.0]}, {"translations": [1313.8294462541971, -26.139671089065164, 58.0], "angles": [0.0, 0.0, 0.9702039734682277], "sizes": [1.0000000000000004, 1.0000000000000004, 1.0]}, {"translations": [967.4317908581609, -32.5381960985023, 358.0], "angles": [0.0, 0.0, 0.9204264402345289], "sizes": [0.9999999999999997, 0.9999999999999997, 1.0]}, {"translations": [509.7680615846111, -5.783733965055585, 958.0], "angles": [0.0, 0.0, 0.05574022722498334], "sizes": [1.0, 1.0, 1.0]}, {"translations": [173.40173793030007, -37.990835323861205, 1258.0], "angles": [0.0, 0.0, 0.9925959641266783], "sizes": [1.0, 1.0, 1.0]}], "SM_CardBoxC_02": [{"translations": [1061.2154937079802, -26.0823817487755, 58.0], "angles": [0.0, 0.0, -0.5927050831957834], "sizes": [1.0000000000000002, 1.0000000000000002, 1.0]}, {"translations": [719.9720731319684, -20.655113603247784, 1258.0], "angles": [0.0, 0.0, 0.9989753310189232], "sizes": [1.0000000000000007, 1.0000000000000007, 1.0]}, {"translations": [245.32129986697805, 1.7132026329174415, 208.0], "angles": [0.0, 0.0, -0.288972513835374], "sizes": [1.0000000000000002, 1.0000000000000002, 1.0]}, {"translations": [1316.842711738244, 4.670053121124227, 808.0], "angles": [0.0, 0.0, -0.7222329278476833], "sizes": [1.0000000000000004, 1.0000000000000004, 1.0]}, {"translations": [922.561761186725, -22.063519057546454, 1258.0], "angles": [0.0, 0.0, 0.9617755037627433], "sizes": [1.0000000000000016, 1.0000000000000016, 1.0]}, {"translations": [912.7589029717432, 36.650747331660455, 958.0], "angles": [0.0, 0.0, -0.6969601022236788], "sizes": [1.0000000000000002, 1.0000000000000002, 1.0]}, {"translations": [922.1294860839844, 5.8795952796936035, 808.0], "angles": [0.0, 0.0, -0.4801085838361085], "sizes": [1.0000000000000002, 1.0000000000000002, 1.0]}, {"translations": [993.7268559343628, -28.635785433035963, 208.0], "angles": [0.0, 0.0, 0.12970739875419435], "sizes": [1.0, 1.0, 1.0]}, {"translations": [563.7927554239614, 38.20831690949704, 358.0], "angles": [0.0, 0.0, 0.9831324193932542], "sizes": [1.0, 1.0, 1.0]}, {"translations": [71.79487212305192, 25.84912147169856, 58.0], "angles": [0.0, 0.0, 0.893897750598435], "sizes": [1.0000000000000002, 1.0000000000000002, 1.0]}], "SM_CardBoxB_01": [{"translations": [320.4268995308827, -37.96435327120014, 1258.0], "angles": [0.0, 0.0, 0.38663025468778134], "sizes": [1.0, 1.0, 1.0]}, {"translations": [1348.5913814743312, -35.15458588400663, 1258.0], "angles": [0.0, 0.0, -0.49986959010361515], "sizes": [0.9999999999999999, 0.9999999999999999, 1.0]}, {"translations": [1350.1851630962758, -34.66621272955292, 958.0], "angles": [0.0, 0.0, 0.9748823633917139], "sizes": [1.000000000000001, 1.000000000000001, 1.0]}, {"translations": [904.2447685900813, 24.095717918570653, 358.0], "angles": [-0.0, -0.0, 0.024429442571384314], "sizes": [1.0, 1.0, 1.0]}, {"translations": [483.4764902672037, 36.08605041497266, 58.0], "angles": [0.0, 0.0, -0.28940004547133663], "sizes": [1.0000000000000002, 1.0000000000000002, 1.0]}, {"translations": [43.03492447782707, 19.758187010043592, 508.0], "angles": [0.0, 0.0, 0.9917650119151341], "sizes": [0.9999999999999999, 0.9999999999999999, 1.0]}], "SM_CardBoxA_02": [{"translations": [290.8020321604034, -1.7125697144631022, 358.0], "angles": [0.0, 0.0, -0.564671063161821], "sizes": [1.0000000000000002, 1.0000000000000002, 1.0]}, {"translations": [1366.8716795312566, -28.52375332285246, 208.0], "angles": [0.0, 0.0, 0.992406816807806], "sizes": [0.9999999999999993, 0.9999999999999993, 1.0]}, {"translations": [1311.1785188336935, 33.80173850239524, 58.0], "angles": [0.0, 0.0, 0.9986542522041983], "sizes": [1.0000000000000013, 1.0000000000000013, 1.0]}, {"translations": [548.5886094354377, 2.5698277413735595, 1108.0], "angles": [0.0, 0.0, 0.2572151248851251], "sizes": [1.0, 1.0, 1.0]}, {"translations": [111.93734853386823, -3.195478032908436, 1108.0], "angles": [0.0, 0.0, 0.5015836423284082], "sizes": [1.0, 1.0, 1.0]}, {"translations": [137.98023981170738, -1.00139912699371, 358.0], "angles": [0.0, 0.0, -0.7963860889298284], "sizes": [1.0000000000000004, 1.0000000000000004, 1.0]}]}