{"SM_RackShelf_01": [{"translations": [200.0, 0.0, 37.0], "angles": [0.0, 0.0, 0.0], "sizes": [1.0, 1.0, 1.0]}, {"translations": [200.0, 0.0, 187.0], "angles": [0.0, 0.0, 0.0], "sizes": [1.0, 1.0, 1.0]}, {"translations": [200.0, 0.0, 337.0], "angles": [0.0, 0.0, 0.0], "sizes": [1.0, 1.0, 1.0]}, {"translations": [200.0, 0.0, 487.0], "angles": [0.0, 0.0, 0.0], "sizes": [1.0, 1.0, 1.0]}, {"translations": [200.0, 0.0, 637.0], "angles": [0.0, 0.0, 0.0], "sizes": [1.0, 1.0, 1.0]}, {"translations": [200.0, 0.0, 787.0], "angles": [0.0, 0.0, 0.0], "sizes": [1.0, 1.0, 1.0]}, {"translations": [200.0, 0.0, 937.0], "angles": [0.0, 0.0, 0.0], "sizes": [1.0, 1.0, 1.0]}, {"translations": [200.0, 0.0, 1087.0], "angles": [0.0, 0.0, 0.0], "sizes": [1.0, 1.0, 1.0]}, {"translations": [600.0, 0.0, 37.0], "angles": [0.0, 0.0, 0.0], "sizes": [1.0, 1.0, 1.0]}, {"translations": [600.0, 0.0, 187.0], "angles": [0.0, 0.0, 0.0], "sizes": [1.0, 1.0, 1.0]}, {"translations": [600.0, 0.0, 337.0], "angles": [0.0, 0.0, 0.0], "sizes": [1.0, 1.0, 1.0]}, {"translations": [600.0, 0.0, 487.0], "angles": [0.0, 0.0, 0.0], "sizes": [1.0, 1.0, 1.0]}, {"translations": [600.0, 0.0, 637.0], "angles": [0.0, 0.0, 0.0], "sizes": [1.0, 1.0, 1.0]}, {"translations": [600.0, 0.0, 787.0], "angles": [0.0, 0.0, 0.0], "sizes": [1.0, 1.0, 1.0]}, {"translations": [600.0, 0.0, 937.0], "angles": [0.0, 0.0, 0.0], "sizes": [1.0, 1.0, 1.0]}, {"translations": [600.0, 0.0, 1087.0], "angles": [0.0, 0.0, 0.0], "sizes": [1.0, 1.0, 1.0]}, {"translations": [1000.0, 0.0, 37.0], "angles": [0.0, 0.0, 0.0], "sizes": [1.0, 1.0, 1.0]}, {"translations": [1000.0, 0.0, 187.0], "angles": [0.0, 0.0, 0.0], "sizes": [1.0, 1.0, 1.0]}, {"translations": [1000.0, 0.0, 337.0], "angles": [0.0, 0.0, 0.0], "sizes": [1.0, 1.0, 1.0]}, {"translations": [1000.0, 0.0, 487.0], "angles": [0.0, 0.0, 0.0], "sizes": [1.0, 1.0, 1.0]}, {"translations": [1000.0, 0.0, 637.0], "angles": [0.0, 0.0, 0.0], "sizes": [1.0, 1.0, 1.0]}, {"translations": [1000.0, 0.0, 787.0], "angles": [0.0, 0.0, 0.0], "sizes": [1.0, 1.0, 1.0]}, {"translations": [1000.0, 0.0, 937.0], "angles": [0.0, 0.0, 0.0], "sizes": [1.0, 1.0, 1.0]}, {"translations": [1000.0, 0.0, 1087.0], "angles": [0.0, 0.0, 0.0], "sizes": [1.0, 1.0, 1.0]}, {"translations": [1400.0, 0.0, 37.0], "angles": [0.0, 0.0, 0.0], "sizes": [1.0, 1.0, 1.0]}, {"translations": [1400.0, 0.0, 187.0], "angles": [0.0, 0.0, 0.0], "sizes": [1.0, 1.0, 1.0]}, {"translations": [1400.0, 0.0, 337.0], "angles": [0.0, 0.0, 0.0], "sizes": [1.0, 1.0, 1.0]}, {"translations": [1400.0, 0.0, 487.0], "angles": [0.0, 0.0, 0.0], "sizes": [1.0, 1.0, 1.0]}, {"translations": [1400.0, 0.0, 637.0], "angles": [0.0, 0.0, 0.0], "sizes": [1.0, 1.0, 1.0]}, {"translations": [1400.0, 0.0, 787.0], "angles": [0.0, 0.0, 0.0], "sizes": [1.0, 1.0, 1.0]}, {"translations": [1400.0, 0.0, 937.0], "angles": [0.0, 0.0, 0.0], "sizes": [1.0, 1.0, 1.0]}, {"translations": [1400.0, 0.0, 1087.0], "angles": [0.0, 0.0, 0.0], "sizes": [1.0, 1.0, 1.0]}, {"translations": [1800.0, 0.0, 37.0], "angles": [0.0, 0.0, 0.0], "sizes": [1.0, 1.0, 1.0]}, {"translations": [1800.0, 0.0, 187.0], "angles": [0.0, 0.0, 0.0], "sizes": [1.0, 1.0, 1.0]}, {"translations": [1800.0, 0.0, 337.0], "angles": [0.0, 0.0, 0.0], "sizes": [1.0, 1.0, 1.0]}, {"translations": [1800.0, 0.0, 487.0], "angles": [0.0, 0.0, 0.0], "sizes": [1.0, 1.0, 1.0]}, {"translations": [1800.0, 0.0, 637.0], "angles": [0.0, 0.0, 0.0], "sizes": [1.0, 1.0, 1.0]}, {"translations": [1800.0, 0.0, 787.0], "angles": [0.0, 0.0, 0.0], "sizes": [1.0, 1.0, 1.0]}, {"translations": [1800.0, 0.0, 937.0], "angles": [0.0, 0.0, 0.0], "sizes": [1.0, 1.0, 1.0]}, {"translations": [1800.0, 0.0, 1087.0], "angles": [0.0, 0.0, 0.0], "sizes": [1.0, 1.0, 1.0]}, {"translations": [2200.0, 0.0, 37.0], "angles": [0.0, 0.0, 0.0], "sizes": [1.0, 1.0, 1.0]}, {"translations": [2200.0, 0.0, 187.0], "angles": [0.0, 0.0, 0.0], "sizes": [1.0, 1.0, 1.0]}, {"translations": [2200.0, 0.0, 337.0], "angles": [0.0, 0.0, 0.0], "sizes": [1.0, 1.0, 1.0]}, {"translations": [2200.0, 0.0, 487.0], "angles": [0.0, 0.0, 0.0], "sizes": [1.0, 1.0, 1.0]}, {"translations": [2200.0, 0.0, 637.0], "angles": [0.0, 0.0, 0.0], "sizes": [1.0, 1.0, 1.0]}, {"translations": [2200.0, 0.0, 787.0], "angles": [0.0, 0.0, 0.0], "sizes": [1.0, 1.0, 1.0]}, {"translations": [2200.0, 0.0, 937.0], "angles": [0.0, 0.0, 0.0], "sizes": [1.0, 1.0, 1.0]}, {"translations": [2200.0, 0.0, 1087.0], "angles": [0.0, 0.0, 0.0], "sizes": [1.0, 1.0, 1.0]}, {"translations": [2600.0, 0.0, 37.0], "angles": [0.0, 0.0, 0.0], "sizes": [1.0, 1.0, 1.0]}, {"translations": [2600.0, 0.0, 187.0], "angles": [0.0, 0.0, 0.0], "sizes": [1.0, 1.0, 1.0]}, {"translations": [2600.0, 0.0, 337.0], "angles": [0.0, 0.0, 0.0], "sizes": [1.0, 1.0, 1.0]}, {"translations": [2600.0, 0.0, 487.0], "angles": [0.0, 0.0, 0.0], "sizes": [1.0, 1.0, 1.0]}, {"translations": [2600.0, 0.0, 637.0], "angles": [0.0, 0.0, 0.0], "sizes": [1.0, 1.0, 1.0]}, {"translations": [2600.0, 0.0, 787.0], "angles": [0.0, 0.0, 0.0], "sizes": [1.0, 1.0, 1.0]}, {"translations": [2600.0, 0.0, 937.0], "angles": [0.0, 0.0, 0.0], "sizes": [1.0, 1.0, 1.0]}, {"translations": [2600.0, 0.0, 1087.0], "angles": [0.0, 0.0, 0.0], "sizes": [1.0, 1.0, 1.0]}], "SM_RackFrame_03": [{"translations": [0.0, 0.0, 0.0], "angles": [0.0, 0.0, 0.0], "sizes": [1.0, 1.0, 1.0]}, {"translations": [400.0, 0.0, 0.0], "angles": [0.0, 0.0, 0.0], "sizes": [1.0, 1.0, 1.0]}, {"translations": [800.0, 0.0, 0.0], "angles": [0.0, 0.0, 0.0], "sizes": [1.0, 1.0, 1.0]}, {"translations": [1200.0, 0.0, 0.0], "angles": [0.0, 0.0, 0.0], "sizes": [1.0, 1.0, 1.0]}, {"translations": [1600.0, 0.0, 0.0], "angles": [0.0, 0.0, 0.0], "sizes": [1.0, 1.0, 1.0]}, {"translations": [2000.0, 0.0, 0.0], "angles": [0.0, 0.0, 0.0], "sizes": [1.0, 1.0, 1.0]}, {"translations": [2400.0, 0.0, 0.0], "angles": [0.0, 0.0, 0.0], "sizes": [1.0, 1.0, 1.0]}, {"translations": [0.0, 0.0, 300.0], "angles": [0.0, 0.0, 0.0], "sizes": [1.0, 1.0, 1.0]}, {"translations": [400.0, 0.0, 300.0], "angles": [0.0, 0.0, 0.0], "sizes": [1.0, 1.0, 1.0]}, {"translations": [800.0, 0.0, 300.0], "angles": [0.0, 0.0, 0.0], "sizes": [1.0, 1.0, 1.0]}, {"translations": [1200.0, 0.0, 300.0], "angles": [0.0, 0.0, 0.0], "sizes": [1.0, 1.0, 1.0]}, {"translations": [1600.0, 0.0, 300.0], "angles": [0.0, 0.0, 0.0], "sizes": [1.0, 1.0, 1.0]}, {"translations": [2000.0, 0.0, 300.0], "angles": [0.0, 0.0, 0.0], "sizes": [1.0, 1.0, 1.0]}, {"translations": [2400.0, 0.0, 300.0], "angles": [0.0, 0.0, 0.0], "sizes": [1.0, 1.0, 1.0]}, {"translations": [0.0, 0.0, 600.0], "angles": [0.0, 0.0, 0.0], "sizes": [1.0, 1.0, 1.0]}, {"translations": [400.0, 0.0, 600.0], "angles": [0.0, 0.0, 0.0], "sizes": [1.0, 1.0, 1.0]}, {"translations": [800.0, 0.0, 600.0], "angles": [0.0, 0.0, 0.0], "sizes": [1.0, 1.0, 1.0]}, {"translations": [1200.0, 0.0, 600.0], "angles": [0.0, 0.0, 0.0], "sizes": [1.0, 1.0, 1.0]}, {"translations": [1600.0, 0.0, 600.0], "angles": [0.0, 0.0, 0.0], "sizes": [1.0, 1.0, 1.0]}, {"translations": [2000.0, 0.0, 600.0], "angles": [0.0, 0.0, 0.0], "sizes": [1.0, 1.0, 1.0]}, {"translations": [2400.0, 0.0, 600.0], "angles": [0.0, 0.0, 0.0], "sizes": [1.0, 1.0, 1.0]}, {"translations": [0.0, 0.0, 900.0], "angles": [0.0, 0.0, 0.0], "sizes": [1.0, 1.0, 1.0]}, {"translations": [400.0, 0.0, 900.0], "angles": [0.0, 0.0, 0.0], "sizes": [1.0, 1.0, 1.0]}, {"translations": [800.0, 0.0, 900.0], "angles": [0.0, 0.0, 0.0], "sizes": [1.0, 1.0, 1.0]}, {"translations": [1200.0, 0.0, 900.0], "angles": [0.0, 0.0, 0.0], "sizes": [1.0, 1.0, 1.0]}, {"translations": [1600.0, 0.0, 900.0], "angles": [0.0, 0.0, 0.0], "sizes": [1.0, 1.0, 1.0]}, {"translations": [2000.0, 0.0, 900.0], "angles": [0.0, 0.0, 0.0], "sizes": [1.0, 1.0, 1.0]}, {"translations": [2400.0, 0.0, 900.0], "angles": [0.0, 0.0, 0.0], "sizes": [1.0, 1.0, 1.0]}, {"translations": [2800.0, 0.0, 0.0], "angles": [0.0, 0.0, 0.0], "sizes": [1.0, 1.0, 1.0]}, {"translations": [2800.0, 0.0, 300.0], "angles": [0.0, 0.0, 0.0], "sizes": [1.0, 1.0, 1.0]}, {"translations": [2800.0, 0.0, 600.0], "angles": [0.0, 0.0, 0.0], "sizes": [1.0, 1.0, 1.0]}, {"translations": [2800.0, 0.0, 900.0], "angles": [0.0, 0.0, 0.0], "sizes": [1.0, 1.0, 1.0]}], "SM_PaletteA_01": [{"translations": [104.04623413085938, -1.7162489891052246, 37.0], "angles": [0.0, 0.0, -0.024748315845426253], "sizes": [0.9999999999999999, 0.9999999999999999, 1.0]}, {"translations": [77.0445785522461, -0.000858306884765625, 187.0], "angles": [0.0, 0.0, -0.035494893329911494], "sizes": [1.0, 1.0, 1.0]}, {"translations": [167.94365692138672, 0.4796934127807617, 337.0], "angles": [0.0, 0.0, 0.00445692056728176], "sizes": [0.9999999999999999, 0.9999999999999999, 1.0]}, {"translations": [74.09922790527344, -9.138336181640625, 487.0], "angles": [0.0, 0.0, 0.04207878772983956], "sizes": [0.9999999999999999, 0.9999999999999999, 1.0]}, {"translations": [106.05471801757812, -5.421197414398193, 637.0], "angles": [0.0, 0.0, 0.00561541729532526], "sizes": [1.0, 1.0, 1.0]}, {"translations": [115.29872131347656, 7.166991233825684, 787.0], "angles": [0.0, 0.0, 0.027865894661425188], "sizes": [1.0, 1.0, 1.0]}, {"translations": [132.94749450683594, -1.137080192565918, 937.0], "angles": [0.0, 0.0, 0.014470222881439957], "sizes": [0.9999999999999999, 0.9999999999999999, 1.0]}, {"translations": [141.91117095947266, -1.9424939155578613, 1087.0], "angles": [0.0, 0.0, 0.0390717994768445], "sizes": [1.0, 1.0, 1.0]}, {"translations": [482.2792282104492, 6.109950542449951, 37.0], "angles": [0.0, 0.0, -0.028771031219248434], "sizes": [1.0, 1.0, 1.0]}, {"translations": [491.85707092285156, -2.9225897789001465, 187.0], "angles": [0.0, 0.0, -0.026247233683164912], "sizes": [1.0, 1.0, 1.0]}, {"translations": [533.3830947875977, 8.623649597167969, 337.0], "angles": [0.0, 0.0, 0.02776206740238127], "sizes": [0.9999999999999999, 0.9999999999999999, 1.0]}, {"translations": [494.8818664550781, 8.459146499633789, 487.0], "angles": [0.0, 0.0, 0.04018948577928822], "sizes": [1.0, 1.0, 1.0]}, {"translations": [541.5834045410156, 7.324190139770508, 637.0], "angles": [0.0, 0.0, 0.01614520674521302], "sizes": [1.0, 1.0, 1.0]}, {"translations": [533.2000122070312, 9.428579330444336, 787.0], "angles": [0.0, 0.0, -0.034310473432696637], "sizes": [0.9999999999999999, 0.9999999999999999, 1.0]}, {"translations": [479.88209533691406, -8.396973609924316, 937.0], "angles": [0.0, 0.0, -0.008188046946649844], "sizes": [0.9999999999999999, 0.9999999999999999, 1.0]}, {"translations": [518.589485168457, 2.799050807952881, 1087.0], "angles": [0.0, 0.0, -0.02036041322674515], "sizes": [1.0, 1.0, 1.0]}, {"translations": [911.4894409179688, 2.581357955932617, 37.0], "angles": [0.0, 0.0, 0.004451594297940076], "sizes": [0.9999999999999999, 0.9999999999999999, 1.0]}, {"translations": [962.7283554077148, 0.3313159942626953, 187.0], "angles": [0.0, 0.0, -0.028422289397887775], "sizes": [1.0, 1.0, 1.0]}, {"translations": [935.8382797241211, -4.22123908996582, 337.0], "angles": [0.0, 0.0, -0.030142005509471617], "sizes": [0.9999999999999999, 0.9999999999999999, 1.0]}, {"translations": [966.4827346801758, 3.2526063919067383, 487.0], "angles": [0.0, 0.0, -0.015098677878300566], "sizes": [0.9999999999999999, 0.9999999999999999, 1.0]}, {"translations": [881.7578506469727, 2.102322578430176, 637.0], "angles": [0.0, 0.0, 0.04181535436839838], "sizes": [1.0, 1.0, 1.0]}, {"translations": [922.1294860839844, 5.8795952796936035, 787.0], "angles": [0.0, 0.0, -0.0012397401810094867], "sizes": [0.9999999999999999, 0.9999999999999999, 1.0]}, {"translations": [880.4381942749023, 9.166719436645508, 937.0], "angles": [0.0, 0.0, -0.029726726082922476], "sizes": [1.0, 1.0, 1.0]}, {"translations": [910.0795974731445, 0.4271697998046875, 1087.0], "angles": [0.0, 0.0, -0.01666446887071617], "sizes": [1.0, 1.0, 1.0]}, {"translations": [1312.5039825439453, 3.831033706665039, 37.0], "angles": [0.0, 0.0, 0.008781931287435162], "sizes": [0.9999999999999999, 0.9999999999999999, 1.0]}, {"translations": [1367.7973022460938, 1.4619636535644531, 187.0], "angles": [0.0, 0.0, -0.02188877218842133], "sizes": [1.0, 1.0, 1.0]}, {"translations": [1278.5350646972656, 1.4052867889404297, 337.0], "angles": [0.0, 0.0, 0.0433400115821938], "sizes": [1.0, 1.0, 1.0]}, {"translations": [1300.343391418457, -2.281332015991211, 487.0], "angles": [0.0, 0.0, -0.010052239122218243], "sizes": [1.0, 1.0, 1.0]}, {"translations": [1315.598030090332, -4.324848651885986, 637.0], "angles": [0.0, 0.0, 0.01715709881691251], "sizes": [0.9999999999999999, 0.9999999999999999, 1.0]}, {"translations": [1286.8436584472656, 4.431722164154053, 787.0], "angles": [0.0, 0.0, 0.01986248827241405], "sizes": [0.9999999999999999, 0.9999999999999999, 1.0]}, {"translations": [1352.2860984802246, -4.739868640899658, 937.0], "angles": [0.0, 0.0, -0.03897599870686478], "sizes": [1.0, 1.0, 1.0]}, {"translations": [1276.7451858520508, 9.815754890441895, 1087.0], "angles": [0.0, 0.0, -0.011644764459264717], "sizes": [0.9999999999999999, 0.9999999999999999, 1.0]}, {"translations": [1713.750633239746, 9.805569648742676, 37.0], "angles": [0.0, 0.0, -0.007253276691326198], "sizes": [1.0, 1.0, 1.0]}, {"translations": [1675.6761093139648, 3.6362338066101074, 187.0], "angles": [0.0, 0.0, -0.025057157125667875], "sizes": [1.0, 1.0, 1.0]}, {"translations": [1697.231704711914, 6.969821453094482, 337.0], "angles": [0.0, 0.0, 0.020224617898619204], "sizes": [1.0, 1.0, 1.0]}, {"translations": [1714.9520950317383, 8.078994750976562, 487.0], "angles": [0.0, 0.0, 0.01848317874950375], "sizes": [1.0, 1.0, 1.0]}, {"translations": [1734.4088516235352, 9.549428939819336, 637.0], "angles": [0.0, 0.0, 0.033967115510357894], "sizes": [1.0, 1.0, 1.0]}, {"translations": [1715.0519256591797, 4.0348219871521, 787.0], "angles": [0.0, 0.0, -0.015727130031054706], "sizes": [0.9999999999999999, 0.9999999999999999, 1.0]}, {"translations": [1741.4865112304688, -3.541259765625, 937.0], "angles": [0.0, 0.0, 0.016736364192091912], "sizes": [1.0, 1.0, 1.0]}, {"translations": [1760.2896919250488, -9.471297264099121, 1087.0], "angles": [0.0, 0.0, -0.0062119731442715894], "sizes": [1.0, 1.0, 1.0]}, {"translations": [2079.5151443481445, 2.395656108856201, 37.0], "angles": [0.0, 0.0, 0.01123465200841239], "sizes": [0.9999999999999999, 0.9999999999999999, 1.0]}, {"translations": [2093.033576965332, 0.1521778106689453, 187.0], "angles": [0.0, 0.0, -0.010012293716201506], "sizes": [1.0, 1.0, 1.0]}, {"translations": [2094.2071533203125, 0.5452275276184082, 337.0], "angles": [0.0, 0.0, 0.024322327947715907], "sizes": [1.0, 1.0, 1.0]}, {"translations": [2138.9098052978516, 0.4858231544494629, 487.0], "angles": [0.0, 0.0, 0.036080434238921315], "sizes": [1.0, 1.0, 1.0]}, {"translations": [2166.2614097595215, -6.692960262298584, 637.0], "angles": [0.0, 0.0, -0.030464110410524024], "sizes": [1.0, 1.0, 1.0]}, {"translations": [2099.147735595703, -7.900900840759277, 787.0], "angles": [0.0, 0.0, -0.0216944034346718], "sizes": [1.0, 1.0, 1.0]}, {"translations": [2075.7228469848633, 4.342007637023926, 937.0], "angles": [0.0, 0.0, 0.026076843473755884], "sizes": [0.9999999999999999, 0.9999999999999999, 1.0]}, {"translations": [2112.7602767944336, 6.360223293304443, 1087.0], "angles": [0.0, 0.0, -0.021851496850810382], "sizes": [1.0, 1.0, 1.0]}, {"translations": [2498.907196044922, -4.518120288848877, 37.0], "angles": [0.0, 0.0, -0.026398987504020956], "sizes": [1.0, 1.0, 1.0]}, {"translations": [2502.4140243530273, -5.466940402984619, 187.0], "angles": [0.0, 0.0, -0.024886761728366118], "sizes": [1.0, 1.0, 1.0]}, {"translations": [2532.563407897949, 9.540740966796875, 337.0], "angles": [0.0, 0.0, 0.025855871475608663], "sizes": [1.0, 1.0, 1.0]}, {"translations": [2560.399745941162, -8.810394287109375, 487.0], "angles": [0.0, 0.0, -0.04341184925583582], "sizes": [0.9999999999999999, 0.9999999999999999, 1.0]}, {"translations": [2504.8695068359375, 5.577380657196045, 637.0], "angles": [0.0, 0.0, -0.0018176610586933303], "sizes": [1.0, 1.0, 1.0]}, {"translations": [2506.439613342285, 7.717952728271484, 787.0], "angles": [0.0, 0.0, -0.006691347763317005], "sizes": [1.0, 1.0, 1.0]}, {"translations": [2474.9809494018555, 0.40405988693237305, 937.0], "angles": [0.0, 0.0, 0.04259499021245968], "sizes": [0.9999999999999999, 0.9999999999999999, 1.0]}, {"translations": [2540.018569946289, -3.383955955505371, 1087.0], "angles": [0.0, 0.0, -0.04026931593470406], "sizes": [1.0, 1.0, 1.0]}, {"translations": [288.7731170654297, -1.7162489891052246, 37.0], "angles": [0.0, 0.0, -0.013775186368145126], "sizes": [1.0, 1.0, 1.0]}, {"translations": [275.2722930908203, -0.000858306884765625, 187.0], "angles": [0.0, 0.0, 9.721058112129128e-05], "sizes": [1.0, 1.0, 1.0]}, {"translations": [320.7218246459961, 0.4796934127807617, 337.0], "angles": [0.0, 0.0, -0.04235551786816196], "sizes": [1.0, 1.0, 1.0]}, {"translations": [273.7996139526367, -9.138336181640625, 487.0], "angles": [0.0, 0.0, -0.00859018312089139], "sizes": [1.0, 1.0, 1.0]}, {"translations": [289.77735900878906, -5.421197414398193, 637.0], "angles": [0.0, 0.0, -0.020525498868677664], "sizes": [1.0, 1.0, 1.0]}, {"translations": [294.3993606567383, 7.166991233825684, 787.0], "angles": [0.0, 0.0, 0.016006735063714007], "sizes": [1.0, 1.0, 1.0]}, {"translations": [303.22374725341797, -1.137080192565918, 937.0], "angles": [0.0, 0.0, 0.013785838000975388], "sizes": [1.0, 1.0, 1.0]}, {"translations": [307.7055892944336, -1.9424939155578613, 1087.0], "angles": [0.0, 0.0, 0.024162579003350296], "sizes": [1.0, 1.0, 1.0]}, {"translations": [677.8896102905273, 6.109950542449951, 37.0], "angles": [0.0, 0.0, 0.00791373984255705], "sizes": [0.9999999999999999, 0.9999999999999999, 1.0]}, {"translations": [682.6785354614258, -2.9225897789001465, 187.0], "angles": [0.0, 0.0, -0.022455902682093704], "sizes": [1.0, 1.0, 1.0]}, {"translations": [703.4415435791016, 8.623649597167969, 337.0], "angles": [0.0, 0.0, 0.01673902698011297], "sizes": [1.0, 1.0, 1.0]}, {"translations": [684.1909332275391, 8.459146499633789, 487.0], "angles": [0.0, 0.0, 0.006451660639125989], "sizes": [1.0, 1.0, 1.0]}, {"translations": [707.5417022705078, 7.324190139770508, 637.0], "angles": [0.0, 0.0, -0.008353162488052776], "sizes": [1.0, 1.0, 1.0]}, {"translations": [703.3500061035156, 9.428579330444336, 787.0], "angles": [0.0, 0.0, -0.0011811480792167605], "sizes": [0.9999999999999999, 0.9999999999999999, 1.0]}, {"translations": [676.691047668457, -8.396973609924316, 937.0], "angles": [0.0, 0.0, -0.042751981900461054], "sizes": [1.0, 1.0, 1.0]}, {"translations": [696.0447387695312, 2.799050807952881, 1087.0], "angles": [0.0, 0.0, -0.0296575123443637], "sizes": [1.0, 1.0, 1.0]}, {"translations": [1092.4947204589844, 2.581357955932617, 37.0], "angles": [0.0, 0.0, 0.03972911026206084], "sizes": [1.0, 1.0, 1.0]}, {"translations": [1118.1141815185547, 0.3313159942626953, 187.0], "angles": [0.0, 0.0, -0.034078907677676046], "sizes": [0.9999999999999999, 0.9999999999999999, 1.0]}, {"translations": [1104.6691436767578, -4.22123908996582, 337.0], "angles": [0.0, 0.0, 0.01720502864078558], "sizes": [1.0, 1.0, 1.0]}, {"translations": [1119.9913635253906, 3.2526063919067383, 487.0], "angles": [0.0, 0.0, -0.01955094645456098], "sizes": [0.9999999999999999, 0.9999999999999999, 1.0]}, {"translations": [1077.6289291381836, 2.102322578430176, 637.0], "angles": [0.0, 0.0, 0.003359675424488924], "sizes": [1.0, 1.0, 1.0]}, {"translations": [1097.8147430419922, 5.8795952796936035, 787.0], "angles": [0.0, 0.0, -0.027964393221513457], "sizes": [0.9999999999999999, 0.9999999999999999, 1.0]}, {"translations": [1076.9691009521484, 9.166719436645508, 937.0], "angles": [0.0, 0.0, -0.026657229455168987], "sizes": [0.9999999999999999, 0.9999999999999999, 1.0]}, {"translations": [1091.789794921875, 0.4271697998046875, 1087.0], "angles": [0.0, 0.0, -0.029399290046068918], "sizes": [1.0, 1.0, 1.0]}, {"translations": [1493.0019912719727, 3.831033706665039, 37.0], "angles": [0.0, 0.0, -0.023222717947568118], "sizes": [1.0, 1.0, 1.0]}, {"translations": [1520.6486511230469, 1.4619636535644531, 187.0], "angles": [0.0, 0.0, 0.003540774501937255], "sizes": [1.0, 1.0, 1.0]}, {"translations": [1476.0175323486328, 1.4052867889404297, 337.0], "angles": [0.0, 0.0, -0.024692404473394738], "sizes": [1.0, 1.0, 1.0]}, {"translations": [1486.9216995239258, -2.281332015991211, 487.0], "angles": [0.0, 0.0, -0.005540847344247043], "sizes": [0.9999999999999999, 0.9999999999999999, 1.0]}, {"translations": [1494.5490188598633, -4.324848651885986, 637.0], "angles": [0.0, 0.0, -0.007349150535765366], "sizes": [1.0, 1.0, 1.0]}, {"translations": [1480.1718292236328, 4.431722164154053, 787.0], "angles": [0.0, 0.0, 0.035947358407091255], "sizes": [1.0, 1.0, 1.0]}, {"translations": [1512.893051147461, -4.739868640899658, 937.0], "angles": [0.0, 0.0, 0.006955002375171612], "sizes": [1.0, 1.0, 1.0]}, {"translations": [1475.1225967407227, 9.815754890441895, 1087.0], "angles": [0.0, 0.0, -0.0233744810835765], "sizes": [1.0, 1.0, 1.0]}, {"translations": [1893.6253204345703, 9.805569648742676, 37.0], "angles": [0.0, 0.0, -0.005684660979139213], "sizes": [1.0, 1.0, 1.0]}, {"translations": [1874.5880508422852, 3.6362338066101074, 187.0], "angles": [0.0, 0.0, -0.0028723037114271937], "sizes": [1.0, 1.0, 1.0]}, {"translations": [1885.365852355957, 6.969821453094482, 337.0], "angles": [0.0, 0.0, 0.007626121926736135], "sizes": [1.0, 1.0, 1.0]}, {"translations": [1894.2260513305664, 8.078994750976562, 487.0], "angles": [0.0, 0.0, 0.014046807714652623], "sizes": [0.9999999999999999, 0.9999999999999999, 1.0]}, {"translations": [1903.9544296264648, 9.549428939819336, 637.0], "angles": [0.0, 0.0, -0.010441053749621494], "sizes": [1.0, 1.0, 1.0]}, {"translations": [1894.2759628295898, 4.0348219871521, 787.0], "angles": [0.0, 0.0, -0.02871778792639632], "sizes": [1.0, 1.0, 1.0]}, {"translations": [1907.4932556152344, -3.541259765625, 937.0], "angles": [0.0, 0.0, -0.030876718658100315], "sizes": [1.0, 1.0, 1.0]}, {"translations": [1916.8948440551758, -9.471297264099121, 1087.0], "angles": [0.0, 0.0, -0.03478690923289413], "sizes": [1.0, 1.0, 1.0]}, {"translations": [2276.5075759887695, 2.395656108856201, 37.0], "angles": [0.0, 0.0, -0.014933576346745527], "sizes": [1.0, 1.0, 1.0]}, {"translations": [2283.2667846679688, 0.1521778106689453, 187.0], "angles": [0.0, 0.0, 0.013910999770206278], "sizes": [0.9999999999999999, 0.9999999999999999, 1.0]}, {"translations": [2283.8535766601562, 0.5452275276184082, 337.0], "angles": [0.0, 0.0, -0.021744991558800598], "sizes": [0.9999999999999999, 0.9999999999999999, 1.0]}, {"translations": [2306.204902648926, 0.4858231544494629, 487.0], "angles": [0.0, 0.0, -0.012222645899120015], "sizes": [1.0, 1.0, 1.0]}, {"translations": [2319.8807067871094, -6.692960262298584, 637.0], "angles": [0.0, 0.0, 0.04235817863918745], "sizes": [1.0, 1.0, 1.0]}, {"translations": [2286.3238677978516, -7.900900840759277, 787.0], "angles": [0.0, 0.0, 0.038454393842402894], "sizes": [0.9999999999999999, 0.9999999999999999, 1.0]}, {"translations": [2274.611427307129, 4.342007637023926, 937.0], "angles": [0.0, 0.0, -0.04306595379111744], "sizes": [1.0, 1.0, 1.0]}, {"translations": [2293.130142211914, 6.360223293304443, 1087.0], "angles": [0.0, 0.0, -0.02323070527546386], "sizes": [1.0, 1.0, 1.0]}, {"translations": [2686.203598022461, -4.518120288848877, 37.0], "angles": [0.0, 0.0, -0.03280392759277086], "sizes": [1.0, 1.0, 1.0]}, {"translations": [2687.9570083618164, -5.466940402984619, 187.0], "angles": [0.0, 0.0, 0.017460658898392257], "sizes": [1.0, 1.0, 1.0]}, {"translations": [2703.031707763672, 9.540740966796875, 337.0], "angles": [0.0, 0.0, 0.02952706836193386], "sizes": [1.0, 1.0, 1.0]}, {"translations": [2716.9498748779297, -8.810394287109375, 487.0], "angles": [0.0, 0.0, 0.0002809738942793914], "sizes": [1.0, 1.0, 1.0]}, {"translations": [2689.1847534179688, 5.577380657196045, 637.0], "angles": [0.0, 0.0, 0.020237930978681276], "sizes": [1.0, 1.0, 1.0]}, {"translations": [2689.9698028564453, 7.717952728271484, 787.0], "angles": [0.0, 0.0, -0.0009521085540296101], "sizes": [0.9999999999999999, 0.9999999999999999, 1.0]}, {"translations": [2674.2404708862305, 0.40405988693237305, 937.0], "angles": [0.0, 0.0, -0.039313969246935615], "sizes": [1.0, 1.0, 1.0]}, {"translations": [2706.7592849731445, -3.383955955505371, 1087.0], "angles": [0.0, 0.0, 0.033873958511884975], "sizes": [0.9999999999999999, 0.9999999999999999, 1.0]}], "SM_CardBoxD_04": [{"translations": [2736.6904382692287, -1.3526848346764524, 1108.0], "angles": [0.0, 0.0, 0.47827263028443634], "sizes": [1.0, 1.0, 1.0]}, {"translations": [2686.9095285394337, 24.51476712046542, 208.0], "angles": [0.0, 0.0, 0.9998742594268548], "sizes": [1.0000000000000009, 1.0000000000000009, 1.0]}, {"translations": [2319.8807067871094, -6.692960262298584, 658.0], "angles": [0.0, 0.0, 0.9526699292316055], "sizes": [1.0000000000000013, 1.0000000000000013, 1.0]}, {"translations": [2285.1579676571196, 30.51685684814487, 358.0], "angles": [0.0, 0.0, 0.9134527665748884], "sizes": [1.0000000000000002, 1.0000000000000002, 1.0]}, {"translations": [1886.9674517984145, -7.385345991911488, 1108.0], "angles": [0.0, 0.0, 0.9112375294753107], "sizes": [0.9999999999999999, 0.9999999999999999, 1.0]}, {"translations": [1854.9117878102243, 36.50877797908478, 358.0], "angles": [0.0, 0.0, -0.5966452417348098], "sizes": [1.0000000000000002, 1.0000000000000002, 1.0]}, {"translations": [733.2790535615505, -20.642205798226577, 808.0], "angles": [0.0, 0.0, 0.8823017582172287], "sizes": [1.0, 1.0, 1.0]}, {"translations": [325.34426878339406, -21.857354771430575, 808.0], "angles": [0.0, 0.0, -0.1467947951726715], "sizes": [1.0, 1.0, 1.0]}, {"translations": [2474.9809494018555, 0.40405988693237305, 958.0], "angles": [0.0, 0.0, 0.20180622337187343], "sizes": [1.0, 1.0, 1.0]}, {"translations": [2504.7604473525766, -24.422421109300497, 658.0], "angles": [0.0, 0.0, -0.10233948629914687], "sizes": [0.9999999999999999, 0.9999999999999999, 1.0]}, {"translations": [2473.943928630513, 25.988641765382116, 208.0], "angles": [0.0, 0.0, 0.9903875351787343], "sizes": [0.9999999999999997, 0.9999999999999997, 1.0]}, {"translations": [1789.9146654111835, -39.841693144722996, 1108.0], "angles": [0.0, 0.0, -0.5962310993776363], "sizes": [1.0, 1.0, 1.0]}, {"translations": [1771.4697048772866, -2.537218562573091, 958.0], "angles": [0.0, 0.0, -0.8467954428718224], "sizes": [1.0000000000000002, 1.0000000000000002, 1.0]}, {"translations": [1714.1084145642194, -25.95033745570708, 808.0], "angles": [0.0, 0.0, -0.7187195471140261], "sizes": [1.0000000000000004, 1.0000000000000004, 1.0]}, {"translations": [1727.2071626017653, 8.18305032422803, 358.0], "angles": [0.0, 0.0, 0.26495055625398256], "sizes": [1.0, 1.0, 1.0]}, {"translations": [1276.7451858520508, 9.815754890441895, 1108.0], "angles": [0.0, 0.0, 0.9005508628615124], "sizes": [1.0000000000000002, 1.0000000000000002, 1.0]}, {"translations": [1281.1330220043603, -28.48201181482289, 358.0], "angles": [0.0, 0.0, 0.9999961725503961], "sizes": [1.0000000000000004, 1.0000000000000004, 1.0]}, {"translations": [922.1294860839844, 5.8795952796936035, 808.0], "angles": [0.0, 0.0, 0.8299440268780505], "sizes": [0.9999999999999999, 0.9999999999999999, 1.0]}, {"translations": [965.7837672943531, -6.028937676865653, 358.0], "angles": [0.0, 0.0, 0.10029720219881008], "sizes": [1.0, 1.0, 1.0]}, {"translations": [143.58082641751452, 38.79170515955395, 808.0], "angles": [0.0, 0.0, 0.5807592610959563], "sizes": [1.0000000000000002, 1.0000000000000002, 1.0]}], "SM_CardBoxD_01": [{"translations": [2674.7968605562314, 24.515926219749815, 1108.0], "angles": [0.0, 0.0, 0.9846607296823614], "sizes": [1.0000000000000016, 1.0000000000000016, 1.0]}, {"translations": [2746.94987014115, -8.793535854118067, 508.0], "angles": [0.0, 0.0, -0.12231418994609197], "sizes": [1.0, 1.0, 1.0]}, {"translations": [2272.0298673939515, -25.546711780419756, 958.0], "angles": [0.0, 0.0, 0.17381706070956895], "sizes": [1.0, 1.0, 1.0]}, {"translations": [2286.3238677978516, -7.900900840759277, 808.0], "angles": [0.0, 0.0, 0.8712055084693162], "sizes": [1.0000000000000002, 1.0000000000000002, 1.0]}, {"translations": [2247.416871355285, 33.27819007107118, 58.0], "angles": [0.0, 0.0, 0.6304979872698478], "sizes": [1.0000000000000004, 1.0000000000000004, 1.0]}, {"translations": [1088.8414653243053, -25.551626666135718, 508.0], "angles": [0.0, 0.0, -0.46838372493843433], "sizes": [0.9999999999999999, 0.9999999999999999, 1.0]}, {"translations": [334.0394159703003, -30.298605556156872, 958.0], "angles": [0.0, 0.0, 0.6553239103752859], "sizes": [1.0000000000000002, 1.0000000000000002, 1.0]}, {"translations": [291.0086294941998, 24.553524819373322, 658.0], "angles": [0.0, 0.0, -0.41381078280121086], "sizes": [1.0, 1.0, 1.0]}, {"translations": [290.82946403962893, 3.018743900444809, 358.0], "angles": [0.0, 0.0, -0.5440525729124825], "sizes": [1.0, 1.0, 1.0]}, {"translations": [2533.869606521394, 23.003155319529707, 208.0], "angles": [0.0, 0.0, -0.07504008623096503], "sizes": [0.9999999999999999, 0.9999999999999999, 1.0]}, {"translations": [2112.7602767944336, 6.360223293304443, 1108.0], "angles": [0.0, 0.0, 0.9092453223460155], "sizes": [1.0, 1.0, 1.0]}, {"translations": [2074.158768435892, 34.30120753109064, 958.0], "angles": [0.0, 0.0, 0.9895837518068478], "sizes": [1.0000000000000007, 1.0000000000000007, 1.0]}, {"translations": [2108.9879131619437, -1.6775933581749127, 508.0], "angles": [0.0, 0.0, -0.6410671803671614], "sizes": [1.0000000000000004, 1.0000000000000004, 1.0]}, {"translations": [1730.2920072416696, -9.098586066854537, 1108.0], "angles": [0.0, 0.0, 0.9728465997383697], "sizes": [1.0000000000000004, 1.0000000000000004, 1.0]}, {"translations": [1258.0588437433053, -26.736120919040857, 808.0], "angles": [0.0, 0.0, -0.2588807102116822], "sizes": [1.0, 1.0, 1.0]}, {"translations": [1315.628473151226, 35.59956524734896, 808.0], "angles": [0.0, 0.0, 0.883243924169391], "sizes": [1.0000000000000002, 1.0000000000000002, 1.0]}, {"translations": [1270.3494542691392, -1.6782281420403606, 508.0], "angles": [0.0, 0.0, 0.9964607620153132], "sizes": [1.0000000000000002, 1.0000000000000002, 1.0]}, {"translations": [912.1679889052522, 37.33088341706254, 958.0], "angles": [0.0, 0.0, 0.09936313997660742], "sizes": [1.0, 1.0, 1.0]}, {"translations": [911.2223479065816, 32.580168954425005, 58.0], "angles": [0.0, 0.0, -0.6256797089755439], "sizes": [1.0, 1.0, 1.0]}, {"translations": [535.0481767942731, -21.33010645964477, 358.0], "angles": [0.0, 0.0, -0.4365951295795564], "sizes": [1.0, 1.0, 1.0]}, {"translations": [76.05660999226217, -5.75811713996215, 658.0], "angles": [0.0, 0.0, 0.9247333400975897], "sizes": [1.0000000000000002, 1.0000000000000002, 1.0]}, {"translations": [77.0445785522461, -0.000858306884765625, 208.0], "angles": [0.0, 0.0, 0.40415276732780625], "sizes": [1.0, 1.0, 1.0]}], "SM_CardBoxB_01": [{"translations": [2659.912730759738, -22.22486639373772, 808.0], "angles": [0.0, 0.0, 0.11117270861264526], "sizes": [1.0, 1.0, 1.0]}, {"translations": [2720.0268749531524, 37.66077185028069, 808.0], "angles": [0.0, 0.0, 0.7894678111206509], "sizes": [1.0, 1.0, 1.0]}, {"translations": [2673.084018629635, 7.769889326742482, 358.0], "angles": [0.0, 0.0, -0.14446841631159152], "sizes": [1.0, 1.0, 1.0]}, {"translations": [2323.0977622718583, 4.966757131955106, 1108.0], "angles": [0.0, 0.0, 0.9224337786029279], "sizes": [1.0, 1.0, 1.0]}, {"translations": [1923.9644556599894, 39.462556578869744, 58.0], "angles": [0.0, 0.0, -0.6825987372907506], "sizes": [1.0, 1.0, 1.0]}, {"translations": [676.691047668457, -8.396973609924316, 958.0], "angles": [0.0, 0.0, 0.9563223975577441], "sizes": [1.0000000000000007, 1.0000000000000007, 1.0]}, {"translations": [703.4208749388337, 39.42849562379723, 808.0], "angles": [0.0, 0.0, -0.1736825708104022], "sizes": [1.0, 1.0, 1.0]}, {"translations": [708.0428745341475, 37.3200036203574, 658.0], "angles": [0.0, 0.0, 0.21305627456672338], "sizes": [1.0, 1.0, 1.0]}, {"translations": [336.2212280078925, 29.47180774409209, 1108.0], "angles": [0.0, 0.0, -0.6538328649742077], "sizes": [1.0000000000000004, 1.0000000000000004, 1.0]}, {"translations": [353.15323574002736, 27.8330035314839, 358.0], "angles": [0.0, 0.0, 0.9974936362960263], "sizes": [1.0000000000000013, 1.0000000000000013, 1.0]}, {"translations": [317.93529895912127, -32.53129640427637, 58.0], "angles": [0.0, 0.0, 0.42960750982602885], "sizes": [0.9999999999999999, 0.9999999999999999, 1.0]}, {"translations": [1396.4555434709785, -29.822300919800757, 208.0], "angles": [0.0, 0.0, 0.8602079113441925], "sizes": [1.0000000000000002, 1.0000000000000002, 1.0]}, {"translations": [910.0795974731445, 0.4271697998046875, 1108.0], "angles": [0.0, 0.0, 0.6402752696006859], "sizes": [1.0000000000000002, 1.0000000000000002, 1.0]}, {"translations": [494.8818664550781, 8.459146499633789, 508.0], "angles": [0.0, 0.0, -0.43218896987287403], "sizes": [1.0, 1.0, 1.0]}, {"translations": [41.68297426620021, 18.2329352540686, 508.0], "angles": [0.0, 0.0, 0.9884025816904511], "sizes": [0.9999999999999994, 0.9999999999999994, 1.0]}], "SM_CardBoxA_01": [{"translations": [2719.9126219784544, -22.33911936843547, 808.0], "angles": [0.0, 0.0, 0.9059193203027104], "sizes": [1.0, 1.0, 1.0]}, {"translations": [2719.160178986951, 6.791407822630357, 658.0], "angles": [0.0, 0.0, -0.8109015347359746], "sizes": [1.0000000000000002, 1.0000000000000002, 1.0]}, {"translations": [1863.3951647886593, 37.2244306722328, 508.0], "angles": [0.0, 0.0, 0.1830213582457055], "sizes": [1.0, 1.0, 1.0]}, {"translations": [1456.5910958459526, -31.94704421930287, 508.0], "angles": [0.0, 0.0, 0.8698503962634757], "sizes": [1.0000000000000002, 1.0000000000000002, 1.0]}, {"translations": [1464.4273362592783, 35.19166333850593, 58.0], "angles": [0.0, 0.0, 0.8618553874674367], "sizes": [1.0000000000000004, 1.0000000000000004, 1.0]}, {"translations": [1105.3275990980187, -22.389509471617167, 958.0], "angles": [0.0, 0.0, 0.3646500297593385], "sizes": [1.0, 1.0, 1.0]}, {"translations": [1124.7818809441903, -24.9420732945956, 58.0], "angles": [0.0, 0.0, -0.436807071555157], "sizes": [1.0, 1.0, 1.0]}, {"translations": [677.4148007686863, 36.10619290575221, 58.0], "angles": [0.0, 0.0, 0.9074534480218792], "sizes": [0.9999999999999993, 0.9999999999999993, 1.0]}, {"translations": [1329.734224693824, -32.87837303925984, 508.0], "angles": [0.0, 0.0, 0.6919140262427307], "sizes": [1.0000000000000004, 1.0000000000000004, 1.0]}, {"translations": [854.3694889267218, -30.29949283800442, 658.0], "angles": [0.0, 0.0, -0.5010629076644784], "sizes": [1.0, 1.0, 1.0]}, {"translations": [87.01661620943862, -24.457722691902582, 808.0], "angles": [0.0, 0.0, 0.9934003560709377], "sizes": [0.9999999999999999, 0.9999999999999999, 1.0]}], "SM_CardBoxC_01": [{"translations": [2660.423355014421, -25.612072077220397, 658.0], "angles": [0.0, 0.0, -0.5475662256130613], "sizes": [1.0, 1.0, 1.0]}, {"translations": [2254.112974845155, -30.67079045676426, 208.0], "angles": [0.0, 0.0, -0.7961934513802569], "sizes": [1.0000000000000002, 1.0000000000000002, 1.0]}, {"translations": [1894.2759628295898, 4.0348219871521, 808.0], "angles": [0.0, 0.0, 0.9215293152696401], "sizes": [1.0000000000000007, 1.0000000000000007, 1.0]}, {"translations": [1914.9048088819472, 37.42388599882722, 358.0], "angles": [0.0, 0.0, 0.9000990579643204], "sizes": [1.0000000000000002, 1.0000000000000002, 1.0]}, {"translations": [1844.416208338224, -26.190933673895337, 208.0], "angles": [0.0, 0.0, -0.024979805072389054], "sizes": [0.9999999999999999, 0.9999999999999999, 1.0]}, {"translations": [1482.327276728718, -25.490745081259075, 808.0], "angles": [0.0, 0.0, 0.8798585664260292], "sizes": [1.0, 1.0, 1.0]}, {"translations": [1090.0265999941942, -29.520971104882538, 1108.0], "angles": [0.0, 0.0, 0.997285480778592], "sizes": [1.0000000000000004, 1.0000000000000004, 1.0]}, {"translations": [1073.6547555376208, 24.728851209633394, 358.0], "angles": [0.0, 0.0, -0.43630069733988464], "sizes": [0.9999999999999999, 0.9999999999999999, 1.0]}, {"translations": [2506.038141464566, -22.279360823635137, 808.0], "angles": [0.0, 0.0, 0.9400836513370047], "sizes": [1.0000000000000004, 1.0000000000000004, 1.0]}, {"translations": [2470.9584421846607, -33.93703612549895, 208.0], "angles": [0.0, 0.0, 0.6413184047732183], "sizes": [1.0000000000000002, 1.0000000000000002, 1.0]}, {"translations": [1702.4412266304016, 37.44335215435461, 658.0], "angles": [0.0, 0.0, 0.4922772105165015], "sizes": [1.0, 1.0, 1.0]}, {"translations": [1743.8227960802328, 39.16729835487971, 508.0], "angles": [0.0, 0.0, 0.9800057052870722], "sizes": [1.0000000000000013, 1.0000000000000013, 1.0]}, {"translations": [1275.937107390171, 31.29258539270375, 358.0], "angles": [0.0, 0.0, 0.9990467635106844], "sizes": [0.9999999999999999, 0.9999999999999999, 1.0]}, {"translations": [878.6553789499359, -20.780259868737947, 958.0], "angles": [0.0, 0.0, 0.9977142463768676], "sizes": [1.0000000000000004, 1.0000000000000004, 1.0]}, {"translations": [501.21322839063976, -18.443371822703096, 808.0], "angles": [0.0, 0.0, 0.7020899472202923], "sizes": [1.0, 1.0, 1.0]}, {"translations": [450.6033472952831, -22.1148358738936, 58.0], "angles": [0.0, 0.0, 0.7144602611001792], "sizes": [1.0000000000000004, 1.0000000000000004, 1.0]}, {"translations": [103.82818021952922, -31.992639423230568, 958.0], "angles": [0.0, 0.0, 0.905506684569553], "sizes": [0.9999999999999999, 0.9999999999999999, 1.0]}], "SM_CardBoxA_02": [{"translations": [2732.9793968977087, 11.311592606851267, 358.0], "angles": [0.0, 0.0, 0.9579098903215475], "sizes": [1.0000000000000009, 1.0000000000000009, 1.0]}, {"translations": [2659.022780660749, -36.49612774881754, 208.0], "angles": [0.0, 0.0, 0.6757102644332855], "sizes": [1.0000000000000007, 1.0000000000000007, 1.0]}, {"translations": [2247.304267802863, 36.81228696764512, 958.0], "angles": [0.0, 0.0, 0.32670902693790765], "sizes": [1.0, 1.0, 1.0]}, {"translations": [1863.6272593567971, 10.146643796388743, 58.0], "angles": [0.0, 0.0, -0.315334976623916], "sizes": [1.0, 1.0, 1.0]}, {"translations": [1447.535207778728, 32.849796438394236, 358.0], "angles": [0.0, 0.0, 0.971347977144535], "sizes": [1.0000000000000013, 1.0000000000000013, 1.0]}, {"translations": [1550.860344036385, -28.3248389830087, 208.0], "angles": [0.0, 0.0, 0.2120913417491113], "sizes": [1.0, 1.0, 1.0]}, {"translations": [1078.5679663333447, 39.12408296371198, 958.0], "angles": [0.0, 0.0, 0.7838124795853134], "sizes": [1.0000000000000009, 1.0000000000000009, 1.0]}, {"translations": [1091.1871304673482, 34.40250459299199, 508.0], "angles": [0.0, 0.0, -0.14158503396079336], "sizes": [1.0, 1.0, 1.0]}, {"translations": [1088.183863835465, 2.3748627613622064, 208.0], "angles": [0.0, 0.0, 0.9999465127511723], "sizes": [1.0000000000000009, 1.0000000000000009, 1.0]}, {"translations": [1060.2075599737784, 30.104789206460833, 58.0], "angles": [0.0, 0.0, 0.9662005737593573], "sizes": [1.000000000000001, 1.000000000000001, 1.0]}, {"translations": [702.4373426759146, 38.60683789571351, 358.0], "angles": [0.0, 0.0, 0.6361134445288739], "sizes": [1.0000000000000002, 1.0000000000000002, 1.0]}, {"translations": [275.27812572566, -30.00085773989094, 208.0], "angles": [0.0, 0.0, 0.17103369134732024], "sizes": [0.9999999999999999, 0.9999999999999999, 1.0]}, {"translations": [2092.748245362207, 30.509732989410633, 358.0], "angles": [0.0, 0.0, 0.839825353053486], "sizes": [1.0000000000000004, 1.0000000000000004, 1.0]}, {"translations": [2062.4388842154217, -29.241099916365577, 208.0], "angles": [0.0, 0.0, 0.9827266607323066], "sizes": [1.0000000000000004, 1.0000000000000004, 1.0]}, {"translations": [1764.3396257273696, 11.586279829118414, 658.0], "angles": [0.0, 0.0, 0.4874503226382778], "sizes": [1.0, 1.0, 1.0]}, {"translations": [990.9752373993167, -31.324862829981388, 208.0], "angles": [0.0, 0.0, 0.9885594535814913], "sizes": [1.0000000000000002, 1.0000000000000002, 1.0]}, {"translations": [112.00276729033418, -4.285011783977266, 1108.0], "angles": [0.0, 0.0, 0.5172383588268241], "sizes": [0.9999999999999998, 0.9999999999999998, 1.0]}, {"translations": [137.9448487698433, 0.21228083474399567, 358.0], "angles": [0.0, 0.0, -0.8084618668962953], "sizes": [1.0, 1.0, 1.0]}, {"translations": [2674.2404708862305, 0.40405988693237305, 958.0], "angles": [0.0, 0.0, 0.17260798309106173], "sizes": [0.9999999999999999, 0.9999999999999999, 1.0]}], "SM_CardBoxD_03": [{"translations": [2718.986195707649, -34.40116810405178, 208.0], "angles": [0.0, 0.0, 0.8983969202428377], "sizes": [1.0000000000000002, 1.0000000000000002, 1.0]}, {"translations": [2716.1390321625304, -6.485296652465957, 58.0], "angles": [0.0, 0.0, 0.9993813123775744], "sizes": [1.0000000000000004, 1.0000000000000004, 1.0]}, {"translations": [1885.8234063658283, -23.02668908276703, 358.0], "angles": [0.0, 0.0, 0.14889663299376618], "sizes": [1.0, 1.0, 1.0]}, {"translations": [1542.4728587744237, 25.67451908517291, 958.0], "angles": [0.0, 0.0, 0.21404885134097917], "sizes": [1.0, 1.0, 1.0]}, {"translations": [1524.5457782590474, -4.7657857760395075, 658.0], "angles": [0.0, 0.0, 0.3437734382321804], "sizes": [1.0, 1.0, 1.0]}, {"translations": [697.8234067640368, 32.746276725645515, 1108.0], "angles": [0.0, 0.0, 0.904495992809108], "sizes": [1.0000000000000002, 1.0000000000000002, 1.0]}, {"translations": [708.3606621756707, -23.411482299011308, 58.0], "angles": [0.0, 0.0, 0.7554672518220454], "sizes": [1.0000000000000002, 1.0000000000000002, 1.0]}, {"translations": [348.0751347646992, -31.95171768125048, 358.0], "angles": [0.0, 0.0, -0.10234124914083817], "sizes": [1.0, 1.0, 1.0]}, {"translations": [2557.7974905476476, -38.697318967760694, 508.0], "angles": [0.0, 0.0, 0.7524584080300466], "sizes": [1.0000000000000004, 1.0000000000000004, 1.0]}, {"translations": [2533.1150766540254, 23.678785787056434, 508.0], "angles": [0.0, 0.0, 0.2709375903249665], "sizes": [1.0, 1.0, 1.0]}, {"translations": [2497.323808819687, -34.476305896374626, 58.0], "angles": [0.0, 0.0, -0.3474269689890789], "sizes": [1.0, 1.0, 1.0]}, {"translations": [2168.8316974337595, 2.6492396670738385, 508.0], "angles": [0.0, 0.0, 0.9876133894135073], "sizes": [1.0000000000000009, 1.0000000000000009, 1.0]}, {"translations": [2063.6402992382973, 30.746870560579282, 208.0], "angles": [0.0, 0.0, -0.6681571307367996], "sizes": [1.0000000000000002, 1.0000000000000002, 1.0]}, {"translations": [1674.1731519329758, -26.32609452599667, 208.0], "angles": [0.0, 0.0, 0.8556542295192269], "sizes": [1.0000000000000002, 1.0000000000000002, 1.0]}, {"translations": [1683.7537898411117, 10.24075480222012, 58.0], "angles": [0.0, 0.0, -0.7816921463852824], "sizes": [0.9999999999999998, 0.9999999999999998, 1.0]}, {"translations": [1399.0815668194589, 30.120204878449254, 208.0], "angles": [0.0, 0.0, -0.7991987611291785], "sizes": [1.0000000000000009, 1.0000000000000009, 1.0]}, {"translations": [909.1462123672235, 34.50413799486477, 658.0], "angles": [0.0, 0.0, -0.523441096899326], "sizes": [1.0, 1.0, 1.0]}, {"translations": [487.3929863968019, -25.954704849180374, 1108.0], "angles": [0.0, 0.0, 0.7387702955084338], "sizes": [1.0000000000000004, 1.0000000000000004, 1.0]}, {"translations": [479.88209533691406, -8.396973609924316, 958.0], "angles": [0.0, 0.0, 0.8681823530212024], "sizes": [1.0, 1.0, 1.0]}], "SM_CardBoxB_02": [{"translations": [2658.235340246009, 27.3844902148375, 58.0], "angles": [0.0, 0.0, -0.05429372222890737], "sizes": [1.0, 1.0, 1.0]}, {"translations": [1490.8618484864737, -28.749729259773563, 208.0], "angles": [0.0, 0.0, -0.7722126718850012], "sizes": [1.0000000000000002, 1.0000000000000002, 1.0]}, {"translations": [1490.4369582097088, 31.248766290137606, 208.0], "angles": [0.0, 0.0, 0.6626611178478029], "sizes": [1.0000000000000002, 1.0000000000000002, 1.0]}, {"translations": [1063.6048489448688, 32.13850563217284, 1108.0], "angles": [0.0, 0.0, 0.6656224649003147], "sizes": [1.0000000000000002, 1.0000000000000002, 1.0]}, {"translations": [1107.8298312808504, -27.695420788628148, 658.0], "angles": [0.0, 0.0, 0.967020379124567], "sizes": [1.0000000000000013, 1.0000000000000013, 1.0]}, {"translations": [1134.651382896126, -3.1890901701968484, 358.0], "angles": [0.0, 0.0, -0.12267129110494852], "sizes": [1.0, 1.0, 1.0]}, {"translations": [684.5780248094997, -21.538356064866065, 508.0], "angles": [0.0, 0.0, -0.23294328040106205], "sizes": [1.0, 1.0, 1.0]}, {"translations": [304.31057844836687, 20.34184437310318, 508.0], "angles": [0.0, 0.0, -0.5146478922777122], "sizes": [1.0, 1.0, 1.0]}, {"translations": [2166.2614097595215, -6.692960262298584, 658.0], "angles": [0.0, 0.0, 0.8162611562250598], "sizes": [1.0000000000000007, 1.0000000000000007, 1.0]}, {"translations": [2065.701555816626, -30.87818589227943, 358.0], "angles": [0.0, 0.0, 0.46255378488507537], "sizes": [0.9999999999999999, 0.9999999999999999, 1.0]}, {"translations": [1314.5687556864862, 25.657489385725217, 658.0], "angles": [0.0, 0.0, 0.9124491007142378], "sizes": [1.0000000000000007, 1.0000000000000007, 1.0]}, {"translations": [1330.9404324417258, 27.109501259375723, 508.0], "angles": [0.0, 0.0, -0.5354999803099281], "sizes": [1.0000000000000002, 1.0000000000000002, 1.0]}, {"translations": [904.0850935669893, -32.359028073298006, 358.0], "angles": [0.0, 0.0, -0.13782440555568043], "sizes": [1.0, 1.0, 1.0]}, {"translations": [547.3432408255903, -28.397447963702206, 1108.0], "angles": [0.0, 0.0, 0.2703835000950287], "sizes": [1.0, 1.0, 1.0]}, {"translations": [493.4313623851989, 27.036075184538735, 208.0], "angles": [0.0, 0.0, -0.40210159706340176], "sizes": [1.0, 1.0, 1.0]}, {"translations": [484.0047754598605, 36.06028420820481, 58.0], "angles": [0.0, 0.0, 0.9985871433928578], "sizes": [1.0000000000000013, 1.0000000000000013, 1.0]}], "SM_CardBoxD_05": [{"translations": [2264.555988313319, 37.721309514598055, 1108.0], "angles": [0.0, 0.0, -0.7674180998921716], "sizes": [1.0000000000000004, 1.0000000000000004, 1.0]}, {"translations": [1491.6090039623994, -26.136608615602622, 58.0], "angles": [0.0, 0.0, 0.999193648252362], "sizes": [1.0000000000000009, 1.0000000000000009, 1.0]}, {"translations": [1047.629606383321, 1.900743190625973, 658.0], "angles": [0.0, 0.0, 0.734478163313751], "sizes": [1.0000000000000004, 1.0000000000000004, 1.0]}, {"translations": [1064.9712892084563, -29.70580252927337, 58.0], "angles": [0.0, 0.0, -0.7774390822199074], "sizes": [1.0000000000000004, 1.0000000000000004, 1.0]}, {"translations": [704.4457444822885, -21.359538701377573, 358.0], "angles": [0.0, 0.0, -0.46098332819018273], "sizes": [1.0000000000000002, 1.0000000000000002, 1.0]}, {"translations": [258.5713662896068, -34.16464916275896, 658.0], "angles": [0.0, 0.0, 0.056206129343053766], "sizes": [1.0, 1.0, 1.0]}, {"translations": [273.28422198214355, -39.1339087068776, 508.0], "angles": [0.0, 0.0, -0.6604497529364619], "sizes": [0.9999999999999999, 0.9999999999999999, 1.0]}, {"translations": [2504.9785663192984, 35.57718242369259, 658.0], "angles": [0.0, 0.0, 0.7587201460450215], "sizes": [1.0, 1.0, 1.0]}, {"translations": [2078.8411077692413, 32.38808306451119, 58.0], "angles": [0.0, 0.0, 0.9499084334504361], "sizes": [1.0000000000000007, 1.0000000000000007, 1.0]}, {"translations": [1647.216738362347, 35.10151952020587, 208.0], "angles": [0.0, 0.0, -0.8079404497001074], "sizes": [1.0000000000000004, 1.0000000000000004, 1.0]}, {"translations": [1743.312291484903, -20.626458903369112, 58.0], "angles": [0.0, 0.0, -0.8533420758576896], "sizes": [1.0000000000000002, 1.0000000000000002, 1.0]}, {"translations": [1313.030878102313, -26.16433895430673, 58.0], "angles": [0.0, 0.0, 0.9986505899326606], "sizes": [1.0000000000000009, 1.0000000000000009, 1.0]}, {"translations": [1281.981714324606, 33.29951080926916, 58.0], "angles": [0.0, 0.0, 0.9543474948746358], "sizes": [1.0000000000000007, 1.0000000000000007, 1.0]}, {"translations": [996.4690564757555, 2.346788986495751, 508.0], "angles": [0.0, 0.0, 0.9989732907040522], "sizes": [1.000000000000002, 1.000000000000002, 1.0]}, {"translations": [505.3280610538838, 41.415363146835816, 808.0], "angles": [0.0, 0.0, 0.9679036710310869], "sizes": [1.0000000000000007, 1.0000000000000007, 1.0]}, {"translations": [101.47049934098266, 23.2779174574326, 508.0], "angles": [0.0, 0.0, -0.7353764788886559], "sizes": [0.9999999999999999, 0.9999999999999999, 1.0]}, {"translations": [198.20987765096692, -29.25170216072589, 358.0], "angles": [0.0, 0.0, -0.19213410360201064], "sizes": [1.0, 1.0, 1.0]}], "SM_CardBoxC_02": [{"translations": [2307.08170663775, 31.64916714129009, 958.0], "angles": [0.0, 0.0, 0.9994869046629221], "sizes": [0.9999999999999992, 0.9999999999999992, 1.0]}, {"translations": [1903.9544296264648, 9.549428939819336, 658.0], "angles": [0.0, 0.0, 0.3296687200309942], "sizes": [0.9999999999999999, 0.9999999999999999, 1.0]}, {"translations": [1505.089814758767, 8.413669208682618, 1108.0], "angles": [0.0, 0.0, 0.4107101282586273], "sizes": [0.9999999999999999, 0.9999999999999999, 1.0]}, {"translations": [1504.4998569185377, -30.03922286051338, 358.0], "angles": [0.0, 0.0, -0.08386812823577215], "sizes": [1.0, 1.0, 1.0]}, {"translations": [1097.8147430419922, 5.8795952796936035, 808.0], "angles": [0.0, 0.0, 0.9553518397995882], "sizes": [1.0000000000000007, 1.0000000000000007, 1.0]}, {"translations": [1146.000952434545, -31.642548455926605, 208.0], "angles": [0.0, 0.0, 0.6350917504786253], "sizes": [1.0000000000000002, 1.0000000000000002, 1.0]}, {"translations": [711.3012650029227, -34.23934812957114, 208.0], "angles": [0.0, 0.0, 0.9780169043060754], "sizes": [1.000000000000001, 1.000000000000001, 1.0]}, {"translations": [323.4237066619945, 38.11189936048143, 808.0], "angles": [0.0, 0.0, 0.6968440188032852], "sizes": [1.0000000000000004, 1.0000000000000004, 1.0]}, {"translations": [2569.921272877938, -5.7981550735457095, 1108.0], "angles": [0.0, 0.0, -0.4977204167614837], "sizes": [0.9999999999999999, 0.9999999999999999, 1.0]}, {"translations": [2127.8181389095175, -39.174019870098505, 808.0], "angles": [0.0, 0.0, -0.39696044023559324], "sizes": [1.0, 1.0, 1.0]}, {"translations": [2070.4773322818887, 23.372218188579954, 808.0], "angles": [0.0, 0.0, 0.999539125091957], "sizes": [1.0000000000000007, 1.0000000000000007, 1.0]}, {"translations": [2050.196753971393, -28.270807425702188, 58.0], "angles": [0.0, 0.0, 0.8149209328921583], "sizes": [1.0000000000000004, 1.0000000000000004, 1.0]}, {"translations": [1686.0102773112808, 34.96349252497152, 808.0], "angles": [0.0, 0.0, -0.6261284057570479], "sizes": [1.0000000000000002, 1.0000000000000002, 1.0]}, {"translations": [1686.0813939832437, -23.009308852926587, 508.0], "angles": [0.0, 0.0, 0.9906911427772419], "sizes": [1.0, 1.0, 1.0]}, {"translations": [1352.2860984802246, -4.739868640899658, 958.0], "angles": [0.0, 0.0, 0.6477323247448462], "sizes": [1.0000000000000002, 1.0000000000000002, 1.0]}, {"translations": [931.0721765834708, -27.915565997339147, 208.0], "angles": [0.0, 0.0, -0.17967244815838848], "sizes": [0.9999999999999999, 0.9999999999999999, 1.0]}, {"translations": [994.3845342319589, 28.578197985864538, 208.0], "angles": [0.0, 0.0, 0.9991112458163662], "sizes": [0.9999999999999999, 0.9999999999999999, 1.0]}, {"translations": [531.7180127809222, 38.577405653980705, 358.0], "angles": [0.0, 0.0, 0.9989382749011372], "sizes": [1.0000000000000018, 1.0000000000000018, 1.0]}, {"translations": [75.56742702535175, 29.731446408924953, 58.0], "angles": [0.0, 0.0, 0.8634783358639907], "sizes": [1.0000000000000002, 1.0000000000000002, 1.0]}], "SM_CardBoxD_02": [{"translations": [2336.1959390645593, -0.2474808180928213, 508.0], "angles": [0.0, 0.0, 0.3351069884222994], "sizes": [1.0000000000000002, 1.0000000000000002, 1.0]}, {"translations": [2245.6250420265546, -26.695048524628334, 58.0], "angles": [0.0, 0.0, -0.6138968416434667], "sizes": [1.0, 1.0, 1.0]}, {"translations": [1935.58433351077, -35.335777259478405, 958.0], "angles": [0.0, 0.0, 0.14411033564631842], "sizes": [1.0, 1.0, 1.0]}, {"translations": [1874.760388354063, 33.63573879889347, 208.0], "angles": [0.0, 0.0, 0.9265479603930132], "sizes": [1.0000000000000007, 1.0000000000000007, 1.0]}, {"translations": [1464.9931965848327, 26.112847871451695, 658.0], "angles": [0.0, 0.0, -0.787493153625524], "sizes": [1.0000000000000002, 1.0000000000000002, 1.0]}, {"translations": [1517.252303201899, 27.38438018732045, 508.0], "angles": [0.0, 0.0, 0.9924927850458674], "sizes": [0.9999999999999994, 0.9999999999999994, 1.0]}, {"translations": [1507.4620419980865, 29.887611358845295, 358.0], "angles": [0.0, 0.0, -0.5987621309550348], "sizes": [1.0, 1.0, 1.0]}, {"translations": [1148.795596583433, -27.897291809178512, 508.0], "angles": [0.0, 0.0, 0.9974699437894826], "sizes": [1.0000000000000009, 1.0000000000000009, 1.0]}, {"translations": [653.8063390810786, 38.06955748217308, 508.0], "angles": [0.0, 0.0, 0.9912002769688065], "sizes": [0.9999999999999992, 0.9999999999999992, 1.0]}, {"translations": [309.1549207675291, -31.90746410211227, 1108.0], "angles": [0.0, 0.0, 0.7639605035231068], "sizes": [1.0000000000000007, 1.0000000000000007, 1.0]}, {"translations": [273.2351502131813, -1.9641518692116176, 958.0], "angles": [0.0, 0.0, -0.09406457085068683], "sizes": [1.0, 1.0, 1.0]}, {"translations": [305.2664598889868, 30.00497376096113, 208.0], "angles": [0.0, 0.0, -0.15057995735853436], "sizes": [1.0, 1.0, 1.0]}, {"translations": [2531.012574255849, 39.50062940141108, 358.0], "angles": [0.0, 0.0, 0.9003726354110881], "sizes": [1.0, 1.0, 1.0]}, {"translations": [1712.507358786703, -34.528494615494694, 958.0], "angles": [0.0, 0.0, -0.5893414842181627], "sizes": [1.0, 1.0, 1.0]}, {"translations": [1710.499276380599, 25.437892678140873, 958.0], "angles": [0.0, 0.0, -0.6773816741077012], "sizes": [1.0000000000000002, 1.0000000000000002, 1.0]}, {"translations": [936.4964128845961, 4.158423797317726, 508.0], "angles": [0.0, 0.0, 0.9460469363336022], "sizes": [1.0000000000000007, 1.0000000000000007, 1.0]}, {"translations": [511.5990446030664, 6.355603999304175, 658.0], "angles": [0.0, 0.0, 0.16751792523055026], "sizes": [1.0, 1.0, 1.0]}, {"translations": [570.5991783384985, 38.2771362181861, 658.0], "angles": [0.0, 0.0, -0.6000623230543666], "sizes": [1.0000000000000004, 1.0000000000000004, 1.0]}]}