{"SM_RackShelf_01": [{"translations": [200.0, 0.0, 37.0], "angles": [0.0, 0.0, 0.0], "sizes": [1.0, 1.0, 1.0]}, {"translations": [200.0, 0.0, 187.0], "angles": [0.0, 0.0, 0.0], "sizes": [1.0, 1.0, 1.0]}, {"translations": [200.0, 0.0, 337.0], "angles": [0.0, 0.0, 0.0], "sizes": [1.0, 1.0, 1.0]}, {"translations": [200.0, 0.0, 487.0], "angles": [0.0, 0.0, 0.0], "sizes": [1.0, 1.0, 1.0]}, {"translations": [200.0, 0.0, 637.0], "angles": [0.0, 0.0, 0.0], "sizes": [1.0, 1.0, 1.0]}, {"translations": [200.0, 0.0, 787.0], "angles": [0.0, 0.0, 0.0], "sizes": [1.0, 1.0, 1.0]}, {"translations": [200.0, 0.0, 937.0], "angles": [0.0, 0.0, 0.0], "sizes": [1.0, 1.0, 1.0]}, {"translations": [200.0, 0.0, 1087.0], "angles": [0.0, 0.0, 0.0], "sizes": [1.0, 1.0, 1.0]}, {"translations": [200.0, 0.0, 1237.0], "angles": [0.0, 0.0, 0.0], "sizes": [1.0, 1.0, 1.0]}, {"translations": [600.0, 0.0, 37.0], "angles": [0.0, 0.0, 0.0], "sizes": [1.0, 1.0, 1.0]}, {"translations": [600.0, 0.0, 187.0], "angles": [0.0, 0.0, 0.0], "sizes": [1.0, 1.0, 1.0]}, {"translations": [600.0, 0.0, 337.0], "angles": [0.0, 0.0, 0.0], "sizes": [1.0, 1.0, 1.0]}, {"translations": [600.0, 0.0, 487.0], "angles": [0.0, 0.0, 0.0], "sizes": [1.0, 1.0, 1.0]}, {"translations": [600.0, 0.0, 637.0], "angles": [0.0, 0.0, 0.0], "sizes": [1.0, 1.0, 1.0]}, {"translations": [600.0, 0.0, 787.0], "angles": [0.0, 0.0, 0.0], "sizes": [1.0, 1.0, 1.0]}, {"translations": [600.0, 0.0, 937.0], "angles": [0.0, 0.0, 0.0], "sizes": [1.0, 1.0, 1.0]}, {"translations": [600.0, 0.0, 1087.0], "angles": [0.0, 0.0, 0.0], "sizes": [1.0, 1.0, 1.0]}, {"translations": [600.0, 0.0, 1237.0], "angles": [0.0, 0.0, 0.0], "sizes": [1.0, 1.0, 1.0]}, {"translations": [1000.0, 0.0, 37.0], "angles": [0.0, 0.0, 0.0], "sizes": [1.0, 1.0, 1.0]}, {"translations": [1000.0, 0.0, 187.0], "angles": [0.0, 0.0, 0.0], "sizes": [1.0, 1.0, 1.0]}, {"translations": [1000.0, 0.0, 337.0], "angles": [0.0, 0.0, 0.0], "sizes": [1.0, 1.0, 1.0]}, {"translations": [1000.0, 0.0, 487.0], "angles": [0.0, 0.0, 0.0], "sizes": [1.0, 1.0, 1.0]}, {"translations": [1000.0, 0.0, 637.0], "angles": [0.0, 0.0, 0.0], "sizes": [1.0, 1.0, 1.0]}, {"translations": [1000.0, 0.0, 787.0], "angles": [0.0, 0.0, 0.0], "sizes": [1.0, 1.0, 1.0]}, {"translations": [1000.0, 0.0, 937.0], "angles": [0.0, 0.0, 0.0], "sizes": [1.0, 1.0, 1.0]}, {"translations": [1000.0, 0.0, 1087.0], "angles": [0.0, 0.0, 0.0], "sizes": [1.0, 1.0, 1.0]}, {"translations": [1000.0, 0.0, 1237.0], "angles": [0.0, 0.0, 0.0], "sizes": [1.0, 1.0, 1.0]}, {"translations": [1400.0, 0.0, 37.0], "angles": [0.0, 0.0, 0.0], "sizes": [1.0, 1.0, 1.0]}, {"translations": [1400.0, 0.0, 187.0], "angles": [0.0, 0.0, 0.0], "sizes": [1.0, 1.0, 1.0]}, {"translations": [1400.0, 0.0, 337.0], "angles": [0.0, 0.0, 0.0], "sizes": [1.0, 1.0, 1.0]}, {"translations": [1400.0, 0.0, 487.0], "angles": [0.0, 0.0, 0.0], "sizes": [1.0, 1.0, 1.0]}, {"translations": [1400.0, 0.0, 637.0], "angles": [0.0, 0.0, 0.0], "sizes": [1.0, 1.0, 1.0]}, {"translations": [1400.0, 0.0, 787.0], "angles": [0.0, 0.0, 0.0], "sizes": [1.0, 1.0, 1.0]}, {"translations": [1400.0, 0.0, 937.0], "angles": [0.0, 0.0, 0.0], "sizes": [1.0, 1.0, 1.0]}, {"translations": [1400.0, 0.0, 1087.0], "angles": [0.0, 0.0, 0.0], "sizes": [1.0, 1.0, 1.0]}, {"translations": [1400.0, 0.0, 1237.0], "angles": [0.0, 0.0, 0.0], "sizes": [1.0, 1.0, 1.0]}, {"translations": [1800.0, 0.0, 37.0], "angles": [0.0, 0.0, 0.0], "sizes": [1.0, 1.0, 1.0]}, {"translations": [1800.0, 0.0, 187.0], "angles": [0.0, 0.0, 0.0], "sizes": [1.0, 1.0, 1.0]}, {"translations": [1800.0, 0.0, 337.0], "angles": [0.0, 0.0, 0.0], "sizes": [1.0, 1.0, 1.0]}, {"translations": [1800.0, 0.0, 487.0], "angles": [0.0, 0.0, 0.0], "sizes": [1.0, 1.0, 1.0]}, {"translations": [1800.0, 0.0, 637.0], "angles": [0.0, 0.0, 0.0], "sizes": [1.0, 1.0, 1.0]}, {"translations": [1800.0, 0.0, 787.0], "angles": [0.0, 0.0, 0.0], "sizes": [1.0, 1.0, 1.0]}, {"translations": [1800.0, 0.0, 937.0], "angles": [0.0, 0.0, 0.0], "sizes": [1.0, 1.0, 1.0]}, {"translations": [1800.0, 0.0, 1087.0], "angles": [0.0, 0.0, 0.0], "sizes": [1.0, 1.0, 1.0]}, {"translations": [1800.0, 0.0, 1237.0], "angles": [0.0, 0.0, 0.0], "sizes": [1.0, 1.0, 1.0]}, {"translations": [2200.0, 0.0, 37.0], "angles": [0.0, 0.0, 0.0], "sizes": [1.0, 1.0, 1.0]}, {"translations": [2200.0, 0.0, 187.0], "angles": [0.0, 0.0, 0.0], "sizes": [1.0, 1.0, 1.0]}, {"translations": [2200.0, 0.0, 337.0], "angles": [0.0, 0.0, 0.0], "sizes": [1.0, 1.0, 1.0]}, {"translations": [2200.0, 0.0, 487.0], "angles": [0.0, 0.0, 0.0], "sizes": [1.0, 1.0, 1.0]}, {"translations": [2200.0, 0.0, 637.0], "angles": [0.0, 0.0, 0.0], "sizes": [1.0, 1.0, 1.0]}, {"translations": [2200.0, 0.0, 787.0], "angles": [0.0, 0.0, 0.0], "sizes": [1.0, 1.0, 1.0]}, {"translations": [2200.0, 0.0, 937.0], "angles": [0.0, 0.0, 0.0], "sizes": [1.0, 1.0, 1.0]}, {"translations": [2200.0, 0.0, 1087.0], "angles": [0.0, 0.0, 0.0], "sizes": [1.0, 1.0, 1.0]}, {"translations": [2200.0, 0.0, 1237.0], "angles": [0.0, 0.0, 0.0], "sizes": [1.0, 1.0, 1.0]}, {"translations": [2600.0, 0.0, 37.0], "angles": [0.0, 0.0, 0.0], "sizes": [1.0, 1.0, 1.0]}, {"translations": [2600.0, 0.0, 187.0], "angles": [0.0, 0.0, 0.0], "sizes": [1.0, 1.0, 1.0]}, {"translations": [2600.0, 0.0, 337.0], "angles": [0.0, 0.0, 0.0], "sizes": [1.0, 1.0, 1.0]}, {"translations": [2600.0, 0.0, 487.0], "angles": [0.0, 0.0, 0.0], "sizes": [1.0, 1.0, 1.0]}, {"translations": [2600.0, 0.0, 637.0], "angles": [0.0, 0.0, 0.0], "sizes": [1.0, 1.0, 1.0]}, {"translations": [2600.0, 0.0, 787.0], "angles": [0.0, 0.0, 0.0], "sizes": [1.0, 1.0, 1.0]}, {"translations": [2600.0, 0.0, 937.0], "angles": [0.0, 0.0, 0.0], "sizes": [1.0, 1.0, 1.0]}, {"translations": [2600.0, 0.0, 1087.0], "angles": [0.0, 0.0, 0.0], "sizes": [1.0, 1.0, 1.0]}, {"translations": [2600.0, 0.0, 1237.0], "angles": [0.0, 0.0, 0.0], "sizes": [1.0, 1.0, 1.0]}, {"translations": [3000.0, 0.0, 37.0], "angles": [0.0, 0.0, 0.0], "sizes": [1.0, 1.0, 1.0]}, {"translations": [3000.0, 0.0, 187.0], "angles": [0.0, 0.0, 0.0], "sizes": [1.0, 1.0, 1.0]}, {"translations": [3000.0, 0.0, 337.0], "angles": [0.0, 0.0, 0.0], "sizes": [1.0, 1.0, 1.0]}, {"translations": [3000.0, 0.0, 487.0], "angles": [0.0, 0.0, 0.0], "sizes": [1.0, 1.0, 1.0]}, {"translations": [3000.0, 0.0, 637.0], "angles": [0.0, 0.0, 0.0], "sizes": [1.0, 1.0, 1.0]}, {"translations": [3000.0, 0.0, 787.0], "angles": [0.0, 0.0, 0.0], "sizes": [1.0, 1.0, 1.0]}, {"translations": [3000.0, 0.0, 937.0], "angles": [0.0, 0.0, 0.0], "sizes": [1.0, 1.0, 1.0]}, {"translations": [3000.0, 0.0, 1087.0], "angles": [0.0, 0.0, 0.0], "sizes": [1.0, 1.0, 1.0]}, {"translations": [3000.0, 0.0, 1237.0], "angles": [0.0, 0.0, 0.0], "sizes": [1.0, 1.0, 1.0]}, {"translations": [3400.0, 0.0, 37.0], "angles": [0.0, 0.0, 0.0], "sizes": [1.0, 1.0, 1.0]}, {"translations": [3400.0, 0.0, 187.0], "angles": [0.0, 0.0, 0.0], "sizes": [1.0, 1.0, 1.0]}, {"translations": [3400.0, 0.0, 337.0], "angles": [0.0, 0.0, 0.0], "sizes": [1.0, 1.0, 1.0]}, {"translations": [3400.0, 0.0, 487.0], "angles": [0.0, 0.0, 0.0], "sizes": [1.0, 1.0, 1.0]}, {"translations": [3400.0, 0.0, 637.0], "angles": [0.0, 0.0, 0.0], "sizes": [1.0, 1.0, 1.0]}, {"translations": [3400.0, 0.0, 787.0], "angles": [0.0, 0.0, 0.0], "sizes": [1.0, 1.0, 1.0]}, {"translations": [3400.0, 0.0, 937.0], "angles": [0.0, 0.0, 0.0], "sizes": [1.0, 1.0, 1.0]}, {"translations": [3400.0, 0.0, 1087.0], "angles": [0.0, 0.0, 0.0], "sizes": [1.0, 1.0, 1.0]}, {"translations": [3400.0, 0.0, 1237.0], "angles": [0.0, 0.0, 0.0], "sizes": [1.0, 1.0, 1.0]}, {"translations": [3800.0, 0.0, 37.0], "angles": [0.0, 0.0, 0.0], "sizes": [1.0, 1.0, 1.0]}, {"translations": [3800.0, 0.0, 187.0], "angles": [0.0, 0.0, 0.0], "sizes": [1.0, 1.0, 1.0]}, {"translations": [3800.0, 0.0, 337.0], "angles": [0.0, 0.0, 0.0], "sizes": [1.0, 1.0, 1.0]}, {"translations": [3800.0, 0.0, 487.0], "angles": [0.0, 0.0, 0.0], "sizes": [1.0, 1.0, 1.0]}, {"translations": [3800.0, 0.0, 637.0], "angles": [0.0, 0.0, 0.0], "sizes": [1.0, 1.0, 1.0]}, {"translations": [3800.0, 0.0, 787.0], "angles": [0.0, 0.0, 0.0], "sizes": [1.0, 1.0, 1.0]}, {"translations": [3800.0, 0.0, 937.0], "angles": [0.0, 0.0, 0.0], "sizes": [1.0, 1.0, 1.0]}, {"translations": [3800.0, 0.0, 1087.0], "angles": [0.0, 0.0, 0.0], "sizes": [1.0, 1.0, 1.0]}, {"translations": [3800.0, 0.0, 1237.0], "angles": [0.0, 0.0, 0.0], "sizes": [1.0, 1.0, 1.0]}], "SM_RackFrame_03": [{"translations": [0.0, 0.0, 0.0], "angles": [0.0, 0.0, 0.0], "sizes": [1.0, 1.0, 1.0]}, {"translations": [400.0, 0.0, 0.0], "angles": [0.0, 0.0, 0.0], "sizes": [1.0, 1.0, 1.0]}, {"translations": [800.0, 0.0, 0.0], "angles": [0.0, 0.0, 0.0], "sizes": [1.0, 1.0, 1.0]}, {"translations": [1200.0, 0.0, 0.0], "angles": [0.0, 0.0, 0.0], "sizes": [1.0, 1.0, 1.0]}, {"translations": [1600.0, 0.0, 0.0], "angles": [0.0, 0.0, 0.0], "sizes": [1.0, 1.0, 1.0]}, {"translations": [2000.0, 0.0, 0.0], "angles": [0.0, 0.0, 0.0], "sizes": [1.0, 1.0, 1.0]}, {"translations": [2400.0, 0.0, 0.0], "angles": [0.0, 0.0, 0.0], "sizes": [1.0, 1.0, 1.0]}, {"translations": [2800.0, 0.0, 0.0], "angles": [0.0, 0.0, 0.0], "sizes": [1.0, 1.0, 1.0]}, {"translations": [3200.0, 0.0, 0.0], "angles": [0.0, 0.0, 0.0], "sizes": [1.0, 1.0, 1.0]}, {"translations": [3600.0, 0.0, 0.0], "angles": [0.0, 0.0, 0.0], "sizes": [1.0, 1.0, 1.0]}, {"translations": [0.0, 0.0, 300.0], "angles": [0.0, 0.0, 0.0], "sizes": [1.0, 1.0, 1.0]}, {"translations": [400.0, 0.0, 300.0], "angles": [0.0, 0.0, 0.0], "sizes": [1.0, 1.0, 1.0]}, {"translations": [800.0, 0.0, 300.0], "angles": [0.0, 0.0, 0.0], "sizes": [1.0, 1.0, 1.0]}, {"translations": [1200.0, 0.0, 300.0], "angles": [0.0, 0.0, 0.0], "sizes": [1.0, 1.0, 1.0]}, {"translations": [1600.0, 0.0, 300.0], "angles": [0.0, 0.0, 0.0], "sizes": [1.0, 1.0, 1.0]}, {"translations": [2000.0, 0.0, 300.0], "angles": [0.0, 0.0, 0.0], "sizes": [1.0, 1.0, 1.0]}, {"translations": [2400.0, 0.0, 300.0], "angles": [0.0, 0.0, 0.0], "sizes": [1.0, 1.0, 1.0]}, {"translations": [2800.0, 0.0, 300.0], "angles": [0.0, 0.0, 0.0], "sizes": [1.0, 1.0, 1.0]}, {"translations": [3200.0, 0.0, 300.0], "angles": [0.0, 0.0, 0.0], "sizes": [1.0, 1.0, 1.0]}, {"translations": [3600.0, 0.0, 300.0], "angles": [0.0, 0.0, 0.0], "sizes": [1.0, 1.0, 1.0]}, {"translations": [0.0, 0.0, 600.0], "angles": [0.0, 0.0, 0.0], "sizes": [1.0, 1.0, 1.0]}, {"translations": [400.0, 0.0, 600.0], "angles": [0.0, 0.0, 0.0], "sizes": [1.0, 1.0, 1.0]}, {"translations": [800.0, 0.0, 600.0], "angles": [0.0, 0.0, 0.0], "sizes": [1.0, 1.0, 1.0]}, {"translations": [1200.0, 0.0, 600.0], "angles": [0.0, 0.0, 0.0], "sizes": [1.0, 1.0, 1.0]}, {"translations": [1600.0, 0.0, 600.0], "angles": [0.0, 0.0, 0.0], "sizes": [1.0, 1.0, 1.0]}, {"translations": [2000.0, 0.0, 600.0], "angles": [0.0, 0.0, 0.0], "sizes": [1.0, 1.0, 1.0]}, {"translations": [2400.0, 0.0, 600.0], "angles": [0.0, 0.0, 0.0], "sizes": [1.0, 1.0, 1.0]}, {"translations": [2800.0, 0.0, 600.0], "angles": [0.0, 0.0, 0.0], "sizes": [1.0, 1.0, 1.0]}, {"translations": [3200.0, 0.0, 600.0], "angles": [0.0, 0.0, 0.0], "sizes": [1.0, 1.0, 1.0]}, {"translations": [3600.0, 0.0, 600.0], "angles": [0.0, 0.0, 0.0], "sizes": [1.0, 1.0, 1.0]}, {"translations": [0.0, 0.0, 900.0], "angles": [0.0, 0.0, 0.0], "sizes": [1.0, 1.0, 1.0]}, {"translations": [400.0, 0.0, 900.0], "angles": [0.0, 0.0, 0.0], "sizes": [1.0, 1.0, 1.0]}, {"translations": [800.0, 0.0, 900.0], "angles": [0.0, 0.0, 0.0], "sizes": [1.0, 1.0, 1.0]}, {"translations": [1200.0, 0.0, 900.0], "angles": [0.0, 0.0, 0.0], "sizes": [1.0, 1.0, 1.0]}, {"translations": [1600.0, 0.0, 900.0], "angles": [0.0, 0.0, 0.0], "sizes": [1.0, 1.0, 1.0]}, {"translations": [2000.0, 0.0, 900.0], "angles": [0.0, 0.0, 0.0], "sizes": [1.0, 1.0, 1.0]}, {"translations": [2400.0, 0.0, 900.0], "angles": [0.0, 0.0, 0.0], "sizes": [1.0, 1.0, 1.0]}, {"translations": [2800.0, 0.0, 900.0], "angles": [0.0, 0.0, 0.0], "sizes": [1.0, 1.0, 1.0]}, {"translations": [3200.0, 0.0, 900.0], "angles": [0.0, 0.0, 0.0], "sizes": [1.0, 1.0, 1.0]}, {"translations": [3600.0, 0.0, 900.0], "angles": [0.0, 0.0, 0.0], "sizes": [1.0, 1.0, 1.0]}, {"translations": [0.0, 0.0, 1200.0], "angles": [0.0, 0.0, 0.0], "sizes": [1.0, 1.0, 1.0]}, {"translations": [400.0, 0.0, 1200.0], "angles": [0.0, 0.0, 0.0], "sizes": [1.0, 1.0, 1.0]}, {"translations": [800.0, 0.0, 1200.0], "angles": [0.0, 0.0, 0.0], "sizes": [1.0, 1.0, 1.0]}, {"translations": [1200.0, 0.0, 1200.0], "angles": [0.0, 0.0, 0.0], "sizes": [1.0, 1.0, 1.0]}, {"translations": [1600.0, 0.0, 1200.0], "angles": [0.0, 0.0, 0.0], "sizes": [1.0, 1.0, 1.0]}, {"translations": [2000.0, 0.0, 1200.0], "angles": [0.0, 0.0, 0.0], "sizes": [1.0, 1.0, 1.0]}, {"translations": [2400.0, 0.0, 1200.0], "angles": [0.0, 0.0, 0.0], "sizes": [1.0, 1.0, 1.0]}, {"translations": [2800.0, 0.0, 1200.0], "angles": [0.0, 0.0, 0.0], "sizes": [1.0, 1.0, 1.0]}, {"translations": [3200.0, 0.0, 1200.0], "angles": [0.0, 0.0, 0.0], "sizes": [1.0, 1.0, 1.0]}, {"translations": [3600.0, 0.0, 1200.0], "angles": [0.0, 0.0, 0.0], "sizes": [1.0, 1.0, 1.0]}, {"translations": [4000.0, 0.0, 0.0], "angles": [0.0, 0.0, 0.0], "sizes": [1.0, 1.0, 1.0]}, {"translations": [4000.0, 0.0, 300.0], "angles": [0.0, 0.0, 0.0], "sizes": [1.0, 1.0, 1.0]}, {"translations": [4000.0, 0.0, 600.0], "angles": [0.0, 0.0, 0.0], "sizes": [1.0, 1.0, 1.0]}, {"translations": [4000.0, 0.0, 900.0], "angles": [0.0, 0.0, 0.0], "sizes": [1.0, 1.0, 1.0]}, {"translations": [4000.0, 0.0, 1200.0], "angles": [0.0, 0.0, 0.0], "sizes": [1.0, 1.0, 1.0]}], "SM_PaletteA_01": [{"translations": [104.04623413085938, -1.7162489891052246, 37.0], "angles": [0.0, 0.0, 0.01609460805837208], "sizes": [0.9999999999999999, 0.9999999999999999, 1.0]}, {"translations": [77.0445785522461, -0.000858306884765625, 187.0], "angles": [0.0, 0.0, 0.02468441742536113], "sizes": [1.0, 1.0, 1.0]}, {"translations": [167.94365692138672, 0.4796934127807617, 337.0], "angles": [0.0, 0.0, -0.033120681944835445], "sizes": [1.0, 1.0, 1.0]}, {"translations": [74.09922790527344, -9.138336181640625, 487.0], "angles": [0.0, 0.0, 0.008656762273180843], "sizes": [0.9999999999999999, 0.9999999999999999, 1.0]}, {"translations": [106.05471801757812, -5.421197414398193, 637.0], "angles": [0.0, 0.0, -0.04202024584917313], "sizes": [0.9999999999999999, 0.9999999999999999, 1.0]}, {"translations": [115.29872131347656, 7.166991233825684, 787.0], "angles": [0.0, 0.0, 0.01793730462003723], "sizes": [1.0, 1.0, 1.0]}, {"translations": [132.94749450683594, -1.137080192565918, 937.0], "angles": [0.0, 0.0, 0.024104000283630272], "sizes": [0.9999999999999999, 0.9999999999999999, 1.0]}, {"translations": [141.91117095947266, -1.9424939155578613, 1087.0], "angles": [0.0, 0.0, 0.023422402778955062], "sizes": [1.0, 1.0, 1.0]}, {"translations": [171.65704727172852, -8.041610717773438, 1237.0], "angles": [0.0, 0.0, 0.03280126378538585], "sizes": [1.0, 1.0, 1.0]}, {"translations": [482.2792282104492, 6.109950542449951, 37.0], "angles": [0.0, 0.0, 0.018403297506213178], "sizes": [1.0, 1.0, 1.0]}, {"translations": [491.85707092285156, -2.9225897789001465, 187.0], "angles": [0.0, 0.0, -0.043222938143433046], "sizes": [1.0, 1.0, 1.0]}, {"translations": [533.3830947875977, 8.623649597167969, 337.0], "angles": [0.0, 0.0, -0.0074157303493600025], "sizes": [0.9999999999999999, 0.9999999999999999, 1.0]}, {"translations": [494.8818664550781, 8.459146499633789, 487.0], "angles": [0.0, 0.0, 0.02164913824904696], "sizes": [1.0, 1.0, 1.0]}, {"translations": [541.5834045410156, 7.324190139770508, 637.0], "angles": [0.0, 0.0, -0.02280469783745798], "sizes": [1.0, 1.0, 1.0]}, {"translations": [533.2000122070312, 9.428579330444336, 787.0], "angles": [0.0, 0.0, -0.021971312407723074], "sizes": [0.9999999999999999, 0.9999999999999999, 1.0]}, {"translations": [479.88209533691406, -8.396973609924316, 937.0], "angles": [0.0, 0.0, -0.006643409328518522], "sizes": [0.9999999999999999, 0.9999999999999999, 1.0]}, {"translations": [518.589485168457, 2.799050807952881, 1087.0], "angles": [0.0, 0.0, 0.0296681603011477], "sizes": [0.9999999999999999, 0.9999999999999999, 1.0]}, {"translations": [505.95130920410156, 9.096426963806152, 1237.0], "angles": [0.0, 0.0, 0.00818272080290583], "sizes": [1.0, 1.0, 1.0]}, {"translations": [911.4894409179688, 2.581357955932617, 37.0], "angles": [0.0, 0.0, -0.014720540639082567], "sizes": [0.9999999999999999, 0.9999999999999999, 1.0]}, {"translations": [962.7283554077148, 0.3313159942626953, 187.0], "angles": [0.0, 0.0, 0.009277269453489665], "sizes": [0.9999999999999999, 0.9999999999999999, 1.0]}, {"translations": [935.8382797241211, -4.22123908996582, 337.0], "angles": [0.0, 0.0, -0.011636775517330394], "sizes": [1.0, 1.0, 1.0]}, {"translations": [966.4827346801758, 3.2526063919067383, 487.0], "angles": [0.0, 0.0, 0.016105259322018256], "sizes": [1.0, 1.0, 1.0]}, {"translations": [881.7578506469727, 2.102322578430176, 637.0], "angles": [0.0, 0.0, -0.011426392499013003], "sizes": [1.0, 1.0, 1.0]}, {"translations": [922.1294860839844, 5.8795952796936035, 787.0], "angles": [0.0, 0.0, 0.008353162488052776], "sizes": [1.0, 1.0, 1.0]}, {"translations": [880.4381942749023, 9.166719436645508, 937.0], "angles": [0.0, 0.0, 0.04282116067924059], "sizes": [0.9999999999999999, 0.9999999999999999, 1.0]}, {"translations": [910.0795974731445, 0.4271697998046875, 1087.0], "angles": [0.0, 0.0, -0.014518154745464194], "sizes": [1.0, 1.0, 1.0]}, {"translations": [953.6557540893555, 6.80105447769165, 1237.0], "angles": [0.0, 0.0, 0.04019746880638239], "sizes": [0.9999999999999999, 0.9999999999999999, 1.0]}, {"translations": [1312.5039825439453, 3.831033706665039, 37.0], "angles": [0.0, 0.0, 0.03434241669087007], "sizes": [1.0, 1.0, 1.0]}, {"translations": [1367.7973022460938, 1.4619636535644531, 187.0], "angles": [0.0, 0.0, 0.027064560637434464], "sizes": [1.0, 1.0, 1.0]}, {"translations": [1278.5350646972656, 1.4052867889404297, 337.0], "angles": [0.0, 0.0, 0.038547535370705675], "sizes": [0.9999999999999999, 0.9999999999999999, 1.0]}, {"translations": [1300.343391418457, -2.281332015991211, 487.0], "angles": [0.0, 0.0, -0.015519421538407817], "sizes": [1.0, 1.0, 1.0]}, {"translations": [1315.598030090332, -4.324848651885986, 637.0], "angles": [0.0, 0.0, -0.035154213143256806], "sizes": [1.0, 1.0, 1.0]}, {"translations": [1286.8436584472656, 4.431722164154053, 787.0], "angles": [0.0, 0.0, 0.026111452779087503], "sizes": [1.0, 1.0, 1.0]}, {"translations": [1352.2860984802246, -4.739868640899658, 937.0], "angles": [0.0, 0.0, 0.025070468748001777], "sizes": [1.0, 1.0, 1.0]}, {"translations": [1276.7451858520508, 9.815754890441895, 1087.0], "angles": [0.0, 0.0, 0.0012051165119665753], "sizes": [1.0, 1.0, 1.0]}, {"translations": [1348.378776550293, -5.155339241027832, 1237.0], "angles": [0.0, 0.0, 0.029644202393651096], "sizes": [1.0, 1.0, 1.0]}, {"translations": [1713.750633239746, 9.805569648742676, 37.0], "angles": [0.0, 0.0, -0.03379942854235688], "sizes": [1.0, 1.0, 1.0]}, {"translations": [1675.6761093139648, 3.6362338066101074, 187.0], "angles": [0.0, 0.0, 0.020991466190861337], "sizes": [1.0, 1.0, 1.0]}, {"translations": [1697.231704711914, 6.969821453094482, 337.0], "angles": [0.0, 0.0, -0.00689907473340443], "sizes": [0.9999999999999999, 0.9999999999999999, 1.0]}, {"translations": [1714.9520950317383, 8.078994750976562, 487.0], "angles": [0.0, 0.0, -0.002091976528959783], "sizes": [1.0, 1.0, 1.0]}, {"translations": [1734.4088516235352, 9.549428939819336, 637.0], "angles": [0.0, 0.0, -0.029998255683862232], "sizes": [1.0, 1.0, 1.0]}, {"translations": [1715.0519256591797, 4.0348219871521, 787.0], "angles": [0.0, 0.0, 0.015399588410343584], "sizes": [0.9999999999999999, 0.9999999999999999, 1.0]}, {"translations": [1741.4865112304688, -3.541259765625, 937.0], "angles": [0.0, 0.0, 0.012379767796186375], "sizes": [1.0, 1.0, 1.0]}, {"translations": [1760.2896919250488, -9.471297264099121, 1087.0], "angles": [0.0, 0.0, -0.04000320610417175], "sizes": [1.0, 1.0, 1.0]}, {"translations": [1707.2485885620117, 5.535857677459717, 1237.0], "angles": [0.0, 0.0, 0.02892809856098557], "sizes": [1.0, 1.0, 1.0]}, {"translations": [2079.5151443481445, 2.395656108856201, 37.0], "angles": [0.0, 0.0, -0.011759275665735897], "sizes": [1.0, 1.0, 1.0]}, {"translations": [2093.033576965332, 0.1521778106689453, 187.0], "angles": [0.0, 0.0, 0.03845971622445671], "sizes": [1.0, 1.0, 1.0]}, {"translations": [2094.2071533203125, 0.5452275276184082, 337.0], "angles": [0.0, 0.0, 0.001700479551353087], "sizes": [1.0, 1.0, 1.0]}, {"translations": [2138.9098052978516, 0.4858231544494629, 487.0], "angles": [0.0, 0.0, 0.031499613901593816], "sizes": [1.0, 1.0, 1.0]}, {"translations": [2166.2614097595215, -6.692960262298584, 637.0], "angles": [0.0, 0.0, -0.03291040067712376], "sizes": [1.0, 1.0, 1.0]}, {"translations": [2099.147735595703, -7.900900840759277, 787.0], "angles": [0.0, 0.0, -0.006875106852037018], "sizes": [1.0, 1.0, 1.0]}, {"translations": [2075.7228469848633, 4.342007637023926, 937.0], "angles": [0.0, 0.0, 0.038893499154231743], "sizes": [1.0, 1.0, 1.0]}, {"translations": [2112.7602767944336, 6.360223293304443, 1087.0], "angles": [0.0, 0.0, 0.008616816346781467], "sizes": [0.9999999999999999, 0.9999999999999999, 1.0]}, {"translations": [2157.669101715088, -8.731592178344727, 1237.0], "angles": [0.0, 0.0, -0.043409188605256825], "sizes": [1.0, 1.0, 1.0]}, {"translations": [2498.907196044922, -4.518120288848877, 37.0], "angles": [0.0, 0.0, -0.03696670010134429], "sizes": [1.0, 1.0, 1.0]}, {"translations": [2502.4140243530273, -5.466940402984619, 187.0], "angles": [0.0, 0.0, -0.010275940379358637], "sizes": [1.0, 1.0, 1.0]}, {"translations": [2532.563407897949, 9.540740966796875, 337.0], "angles": [0.0, 0.0, -0.023166804530784554], "sizes": [1.0, 1.0, 1.0]}, {"translations": [2560.399745941162, -8.810394287109375, 487.0], "angles": [0.0, 0.0, 0.02689949852615934], "sizes": [0.9999999999999999, 0.9999999999999999, 1.0]}, {"translations": [2504.8695068359375, 5.577380657196045, 637.0], "angles": [0.0, 0.0, 0.03251112989358124], "sizes": [0.9999999999999999, 0.9999999999999999, 1.0]}, {"translations": [2506.439613342285, 7.717952728271484, 787.0], "angles": [0.0, 0.0, -0.01822489147898512], "sizes": [1.0, 1.0, 1.0]}, {"translations": [2474.9809494018555, 0.40405988693237305, 937.0], "angles": [0.0, 0.0, 0.025847884662548785], "sizes": [1.0, 1.0, 1.0]}, {"translations": [2540.018569946289, -3.383955955505371, 1087.0], "angles": [0.0, 0.0, 0.018597679152814628], "sizes": [0.9999999999999999, 0.9999999999999999, 1.0]}, {"translations": [2547.6088638305664, -5.5739641189575195, 1237.0], "angles": [0.0, 0.0, -0.041613126141092784], "sizes": [1.0, 1.0, 1.0]}, {"translations": [2907.6520080566406, -5.5121564865112305, 37.0], "angles": [0.0, 0.0, -0.013895020267663776], "sizes": [1.0, 1.0, 1.0]}, {"translations": [2875.525344848633, 9.49099349975586, 187.0], "angles": [0.0, 0.0, 0.03119615442936803], "sizes": [1.0, 1.0, 1.0]}, {"translations": [2882.421142578125, 7.635831832885742, 337.0], "angles": [0.0, 0.0, 0.02269286985767007], "sizes": [1.0, 1.0, 1.0]}, {"translations": [2919.150360107422, -5.7010817527771, 487.0], "angles": [0.0, 0.0, 0.009226671558486143], "sizes": [1.0, 1.0, 1.0]}, {"translations": [2953.922176361084, 1.8576598167419434, 637.0], "angles": [0.0, 0.0, -0.028427613567857887], "sizes": [1.0, 1.0, 1.0]}, {"translations": [2955.815299987793, 0.9525680541992188, 787.0], "angles": [0.0, 0.0, -0.012491615033412583], "sizes": [1.0, 1.0, 1.0]}, {"translations": [2941.3526153564453, -6.521337032318115, 937.0], "angles": [0.0, 0.0, -0.04093989983088162], "sizes": [1.0, 1.0, 1.0]}, {"translations": [2877.99112701416, -8.068273544311523, 1087.0], "angles": [0.0, 0.0, -0.027511817563460387], "sizes": [1.0, 1.0, 1.0]}, {"translations": [2956.7400665283203, 9.273529052734375, 1237.0], "angles": [0.0, 0.0, -0.028611303176152333], "sizes": [0.9999999999999999, 0.9999999999999999, 1.0]}, {"translations": [3281.321846008301, 1.9383478164672852, 37.0], "angles": [0.0, 0.0, -0.005761893986525958], "sizes": [1.0, 1.0, 1.0]}, {"translations": [3335.089340209961, 3.0927324295043945, 187.0], "angles": [0.0, 0.0, 0.022762100400729054], "sizes": [0.9999999999999999, 0.9999999999999999, 1.0]}, {"translations": [3325.660598754883, 5.971324443817139, 337.0], "angles": [0.0, 0.0, 0.0077539498791466595], "sizes": [1.0, 1.0, 1.0]}, {"translations": [3369.652936935425, -9.388505935668945, 487.0], "angles": [0.0, 0.0, 0.021026079643856523], "sizes": [1.0, 1.0, 1.0]}, {"translations": [3337.361083984375, 6.581850051879883, 637.0], "angles": [0.0, 0.0, 0.016600556645267668], "sizes": [1.0, 1.0, 1.0]}, {"translations": [3363.693546295166, -7.437701225280762, 787.0], "angles": [0.0, 0.0, -0.027602332733234453], "sizes": [1.0, 1.0, 1.0]}, {"translations": [3336.607395172119, -4.453272819519043, 937.0], "angles": [0.0, 0.0, 0.0004567477155270981], "sizes": [0.9999999999999999, 0.9999999999999999, 1.0]}, {"translations": [3307.2509155273438, 1.5541481971740723, 1087.0], "angles": [0.0, 0.0, -0.02985450523780752], "sizes": [1.0, 1.0, 1.0]}, {"translations": [3320.001853942871, 3.9660072326660156, 1237.0], "angles": [0.0, 0.0, 0.02436492589750943], "sizes": [1.0, 1.0, 1.0]}, {"translations": [3737.7925033569336, 1.735079288482666, 37.0], "angles": [0.0, 0.0, -0.010121480908675594], "sizes": [1.0, 1.0, 1.0]}, {"translations": [3735.742576599121, 1.8309926986694336, 187.0], "angles": [0.0, 0.0, -0.03984886176642822], "sizes": [1.0, 1.0, 1.0]}, {"translations": [3691.6289443969727, -8.20798110961914, 337.0], "angles": [0.0, 0.0, 0.0002863002162452923], "sizes": [1.0, 1.0, 1.0]}, {"translations": [3719.700859069824, 7.732515335083008, 487.0], "angles": [0.0, 0.0, 0.02036307375554065], "sizes": [1.0, 1.0, 1.0]}, {"translations": [3749.3163681030273, 7.242178916931152, 637.0], "angles": [0.0, 0.0, 0.03863270136254539], "sizes": [1.0, 1.0, 1.0]}, {"translations": [3745.4949836730957, -3.4252285957336426, 787.0], "angles": [0.0, 0.0, 0.037142352181447576], "sizes": [1.0, 1.0, 1.0]}, {"translations": [3682.6909790039062, -1.4323806762695312, 937.0], "angles": [0.0, 0.0, 0.01858969105074636], "sizes": [0.9999999999999999, 0.9999999999999999, 1.0]}, {"translations": [3685.4028701782227, 2.3117995262145996, 1087.0], "angles": [0.0, 0.0, 0.037813022230006044], "sizes": [0.9999999999999999, 0.9999999999999999, 1.0]}, {"translations": [3704.970916748047, -2.1386265754699707, 1237.0], "angles": [0.0, 0.0, 0.013421008291810485], "sizes": [1.0, 1.0, 1.0]}, {"translations": [288.7731170654297, -1.7162489891052246, 37.0], "angles": [0.0, 0.0, -0.0032398286264936553], "sizes": [0.9999999999999999, 0.9999999999999999, 1.0]}, {"translations": [275.2722930908203, -0.000858306884765625, 187.0], "angles": [0.0, 0.0, -0.019167512728773962], "sizes": [0.9999999999999999, 0.9999999999999999, 1.0]}, {"translations": [320.7218246459961, 0.4796934127807617, 337.0], "angles": [0.0, 0.0, -0.03258832064144799], "sizes": [1.0, 1.0, 1.0]}, {"translations": [273.7996139526367, -9.138336181640625, 487.0], "angles": [0.0, 0.0, -0.03539641828972196], "sizes": [1.0, 1.0, 1.0]}, {"translations": [289.77735900878906, -5.421197414398193, 637.0], "angles": [0.0, 0.0, 0.04069508904089692], "sizes": [0.9999999999999999, 0.9999999999999999, 1.0]}, {"translations": [294.3993606567383, 7.166991233825684, 787.0], "angles": [0.0, 0.0, 0.012214659092708167], "sizes": [1.0, 1.0, 1.0]}, {"translations": [303.22374725341797, -1.137080192565918, 937.0], "angles": [0.0, 0.0, -0.00876062473778071], "sizes": [1.0, 1.0, 1.0]}, {"translations": [307.7055892944336, -1.9424939155578613, 1087.0], "angles": [0.0, 0.0, -0.014811081365132027], "sizes": [1.0, 1.0, 1.0]}, {"translations": [322.5785217285156, -8.041610717773438, 1237.0], "angles": [0.0, 0.0, 0.022573054147150988], "sizes": [1.0, 1.0, 1.0]}, {"translations": [677.8896102905273, 6.109950542449951, 37.0], "angles": [0.0, 0.0, 0.023116218020806628], "sizes": [1.0, 1.0, 1.0]}, {"translations": [682.6785354614258, -2.9225897789001465, 187.0], "angles": [0.0, 0.0, 0.001221095466749344], "sizes": [0.9999999999999999, 0.9999999999999999, 1.0]}, {"translations": [703.4415435791016, 8.623649597167969, 337.0], "angles": [0.0, 0.0, 0.003261133802661712], "sizes": [0.9999999999999999, 0.9999999999999999, 1.0]}, {"translations": [684.1909332275391, 8.459146499633789, 487.0], "angles": [0.0, 0.0, -0.005759230869623523], "sizes": [0.9999999999999999, 0.9999999999999999, 1.0]}, {"translations": [707.5417022705078, 7.324190139770508, 637.0], "angles": [0.0, 0.0, -0.04298612878762244], "sizes": [1.0, 1.0, 1.0]}, {"translations": [703.3500061035156, 9.428579330444336, 787.0], "angles": [0.0, 0.0, 0.0006405110043146609], "sizes": [1.0, 1.0, 1.0]}, {"translations": [676.691047668457, -8.396973609924316, 937.0], "angles": [0.0, 0.0, 0.027897840170064525], "sizes": [1.0, 1.0, 1.0]}, {"translations": [696.0447387695312, 2.799050807952881, 1087.0], "angles": [0.0, 0.0, 0.0024728153728075814], "sizes": [1.0, 1.0, 1.0]}, {"translations": [689.7256546020508, 9.096426963806152, 1237.0], "angles": [0.0, 0.0, 0.018744133720513305], "sizes": [1.0, 1.0, 1.0]}, {"translations": [1092.4947204589844, 2.581357955932617, 37.0], "angles": [0.0, 0.0, 0.04099844434141466], "sizes": [1.0, 1.0, 1.0]}, {"translations": [1118.1141815185547, 0.3313159942626953, 187.0], "angles": [0.0, 0.0, -0.043042007566112914], "sizes": [1.0, 1.0, 1.0]}, {"translations": [1104.6691436767578, -4.22123908996582, 337.0], "angles": [0.0, 0.0, -0.021531982315765263], "sizes": [1.0, 1.0, 1.0]}, {"translations": [1119.9913635253906, 3.2526063919067383, 487.0], "angles": [0.0, 0.0, 0.013405030762715528], "sizes": [1.0, 1.0, 1.0]}, {"translations": [1077.6289291381836, 2.102322578430176, 637.0], "angles": [0.0, 0.0, 0.0349492674340948], "sizes": [0.9999999999999999, 0.9999999999999999, 1.0]}, {"translations": [1097.8147430419922, 5.8795952796936035, 787.0], "angles": [0.0, 0.0, 0.01829412212334627], "sizes": [1.0, 1.0, 1.0]}, {"translations": [1076.9691009521484, 9.166719436645508, 937.0], "angles": [0.0, 0.0, -0.004307782377752722], "sizes": [0.9999999999999999, 0.9999999999999999, 1.0]}, {"translations": [1091.789794921875, 0.4271697998046875, 1087.0], "angles": [0.0, 0.0, 0.02350228185836063], "sizes": [1.0, 1.0, 1.0]}, {"translations": [1113.577880859375, 6.80105447769165, 1237.0], "angles": [0.0, 0.0, 0.004278485275010799], "sizes": [1.0, 1.0, 1.0]}, {"translations": [1493.0019912719727, 3.831033706665039, 37.0], "angles": [0.0, 0.0, -0.006978970243273613], "sizes": [1.0, 1.0, 1.0]}, {"translations": [1520.6486511230469, 1.4619636535644531, 187.0], "angles": [0.0, 0.0, -0.006603462788424282], "sizes": [1.0, 1.0, 1.0]}, {"translations": [1476.0175323486328, 1.4052867889404297, 337.0], "angles": [0.0, 0.0, -0.0159854325009103], "sizes": [1.0, 1.0, 1.0]}, {"translations": [1486.9216995239258, -2.281332015991211, 487.0], "angles": [0.0, 0.0, -0.030442815003500455], "sizes": [1.0, 1.0, 1.0]}, {"translations": [1494.5490188598633, -4.324848651885986, 637.0], "angles": [0.0, 0.0, 0.03742978605056976], "sizes": [1.0, 1.0, 1.0]}, {"translations": [1480.1718292236328, 4.431722164154053, 787.0], "angles": [0.0, 0.0, 0.02662261856836905], "sizes": [1.0, 1.0, 1.0]}, {"translations": [1512.893051147461, -4.739868640899658, 937.0], "angles": [0.0, 0.0, 0.034092215745556986], "sizes": [0.9999999999999999, 0.9999999999999999, 1.0]}, {"translations": [1475.1225967407227, 9.815754890441895, 1087.0], "angles": [0.0, 0.0, 0.04033850601929637], "sizes": [1.0, 1.0, 1.0]}, {"translations": [1510.9393844604492, -5.155339241027832, 1237.0], "angles": [0.0, 0.0, 0.030653112779644144], "sizes": [1.0, 1.0, 1.0]}, {"translations": [1893.6253204345703, 9.805569648742676, 37.0], "angles": [0.0, 0.0, -0.034480821128721514], "sizes": [1.0, 1.0, 1.0]}, {"translations": [1874.5880508422852, 3.6362338066101074, 187.0], "angles": [0.0, 0.0, -0.009812559165998535], "sizes": [1.0, 1.0, 1.0]}, {"translations": [1885.365852355957, 6.969821453094482, 337.0], "angles": [0.0, 0.0, -0.00025966600559442285], "sizes": [1.0, 1.0, 1.0]}, {"translations": [1894.2260513305664, 8.078994750976562, 487.0], "angles": [0.0, 0.0, 0.0029122509606899507], "sizes": [1.0, 1.0, 1.0]}, {"translations": [1903.9544296264648, 9.549428939819336, 637.0], "angles": [0.0, 0.0, -0.03345872633766065], "sizes": [1.0, 1.0, 1.0]}, {"translations": [1894.2759628295898, 4.0348219871521, 787.0], "angles": [0.0, 0.0, -0.006070823067065927], "sizes": [1.0, 1.0, 1.0]}, {"translations": [1907.4932556152344, -3.541259765625, 937.0], "angles": [0.0, 0.0, -0.010630131853337523], "sizes": [1.0, 1.0, 1.0]}, {"translations": [1916.8948440551758, -9.471297264099121, 1087.0], "angles": [0.0, 0.0, -0.03247119940956835], "sizes": [1.0, 1.0, 1.0]}, {"translations": [1890.3742980957031, 5.535857677459717, 1237.0], "angles": [0.0, 0.0, 0.02762096775310058], "sizes": [1.0, 1.0, 1.0]}, {"translations": [2276.5075759887695, 2.395656108856201, 37.0], "angles": [0.0, 0.0, -0.01846454188350989], "sizes": [1.0, 1.0, 1.0]}, {"translations": [2283.2667846679688, 0.1521778106689453, 187.0], "angles": [0.0, 0.0, 0.017947955549514092], "sizes": [0.9999999999999999, 0.9999999999999999, 1.0]}, {"translations": [2283.8535766601562, 0.5452275276184082, 337.0], "angles": [0.0, 0.0, -0.03358915204058113], "sizes": [1.0, 1.0, 1.0]}, {"translations": [2306.204902648926, 0.4858231544494629, 487.0], "angles": [0.0, 0.0, 0.03703323353971343], "sizes": [1.0, 1.0, 1.0]}, {"translations": [2319.8807067871094, -6.692960262298584, 637.0], "angles": [0.0, 0.0, 0.027980365935427118], "sizes": [1.0, 1.0, 1.0]}, {"translations": [2286.3238677978516, -7.900900840759277, 787.0], "angles": [0.0, 0.0, -0.013295845688148199], "sizes": [1.0, 1.0, 1.0]}, {"translations": [2274.611427307129, 4.342007637023926, 937.0], "angles": [0.0, 0.0, -0.038983982118058744], "sizes": [1.0, 1.0, 1.0]}, {"translations": [2293.130142211914, 6.360223293304443, 1087.0], "angles": [0.0, 0.0, 0.02424777518941252], "sizes": [0.9999999999999999, 0.9999999999999999, 1.0]}, {"translations": [2315.5845489501953, -8.731592178344727, 1237.0], "angles": [0.0, 0.0, -0.0019401714539954557], "sizes": [1.0, 1.0, 1.0]}, {"translations": [2686.203598022461, -4.518120288848877, 37.0], "angles": [0.0, 0.0, -0.03819624868982072], "sizes": [1.0, 1.0, 1.0]}, {"translations": [2687.9570083618164, -5.466940402984619, 187.0], "angles": [0.0, 0.0, 0.029508434357494333], "sizes": [1.0, 1.0, 1.0]}, {"translations": [2703.031707763672, 9.540740966796875, 337.0], "angles": [0.0, 0.0, 0.015508770176102112], "sizes": [1.0, 1.0, 1.0]}, {"translations": [2716.9498748779297, -8.810394287109375, 487.0], "angles": [0.0, 0.0, 0.034081569291735704], "sizes": [1.0, 1.0, 1.0]}, {"translations": [2689.1847534179688, 5.577380657196045, 637.0], "angles": [0.0, 0.0, 0.031028450264829047], "sizes": [1.0, 1.0, 1.0]}, {"translations": [2689.9698028564453, 7.717952728271484, 787.0], "angles": [0.0, 0.0, -0.02140950098577616], "sizes": [1.0, 1.0, 1.0]}, {"translations": [2674.2404708862305, 0.40405988693237305, 937.0], "angles": [0.0, 0.0, -0.012169386638732752], "sizes": [1.0, 1.0, 1.0]}, {"translations": [2706.7592849731445, -3.383955955505371, 1087.0], "angles": [0.0, 0.0, -0.03676709464585242], "sizes": [0.9999999999999999, 0.9999999999999999, 1.0]}, {"translations": [2710.554428100586, -5.5739641189575195, 1237.0], "angles": [0.0, 0.0, -0.0015087269985327345], "sizes": [1.0, 1.0, 1.0]}, {"translations": [3090.5760040283203, -5.5121564865112305, 37.0], "angles": [0.0, 0.0, -0.03498653304628875], "sizes": [1.0, 1.0, 1.0]}, {"translations": [3074.5126724243164, 9.49099349975586, 187.0], "angles": [0.0, 0.0, 0.022163019553806004], "sizes": [1.0, 1.0, 1.0]}, {"translations": [3077.9605712890625, 7.635831832885742, 337.0], "angles": [0.0, 0.0, 0.02688086313963968], "sizes": [1.0, 1.0, 1.0]}, {"translations": [3096.325180053711, -5.7010817527771, 487.0], "angles": [0.0, 0.0, -0.00030760550402616235], "sizes": [1.0, 1.0, 1.0]}, {"translations": [3113.7110900878906, 1.8576598167419434, 637.0], "angles": [0.0, 0.0, 0.01362872105772916], "sizes": [0.9999999999999999, 0.9999999999999999, 1.0]}, {"translations": [3114.6576538085938, 0.9525680541992188, 787.0], "angles": [0.0, 0.0, 0.014989498550147926], "sizes": [0.9999999999999999, 0.9999999999999999, 1.0]}, {"translations": [3107.4263076782227, -6.521337032318115, 937.0], "angles": [0.0, 0.0, -0.03206127575619694], "sizes": [1.0, 1.0, 1.0]}, {"translations": [3075.745559692383, -8.068273544311523, 1087.0], "angles": [0.0, 0.0, 0.022035212799773277], "sizes": [1.0, 1.0, 1.0]}, {"translations": [3115.12003326416, 9.273529052734375, 1237.0], "angles": [0.0, 0.0, 0.027139101757278253], "sizes": [1.0, 1.0, 1.0]}, {"translations": [3477.410919189453, 1.9383478164672852, 37.0], "angles": [0.0, 0.0, 0.009101503042035775], "sizes": [0.9999999999999999, 0.9999999999999999, 1.0]}, {"translations": [3504.2946701049805, 3.0927324295043945, 187.0], "angles": [0.0, 0.0, 0.012715310077803315], "sizes": [1.0, 1.0, 1.0]}, {"translations": [3499.5802993774414, 5.971324443817139, 337.0], "angles": [0.0, 0.0, 0.023986855076086316], "sizes": [0.9999999999999999, 0.9999999999999999, 1.0]}, {"translations": [3521.5764694213867, -9.388505935668945, 487.0], "angles": [0.0, 0.0, 0.006616778302963039], "sizes": [1.0, 1.0, 1.0]}, {"translations": [3505.4305419921875, 6.581850051879883, 637.0], "angles": [0.0, 0.0, -0.020829042643343867], "sizes": [1.0, 1.0, 1.0]}, {"translations": [3518.5967712402344, -7.437701225280762, 787.0], "angles": [0.0, 0.0, -0.0018629373212952832], "sizes": [1.0, 1.0, 1.0]}, {"translations": [3505.053695678711, -4.453272819519043, 937.0], "angles": [0.0, 0.0, 0.03399107011944045], "sizes": [1.0, 1.0, 1.0]}, {"translations": [3490.375457763672, 1.5541481971740723, 1087.0], "angles": [0.0, 0.0, -0.0161398779965638], "sizes": [1.0, 1.0, 1.0]}, {"translations": [3496.7509231567383, 3.9660072326660156, 1237.0], "angles": [0.0, 0.0, -0.04165038222933019], "sizes": [0.9999999999999999, 0.9999999999999999, 1.0]}, {"translations": [3905.6462478637695, 1.735079288482666, 37.0], "angles": [0.0, 0.0, 0.00632648942132777], "sizes": [1.0, 1.0, 1.0]}, {"translations": [3904.621292114258, 1.8309926986694336, 187.0], "angles": [0.0, 0.0, 0.0027577830368903404], "sizes": [1.0, 1.0, 1.0]}, {"translations": [3882.564468383789, -8.20798110961914, 337.0], "angles": [0.0, 0.0, -0.004496870184020589], "sizes": [0.9999999999999999, 0.9999999999999999, 1.0]}, {"translations": [3896.6004333496094, 7.732515335083008, 487.0], "angles": [0.0, 0.0, 0.03955613670786485], "sizes": [1.0, 1.0, 1.0]}, {"translations": [3911.408187866211, 7.242178916931152, 637.0], "angles": [0.0, 0.0, -0.021164537363656637], "sizes": [1.0, 1.0, 1.0]}, {"translations": [3909.497489929199, -3.4252285957336426, 787.0], "angles": [0.0, 0.0, 0.011567535909050537], "sizes": [1.0, 1.0, 1.0]}, {"translations": [3878.095489501953, -1.4323806762695312, 937.0], "angles": [0.0, 0.0, 0.03615761551647324], "sizes": [1.0, 1.0, 1.0]}, {"translations": [3879.451431274414, 2.3117995262145996, 1087.0], "angles": [0.0, 0.0, 0.003511479912067344], "sizes": [1.0, 1.0, 1.0]}, {"translations": [3889.2354583740234, -2.1386265754699707, 1237.0], "angles": [0.0, 0.0, 0.014845698652829068], "sizes": [0.9999999999999999, 0.9999999999999999, 1.0]}], "SM_CardBoxA_02": [{"translations": [288.9675057628118, 28.283121221523032, 58.0], "angles": [0.0, 0.0, 0.9117335335182398], "sizes": [0.9999999999999998, 0.9999999999999998, 1.0]}, {"translations": [3338.9879099026925, 29.710198843865957, 1108.0], "angles": [0.0, 0.0, 0.7211358207965881], "sizes": [1.0000000000000002, 1.0000000000000002, 1.0]}, {"translations": [3363.693546295166, -7.437701225280762, 808.0], "angles": [0.0, 0.0, 0.2536872680036532], "sizes": [1.0, 1.0, 1.0]}, {"translations": [3306.381722546657, 35.56941919644993, 658.0], "angles": [0.0, 0.0, 0.5199116129105422], "sizes": [1.0000000000000002, 1.0000000000000002, 1.0]}, {"translations": [2532.05654680771, -40.38036519114223, 508.0], "angles": [0.0, 0.0, 0.9801665387635933], "sizes": [1.0000000000000004, 1.0000000000000004, 1.0]}, {"translations": [2472.420360050068, -4.850416533705021, 208.0], "angles": [0.0, 0.0, 0.9943712301569876], "sizes": [1.0, 1.0, 1.0]}, {"translations": [2127.78216317441, -6.129495972256967, 1258.0], "angles": [0.0, 0.0, -0.6723319081610064], "sizes": [1.0000000000000002, 1.0000000000000002, 1.0]}, {"translations": [2060.816450240161, 27.757553112849877, 208.0], "angles": [0.0, 0.0, 0.9827982107357712], "sizes": [0.9999999999999997, 0.9999999999999997, 1.0]}, {"translations": [1738.9333379892278, -22.678972708961666, 1258.0], "angles": [0.0, 0.0, -0.4725220084500441], "sizes": [1.0, 1.0, 1.0]}, {"translations": [1741.6552821514429, -22.152693275185875, 58.0], "angles": [0.0, 0.0, 0.9961359265399441], "sizes": [1.0000000000000004, 1.0000000000000004, 1.0]}, {"translations": [1310.4446530059981, 33.76026961161487, 58.0], "angles": [0.0, 0.0, 0.997943968508078], "sizes": [1.0000000000000013, 1.0000000000000013, 1.0]}, {"translations": [548.5366731843178, 4.578356836349293, 1108.0], "angles": [0.0, 0.0, 0.28943085678168023], "sizes": [1.0, 1.0, 1.0]}, {"translations": [111.94408749658903, -3.347452537214326, 1108.0], "angles": [0.0, 0.0, 0.5037754256617581], "sizes": [0.9999999999999999, 0.9999999999999999, 1.0]}, {"translations": [138.00947569573617, 2.4658440490393883, 358.0], "angles": [0.0, 0.0, -0.8300055558670035], "sizes": [1.0, 1.0, 1.0]}, {"translations": [673.2465146910295, 38.42734450985442, 358.0], "angles": [0.0, 0.0, 0.999662271492743], "sizes": [1.0000000000000007, 1.0000000000000007, 1.0]}, {"translations": [278.6073187864904, 28.93291140075441, 1108.0], "angles": [0.0, 0.0, 0.46473651863583487], "sizes": [0.9999999999999999, 0.9999999999999999, 1.0]}, {"translations": [1466.8772916431178, -36.485002769085575, 658.0], "angles": [0.0, 0.0, 0.9416386999793424], "sizes": [1.0000000000000013, 1.0000000000000013, 1.0]}, {"translations": [1446.991867789322, 32.348958143360676, 358.0], "angles": [0.0, 0.0, -0.6580886378819558], "sizes": [1.0000000000000004, 1.0000000000000004, 1.0]}, {"translations": [1083.8356859524536, -23.454553963037153, 1258.0], "angles": [0.0, 0.0, 0.9899531993242934], "sizes": [0.9999999999999993, 0.9999999999999993, 1.0]}, {"translations": [1133.3497066805598, -35.485040934670245, 358.0], "angles": [0.0, 0.0, -0.36125192037516296], "sizes": [1.0000000000000002, 1.0000000000000002, 1.0]}, {"translations": [2285.8677885719276, 30.477533659530092, 358.0], "angles": [0.0, 0.0, -0.5256297191745896], "sizes": [1.0, 1.0, 1.0]}, {"translations": [1878.1378074715574, 27.089732126311677, 958.0], "angles": [0.0, 0.0, -0.7194863437778455], "sizes": [1.0000000000000007, 1.0000000000000007, 1.0]}, {"translations": [1894.2759628295898, 4.0348219871521, 808.0], "angles": [0.0, 0.0, 0.06700252605102461], "sizes": [1.0, 1.0, 1.0]}, {"translations": [1924.4002767748848, -21.74576206002611, 508.0], "angles": [0.0, 0.0, 0.1648049867829409], "sizes": [1.0, 1.0, 1.0]}, {"translations": [1864.051825886248, 37.903751561979234, 508.0], "angles": [0.0, 0.0, -0.5192794447781833], "sizes": [1.0, 1.0, 1.0]}, {"translations": [3934.4553694392275, 31.996002729626355, 208.0], "angles": [0.0, 0.0, 0.5227863626521764], "sizes": [0.9999999999999999, 0.9999999999999999, 1.0]}, {"translations": [3905.266666094997, 31.732677820378775, 58.0], "angles": [0.0, 0.0, 0.666525158801331], "sizes": [1.0000000000000002, 1.0000000000000002, 1.0]}, {"translations": [3521.973467428644, -39.38587903036231, 508.0], "angles": [0.0, 0.0, -0.7461905809810714], "sizes": [1.0, 1.0, 1.0]}, {"translations": [3079.41067079558, 25.339675036665007, 958.0], "angles": [0.0, 0.0, -0.7512867158197123], "sizes": [1.0000000000000007, 1.0000000000000007, 1.0]}, {"translations": [3084.671134912601, 0.05329918436086978, 808.0], "angles": [0.0, 0.0, 0.9110926524064008], "sizes": [1.0, 1.0, 1.0]}, {"translations": [3144.517592882775, -27.313548343853515, 658.0], "angles": [0.0, 0.0, -0.4725332176199339], "sizes": [1.0, 1.0, 1.0]}, {"translations": [3112.8934427707463, 31.84651529448178, 658.0], "angles": [0.0, 0.0, 0.061711438010902855], "sizes": [0.9999999999999999, 0.9999999999999999, 1.0]}], "SM_CardBoxC_02": [{"translations": [3705.7761047191343, -32.127819167655844, 1258.0], "angles": [0.0, 0.0, 0.9167406121208078], "sizes": [1.0000000000000002, 1.0000000000000002, 1.0]}, {"translations": [3688.504207266494, 36.48610495902022, 508.0], "angles": [0.0, 0.0, -0.43502101881901223], "sizes": [0.9999999999999999, 0.9999999999999999, 1.0]}, {"translations": [3308.373514839805, -24.39751138583814, 658.0], "angles": [0.0, 0.0, 0.9918411230475435], "sizes": [1.0, 1.0, 1.0]}, {"translations": [3368.340445422093, -22.405719092690166, 658.0], "angles": [0.0, 0.0, 0.957961305941296], "sizes": [1.0000000000000009, 1.0000000000000009, 1.0]}, {"translations": [3251.669545874037, 32.28206375152594, 58.0], "angles": [0.0, 0.0, 0.9423596899141194], "sizes": [1.0000000000000004, 1.0000000000000004, 1.0]}, {"translations": [3311.6655619433595, 31.590647950731196, 58.0], "angles": [0.0, 0.0, 0.5978430035997593], "sizes": [1.0, 1.0, 1.0]}, {"translations": [2943.8069499322355, 23.378098443792126, 958.0], "angles": [0.0, 0.0, 0.9736816633197858], "sizes": [1.0000000000000009, 1.0000000000000009, 1.0]}, {"translations": [2913.7514661619707, -20.97204862218318, 358.0], "angles": [0.0, 0.0, 0.8916913897135337], "sizes": [1.0000000000000002, 1.0000000000000002, 1.0]}, {"translations": [2048.145453491832, -27.899074356769674, 958.0], "angles": [0.0, 0.0, 0.9832959143876079], "sizes": [1.0, 1.0, 1.0]}, {"translations": [2094.1051246947463, 30.545054029776136, 358.0], "angles": [0.0, 0.0, 0.9893033253285228], "sizes": [0.9999999999999989, 0.9999999999999989, 1.0]}, {"translations": [1316.8027499692917, 5.997875149936126, 808.0], "angles": [0.0, 0.0, -0.7067424912211352], "sizes": [1.0000000000000002, 1.0000000000000002, 1.0]}, {"translations": [926.1626030437459, -25.511894096885918, 1258.0], "angles": [0.0, 0.0, 0.9762038718949948], "sizes": [1.000000000000001, 1.000000000000001, 1.0]}, {"translations": [922.1294860839844, 5.8795952796936035, 808.0], "angles": [0.0, 0.0, -0.5010338272892086], "sizes": [1.0, 1.0, 1.0]}, {"translations": [993.2798035564928, -29.10690772953787, 208.0], "angles": [0.0, 0.0, 0.1221141742455639], "sizes": [1.0, 1.0, 1.0]}, {"translations": [563.8247267905838, 38.17541842738808, 358.0], "angles": [0.0, 0.0, 0.9830333957628524], "sizes": [1.0, 1.0, 1.0]}, {"translations": [73.0962249126549, 27.30265742366399, 58.0], "angles": [0.0, 0.0, 0.8833546118824381], "sizes": [1.0000000000000002, 1.0000000000000002, 1.0]}, {"translations": [649.3082743232472, -25.24459034599975, 58.0], "angles": [0.0, 0.0, 0.5141197404847384], "sizes": [1.0, 1.0, 1.0]}, {"translations": [351.19391101533995, 23.281854862578626, 1258.0], "angles": [0.0, 0.0, 0.1528372186336906], "sizes": [0.9999999999999999, 0.9999999999999999, 1.0]}, {"translations": [241.7523341099119, -36.94070756758691, 508.0], "angles": [0.0, 0.0, -0.11876605191300639], "sizes": [1.0, 1.0, 1.0]}, {"translations": [1065.0534112016333, -29.77562809410638, 58.0], "angles": [0.0, 0.0, 0.1857548035082656], "sizes": [1.0, 1.0, 1.0]}, {"translations": [2257.132154793784, 22.886172613665646, 808.0], "angles": [0.0, 0.0, -0.8133044381285365], "sizes": [1.0, 1.0, 1.0]}, {"translations": [2305.3794359920844, -28.691571170992844, 58.0], "angles": [0.0, 0.0, -0.05785869773477148], "sizes": [1.0, 1.0, 1.0]}, {"translations": [3536.653982480541, 35.30634768143398, 658.0], "angles": [0.0, 0.0, -0.6925656588217131], "sizes": [1.0000000000000002, 1.0000000000000002, 1.0]}, {"translations": [2721.2265764758104, 36.4061751010114, 808.0], "angles": [0.0, 0.0, 0.13732538430133542], "sizes": [1.0, 1.0, 1.0]}, {"translations": [2656.2395181621728, 22.711079673583896, 208.0], "angles": [0.0, 0.0, 0.9857000956811132], "sizes": [1.0000000000000002, 1.0000000000000002, 1.0]}, {"translations": [2716.1160608176224, -6.808222803601817, 58.0], "angles": [0.0, 0.0, 0.3598214569375037], "sizes": [0.9999999999999999, 0.9999999999999999, 1.0]}], "SM_CardBoxC_01": [{"translations": [3717.584239473073, -25.335252220914995, 1108.0], "angles": [0.0, 0.0, 0.07892403555118171], "sizes": [1.0, 1.0, 1.0]}, {"translations": [3776.9105872928253, 39.46886145338525, 658.0], "angles": [0.0, 0.0, 0.921899860145932], "sizes": [0.9999999999999998, 0.9999999999999998, 1.0]}, {"translations": [3356.122214337204, -23.559845125214288, 358.0], "angles": [0.0, 0.0, 0.6991934900627875], "sizes": [1.0, 1.0, 1.0]}, {"translations": [2579.9995895423954, 21.827511897145396, 1258.0], "angles": [0.0, 0.0, 0.999886845276295], "sizes": [1.0000000000000013, 1.0000000000000013, 1.0]}, {"translations": [2065.428201663151, -32.06494891450223, 208.0], "angles": [0.0, 0.0, -0.5628686754997725], "sizes": [1.0, 1.0, 1.0]}, {"translations": [1675.5638391347957, 33.7506880638811, 1258.0], "angles": [0.0, 0.0, 0.9876580628742677], "sizes": [0.9999999999999996, 0.9999999999999996, 1.0]}, {"translations": [1306.7450987137024, 9.888061828653939, 1108.0], "angles": [0.0, 0.0, -0.7605356456477965], "sizes": [0.9999999999999999, 0.9999999999999999, 1.0]}, {"translations": [1343.4159319095727, -36.35864858843872, 658.0], "angles": [0.0, 0.0, 0.9364589004056038], "sizes": [1.000000000000001, 1.000000000000001, 1.0]}, {"translations": [1310.7570430837952, -26.194425326551297, 358.0], "angles": [0.0, 0.0, 0.9405821107217568], "sizes": [1.0000000000000009, 1.0000000000000009, 1.0]}, {"translations": [1246.313086310736, 29.004998904432156, 358.0], "angles": [0.0, 0.0, -0.3360049627365122], "sizes": [0.9999999999999999, 0.9999999999999999, 1.0]}, {"translations": [850.5482133830174, 6.599806449660559, 958.0], "angles": [0.0, 0.0, 0.3926161255052794], "sizes": [1.0, 1.0, 1.0]}, {"translations": [851.0801456009577, -27.204304882089954, 658.0], "angles": [0.0, 0.0, -0.5741616627015681], "sizes": [1.0, 1.0, 1.0]}, {"translations": [882.44338943972, 32.09448883169769, 658.0], "angles": [0.0, 0.0, -0.6296927153654326], "sizes": [1.0000000000000002, 1.0000000000000002, 1.0]}, {"translations": [937.4644876728748, -27.698021075452825, 508.0], "angles": [0.0, 0.0, -0.1130426409582098], "sizes": [1.0, 1.0, 1.0]}, {"translations": [564.4890084069522, 38.081654502253315, 808.0], "angles": [0.0, 0.0, -0.5373967515666869], "sizes": [1.0000000000000002, 1.0000000000000002, 1.0]}, {"translations": [511.6146077956231, 8.692116173351943, 658.0], "angles": [0.0, 0.0, -0.13805102551544698], "sizes": [1.0, 1.0, 1.0]}, {"translations": [104.42817449782041, -32.5480398439896, 958.0], "angles": [0.0, 0.0, 0.9095532821714232], "sizes": [0.9999999999999996, 0.9999999999999996, 1.0]}, {"translations": [199.8639887832959, 28.427724002172678, 358.0], "angles": [0.0, 0.0, 0.32875909657560115], "sizes": [0.9999999999999999, 0.9999999999999999, 1.0]}, {"translations": [288.83128386441604, -27.502325968571615, 358.0], "angles": [0.0, 0.0, 0.42213946035766886], "sizes": [0.9999999999999999, 0.9999999999999999, 1.0]}, {"translations": [1512.7777069619665, -35.09896244164294, 1258.0], "angles": [0.0, 0.0, -0.2669159011240293], "sizes": [1.0, 1.0, 1.0]}, {"translations": [1455.1515831190804, -30.400003812905357, 508.0], "angles": [0.0, 0.0, 0.6989913791593363], "sizes": [1.0000000000000004, 1.0000000000000004, 1.0]}, {"translations": [1083.3222724186462, 36.543249384613034, 1258.0], "angles": [0.0, 0.0, -0.7902711850845112], "sizes": [1.0000000000000002, 1.0000000000000002, 1.0]}, {"translations": [1097.8147430419922, 5.8795952796936035, 808.0], "angles": [0.0, 0.0, 0.9239896227088713], "sizes": [1.0000000000000002, 1.0000000000000002, 1.0]}, {"translations": [1148.0030246536353, -2.2488111434067006, 208.0], "angles": [0.0, 0.0, 0.9996016598823961], "sizes": [1.0, 1.0, 1.0]}, {"translations": [1090.0368820626404, 32.480505609627656, 58.0], "angles": [0.0, 0.0, 0.9069584074255704], "sizes": [1.0000000000000007, 1.0000000000000007, 1.0]}, {"translations": [2321.5588714389673, -36.64598620962576, 658.0], "angles": [0.0, 0.0, 0.9814333671842355], "sizes": [1.0000000000000002, 1.0000000000000002, 1.0]}, {"translations": [2247.6357159854547, 33.48288338870525, 58.0], "angles": [0.0, 0.0, 0.9993118197623183], "sizes": [1.0000000000000009, 1.0000000000000009, 1.0]}, {"translations": [1938.124247507171, 25.814188378052, 958.0], "angles": [0.0, 0.0, 0.14101201572772537], "sizes": [1.0, 1.0, 1.0]}, {"translations": [1874.021598808553, 11.55582850777086, 658.0], "angles": [0.0, 0.0, 0.9739472436154026], "sizes": [1.000000000000001, 1.000000000000001, 1.0]}, {"translations": [1935.8936600123282, 37.4758601897795, 658.0], "angles": [0.0, 0.0, 0.9396184401782046], "sizes": [1.0000000000000007, 1.0000000000000007, 1.0]}, {"translations": [3524.149983498905, -28.4267619043853, 1258.0], "angles": [0.0, 0.0, 0.8197453881855231], "sizes": [1.0000000000000002, 1.0000000000000002, 1.0]}, {"translations": [3503.0154100032387, 25.477403609609073, 958.0], "angles": [0.0, 0.0, -0.5410757319158497], "sizes": [1.0, 1.0, 1.0]}, {"translations": [3145.543441574425, -28.13468197195534, 808.0], "angles": [0.0, 0.0, 0.14839364384059905], "sizes": [1.0, 1.0, 1.0]}, {"translations": [3045.871598929693, -21.808989073331446, 208.0], "angles": [0.0, 0.0, 0.9998201537477481], "sizes": [1.0000000000000013, 1.0000000000000013, 1.0]}, {"translations": [2736.678175818223, -5.588490056012169, 1108.0], "angles": [0.0, 0.0, 0.9126627562460256], "sizes": [1.0000000000000007, 1.0000000000000007, 1.0]}, {"translations": [2684.9758618942674, 19.076206325381925, 508.0], "angles": [0.0, 0.0, 0.7406186754820429], "sizes": [1.0000000000000007, 1.0000000000000007, 1.0]}, {"translations": [2285.4683647379716, -38.61495625428855, 1258.0], "angles": [0.0, 0.0, 0.890655782326321], "sizes": [0.9999999999999998, 0.9999999999999998, 1.0]}], "SM_CardBoxA_01": [{"translations": [3655.488659657233, 0.04464075235421161, 1108.0], "angles": [0.0, 0.0, 0.9548381527763276], "sizes": [1.000000000000001, 1.000000000000001, 1.0]}, {"translations": [3721.7221489132294, -24.984503619522947, 658.0], "angles": [0.0, 0.0, 0.8776195912898924], "sizes": [1.0, 1.0, 1.0]}, {"translations": [3738.1316092326833, 31.73571679162464, 208.0], "angles": [0.0, 0.0, 0.9994696809439376], "sizes": [1.0000000000000002, 1.0000000000000002, 1.0]}, {"translations": [3737.1852456098736, -28.258774048970253, 58.0], "angles": [0.0, 0.0, 0.9998548965654365], "sizes": [1.0000000000000016, 1.0000000000000016, 1.0]}, {"translations": [3366.5799777949373, 25.574119523445464, 958.0], "angles": [0.0, 0.0, -0.13327667993972775], "sizes": [0.9999999999999999, 0.9999999999999999, 1.0]}, {"translations": [3340.940748578352, -40.62326605557362, 508.0], "angles": [0.0, 0.0, 0.3248383607347379], "sizes": [1.0, 1.0, 1.0]}, {"translations": [3368.391651054009, 20.584968302819668, 508.0], "angles": [0.0, 0.0, -0.7662649855351685], "sizes": [1.0000000000000004, 1.0000000000000004, 1.0]}, {"translations": [2919.7039368360265, -35.69597386469421, 508.0], "angles": [0.0, 0.0, -0.0748380144441426], "sizes": [0.9999999999999999, 0.9999999999999999, 1.0]}, {"translations": [2112.7602767944336, 6.360223293304443, 1108.0], "angles": [0.0, 0.0, 0.8388072469535353], "sizes": [1.0, 1.0, 1.0]}, {"translations": [2129.557396232067, 21.683766471569793, 808.0], "angles": [0.0, 0.0, -0.8034350150033784], "sizes": [0.9999999999999999, 0.9999999999999999, 1.0]}, {"translations": [2168.8502717572946, 2.3748621140707007, 508.0], "angles": [0.0, 0.0, 0.4604221912305465], "sizes": [1.0, 1.0, 1.0]}, {"translations": [1742.2292403768636, -33.53206424658375, 958.0], "angles": [0.0, 0.0, 0.8000037610973332], "sizes": [1.0000000000000004, 1.0000000000000004, 1.0]}, {"translations": [1734.4088516235352, 9.549428939819336, 658.0], "angles": [0.0, 0.0, -0.8025557273287532], "sizes": [1.0000000000000004, 1.0000000000000004, 1.0]}, {"translations": [1685.0778759307657, 38.20425048610835, 508.0], "angles": [0.0, 0.0, 0.9961002494386405], "sizes": [0.999999999999999, 0.999999999999999, 1.0]}, {"translations": [1745.7088961636746, 37.71021856043934, 58.0], "angles": [0.0, 0.0, 0.06360987087745876], "sizes": [1.0, 1.0, 1.0]}, {"translations": [1269.4267894163172, -31.33582772046507, 508.0], "angles": [0.0, 0.0, -0.6224539378018227], "sizes": [1.0000000000000004, 1.0000000000000004, 1.0]}, {"translations": [1331.2599934205969, 26.773163688482647, 508.0], "angles": [0.0, 0.0, -0.20311549929403896], "sizes": [1.0, 1.0, 1.0]}, {"translations": [86.39409125240873, -23.889769077462642, 808.0], "angles": [0.0, 0.0, 0.9922122886847085], "sizes": [1.0000000000000002, 1.0000000000000002, 1.0]}, {"translations": [666.0451056584833, 2.65068233920944, 1108.0], "angles": [0.0, 0.0, -0.7520460461026995], "sizes": [1.0000000000000002, 1.0000000000000002, 1.0]}, {"translations": [262.31640708755106, -37.76151466051462, 658.0], "angles": [0.0, 0.0, 0.9616574869490344], "sizes": [1.0000000000000013, 1.0000000000000013, 1.0]}, {"translations": [658.6222847174641, 37.95089597334756, 1258.0], "angles": [0.0, 0.0, 0.07086211130809444], "sizes": [1.0, 1.0, 1.0]}, {"translations": [1475.1225967407227, 9.815754890441895, 1108.0], "angles": [0.0, 0.0, 0.11859927678970016], "sizes": [0.9999999999999999, 0.9999999999999999, 1.0]}, {"translations": [1493.0019912719727, 3.831033706665039, 58.0], "angles": [0.0, 0.0, 0.9991407550404834], "sizes": [1.0, 1.0, 1.0]}, {"translations": [1120.3469060786892, 31.803775772684563, 1108.0], "angles": [0.0, 0.0, -0.8585813313544134], "sizes": [1.0000000000000002, 1.0000000000000002, 1.0]}, {"translations": [1120.7955931034571, -26.736611917108302, 508.0], "angles": [0.0, 0.0, 0.467642388521457], "sizes": [1.0, 1.0, 1.0]}, {"translations": [1105.960763097209, 25.750943334287395, 358.0], "angles": [0.0, 0.0, 0.6939815335978617], "sizes": [1.0000000000000007, 1.0000000000000007, 1.0]}, {"translations": [2285.526187572673, -37.890294070005496, 808.0], "angles": [0.0, 0.0, 0.6321353300584149], "sizes": [1.0000000000000002, 1.0000000000000002, 1.0]}, {"translations": [2317.1109412522765, 21.290812163308235, 808.0], "angles": [0.0, 0.0, -0.5657352197476139], "sizes": [0.9999999999999999, 0.9999999999999999, 1.0]}, {"translations": [2245.4203487089203, -26.476203894458607, 58.0], "angles": [0.0, 0.0, -0.2155961128656258], "sizes": [1.0, 1.0, 1.0]}, {"translations": [3875.9274511796607, 28.489176934140243, 958.0], "angles": [0.0, 0.0, 0.8334958548883211], "sizes": [1.0000000000000007, 1.0000000000000007, 1.0]}, {"translations": [3529.1436922937896, 31.36506757483278, 1258.0], "angles": [0.0, 0.0, -0.6491069146389618], "sizes": [1.0000000000000004, 1.0000000000000004, 1.0]}, {"translations": [3122.6004674021847, 22.316493240272685, 58.0], "angles": [0.0, 0.0, -0.32352852315935454], "sizes": [1.0, 1.0, 1.0]}, {"translations": [2345.700733162419, 21.151771897599097, 1258.0], "angles": [0.0, 0.0, 0.9935845349071891], "sizes": [0.9999999999999987, 0.9999999999999987, 1.0]}], "SM_CardBoxD_03": [{"translations": [3711.5550556855874, 29.662073448446037, 958.0], "angles": [0.0, 0.0, -0.16610916405698123], "sizes": [1.0, 1.0, 1.0]}, {"translations": [3691.6289443969727, -8.20798110961914, 358.0], "angles": [0.0, 0.0, 0.9939919323384359], "sizes": [0.9999999999999988, 0.9999999999999988, 1.0]}, {"translations": [3351.427696528597, -24.53691222792882, 1258.0], "angles": [0.0, 0.0, 0.3375259367693477], "sizes": [1.0, 1.0, 1.0]}, {"translations": [2956.564738411601, 30.94320562743064, 808.0], "angles": [0.0, 0.0, 0.11813522737444947], "sizes": [0.9999999999999999, 0.9999999999999999, 1.0]}, {"translations": [2982.168721129068, -29.798819909694128, 658.0], "angles": [0.0, 0.0, -0.6730039367127373], "sizes": [1.0000000000000002, 1.0000000000000002, 1.0]}, {"translations": [2532.856451803006, 37.463598862092454, 658.0], "angles": [0.0, 0.0, 0.17514501048433004], "sizes": [1.0, 1.0, 1.0]}, {"translations": [2502.5956099478794, 10.930376179283803, 358.0], "angles": [0.0, 0.0, 0.9894039140774747], "sizes": [1.0000000000000002, 1.0000000000000002, 1.0]}, {"translations": [2562.531205848019, 8.151105754309947, 358.0], "angles": [0.0, 0.0, 0.9885608227359172], "sizes": [0.9999999999999996, 0.9999999999999996, 1.0]}, {"translations": [2122.944827979008, 2.4580535221640667, 208.0], "angles": [0.0, 0.0, 0.9916339564632268], "sizes": [0.9999999999999998, 0.9999999999999998, 1.0]}, {"translations": [1667.2345605458447, 7.383756085675665, 358.0], "angles": [0.0, 0.0, -0.4026705837203859], "sizes": [1.0, 1.0, 1.0]}, {"translations": [1674.4168988645192, 33.60979530743958, 208.0], "angles": [0.0, 0.0, -0.20301896749611267], "sizes": [1.0, 1.0, 1.0]}, {"translations": [1246.8175799286112, -20.256464909421705, 1108.0], "angles": [0.0, 0.0, -0.44815130371918743], "sizes": [0.9999999999999999, 0.9999999999999999, 1.0]}, {"translations": [1336.217972879307, 29.79473543367797, 208.0], "angles": [0.0, 0.0, 0.47724227859825824], "sizes": [1.0, 1.0, 1.0]}, {"translations": [921.3428055147779, 34.294205523301265, 1258.0], "angles": [0.0, 0.0, 0.9999660936954654], "sizes": [1.000000000000001, 1.000000000000001, 1.0]}, {"translations": [909.2085999959681, -29.560183591162517, 1108.0], "angles": [0.0, 0.0, 0.9822882218291087], "sizes": [1.0000000000000007, 1.0000000000000007, 1.0]}, {"translations": [912.8950881537722, -18.156348468254503, 958.0], "angles": [0.0, 0.0, -0.5982153609754753], "sizes": [1.0000000000000002, 1.0000000000000002, 1.0]}, {"translations": [965.5165444501464, 33.23704362923697, 508.0], "angles": [0.0, 0.0, 0.9874120560103993], "sizes": [1.0, 1.0, 1.0]}, {"translations": [561.8530873788402, -21.860416869476555, 808.0], "angles": [0.0, 0.0, -0.8283751847113272], "sizes": [1.0000000000000007, 1.0000000000000007, 1.0]}, {"translations": [489.2661182685601, -32.810496435995084, 208.0], "angles": [0.0, 0.0, 0.99419967857489], "sizes": [1.0000000000000002, 1.0000000000000002, 1.0]}, {"translations": [673.3884613711522, -20.60982670667057, 808.0], "angles": [0.0, 0.0, -0.8626306654925259], "sizes": [0.9999999999999996, 0.9999999999999996, 1.0]}, {"translations": [733.245238491788, 38.81867848524005, 358.0], "angles": [0.0, 0.0, -0.7695629804582491], "sizes": [1.0000000000000002, 1.0000000000000002, 1.0]}, {"translations": [1510.1293033944667, 6.028513103452761, 808.0], "angles": [0.0, 0.0, 0.5302305999914401], "sizes": [1.0000000000000002, 1.0000000000000002, 1.0]}, {"translations": [304.100409994462, -31.128654177938177, 208.0], "angles": [0.0, 0.0, 0.9994192561479535], "sizes": [1.0000000000000013, 1.0000000000000013, 1.0]}, {"translations": [306.40008896187373, 28.827258596756895, 208.0], "angles": [0.0, 0.0, 0.701742960931499], "sizes": [1.0000000000000004, 1.0000000000000004, 1.0]}, {"translations": [3880.2635278242456, -31.353938286679305, 958.0], "angles": [0.0, 0.0, -0.7492261565404601], "sizes": [1.0000000000000004, 1.0000000000000004, 1.0]}, {"translations": [3928.878062757798, -19.80209270257832, 508.0], "angles": [0.0, 0.0, -0.6886621451101624], "sizes": [1.0, 1.0, 1.0]}, {"translations": [3904.7867584672513, -28.16855097929385, 208.0], "angles": [0.0, 0.0, 0.990548414096851], "sizes": [0.999999999999999, 0.999999999999999, 1.0]}, {"translations": [3135.4419445608655, -38.38234910130124, 958.0], "angles": [0.0, 0.0, 0.7029971858818492], "sizes": [1.0000000000000004, 1.0000000000000004, 1.0]}, {"translations": [2680.464041159131, -35.483304026643765, 1258.0], "angles": [0.0, 0.0, 0.9801259012674656], "sizes": [1.0000000000000002, 1.0000000000000002, 1.0]}, {"translations": [2744.836475490421, 23.163618696552838, 508.0], "angles": [0.0, 0.0, -0.6489975748485698], "sizes": [1.0000000000000002, 1.0000000000000002, 1.0]}, {"translations": [2659.778988285248, -37.18443060262844, 208.0], "angles": [0.0, 0.0, -0.2135413502256528], "sizes": [1.0, 1.0, 1.0]}, {"translations": [2242.3653514857715, -23.229546438204917, 958.0], "angles": [0.0, 0.0, 0.9845246854205547], "sizes": [1.0, 1.0, 1.0]}, {"translations": [2276.948688180193, 34.25082258531706, 958.0], "angles": [0.0, 0.0, 0.9865465897204888], "sizes": [1.0000000000000002, 1.0000000000000002, 1.0]}], "SM_CardBoxD_05": [{"translations": [3715.57775693263, -5.652231999314459, 808.0], "angles": [0.0, 0.0, -0.5040754887231601], "sizes": [1.0, 1.0, 1.0]}, {"translations": [3310.9741461425647, -28.40536811859137, 58.0], "angles": [0.0, 0.0, 0.9937779411604689], "sizes": [0.9999999999999997, 0.9999999999999997, 1.0]}, {"translations": [2848.036541020499, -6.418189319688208, 1108.0], "angles": [0.0, 0.0, 0.36556778283401753], "sizes": [1.0, 1.0, 1.0]}, {"translations": [2875.525344848633, 9.49099349975586, 208.0], "angles": [0.0, 0.0, -0.4303181688634838], "sizes": [1.0, 1.0, 1.0]}, {"translations": [2508.9236546074276, 25.479623865248673, 1108.0], "angles": [0.0, 0.0, 0.5621265875479171], "sizes": [1.0000000000000002, 1.0000000000000002, 1.0]}, {"translations": [2103.3002404778945, 36.583089630817526, 958.0], "angles": [0.0, 0.0, 0.5261621653814557], "sizes": [0.9999999999999999, 0.9999999999999999, 1.0]}, {"translations": [2069.563068283374, 22.508759795604423, 808.0], "angles": [0.0, 0.0, 0.3048212014991387], "sizes": [1.0, 1.0, 1.0]}, {"translations": [2064.309355443721, -29.55662760010563, 358.0], "angles": [0.0, 0.0, 0.9980227700702892], "sizes": [0.9999999999999993, 0.9999999999999993, 1.0]}, {"translations": [2049.5234411819956, 3.1011638647356214, 58.0], "angles": [0.0, 0.0, 0.99996994537363], "sizes": [1.0000000000000013, 1.0000000000000013, 1.0]}, {"translations": [1715.9757913981691, -25.95094917345542, 808.0], "angles": [0.0, 0.0, 0.9231677737301941], "sizes": [1.0000000000000004, 1.0000000000000004, 1.0]}, {"translations": [572.9201273199895, 35.925060851581605, 658.0], "angles": [0.0, 0.0, 0.6847199533393284], "sizes": [1.0000000000000004, 1.0000000000000004, 1.0]}, {"translations": [494.8818664550781, 8.459146499633789, 508.0], "angles": [0.0, 0.0, 0.9031444223082384], "sizes": [1.0, 1.0, 1.0]}, {"translations": [103.57534525927564, 21.376553720390657, 508.0], "angles": [0.0, 0.0, -0.7576183515452827], "sizes": [1.0000000000000002, 1.0000000000000002, 1.0]}, {"translations": [703.6372105667944, -21.375712303211298, 358.0], "angles": [0.0, 0.0, 0.07511365278375019], "sizes": [1.0, 1.0, 1.0]}, {"translations": [682.6052697880432, 27.077320756651517, 208.0], "angles": [0.0, 0.0, 0.9129858094912809], "sizes": [0.9999999999999996, 0.9999999999999996, 1.0]}, {"translations": [295.132185528218, -22.824056892369253, 808.0], "angles": [0.0, 0.0, 0.4962196323044221], "sizes": [0.9999999999999999, 0.9999999999999999, 1.0]}, {"translations": [352.61236542757615, 28.46171279413314, 358.0], "angles": [0.0, 0.0, 0.24859460352120152], "sizes": [1.0, 1.0, 1.0]}, {"translations": [1921.486365766477, -22.190713776265156, 58.0], "angles": [0.0, 0.0, -0.8262705061736337], "sizes": [1.0000000000000002, 1.0000000000000002, 1.0]}, {"translations": [1540.778970538045, 27.23473846758325, 958.0], "angles": [0.0, 0.0, 0.320492271801408], "sizes": [1.0, 1.0, 1.0]}, {"translations": [1462.3888647426636, 23.346878564859452, 658.0], "angles": [0.0, 0.0, 0.9998179568128966], "sizes": [1.0000000000000007, 1.0000000000000007, 1.0]}, {"translations": [1490.2550683375462, -28.139220874439015, 208.0], "angles": [0.0, 0.0, 0.6188404861420499], "sizes": [1.0000000000000002, 1.0000000000000002, 1.0]}, {"translations": [244.1444972197669, -28.828975210526426, 208.0], "angles": [0.0, 0.0, 0.9337267232078429], "sizes": [0.9999999999999999, 0.9999999999999999, 1.0]}, {"translations": [3879.451431274414, 2.3117995262145996, 1108.0], "angles": [0.0, 0.0, -0.25386623499099814], "sizes": [1.0, 1.0, 1.0]}, {"translations": [2333.90214522452, 32.62400533248633, 508.0], "angles": [0.0, 0.0, 0.9187714731150329], "sizes": [1.0000000000000007, 1.0000000000000007, 1.0]}, {"translations": [2252.2094085422405, 29.05614619193154, 208.0], "angles": [0.0, 0.0, 0.812760550824557], "sizes": [1.0000000000000004, 1.0000000000000004, 1.0]}, {"translations": [1862.0766989359577, -26.0749930196407, 1258.0], "angles": [0.0, 0.0, -0.7911843694876504], "sizes": [1.0000000000000004, 1.0000000000000004, 1.0]}, {"translations": [3940.183467174142, -32.723194404349755, 808.0], "angles": [0.0, 0.0, 0.7474002884361283], "sizes": [1.0, 1.0, 1.0]}, {"translations": [3882.564468383789, -8.20798110961914, 358.0], "angles": [0.0, 0.0, 0.9794820537438029], "sizes": [1.0000000000000009, 1.0000000000000009, 1.0]}, {"translations": [3906.025829632542, -28.262519243413443, 58.0], "angles": [0.0, 0.0, -0.4354155873474236], "sizes": [0.9999999999999999, 0.9999999999999999, 1.0]}, {"translations": [3521.1794714141292, 20.60886715902442, 508.0], "angles": [0.0, 0.0, 0.5167568251081428], "sizes": [1.0, 1.0, 1.0]}, {"translations": [3471.053618736479, -25.432950609247815, 358.0], "angles": [0.0, 0.0, 0.8609557859719289], "sizes": [1.0000000000000004, 1.0000000000000004, 1.0]}, {"translations": [3534.284969358358, 3.855589357678897, 208.0], "angles": [0.0, 0.0, -0.5645582455478162], "sizes": [0.9999999999999999, 0.9999999999999999, 1.0]}, {"translations": [2740.4637680082724, -35.66435106041254, 1258.0], "angles": [0.0, 0.0, -0.6014142777976643], "sizes": [0.9999999999999999, 0.9999999999999999, 1.0]}, {"translations": [2680.6450881928995, 24.5164228224975, 1258.0], "angles": [0.0, 0.0, 0.8285734806841375], "sizes": [1.0, 1.0, 1.0]}, {"translations": [2689.1847534179688, 5.577380657196045, 658.0], "angles": [0.0, 0.0, 0.985842424596763], "sizes": [1.0000000000000007, 1.0000000000000007, 1.0]}], "SM_CardBoxD_01": [{"translations": [3748.4544486937616, 38.92916713841297, 508.0], "angles": [0.0, 0.0, 0.033032537957990084], "sizes": [1.0, 1.0, 1.0]}, {"translations": [3275.513921151995, -26.601902449517812, 1108.0], "angles": [0.0, 0.0, -0.3421203490702006], "sizes": [1.0, 1.0, 1.0]}, {"translations": [3366.348653128945, 37.56121148959791, 658.0], "angles": [0.0, 0.0, 0.04880413464241522], "sizes": [1.0, 1.0, 1.0]}, {"translations": [2937.6404237613465, -6.345777216677034, 58.0], "angles": [0.0, 0.0, 0.31558384093190406], "sizes": [1.0, 1.0, 1.0]}, {"translations": [2511.154990125535, -34.4788712943668, 1108.0], "angles": [0.0, 0.0, 0.9834529478195291], "sizes": [1.0000000000000009, 1.0000000000000009, 1.0]}, {"translations": [2498.907196044922, -4.518120288848877, 58.0], "angles": [0.0, 0.0, 0.6114625730191551], "sizes": [1.0000000000000004, 1.0000000000000004, 1.0]}, {"translations": [1684.8268392966065, -21.795224349995927, 508.0], "angles": [0.0, 0.0, -0.5302853709840344], "sizes": [1.0, 1.0, 1.0]}, {"translations": [1258.4507199110217, -27.09352234365395, 808.0], "angles": [0.0, 0.0, -0.6465405717634637], "sizes": [1.0000000000000002, 1.0000000000000002, 1.0]}, {"translations": [1250.935352581774, -30.81669159758915, 358.0], "angles": [0.0, 0.0, -0.0568694940345626], "sizes": [1.0, 1.0, 1.0]}, {"translations": [494.44802357714303, 26.96531687819479, 208.0], "angles": [0.0, 0.0, 0.8907682849451689], "sizes": [1.0, 1.0, 1.0]}, {"translations": [76.16066008125162, -2.902209502645851, 658.0], "angles": [0.0, 0.0, 0.941812547376005], "sizes": [1.0, 1.0, 1.0]}, {"translations": [77.0445785522461, -0.000858306884765625, 208.0], "angles": [0.0, 0.0, 0.4584422997307151], "sizes": [1.0, 1.0, 1.0]}, {"translations": [733.3884121406305, -20.53296540191916, 808.0], "angles": [0.0, 0.0, 0.9929392237899558], "sizes": [0.9999999999999993, 0.9999999999999993, 1.0]}, {"translations": [714.1889431031265, 8.113598378296874, 508.0], "angles": [0.0, 0.0, 0.9492752804078789], "sizes": [1.0000000000000009, 1.0000000000000009, 1.0]}, {"translations": [654.5384714732886, 38.80270449655812, 508.0], "angles": [0.0, 0.0, -0.06471713437294117], "sizes": [1.0, 1.0, 1.0]}, {"translations": [676.5030078299425, 36.077888970314824, 58.0], "angles": [0.0, 0.0, 0.651202296721862], "sizes": [1.0000000000000004, 1.0000000000000004, 1.0]}, {"translations": [292.60909429492744, -9.395648864537314, 1258.0], "angles": [0.0, 0.0, -0.7922740474682223], "sizes": [1.0000000000000004, 1.0000000000000004, 1.0]}, {"translations": [332.69352502774666, -31.65809259274168, 958.0], "angles": [0.0, 0.0, -0.6966854980096873], "sizes": [1.0000000000000002, 1.0000000000000002, 1.0]}, {"translations": [257.4370417626726, 22.0397545068398, 658.0], "angles": [0.0, 0.0, 0.75346070860943], "sizes": [1.0000000000000004, 1.0000000000000004, 1.0]}, {"translations": [1509.101061958932, 24.78828395958727, 1258.0], "angles": [0.0, 0.0, 0.7318621024638009], "sizes": [1.0000000000000004, 1.0000000000000004, 1.0]}, {"translations": [1046.9702143714892, 9.425183981115437, 958.0], "angles": [0.0, 0.0, -0.862241238033328], "sizes": [1.0000000000000002, 1.0000000000000002, 1.0]}, {"translations": [1109.6513170504338, -25.728715354017933, 658.0], "angles": [0.0, 0.0, -0.5714503507800491], "sizes": [1.0, 1.0, 1.0]}, {"translations": [1921.9851487928036, -22.76174148228573, 1258.0], "angles": [0.0, 0.0, 0.07955746974494762], "sizes": [1.0, 1.0, 1.0]}, {"translations": [1888.7176723270256, 35.49008260588265, 1258.0], "angles": [0.0, 0.0, -0.3306719932090503], "sizes": [1.0, 1.0, 1.0]}, {"translations": [3940.111723809528, -24.00053262273366, 658.0], "angles": [0.0, 0.0, 0.9988916904909817], "sizes": [1.0000000000000016, 1.0000000000000016, 1.0]}, {"translations": [3047.0964844812593, -39.36093226081206, 1108.0], "angles": [0.0, 0.0, 0.7719370319569423], "sizes": [1.0000000000000009, 1.0000000000000009, 1.0]}, {"translations": [3073.1832178850846, 39.46152153361132, 208.0], "angles": [0.0, 0.0, 0.8760043334214371], "sizes": [1.0000000000000002, 1.0000000000000002, 1.0]}, {"translations": [2673.9765533786604, -21.37524201390652, 358.0], "angles": [0.0, 0.0, 0.9542029843328731], "sizes": [1.0000000000000009, 1.0000000000000009, 1.0]}], "SM_CardBoxB_01": [{"translations": [3703.448819872604, -25.684698760723716, 208.0], "angles": [0.0, 0.0, 0.33798143198764385], "sizes": [1.0, 1.0, 1.0]}, {"translations": [3768.3936144414465, 31.121674878875577, 58.0], "angles": [0.0, 0.0, 0.6987218090995527], "sizes": [1.0000000000000007, 1.0000000000000007, 1.0]}, {"translations": [3366.6347875150836, -34.425855442337465, 958.0], "angles": [0.0, 0.0, 0.9763516597352461], "sizes": [1.0000000000000009, 1.0000000000000009, 1.0]}, {"translations": [2928.505158333092, 40.94038805717345, 1258.0], "angles": [0.0, 0.0, 0.9987845632088292], "sizes": [1.0000000000000004, 1.0000000000000004, 1.0]}, {"translations": [2985.57865608752, 30.104204584726258, 658.0], "angles": [0.0, 0.0, -0.2262999959899136], "sizes": [1.0, 1.0, 1.0]}, {"translations": [2569.9978175260967, -2.2682881964516763, 1108.0], "angles": [0.0, 0.0, -0.1980983780881671], "sizes": [1.0, 1.0, 1.0]}, {"translations": [2474.9809494018555, 0.40405988693237305, 958.0], "angles": [0.0, 0.0, 0.8616765280220046], "sizes": [1.0000000000000002, 1.0000000000000002, 1.0]}, {"translations": [2506.819143454851, -24.359200928786517, 658.0], "angles": [0.0, 0.0, 0.08511513075803531], "sizes": [1.0, 1.0, 1.0]}, {"translations": [1744.9518324497903, 7.953476433896912, 508.0], "angles": [0.0, 0.0, 0.9999970425344741], "sizes": [1.0000000000000007, 1.0000000000000007, 1.0]}, {"translations": [1350.1566470012997, -35.10261251689449, 1258.0], "angles": [0.0, 0.0, -0.47709219738375647], "sizes": [1.0, 1.0, 1.0]}, {"translations": [1353.7898538057505, -34.70215693670499, 958.0], "angles": [0.0, 0.0, 0.9597399323039564], "sizes": [1.0000000000000013, 1.0000000000000013, 1.0]}, {"translations": [906.5445638525672, 26.468795293147405, 358.0], "angles": [0.0, 0.0, -0.0145228615944638], "sizes": [1.0, 1.0, 1.0]}, {"translations": [481.1752173615256, 36.089629660903825, 58.0], "angles": [0.0, 0.0, -0.25247376836930435], "sizes": [1.0, 1.0, 1.0]}, {"translations": [43.58433800324215, 20.33778117236157, 508.0], "angles": [0.0, 0.0, 0.9929264576577391], "sizes": [1.0000000000000002, 1.0000000000000002, 1.0]}, {"translations": [1550.2498356510503, -28.931619131936305, 208.0], "angles": [0.0, 0.0, -0.207701663806128], "sizes": [0.9999999999999999, 0.9999999999999999, 1.0]}, {"translations": [2314.324160793697, -28.75179057059365, 208.0], "angles": [0.0, 0.0, 0.07623170034119381], "sizes": [1.0, 1.0, 1.0]}, {"translations": [3894.2289226643456, 37.63863405800793, 508.0], "angles": [0.0, 0.0, 0.5331293440627878], "sizes": [1.0, 1.0, 1.0]}, {"translations": [3459.422820962844, -27.461955522588653, 1108.0], "angles": [0.0, 0.0, 0.6089637982880917], "sizes": [1.0000000000000002, 1.0000000000000002, 1.0]}, {"translations": [3518.4849951949186, -37.43749299315297, 808.0], "angles": [0.0, 0.0, 0.3453275250872829], "sizes": [1.0, 1.0, 1.0]}, {"translations": [3507.4059489479955, 2.484415380187129, 58.0], "angles": [0.0, 0.0, 0.9238965549454864], "sizes": [1.0000000000000002, 1.0000000000000002, 1.0]}, {"translations": [3074.4237679396942, 21.902593419500597, 1108.0], "angles": [0.0, 0.0, -0.6496461775416449], "sizes": [1.0000000000000002, 1.0000000000000002, 1.0]}, {"translations": [2643.519247394562, -28.85694534485958, 958.0], "angles": [0.0, 0.0, -0.11811402786220772], "sizes": [1.0, 1.0, 1.0]}, {"translations": [2719.67449856146, -33.644960479553134, 208.0], "angles": [0.0, 0.0, -0.09671802752561853], "sizes": [0.9999999999999999, 0.9999999999999999, 1.0]}], "SM_CardBoxD_02": [{"translations": [3708.4059077665406, 32.33619037299559, 58.0], "angles": [0.0, 0.0, 0.9921983043743065], "sizes": [0.9999999999999997, 0.9999999999999997, 1.0]}, {"translations": [2517.7127629666006, -3.079339271094505, 1258.0], "angles": [0.0, 0.0, -0.8137257341733101], "sizes": [1.0000000000000002, 1.0000000000000002, 1.0]}, {"translations": [1683.8191773219335, 11.832376654858622, 58.0], "angles": [0.0, 0.0, 0.9913330511412638], "sizes": [1.0000000000000004, 1.0000000000000004, 1.0]}, {"translations": [880.6193058395359, -26.52250364762962, 58.0], "angles": [0.0, 0.0, -0.7537619371955258], "sizes": [1.0000000000000002, 1.0000000000000002, 1.0]}, {"translations": [912.3725776554041, 32.568356296930205, 58.0], "angles": [0.0, 0.0, -0.02780639191616418], "sizes": [1.0, 1.0, 1.0]}, {"translations": [504.5469370352223, 40.717575530365224, 808.0], "angles": [0.0, 0.0, -0.6804818725334851], "sizes": [1.0000000000000004, 1.0000000000000004, 1.0]}, {"translations": [1875.176776047107, 33.630456627566936, 208.0], "angles": [0.0, 0.0, 0.9327216622627794], "sizes": [1.0000000000000002, 1.0000000000000002, 1.0]}, {"translations": [1488.7474218278915, 27.663062084888548, 508.0], "angles": [0.0, 0.0, -0.12986963175206478], "sizes": [1.0, 1.0, 1.0]}, {"translations": [2311.7716708802964, -31.401290516064787, 358.0], "angles": [0.0, 0.0, 0.15748035117469397], "sizes": [1.0, 1.0, 1.0]}, {"translations": [2307.5948032686188, 31.26751611217101, 58.0], "angles": [0.0, 0.0, -0.5538711477497886], "sizes": [1.0, 1.0, 1.0]}, {"translations": [1886.9581067826416, -7.524052678727519, 1108.0], "angles": [0.0, 0.0, 0.7312952660753196], "sizes": [1.0000000000000007, 1.0000000000000007, 1.0]}, {"translations": [1864.4012945195636, -22.095230693341804, 508.0], "angles": [0.0, 0.0, 0.8175604811651298], "sizes": [1.0, 1.0, 1.0]}, {"translations": [1885.365852355957, 6.969821453094482, 358.0], "angles": [0.0, 0.0, 0.07572827075827575], "sizes": [0.9999999999999999, 0.9999999999999999, 1.0]}, {"translations": [3879.5055184024195, -4.119234313897098, 808.0], "angles": [0.0, 0.0, 0.4160451363893616], "sizes": [1.0, 1.0, 1.0]}, {"translations": [3477.161304925055, -36.42223492411921, 958.0], "angles": [0.0, 0.0, 0.9968589538524796], "sizes": [1.0000000000000013, 1.0000000000000013, 1.0]}, {"translations": [3096.325180053711, -5.7010817527771, 508.0], "angles": [0.0, 0.0, 0.8673653815941333], "sizes": [0.9999999999999997, 0.9999999999999997, 1.0]}, {"translations": [3058.551540654456, -33.340806213295146, 58.0], "angles": [0.0, 0.0, 0.991481912117319], "sizes": [1.0000000000000002, 1.0000000000000002, 1.0]}, {"translations": [2704.9616943778988, 29.665065118724325, 958.0], "angles": [0.0, 0.0, 0.9417996370464948], "sizes": [1.0000000000000007, 1.0000000000000007, 1.0]}, {"translations": [2293.130142211914, 6.360223293304443, 1108.0], "angles": [0.0, 0.0, 0.3816885221378973], "sizes": [0.9999999999999999, 0.9999999999999999, 1.0]}, {"translations": [3918.331590931583, 28.738793494751864, 1258.0], "angles": [0.0, 0.0, 0.970835914482123], "sizes": [1.0000000000000007, 1.0000000000000007, 1.0]}], "SM_CardBoxB_02": [{"translations": [3335.089340209961, 3.0927324295043945, 208.0], "angles": [0.0, 0.0, 0.9941896084684361], "sizes": [1.0000000000000004, 1.0000000000000004, 1.0]}, {"translations": [3250.978130073242, -27.713952317796625, 58.0], "angles": [0.0, 0.0, 0.9877435699072067], "sizes": [1.0000000000000002, 1.0000000000000002, 1.0]}, {"translations": [2988.4069255327595, 37.508437247962775, 1258.0], "angles": [0.0, 0.0, 0.9093813255330755], "sizes": [1.0000000000000002, 1.0000000000000002, 1.0]}, {"translations": [2968.797716256765, -38.87510708421876, 958.0], "angles": [0.0, 0.0, 0.8618607192549737], "sizes": [1.0, 1.0, 1.0]}, {"translations": [2506.439613342285, 7.717952728271484, 808.0], "angles": [0.0, 0.0, 0.30918004782306424], "sizes": [1.0, 1.0, 1.0]}, {"translations": [2166.2614097595215, -6.692960262298584, 658.0], "angles": [0.0, 0.0, 0.8855530182409955], "sizes": [0.9999999999999999, 0.9999999999999999, 1.0]}, {"translations": [2108.801339758414, -28.301554813172253, 58.0], "angles": [0.0, 0.0, -0.5917280137911591], "sizes": [1.0, 1.0, 1.0]}, {"translations": [1787.7954053995209, -41.77355300979345, 1108.0], "angles": [0.0, 0.0, 0.9937779585406332], "sizes": [0.9999999999999999, 0.9999999999999999, 1.0]}, {"translations": [1740.743782084074, 26.44954471533375, 958.0], "angles": [0.0, 0.0, 0.31137008973747055], "sizes": [1.0000000000000002, 1.0000000000000002, 1.0]}, {"translations": [1744.1138310807978, 34.94445888674895, 808.0], "angles": [0.0, 0.0, -0.09763157310230916], "sizes": [1.0, 1.0, 1.0]}, {"translations": [1317.705979148988, 25.60100222601072, 658.0], "angles": [0.0, 0.0, 0.9821492424563666], "sizes": [1.0000000000000002, 1.0000000000000002, 1.0]}, {"translations": [1314.5633120818925, -26.0982021982848, 58.0], "angles": [0.0, 0.0, 0.9671629727175962], "sizes": [1.0000000000000004, 1.0000000000000004, 1.0]}, {"translations": [965.131995595675, -34.91127347307905, 358.0], "angles": [0.0, 0.0, 0.9045037799225502], "sizes": [1.0000000000000002, 1.0000000000000002, 1.0]}, {"translations": [173.6240640649838, -37.97705534341833, 1258.0], "angles": [0.0, 0.0, 0.993040060502159], "sizes": [0.9999999999999999, 0.9999999999999999, 1.0]}, {"translations": [1873.9993256374632, -26.35798901434672, 208.0], "angles": [0.0, 0.0, 0.6638118973858184], "sizes": [1.0000000000000002, 1.0000000000000002, 1.0]}, {"translations": [725.8960034118357, 32.94705238774424, 1108.0], "angles": [0.0, 0.0, 0.8540409357525912], "sizes": [1.0, 1.0, 1.0]}, {"translations": [676.691047668457, -8.396973609924316, 958.0], "angles": [0.0, 0.0, -0.4517290494176311], "sizes": [1.0, 1.0, 1.0]}, {"translations": [293.6665357852586, 37.158039360020624, 808.0], "angles": [0.0, 0.0, -0.777109523267382], "sizes": [1.0000000000000002, 1.0000000000000002, 1.0]}, {"translations": [1093.199542329908, -29.539688765042325, 1108.0], "angles": [0.0, 0.0, -0.5939096314573159], "sizes": [1.0000000000000002, 1.0000000000000002, 1.0]}, {"translations": [2348.1555680825786, 24.93823033688638, 658.0], "angles": [0.0, 0.0, 0.45475584620121384], "sizes": [1.0, 1.0, 1.0]}, {"translations": [3882.704651922894, 38.48489045659596, 658.0], "angles": [0.0, 0.0, -0.13001642950986855], "sizes": [1.0, 1.0, 1.0]}, {"translations": [3464.358154019687, -23.433053109500747, 1258.0], "angles": [0.0, 0.0, 0.9652407274995691], "sizes": [1.0000000000000009, 1.0000000000000009, 1.0]}, {"translations": [3534.1550396217417, -24.641590436473432, 658.0], "angles": [0.0, 0.0, -0.3299700614798886], "sizes": [1.0, 1.0, 1.0]}, {"translations": [3075.5652956092395, -34.5369739149612, 958.0], "angles": [0.0, 0.0, 0.9988185694737531], "sizes": [1.0000000000000016, 1.0000000000000016, 1.0]}, {"translations": [3109.529485416081, -20.708544343719673, 358.0], "angles": [0.0, 0.0, 0.8695594465996328], "sizes": [1.0000000000000002, 1.0000000000000002, 1.0]}], "SM_CardBoxD_04": [{"translations": [2590.3563309599044, -7.197008401818984, 508.0], "angles": [0.0, 0.0, 0.6633167378552602], "sizes": [1.0000000000000002, 1.0000000000000002, 1.0]}, {"translations": [2190.1581364618537, 18.55325015624551, 1258.0], "angles": [0.0, 0.0, 0.19541110466069925], "sizes": [1.0, 1.0, 1.0]}, {"translations": [1399.3766316128806, -26.870808126549065, 208.0], "angles": [0.0, 0.0, -0.3601814794671541], "sizes": [1.0, 1.0, 1.0]}, {"translations": [905.1482453410079, -33.514954961519706, 358.0], "angles": [0.0, 0.0, 0.9971002515443371], "sizes": [1.000000000000001, 1.000000000000001, 1.0]}, {"translations": [932.7335194714256, -0.22529621822598134, 208.0], "angles": [0.0, 0.0, -0.3134366805902284], "sizes": [1.0, 1.0, 1.0]}, {"translations": [476.44627343049166, -21.390502432215353, 1258.0], "angles": [0.0, 0.0, -0.22044600653418928], "sizes": [1.0, 1.0, 1.0]}, {"translations": [535.9472917889173, 9.587373775011955, 1258.0], "angles": [0.0, 0.0, 0.9984795165471829], "sizes": [1.0000000000000004, 1.0000000000000004, 1.0]}, {"translations": [488.6422971525963, 1.019744779556468, 1108.0], "angles": [0.0, 0.0, 0.9971267553496642], "sizes": [1.0000000000000013, 1.0000000000000013, 1.0]}, {"translations": [479.4834995734837, -38.394325516673945, 958.0], "angles": [0.0, 0.0, 0.30457104397959767], "sizes": [1.0, 1.0, 1.0]}, {"translations": [144.20335137454438, 38.22375154511401, 808.0], "angles": [0.0, 0.0, 0.5726459800941107], "sizes": [1.0000000000000002, 1.0000000000000002, 1.0]}, {"translations": [734.8540501114021, -25.141725147157672, 658.0], "angles": [0.0, 0.0, 0.9131776702272474], "sizes": [1.0000000000000002, 1.0000000000000002, 1.0]}, {"translations": [305.8468937953615, 18.66403520430566, 508.0], "angles": [0.0, 0.0, 0.9253900719700743], "sizes": [0.9999999999999997, 0.9999999999999997, 1.0]}, {"translations": [720.8290244866374, -19.75804204573526, 1258.0], "angles": [0.0, 0.0, -0.42197174470922694], "sizes": [1.0, 1.0, 1.0]}, {"translations": [1524.4649595268359, -2.0806352016589114, 658.0], "angles": [0.0, 0.0, -0.0756362273192329], "sizes": [1.0, 1.0, 1.0]}, {"translations": [1505.0431969079436, -29.53838456547982, 358.0], "angles": [0.0, 0.0, -0.36542431428956873], "sizes": [1.0, 1.0, 1.0]}, {"translations": [1060.4131889489952, 28.984280956618836, 1108.0], "angles": [0.0, 0.0, -0.8067377720326224], "sizes": [1.0000000000000002, 1.0000000000000002, 1.0]}, {"translations": [1045.6065412259334, 29.933360510878284, 658.0], "angles": [0.0, 0.0, 0.46908006207137715], "sizes": [0.9999999999999999, 0.9999999999999999, 1.0]}, {"translations": [1085.6452112458046, -26.977400003148627, 208.0], "angles": [0.0, 0.0, 0.999902939509925], "sizes": [1.000000000000001, 1.000000000000001, 1.0]}, {"translations": [1090.8054655211433, 32.80028626701281, 208.0], "angles": [0.0, 0.0, 0.9486826553549371], "sizes": [1.0000000000000009, 1.0000000000000009, 1.0]}, {"translations": [3942.650899405876, 35.94571486024823, 658.0], "angles": [0.0, 0.0, 0.3461069886630773], "sizes": [1.0, 1.0, 1.0]}, {"translations": [3461.359354043909, 32.50678499800207, 1108.0], "angles": [0.0, 0.0, 0.9688668246975398], "sizes": [1.000000000000001, 1.000000000000001, 1.0]}, {"translations": [3113.4922869327474, 39.22933720208286, 1258.0], "angles": [0.0, 0.0, 0.3781518273828301], "sizes": [0.9999999999999999, 0.9999999999999999, 1.0]}, {"translations": [3062.7473543015362, 26.51230688735297, 58.0], "angles": [0.0, 0.0, 0.7517442295790291], "sizes": [1.0000000000000004, 1.0000000000000004, 1.0]}, {"translations": [2689.0632742654384, -40.78440727077159, 508.0], "angles": [0.0, 0.0, 0.9448217591352019], "sizes": [1.000000000000001, 1.000000000000001, 1.0]}]}