{"SM_RackShelf_01": [{"translations": [200.0, 0.0, 37.0], "angles": [0.0, 0.0, 0.0], "sizes": [1.0, 1.0, 1.0]}, {"translations": [200.0, 0.0, 187.0], "angles": [0.0, 0.0, 0.0], "sizes": [1.0, 1.0, 1.0]}, {"translations": [200.0, 0.0, 337.0], "angles": [0.0, 0.0, 0.0], "sizes": [1.0, 1.0, 1.0]}, {"translations": [200.0, 0.0, 487.0], "angles": [0.0, 0.0, 0.0], "sizes": [1.0, 1.0, 1.0]}, {"translations": [600.0, 0.0, 37.0], "angles": [0.0, 0.0, 0.0], "sizes": [1.0, 1.0, 1.0]}, {"translations": [600.0, 0.0, 187.0], "angles": [0.0, 0.0, 0.0], "sizes": [1.0, 1.0, 1.0]}, {"translations": [600.0, 0.0, 337.0], "angles": [0.0, 0.0, 0.0], "sizes": [1.0, 1.0, 1.0]}, {"translations": [600.0, 0.0, 487.0], "angles": [0.0, 0.0, 0.0], "sizes": [1.0, 1.0, 1.0]}, {"translations": [1000.0, 0.0, 37.0], "angles": [0.0, 0.0, 0.0], "sizes": [1.0, 1.0, 1.0]}, {"translations": [1000.0, 0.0, 187.0], "angles": [0.0, 0.0, 0.0], "sizes": [1.0, 1.0, 1.0]}, {"translations": [1000.0, 0.0, 337.0], "angles": [0.0, 0.0, 0.0], "sizes": [1.0, 1.0, 1.0]}, {"translations": [1000.0, 0.0, 487.0], "angles": [0.0, 0.0, 0.0], "sizes": [1.0, 1.0, 1.0]}, {"translations": [1400.0, 0.0, 37.0], "angles": [0.0, 0.0, 0.0], "sizes": [1.0, 1.0, 1.0]}, {"translations": [1400.0, 0.0, 187.0], "angles": [0.0, 0.0, 0.0], "sizes": [1.0, 1.0, 1.0]}, {"translations": [1400.0, 0.0, 337.0], "angles": [0.0, 0.0, 0.0], "sizes": [1.0, 1.0, 1.0]}, {"translations": [1400.0, 0.0, 487.0], "angles": [0.0, 0.0, 0.0], "sizes": [1.0, 1.0, 1.0]}, {"translations": [1800.0, 0.0, 37.0], "angles": [0.0, 0.0, 0.0], "sizes": [1.0, 1.0, 1.0]}, {"translations": [1800.0, 0.0, 187.0], "angles": [0.0, 0.0, 0.0], "sizes": [1.0, 1.0, 1.0]}, {"translations": [1800.0, 0.0, 337.0], "angles": [0.0, 0.0, 0.0], "sizes": [1.0, 1.0, 1.0]}, {"translations": [1800.0, 0.0, 487.0], "angles": [0.0, 0.0, 0.0], "sizes": [1.0, 1.0, 1.0]}, {"translations": [2200.0, 0.0, 37.0], "angles": [0.0, 0.0, 0.0], "sizes": [1.0, 1.0, 1.0]}, {"translations": [2200.0, 0.0, 187.0], "angles": [0.0, 0.0, 0.0], "sizes": [1.0, 1.0, 1.0]}, {"translations": [2200.0, 0.0, 337.0], "angles": [0.0, 0.0, 0.0], "sizes": [1.0, 1.0, 1.0]}, {"translations": [2200.0, 0.0, 487.0], "angles": [0.0, 0.0, 0.0], "sizes": [1.0, 1.0, 1.0]}, {"translations": [2600.0, 0.0, 37.0], "angles": [0.0, 0.0, 0.0], "sizes": [1.0, 1.0, 1.0]}, {"translations": [2600.0, 0.0, 187.0], "angles": [0.0, 0.0, 0.0], "sizes": [1.0, 1.0, 1.0]}, {"translations": [2600.0, 0.0, 337.0], "angles": [0.0, 0.0, 0.0], "sizes": [1.0, 1.0, 1.0]}, {"translations": [2600.0, 0.0, 487.0], "angles": [0.0, 0.0, 0.0], "sizes": [1.0, 1.0, 1.0]}], "SM_RackFrame_03": [{"translations": [0.0, 0.0, 0.0], "angles": [0.0, 0.0, 0.0], "sizes": [1.0, 1.0, 1.0]}, {"translations": [400.0, 0.0, 0.0], "angles": [0.0, 0.0, 0.0], "sizes": [1.0, 1.0, 1.0]}, {"translations": [800.0, 0.0, 0.0], "angles": [0.0, 0.0, 0.0], "sizes": [1.0, 1.0, 1.0]}, {"translations": [1200.0, 0.0, 0.0], "angles": [0.0, 0.0, 0.0], "sizes": [1.0, 1.0, 1.0]}, {"translations": [1600.0, 0.0, 0.0], "angles": [0.0, 0.0, 0.0], "sizes": [1.0, 1.0, 1.0]}, {"translations": [2000.0, 0.0, 0.0], "angles": [0.0, 0.0, 0.0], "sizes": [1.0, 1.0, 1.0]}, {"translations": [2400.0, 0.0, 0.0], "angles": [0.0, 0.0, 0.0], "sizes": [1.0, 1.0, 1.0]}, {"translations": [0.0, 0.0, 300.0], "angles": [0.0, 0.0, 0.0], "sizes": [1.0, 1.0, 1.0]}, {"translations": [400.0, 0.0, 300.0], "angles": [0.0, 0.0, 0.0], "sizes": [1.0, 1.0, 1.0]}, {"translations": [800.0, 0.0, 300.0], "angles": [0.0, 0.0, 0.0], "sizes": [1.0, 1.0, 1.0]}, {"translations": [1200.0, 0.0, 300.0], "angles": [0.0, 0.0, 0.0], "sizes": [1.0, 1.0, 1.0]}, {"translations": [1600.0, 0.0, 300.0], "angles": [0.0, 0.0, 0.0], "sizes": [1.0, 1.0, 1.0]}, {"translations": [2000.0, 0.0, 300.0], "angles": [0.0, 0.0, 0.0], "sizes": [1.0, 1.0, 1.0]}, {"translations": [2400.0, 0.0, 300.0], "angles": [0.0, 0.0, 0.0], "sizes": [1.0, 1.0, 1.0]}, {"translations": [2800.0, 0.0, 0.0], "angles": [0.0, 0.0, 0.0], "sizes": [1.0, 1.0, 1.0]}, {"translations": [2800.0, 0.0, 300.0], "angles": [0.0, 0.0, 0.0], "sizes": [1.0, 1.0, 1.0]}], "SM_PaletteA_01": [{"translations": [104.04623413085938, -1.7162489891052246, 37.0], "angles": [0.0, 0.0, -0.012084168629701644], "sizes": [1.0, 1.0, 1.0]}, {"translations": [77.0445785522461, -0.000858306884765625, 187.0], "angles": [0.0, 0.0, -0.016778970866473463], "sizes": [1.0, 1.0, 1.0]}, {"translations": [167.94365692138672, 0.4796934127807617, 337.0], "angles": [0.0, 0.0, 0.021382871311270264], "sizes": [1.0, 1.0, 1.0]}, {"translations": [74.09922790527344, -9.138336181640625, 487.0], "angles": [0.0, 0.0, -0.0414587919407947], "sizes": [1.0, 1.0, 1.0]}, {"translations": [482.2792282104492, 6.109950542449951, 37.0], "angles": [0.0, 0.0, 0.013290519836592588], "sizes": [1.0, 1.0, 1.0]}, {"translations": [491.85707092285156, -2.9225897789001465, 187.0], "angles": [0.0, 0.0, -0.031031112143501606], "sizes": [1.0, 1.0, 1.0]}, {"translations": [533.3830947875977, 8.623649597167969, 337.0], "angles": [0.0, 0.0, 0.01916751064856159], "sizes": [0.9999999999999999, 0.9999999999999999, 1.0]}, {"translations": [494.8818664550781, 8.459146499633789, 487.0], "angles": [0.0, 0.0, 0.027346755382311266], "sizes": [1.0, 1.0, 1.0]}, {"translations": [911.4894409179688, 2.581357955932617, 37.0], "angles": [0.0, 0.0, 0.013170682876160293], "sizes": [1.0, 1.0, 1.0]}, {"translations": [962.7283554077148, 0.3313159942626953, 187.0], "angles": [0.0, 0.0, 0.0042971272312699055], "sizes": [1.0, 1.0, 1.0]}, {"translations": [935.8382797241211, -4.22123908996582, 337.0], "angles": [0.0, 0.0, 0.02795374474160405], "sizes": [1.0, 1.0, 1.0]}, {"translations": [966.4827346801758, 3.2526063919067383, 487.0], "angles": [0.0, 0.0, -0.04252581076478009], "sizes": [1.0, 1.0, 1.0]}, {"translations": [1312.5039825439453, 3.831033706665039, 37.0], "angles": [0.0, 0.0, -0.025483139303309765], "sizes": [1.0, 1.0, 1.0]}, {"translations": [1367.7973022460938, 1.4619636535644531, 187.0], "angles": [0.0, 0.0, -0.00524523296114353], "sizes": [1.0, 1.0, 1.0]}, {"translations": [1278.5350646972656, 1.4052867889404297, 337.0], "angles": [0.0, 0.0, -0.009871147952844418], "sizes": [1.0, 1.0, 1.0]}, {"translations": [1300.343391418457, -2.281332015991211, 487.0], "angles": [0.0, 0.0, 0.02845423648536035], "sizes": [1.0, 1.0, 1.0]}, {"translations": [1713.750633239746, 9.805569648742676, 37.0], "angles": [0.0, 0.0, 0.0037165471779160826], "sizes": [1.0, 1.0, 1.0]}, {"translations": [1675.6761093139648, 3.6362338066101074, 187.0], "angles": [0.0, 0.0, -0.029042568452155845], "sizes": [0.9999999999999999, 0.9999999999999999, 1.0]}, {"translations": [1697.231704711914, 6.969821453094482, 337.0], "angles": [0.0, 0.0, 0.029819899557933887], "sizes": [1.0, 1.0, 1.0]}, {"translations": [1714.9520950317383, 8.078994750976562, 487.0], "angles": [0.0, 0.0, -0.038292056508277356], "sizes": [1.0, 1.0, 1.0]}, {"translations": [2079.5151443481445, 2.395656108856201, 37.0], "angles": [0.0, 0.0, 0.0008029689898044455], "sizes": [1.0, 1.0, 1.0]}, {"translations": [2093.033576965332, 0.1521778106689453, 187.0], "angles": [0.0, 0.0, 0.02967614626652635], "sizes": [1.0, 1.0, 1.0]}, {"translations": [2094.2071533203125, 0.5452275276184082, 337.0], "angles": [0.0, 0.0, -0.013895020267663776], "sizes": [1.0, 1.0, 1.0]}, {"translations": [2138.9098052978516, 0.4858231544494629, 487.0], "angles": [0.0, 0.0, -0.017316867862970955], "sizes": [1.0, 1.0, 1.0]}, {"translations": [2498.907196044922, -4.518120288848877, 37.0], "angles": [0.0, 0.0, 0.017644399105402712], "sizes": [1.0, 1.0, 1.0]}, {"translations": [2502.4140243530273, -5.466940402984619, 187.0], "angles": [0.0, 0.0, -0.03166465168164875], "sizes": [0.9999999999999999, 0.9999999999999999, 1.0]}, {"translations": [2532.563407897949, 9.540740966796875, 337.0], "angles": [0.0, 0.0, 0.040524783175484136], "sizes": [1.0, 1.0, 1.0]}, {"translations": [2560.399745941162, -8.810394287109375, 487.0], "angles": [0.0, 0.0, -0.0036073531039375966], "sizes": [1.0, 1.0, 1.0]}, {"translations": [288.7731170654297, -1.7162489891052246, 37.0], "angles": [0.0, 0.0, -0.006148055897994536], "sizes": [1.0, 1.0, 1.0]}, {"translations": [275.2722930908203, -0.000858306884765625, 187.0], "angles": [0.0, 0.0, 0.0008402532324791211], "sizes": [1.0, 1.0, 1.0]}, {"translations": [320.7218246459961, 0.4796934127807617, 337.0], "angles": [0.0, 0.0, 0.02024591882499624], "sizes": [1.0, 1.0, 1.0]}, {"translations": [273.7996139526367, -9.138336181640625, 487.0], "angles": [0.0, 0.0, 0.030919306811194033], "sizes": [1.0, 1.0, 1.0]}, {"translations": [677.8896102905273, 6.109950542449951, 37.0], "angles": [0.0, 0.0, -0.03602720148773863], "sizes": [0.9999999999999999, 0.9999999999999999, 1.0]}, {"translations": [682.6785354614258, -2.9225897789001465, 187.0], "angles": [0.0, 0.0, -0.027506493257018483], "sizes": [1.0, 1.0, 1.0]}, {"translations": [703.4415435791016, 8.623649597167969, 337.0], "angles": [0.0, 0.0, -0.02457525886456939], "sizes": [1.0, 1.0, 1.0]}, {"translations": [684.1909332275391, 8.459146499633789, 487.0], "angles": [0.0, 0.0, -0.0004727266803418296], "sizes": [0.9999999999999999, 0.9999999999999999, 1.0]}, {"translations": [1092.4947204589844, 2.581357955932617, 37.0], "angles": [0.0, 0.0, 0.04050083440331212], "sizes": [1.0, 1.0, 1.0]}, {"translations": [1118.1141815185547, 0.3313159942626953, 187.0], "angles": [0.0, 0.0, 0.03254307091624426], "sizes": [1.0, 1.0, 1.0]}, {"translations": [1104.6691436767578, -4.22123908996582, 337.0], "angles": [0.0, 0.0, -0.03869124710183414], "sizes": [1.0, 1.0, 1.0]}, {"translations": [1119.9913635253906, 3.2526063919067383, 487.0], "angles": [0.0, 0.0, 0.0163981787534856], "sizes": [1.0, 1.0, 1.0]}, {"translations": [1493.0019912719727, 3.831033706665039, 37.0], "angles": [0.0, 0.0, -0.04252315001271852], "sizes": [1.0, 1.0, 1.0]}, {"translations": [1520.6486511230469, 1.4619636535644531, 187.0], "angles": [0.0, 0.0, 0.007575518126360007], "sizes": [1.0, 1.0, 1.0]}, {"translations": [1476.0175323486328, 1.4052867889404297, 337.0], "angles": [0.0, 0.0, -0.03441694111976051], "sizes": [1.0, 1.0, 1.0]}, {"translations": [1486.9216995239258, -2.281332015991211, 487.0], "angles": [0.0, 0.0, 0.014515491865003727], "sizes": [1.0, 1.0, 1.0]}, {"translations": [1893.6253204345703, 9.805569648742676, 37.0], "angles": [0.0, 0.0, 0.00951162768944766], "sizes": [1.0, 1.0, 1.0]}, {"translations": [1874.5880508422852, 3.6362338066101074, 187.0], "angles": [0.0, 0.0, -0.0019375082979109265], "sizes": [1.0, 1.0, 1.0]}, {"translations": [1885.365852355957, 6.969821453094482, 337.0], "angles": [0.0, 0.0, 0.005745915284499008], "sizes": [0.9999999999999999, 0.9999999999999999, 1.0]}, {"translations": [1894.2260513305664, 8.078994750976562, 487.0], "angles": [0.0, 0.0, -0.011847156980299508], "sizes": [1.0, 1.0, 1.0]}, {"translations": [2276.5075759887695, 2.395656108856201, 37.0], "angles": [0.0, 0.0, 0.029968974083084753], "sizes": [1.0, 1.0, 1.0]}, {"translations": [2283.2667846679688, 0.1521778106689453, 187.0], "angles": [0.0, 0.0, -0.035202120372653], "sizes": [1.0, 1.0, 1.0]}, {"translations": [2283.8535766601562, 0.5452275276184082, 337.0], "angles": [0.0, 0.0, 0.028196001031899294], "sizes": [0.9999999999999999, 0.9999999999999999, 1.0]}, {"translations": [2306.204902648926, 0.4858231544494629, 487.0], "angles": [0.0, 0.0, -0.04260563734370328], "sizes": [1.0, 1.0, 1.0]}, {"translations": [2686.203598022461, -4.518120288848877, 37.0], "angles": [0.0, 0.0, -0.011847156980299508], "sizes": [1.0, 1.0, 1.0]}, {"translations": [2687.9570083618164, -5.466940402984619, 187.0], "angles": [0.0, 0.0, 0.04216393325106343], "sizes": [1.0, 1.0, 1.0]}, {"translations": [2703.031707763672, 9.540740966796875, 337.0], "angles": [0.0, 0.0, -0.01727426365920113], "sizes": [1.0, 1.0, 1.0]}, {"translations": [2716.9498748779297, -8.810394287109375, 487.0], "angles": [0.0, 0.0, 0.017314207181438397], "sizes": [1.0, 1.0, 1.0]}], "SM_CardBoxD_04": [{"translations": [2717.9885715826335, -38.79240738089007, 508.0], "angles": [0.0, 0.0, 0.06102666549297162], "sizes": [0.9999999999999999, 0.9999999999999999, 1.0]}, {"translations": [1924.1905640158636, -19.618330242607783, 58.0], "angles": [0.0, 0.0, -0.47071427690902096], "sizes": [1.0, 1.0, 1.0]}, {"translations": [714.1909198193082, 8.430782901982493, 508.0], "angles": [0.0, 0.0, 0.8947602010652517], "sizes": [0.999999999999999, 0.999999999999999, 1.0]}, {"translations": [684.328300590404, 27.03201379082195, 208.0], "angles": [0.0, 0.0, -0.8162180613632508], "sizes": [1.0000000000000004, 1.0000000000000004, 1.0]}, {"translations": [2470.5752569580086, -33.50785498803162, 208.0], "angles": [0.0, 0.0, 0.05617816255613717], "sizes": [0.9999999999999999, 0.9999999999999999, 1.0]}, {"translations": [2079.5633224720013, -27.604305205591885, 58.0], "angles": [0.0, 0.0, 0.6352128051928818], "sizes": [1.0, 1.0, 1.0]}, {"translations": [1270.391970032895, -3.9878949314715095, 508.0], "angles": [0.0, 0.0, 0.8187044232464834], "sizes": [1.0000000000000009, 1.0000000000000009, 1.0]}, {"translations": [1247.9486710497222, -27.996626816087396, 358.0], "angles": [0.0, 0.0, 0.9679046122408853], "sizes": [1.000000000000001, 1.000000000000001, 1.0]}, {"translations": [934.0420009203625, -24.089646498535753, 508.0], "angles": [0.0, 0.0, 0.7095798706054978], "sizes": [1.0000000000000004, 1.0000000000000004, 1.0]}, {"translations": [967.4679642682298, -32.49778512444767, 358.0], "angles": [0.0, 0.0, 0.8457679942881192], "sizes": [1.0000000000000004, 1.0000000000000004, 1.0]}], "SM_CardBoxC_01": [{"translations": [2745.8931912670064, 22.210315511375363, 508.0], "angles": [0.0, 0.0, -0.45835825908428457], "sizes": [1.0, 1.0, 1.0]}, {"translations": [1893.5152717977762, -21.912583941312487, 508.0], "angles": [0.0, 0.0, 0.9998117981158194], "sizes": [1.0000000000000018, 1.0000000000000018, 1.0]}, {"translations": [1864.9452521710675, 38.78135297605587, 508.0], "angles": [0.0, 0.0, 0.9493484289443995], "sizes": [1.0000000000000007, 1.0000000000000007, 1.0]}, {"translations": [1885.7106015818447, -23.02819761435812, 358.0], "angles": [0.0, 0.0, -0.21995275658906985], "sizes": [1.0, 1.0, 1.0]}, {"translations": [1904.4715753263051, -26.47979123676147, 208.0], "angles": [0.0, 0.0, 0.7178529461029116], "sizes": [1.0, 1.0, 1.0]}, {"translations": [1116.1626314810826, 30.26777290638311, 208.0], "angles": [0.0, 0.0, 0.054614923591634244], "sizes": [1.0, 1.0, 1.0]}, {"translations": [305.2218355531391, 30.04951450773709, 208.0], "angles": [0.0, 0.0, -0.4794074955800979], "sizes": [0.9999999999999999, 0.9999999999999999, 1.0]}, {"translations": [318.40197276777195, -32.08285745580395, 58.0], "angles": [0.0, 0.0, 0.6525573816228281], "sizes": [1.0000000000000002, 1.0000000000000002, 1.0]}, {"translations": [2065.0523583457725, 31.367263962489886, 358.0], "angles": [0.0, 0.0, 0.470200206975332], "sizes": [0.9999999999999999, 0.9999999999999999, 1.0]}, {"translations": [2109.466927538736, 32.4437955471609, 58.0], "angles": [0.0, 0.0, -0.7206833738800125], "sizes": [1.0, 1.0, 1.0]}], "SM_CardBoxD_02": [{"translations": [2655.5360899708967, 21.898805534031514, 208.0], "angles": [0.0, 0.0, 0.9042476205808052], "sizes": [1.0, 1.0, 1.0]}, {"translations": [1864.20142054322, -20.759673932550548, 58.0], "angles": [0.0, 0.0, 0.9940154198262933], "sizes": [0.9999999999999989, 0.9999999999999989, 1.0]}, {"translations": [1072.4392278961247, -31.811681797057275, 358.0], "angles": [0.0, 0.0, 0.8586509569664885], "sizes": [1.0, 1.0, 1.0]}, {"translations": [1065.0211957335255, -29.748279208124714, 58.0], "angles": [0.0, 0.0, -0.8366890662875722], "sizes": [1.0000000000000002, 1.0000000000000002, 1.0]}, {"translations": [2094.8133615186166, -29.79498176989712, 208.0], "angles": [0.0, 0.0, -0.05705720999209017], "sizes": [1.0, 1.0, 1.0]}, {"translations": [1703.883682011667, -28.054977001812013, 208.0], "angles": [0.0, 0.0, -0.45488445525663057], "sizes": [1.0, 1.0, 1.0]}, {"translations": [1328.588249888539, 29.376652285051197, 508.0], "angles": [0.0, 0.0, 0.9984071956482534], "sizes": [1.0000000000000004, 1.0000000000000004, 1.0]}, {"translations": [998.923468439989, 30.59485928234923, 508.0], "angles": [0.0, 0.0, 0.9297509424310667], "sizes": [0.9999999999999999, 0.9999999999999999, 1.0]}, {"translations": [881.4998489312142, 1.7911855266565397, 58.0], "angles": [0.0, 0.0, -0.21402651347808643], "sizes": [1.0, 1.0, 1.0]}], "SM_CardBoxD_03": [{"translations": [2686.203598022461, -4.518120288848877, 58.0], "angles": [0.0, 0.0, 0.888103929003486], "sizes": [1.0000000000000002, 1.0000000000000002, 1.0]}, {"translations": [2313.1924333112447, -1.9586403433140145, 208.0], "angles": [0.0, 0.0, -0.01644772351172025], "sizes": [1.0, 1.0, 1.0]}, {"translations": [1915.019122197522, 37.31258974643475, 358.0], "angles": [0.0, 0.0, -0.1266029891753675], "sizes": [1.0, 1.0, 1.0]}, {"translations": [1844.7045263582652, 33.752258849981686, 208.0], "angles": [0.0, 0.0, -0.2530208866446308], "sizes": [1.0, 1.0, 1.0]}, {"translations": [1090.0666642396852, 32.48293890069075, 58.0], "angles": [0.0, 0.0, 0.14906169111569695], "sizes": [1.0, 1.0, 1.0]}, {"translations": [734.8793771809078, 37.11334279357041, 358.0], "angles": [0.0, 0.0, 0.42617841206481], "sizes": [1.0, 1.0, 1.0]}, {"translations": [273.7996139526367, -9.138336181640625, 508.0], "angles": [0.0, 0.0, 0.9700690985215841], "sizes": [1.0000000000000009, 1.0000000000000009, 1.0]}, {"translations": [2564.8943620204573, -17.93123394452477, 358.0], "angles": [0.0, 0.0, 0.5615794631170233], "sizes": [1.0000000000000002, 1.0000000000000002, 1.0]}, {"translations": [1367.482592597734, -28.53638559830655, 208.0], "angles": [0.0, 0.0, 0.7760124772813681], "sizes": [1.0000000000000004, 1.0000000000000004, 1.0]}, {"translations": [1284.0714377896725, 35.32056210574186, 58.0], "angles": [0.0, 0.0, -0.697939987723752], "sizes": [1.0000000000000004, 1.0000000000000004, 1.0]}, {"translations": [523.196804079146, 40.054467471973126, 508.0], "angles": [0.0, 0.0, 0.9965409107864689], "sizes": [1.0000000000000009, 1.0000000000000009, 1.0]}, {"translations": [463.77581680722034, 28.880604514965142, 208.0], "angles": [0.0, 0.0, 0.0004367271959710915], "sizes": [1.0, 1.0, 1.0]}], "SM_CardBoxA_01": [{"translations": [2306.204902648926, 0.4858231544494629, 508.0], "angles": [0.0, 0.0, -0.8337508445109729], "sizes": [1.0000000000000002, 1.0000000000000002, 1.0]}, {"translations": [2282.162489218823, 30.497526659166958, 358.0], "angles": [0.0, 0.0, -0.7811939456563023], "sizes": [1.0000000000000007, 1.0000000000000007, 1.0]}, {"translations": [1120.9751219574666, -26.731259592107385, 508.0], "angles": [0.0, 0.0, 0.5797409622004587], "sizes": [1.0000000000000002, 1.0000000000000002, 1.0]}, {"translations": [673.4777801799972, 10.097719799869887, 358.0], "angles": [0.0, 0.0, -0.5608317675062092], "sizes": [1.0, 1.0, 1.0]}, {"translations": [2107.8889414588166, -28.45732813700567, 508.0], "angles": [0.0, 0.0, -0.5228373110552964], "sizes": [1.0000000000000002, 1.0000000000000002, 1.0]}, {"translations": [2063.385116885441, -28.60956744692146, 358.0], "angles": [0.0, 0.0, 0.9922247185328876], "sizes": [0.9999999999999987, 0.9999999999999987, 1.0]}, {"translations": [463.2865454827388, 36.774084123701655, 508.0], "angles": [0.0, 0.0, 0.9239656652888837], "sizes": [1.0000000000000002, 1.0000000000000002, 1.0]}, {"translations": [562.211211820768, 39.75144534826213, 358.0], "angles": [0.0, 0.0, 0.9872052365389234], "sizes": [0.9999999999999999, 0.9999999999999999, 1.0]}, {"translations": [460.05387662898625, -31.00384389453135, 208.0], "angles": [0.0, 0.0, -0.2607672649150038], "sizes": [1.0000000000000002, 1.0000000000000002, 1.0]}], "SM_CardBoxD_05": [{"translations": [2251.2303178707098, -27.662652678624248, 208.0], "angles": [0.0, 0.0, -0.3230655768774575], "sizes": [1.0, 1.0, 1.0]}, {"translations": [1446.0886038987953, 3.469079861054329, 358.0], "angles": [0.0, 0.0, 0.8961596592255866], "sizes": [1.0000000000000007, 1.0000000000000007, 1.0]}, {"translations": [1490.1975763865682, 31.004002300099962, 208.0], "angles": [0.0, 0.0, 0.30578305303902703], "sizes": [1.0, 1.0, 1.0]}, {"translations": [351.9117369538535, -28.281206611873632, 358.0], "angles": [0.0, 0.0, 0.177669814866196], "sizes": [0.9999999999999999, 0.9999999999999999, 1.0]}, {"translations": [319.50731850439456, 30.455099579036663, 358.0], "angles": [0.0, 0.0, -0.6950474797489211], "sizes": [1.0000000000000004, 1.0000000000000004, 1.0]}, {"translations": [1687.3359102916988, 40.28685621994104, 508.0], "angles": [0.0, 0.0, -0.7046993243273177], "sizes": [1.0000000000000002, 1.0000000000000002, 1.0]}, {"translations": [1647.4685366162628, 35.32744461503223, 208.0], "angles": [0.0, 0.0, -0.2028316616386457], "sizes": [1.0, 1.0, 1.0]}, {"translations": [992.7272474895683, 0.589141247695282, 208.0], "angles": [0.0, 0.0, -0.011050698295130862], "sizes": [0.9999999999999999, 0.9999999999999999, 1.0]}, {"translations": [106.4814867963031, 18.273145155826903, 508.0], "angles": [0.0, 0.0, -0.7893711307092497], "sizes": [1.0, 1.0, 1.0]}, {"translations": [199.19890223049563, -28.210194015848607, 358.0], "angles": [0.0, 0.0, -0.17549518740414524], "sizes": [1.0, 1.0, 1.0]}], "SM_CardBoxD_01": [{"translations": [2246.561464353225, 0.598325334760992, 58.0], "angles": [0.0, 0.0, 0.8776426968553475], "sizes": [1.0000000000000002, 1.0000000000000002, 1.0]}, {"translations": [1090.1292746439065, -31.5566909553299, 208.0], "angles": [0.0, 0.0, 0.9326043463573305], "sizes": [1.0000000000000004, 1.0000000000000004, 1.0]}, {"translations": [709.971961514282, 33.8718442090507, 58.0], "angles": [0.0, 0.0, 0.8833468463578431], "sizes": [0.9999999999999999, 0.9999999999999999, 1.0]}, {"translations": [258.77538498090917, -1.3473726069270031, 58.0], "angles": [0.0, 0.0, 0.8872990024529485], "sizes": [0.9999999999999999, 0.9999999999999999, 1.0]}, {"translations": [2497.848696905607, 25.463200221963678, 58.0], "angles": [0.0, 0.0, -0.39156739507077226], "sizes": [1.0, 1.0, 1.0]}, {"translations": [2091.2537924120475, 30.09933739123501, 208.0], "angles": [0.0, 0.0, 0.999638608402684], "sizes": [1.0, 1.0, 1.0]}, {"translations": [1343.993510943022, 32.26357846093799, 58.0], "angles": [0.0, 0.0, 0.9944642205201447], "sizes": [0.9999999999999999, 0.9999999999999999, 1.0]}, {"translations": [932.7294633258614, 0.0734907408301087, 208.0], "angles": [0.0, 0.0, -0.4310683223256585], "sizes": [0.9999999999999999, 0.9999999999999999, 1.0]}, {"translations": [77.0445785522461, -0.000858306884765625, 208.0], "angles": [0.0, 0.0, 0.42120633022918813], "sizes": [1.0, 1.0, 1.0]}], "SM_CardBoxA_02": [{"translations": [1893.0546485895989, 39.80014138506452, 58.0], "angles": [0.0, 0.0, 0.9998407762384933], "sizes": [1.0000000000000009, 1.0000000000000009, 1.0]}, {"translations": [1457.8051792490294, -33.13952780060479, 508.0], "angles": [0.0, 0.0, 0.39073135160976274], "sizes": [1.0, 1.0, 1.0]}, {"translations": [1148.9914710773287, 34.22023080799691, 508.0], "angles": [0.0, 0.0, 0.8413570645402288], "sizes": [1.0000000000000004, 1.0000000000000004, 1.0]}, {"translations": [1124.8243576230418, -24.892166769526312, 58.0], "angles": [0.0, 0.0, -0.819373069017481], "sizes": [1.0000000000000002, 1.0000000000000002, 1.0]}, {"translations": [319.1397255321284, 27.91260671323706, 58.0], "angles": [0.0, 0.0, 0.010461101264267612], "sizes": [0.9999999999999999, 0.9999999999999999, 1.0]}, {"translations": [481.4818674516564, 36.09935226739834, 58.0], "angles": [0.0, 0.0, -0.4261969138768012], "sizes": [1.0, 1.0, 1.0]}, {"translations": [137.97109055251758, -0.8029855274590074, 358.0], "angles": [0.0, 0.0, -0.7983838216025911], "sizes": [1.0000000000000004, 1.0000000000000004, 1.0]}, {"translations": [2672.01331060606, -19.405053853394953, 358.0], "angles": [0.0, 0.0, 0.5390201171056687], "sizes": [1.0000000000000002, 1.0000000000000002, 1.0]}], "SM_CardBoxB_02": [{"translations": [1516.0382197988222, 28.576863768622367, 508.0], "angles": [-0.0, -0.0, 0.012258132982772568], "sizes": [1.0, 1.0, 1.0]}, {"translations": [1550.1906897695824, 31.913038390043006, 208.0], "angles": [0.0, 0.0, -0.7994832239657852], "sizes": [1.0000000000000002, 1.0000000000000002, 1.0]}, {"translations": [651.0741667627256, -31.227428219644096, 208.0], "angles": [0.0, 0.0, 0.9938386542303367], "sizes": [1.0, 1.0, 1.0]}, {"translations": [275.32270826697186, -30.000815945355082, 208.0], "angles": [0.0, 0.0, 0.9999330874282433], "sizes": [1.0000000000000004, 1.0000000000000004, 1.0]}, {"translations": [2560.399745941162, -8.810394287109375, 508.0], "angles": [0.0, 0.0, 0.990197300454419], "sizes": [0.9999999999999996, 0.9999999999999996, 1.0]}, {"translations": [2502.6619433810342, 7.111251361203722, 358.0], "angles": [0.0, 0.0, -0.5927582434487271], "sizes": [1.0000000000000002, 1.0000000000000002, 1.0]}, {"translations": [1744.8641181362402, 5.78315638651409, 508.0], "angles": [0.0, 0.0, 0.2890173436591566], "sizes": [1.0, 1.0, 1.0]}, {"translations": [1725.3899528300494, 38.70486616580179, 358.0], "angles": [0.0, 0.0, 0.985873280473902], "sizes": [1.0000000000000009, 1.0000000000000009, 1.0]}, {"translations": [1683.7514620031216, 9.582578358142122, 58.0], "angles": [0.0, 0.0, 0.9730175273850614], "sizes": [1.0000000000000007, 1.0000000000000007, 1.0]}], "SM_CardBoxC_02": [{"translations": [1503.8826677263564, -30.587434733011, 358.0], "angles": [0.0, 0.0, 0.9998308883007022], "sizes": [1.0000000000000016, 1.0000000000000016, 1.0]}, {"translations": [2474.37310976798, 26.371826992033967, 208.0], "angles": [0.0, 0.0, -0.4209213647224324], "sizes": [1.0, 1.0, 1.0]}, {"translations": [1682.7442335627738, -19.537189989062977, 508.0], "angles": [0.0, 0.0, 0.9905751007747297], "sizes": [1.0000000000000007, 1.0000000000000007, 1.0]}, {"translations": [1279.1273047185234, 31.399440415226014, 358.0], "angles": [0.0, 0.0, -0.7402029307999398], "sizes": [1.0000000000000002, 1.0000000000000002, 1.0]}, {"translations": [934.1617104693076, 25.731876199329456, 358.0], "angles": [0.0, 0.0, 0.616943470598064], "sizes": [1.0000000000000002, 1.0000000000000002, 1.0]}, {"translations": [534.5329341465596, -21.354306794964266, 358.0], "angles": [0.0, 0.0, -0.8325680902837016], "sizes": [1.0000000000000002, 1.0000000000000002, 1.0]}, {"translations": [74.77999293610254, 28.999986560361418, 58.0], "angles": [0.0, 0.0, 0.8697976428103364], "sizes": [1.0000000000000004, 1.0000000000000004, 1.0]}], "SM_CardBoxB_01": [{"translations": [1520.344416951827, -28.60955441904005, 58.0], "angles": [0.0, 0.0, 0.9258850565341188], "sizes": [1.0000000000000002, 1.0000000000000002, 1.0]}, {"translations": [1134.5793229206201, -6.5409756267366514, 358.0], "angles": [0.0, 0.0, -0.7049432297143787], "sizes": [1.0000000000000002, 1.0000000000000002, 1.0]}, {"translations": [2168.8918128630967, -0.5530331193403881, 508.0], "angles": [0.0, 0.0, -0.8266418279422308], "sizes": [1.0, 1.0, 1.0]}, {"translations": [2049.46700490984, 32.34743929944767, 58.0], "angles": [0.0, 0.0, 0.9777223466619115], "sizes": [1.0000000000000009, 1.0000000000000009, 1.0]}, {"translations": [1338.1136626425823, 31.77502255379504, 208.0], "angles": [0.0, 0.0, 0.9550341669715837], "sizes": [1.000000000000001, 1.000000000000001, 1.0]}, {"translations": [46.68774656780591, 23.243922709389032, 508.0], "angles": [0.0, 0.0, 0.9976284219737326], "sizes": [1.0000000000000002, 1.0000000000000002, 1.0]}]}