{"SM_RackShelf_01": [{"translations": [200.0, 0.0, 37.0], "angles": [0.0, 0.0, 0.0], "sizes": [1.0, 1.0, 1.0]}, {"translations": [200.0, 0.0, 187.0], "angles": [0.0, 0.0, 0.0], "sizes": [1.0, 1.0, 1.0]}, {"translations": [200.0, 0.0, 337.0], "angles": [0.0, 0.0, 0.0], "sizes": [1.0, 1.0, 1.0]}, {"translations": [200.0, 0.0, 487.0], "angles": [0.0, 0.0, 0.0], "sizes": [1.0, 1.0, 1.0]}, {"translations": [200.0, 0.0, 637.0], "angles": [0.0, 0.0, 0.0], "sizes": [1.0, 1.0, 1.0]}, {"translations": [200.0, 0.0, 787.0], "angles": [0.0, 0.0, 0.0], "sizes": [1.0, 1.0, 1.0]}, {"translations": [200.0, 0.0, 937.0], "angles": [0.0, 0.0, 0.0], "sizes": [1.0, 1.0, 1.0]}, {"translations": [600.0, 0.0, 37.0], "angles": [0.0, 0.0, 0.0], "sizes": [1.0, 1.0, 1.0]}, {"translations": [600.0, 0.0, 187.0], "angles": [0.0, 0.0, 0.0], "sizes": [1.0, 1.0, 1.0]}, {"translations": [600.0, 0.0, 337.0], "angles": [0.0, 0.0, 0.0], "sizes": [1.0, 1.0, 1.0]}, {"translations": [600.0, 0.0, 487.0], "angles": [0.0, 0.0, 0.0], "sizes": [1.0, 1.0, 1.0]}, {"translations": [600.0, 0.0, 637.0], "angles": [0.0, 0.0, 0.0], "sizes": [1.0, 1.0, 1.0]}, {"translations": [600.0, 0.0, 787.0], "angles": [0.0, 0.0, 0.0], "sizes": [1.0, 1.0, 1.0]}, {"translations": [600.0, 0.0, 937.0], "angles": [0.0, 0.0, 0.0], "sizes": [1.0, 1.0, 1.0]}, {"translations": [1000.0, 0.0, 37.0], "angles": [0.0, 0.0, 0.0], "sizes": [1.0, 1.0, 1.0]}, {"translations": [1000.0, 0.0, 187.0], "angles": [0.0, 0.0, 0.0], "sizes": [1.0, 1.0, 1.0]}, {"translations": [1000.0, 0.0, 337.0], "angles": [0.0, 0.0, 0.0], "sizes": [1.0, 1.0, 1.0]}, {"translations": [1000.0, 0.0, 487.0], "angles": [0.0, 0.0, 0.0], "sizes": [1.0, 1.0, 1.0]}, {"translations": [1000.0, 0.0, 637.0], "angles": [0.0, 0.0, 0.0], "sizes": [1.0, 1.0, 1.0]}, {"translations": [1000.0, 0.0, 787.0], "angles": [0.0, 0.0, 0.0], "sizes": [1.0, 1.0, 1.0]}, {"translations": [1000.0, 0.0, 937.0], "angles": [0.0, 0.0, 0.0], "sizes": [1.0, 1.0, 1.0]}, {"translations": [1400.0, 0.0, 37.0], "angles": [0.0, 0.0, 0.0], "sizes": [1.0, 1.0, 1.0]}, {"translations": [1400.0, 0.0, 187.0], "angles": [0.0, 0.0, 0.0], "sizes": [1.0, 1.0, 1.0]}, {"translations": [1400.0, 0.0, 337.0], "angles": [0.0, 0.0, 0.0], "sizes": [1.0, 1.0, 1.0]}, {"translations": [1400.0, 0.0, 487.0], "angles": [0.0, 0.0, 0.0], "sizes": [1.0, 1.0, 1.0]}, {"translations": [1400.0, 0.0, 637.0], "angles": [0.0, 0.0, 0.0], "sizes": [1.0, 1.0, 1.0]}, {"translations": [1400.0, 0.0, 787.0], "angles": [0.0, 0.0, 0.0], "sizes": [1.0, 1.0, 1.0]}, {"translations": [1400.0, 0.0, 937.0], "angles": [0.0, 0.0, 0.0], "sizes": [1.0, 1.0, 1.0]}, {"translations": [1800.0, 0.0, 37.0], "angles": [0.0, 0.0, 0.0], "sizes": [1.0, 1.0, 1.0]}, {"translations": [1800.0, 0.0, 187.0], "angles": [0.0, 0.0, 0.0], "sizes": [1.0, 1.0, 1.0]}, {"translations": [1800.0, 0.0, 337.0], "angles": [0.0, 0.0, 0.0], "sizes": [1.0, 1.0, 1.0]}, {"translations": [1800.0, 0.0, 487.0], "angles": [0.0, 0.0, 0.0], "sizes": [1.0, 1.0, 1.0]}, {"translations": [1800.0, 0.0, 637.0], "angles": [0.0, 0.0, 0.0], "sizes": [1.0, 1.0, 1.0]}, {"translations": [1800.0, 0.0, 787.0], "angles": [0.0, 0.0, 0.0], "sizes": [1.0, 1.0, 1.0]}, {"translations": [1800.0, 0.0, 937.0], "angles": [0.0, 0.0, 0.0], "sizes": [1.0, 1.0, 1.0]}, {"translations": [2200.0, 0.0, 37.0], "angles": [0.0, 0.0, 0.0], "sizes": [1.0, 1.0, 1.0]}, {"translations": [2200.0, 0.0, 187.0], "angles": [0.0, 0.0, 0.0], "sizes": [1.0, 1.0, 1.0]}, {"translations": [2200.0, 0.0, 337.0], "angles": [0.0, 0.0, 0.0], "sizes": [1.0, 1.0, 1.0]}, {"translations": [2200.0, 0.0, 487.0], "angles": [0.0, 0.0, 0.0], "sizes": [1.0, 1.0, 1.0]}, {"translations": [2200.0, 0.0, 637.0], "angles": [0.0, 0.0, 0.0], "sizes": [1.0, 1.0, 1.0]}, {"translations": [2200.0, 0.0, 787.0], "angles": [0.0, 0.0, 0.0], "sizes": [1.0, 1.0, 1.0]}, {"translations": [2200.0, 0.0, 937.0], "angles": [0.0, 0.0, 0.0], "sizes": [1.0, 1.0, 1.0]}, {"translations": [2600.0, 0.0, 37.0], "angles": [0.0, 0.0, 0.0], "sizes": [1.0, 1.0, 1.0]}, {"translations": [2600.0, 0.0, 187.0], "angles": [0.0, 0.0, 0.0], "sizes": [1.0, 1.0, 1.0]}, {"translations": [2600.0, 0.0, 337.0], "angles": [0.0, 0.0, 0.0], "sizes": [1.0, 1.0, 1.0]}, {"translations": [2600.0, 0.0, 487.0], "angles": [0.0, 0.0, 0.0], "sizes": [1.0, 1.0, 1.0]}, {"translations": [2600.0, 0.0, 637.0], "angles": [0.0, 0.0, 0.0], "sizes": [1.0, 1.0, 1.0]}, {"translations": [2600.0, 0.0, 787.0], "angles": [0.0, 0.0, 0.0], "sizes": [1.0, 1.0, 1.0]}, {"translations": [2600.0, 0.0, 937.0], "angles": [0.0, 0.0, 0.0], "sizes": [1.0, 1.0, 1.0]}], "SM_RackFrame_03": [{"translations": [0.0, 0.0, 0.0], "angles": [0.0, 0.0, 0.0], "sizes": [1.0, 1.0, 1.0]}, {"translations": [400.0, 0.0, 0.0], "angles": [0.0, 0.0, 0.0], "sizes": [1.0, 1.0, 1.0]}, {"translations": [800.0, 0.0, 0.0], "angles": [0.0, 0.0, 0.0], "sizes": [1.0, 1.0, 1.0]}, {"translations": [1200.0, 0.0, 0.0], "angles": [0.0, 0.0, 0.0], "sizes": [1.0, 1.0, 1.0]}, {"translations": [1600.0, 0.0, 0.0], "angles": [0.0, 0.0, 0.0], "sizes": [1.0, 1.0, 1.0]}, {"translations": [2000.0, 0.0, 0.0], "angles": [0.0, 0.0, 0.0], "sizes": [1.0, 1.0, 1.0]}, {"translations": [2400.0, 0.0, 0.0], "angles": [0.0, 0.0, 0.0], "sizes": [1.0, 1.0, 1.0]}, {"translations": [0.0, 0.0, 300.0], "angles": [0.0, 0.0, 0.0], "sizes": [1.0, 1.0, 1.0]}, {"translations": [400.0, 0.0, 300.0], "angles": [0.0, 0.0, 0.0], "sizes": [1.0, 1.0, 1.0]}, {"translations": [800.0, 0.0, 300.0], "angles": [0.0, 0.0, 0.0], "sizes": [1.0, 1.0, 1.0]}, {"translations": [1200.0, 0.0, 300.0], "angles": [0.0, 0.0, 0.0], "sizes": [1.0, 1.0, 1.0]}, {"translations": [1600.0, 0.0, 300.0], "angles": [0.0, 0.0, 0.0], "sizes": [1.0, 1.0, 1.0]}, {"translations": [2000.0, 0.0, 300.0], "angles": [0.0, 0.0, 0.0], "sizes": [1.0, 1.0, 1.0]}, {"translations": [2400.0, 0.0, 300.0], "angles": [0.0, 0.0, 0.0], "sizes": [1.0, 1.0, 1.0]}, {"translations": [0.0, 0.0, 600.0], "angles": [0.0, 0.0, 0.0], "sizes": [1.0, 1.0, 1.0]}, {"translations": [400.0, 0.0, 600.0], "angles": [0.0, 0.0, 0.0], "sizes": [1.0, 1.0, 1.0]}, {"translations": [800.0, 0.0, 600.0], "angles": [0.0, 0.0, 0.0], "sizes": [1.0, 1.0, 1.0]}, {"translations": [1200.0, 0.0, 600.0], "angles": [0.0, 0.0, 0.0], "sizes": [1.0, 1.0, 1.0]}, {"translations": [1600.0, 0.0, 600.0], "angles": [0.0, 0.0, 0.0], "sizes": [1.0, 1.0, 1.0]}, {"translations": [2000.0, 0.0, 600.0], "angles": [0.0, 0.0, 0.0], "sizes": [1.0, 1.0, 1.0]}, {"translations": [2400.0, 0.0, 600.0], "angles": [0.0, 0.0, 0.0], "sizes": [1.0, 1.0, 1.0]}, {"translations": [0.0, 0.0, 900.0], "angles": [0.0, 0.0, 0.0], "sizes": [1.0, 1.0, 1.0]}, {"translations": [400.0, 0.0, 900.0], "angles": [0.0, 0.0, 0.0], "sizes": [1.0, 1.0, 1.0]}, {"translations": [800.0, 0.0, 900.0], "angles": [0.0, 0.0, 0.0], "sizes": [1.0, 1.0, 1.0]}, {"translations": [1200.0, 0.0, 900.0], "angles": [0.0, 0.0, 0.0], "sizes": [1.0, 1.0, 1.0]}, {"translations": [1600.0, 0.0, 900.0], "angles": [0.0, 0.0, 0.0], "sizes": [1.0, 1.0, 1.0]}, {"translations": [2000.0, 0.0, 900.0], "angles": [0.0, 0.0, 0.0], "sizes": [1.0, 1.0, 1.0]}, {"translations": [2400.0, 0.0, 900.0], "angles": [0.0, 0.0, 0.0], "sizes": [1.0, 1.0, 1.0]}, {"translations": [2800.0, 0.0, 0.0], "angles": [0.0, 0.0, 0.0], "sizes": [1.0, 1.0, 1.0]}, {"translations": [2800.0, 0.0, 300.0], "angles": [0.0, 0.0, 0.0], "sizes": [1.0, 1.0, 1.0]}, {"translations": [2800.0, 0.0, 600.0], "angles": [0.0, 0.0, 0.0], "sizes": [1.0, 1.0, 1.0]}, {"translations": [2800.0, 0.0, 900.0], "angles": [0.0, 0.0, 0.0], "sizes": [1.0, 1.0, 1.0]}], "SM_PaletteA_01": [{"translations": [104.04623413085938, -1.7162489891052246, 37.0], "angles": [0.0, 0.0, 0.01921810554921458], "sizes": [1.0, 1.0, 1.0]}, {"translations": [77.0445785522461, -0.000858306884765625, 187.0], "angles": [0.0, 0.0, -0.006552861221831399], "sizes": [1.0, 1.0, 1.0]}, {"translations": [167.94365692138672, 0.4796934127807617, 337.0], "angles": [0.0, 0.0, -0.03508767103203357], "sizes": [1.0, 1.0, 1.0]}, {"translations": [74.09922790527344, -9.138336181640625, 487.0], "angles": [0.0, 0.0, -0.04355287160993712], "sizes": [1.0, 1.0, 1.0]}, {"translations": [106.05471801757812, -5.421197414398193, 637.0], "angles": [0.0, 0.0, -0.028057571444774675], "sizes": [1.0, 1.0, 1.0]}, {"translations": [115.29872131347656, 7.166991233825684, 787.0], "angles": [0.0, 0.0, 0.002677888499286593], "sizes": [0.9999999999999999, 0.9999999999999999, 1.0]}, {"translations": [132.94749450683594, -1.137080192565918, 937.0], "angles": [0.0, 0.0, 0.01614520674521302], "sizes": [1.0, 1.0, 1.0]}, {"translations": [482.2792282104492, 6.109950542449951, 37.0], "angles": [0.0, 0.0, -0.0009760769927007106], "sizes": [1.0, 1.0, 1.0]}, {"translations": [491.85707092285156, -2.9225897789001465, 187.0], "angles": [0.0, 0.0, -0.03688419841022398], "sizes": [1.0, 1.0, 1.0]}, {"translations": [533.3830947875977, 8.623649597167969, 337.0], "angles": [0.0, 0.0, -0.0077273216667729456], "sizes": [1.0, 1.0, 1.0]}, {"translations": [494.8818664550781, 8.459146499633789, 487.0], "angles": [0.0, 0.0, -0.016328945836135852], "sizes": [1.0, 1.0, 1.0]}, {"translations": [541.5834045410156, 7.324190139770508, 637.0], "angles": [0.0, 0.0, 0.025187614992464902], "sizes": [1.0, 1.0, 1.0]}, {"translations": [533.2000122070312, 9.428579330444336, 787.0], "angles": [0.0, 0.0, 0.012646068255698337], "sizes": [1.0, 1.0, 1.0]}, {"translations": [479.88209533691406, -8.396973609924316, 937.0], "angles": [0.0, 0.0, -0.02145476640528901], "sizes": [1.0, 1.0, 1.0]}, {"translations": [911.4894409179688, 2.581357955932617, 37.0], "angles": [0.0, 0.0, -0.0169254301666736], "sizes": [1.0, 1.0, 1.0]}, {"translations": [962.7283554077148, 0.3313159942626953, 187.0], "angles": [0.0, 0.0, 0.023632746746457066], "sizes": [1.0, 1.0, 1.0]}, {"translations": [935.8382797241211, -4.22123908996582, 337.0], "angles": [0.0, 0.0, -0.022932500299163196], "sizes": [1.0, 1.0, 1.0]}, {"translations": [966.4827346801758, 3.2526063919067383, 487.0], "angles": [0.0, 0.0, 0.007817869009294922], "sizes": [1.0, 1.0, 1.0]}, {"translations": [881.7578506469727, 2.102322578430176, 637.0], "angles": [0.0, 0.0, 0.024223813779855292], "sizes": [1.0, 1.0, 1.0]}, {"translations": [922.1294860839844, 5.8795952796936035, 787.0], "angles": [0.0, 0.0, -0.0017963558047569888], "sizes": [0.9999999999999999, 0.9999999999999999, 1.0]}, {"translations": [880.4381942749023, 9.166719436645508, 937.0], "angles": [0.0, 0.0, -0.037355265530903355], "sizes": [1.0, 1.0, 1.0]}, {"translations": [1312.5039825439453, 3.831033706665039, 37.0], "angles": [0.0, 0.0, -0.024955984491012623], "sizes": [1.0, 1.0, 1.0]}, {"translations": [1367.7973022460938, 1.4619636535644531, 187.0], "angles": [0.0, 0.0, -0.0009121611550357442], "sizes": [1.0, 1.0, 1.0]}, {"translations": [1278.5350646972656, 1.4052867889404297, 337.0], "angles": [0.0, 0.0, 0.015330354395926966], "sizes": [0.9999999999999999, 0.9999999999999999, 1.0]}, {"translations": [1300.343391418457, -2.281332015991211, 487.0], "angles": [0.0, 0.0, -0.024165239306837203], "sizes": [0.9999999999999999, 0.9999999999999999, 1.0]}, {"translations": [1315.598030090332, -4.324848651885986, 637.0], "angles": [0.0, 0.0, -0.014712552021027305], "sizes": [1.0, 1.0, 1.0]}, {"translations": [1286.8436584472656, 4.431722164154053, 787.0], "angles": [0.0, 0.0, -0.039151637335520954], "sizes": [1.0, 1.0, 1.0]}, {"translations": [1352.2860984802246, -4.739868640899658, 937.0], "angles": [0.0, 0.0, -0.01152226310731609], "sizes": [1.0, 1.0, 1.0]}, {"translations": [1713.750633239746, 9.805569648742676, 37.0], "angles": [0.0, 0.0, 0.01365535019037407], "sizes": [0.9999999999999999, 0.9999999999999999, 1.0]}, {"translations": [1675.6761093139648, 3.6362338066101074, 187.0], "angles": [0.0, 0.0, 0.006329152529099072], "sizes": [1.0, 1.0, 1.0]}, {"translations": [1697.231704711914, 6.969821453094482, 337.0], "angles": [0.0, 0.0, -0.0011411980890577485], "sizes": [0.9999999999999999, 0.9999999999999999, 1.0]}, {"translations": [1714.9520950317383, 8.078994750976562, 487.0], "angles": [0.0, 0.0, -0.023193428985903743], "sizes": [1.0, 1.0, 1.0]}, {"translations": [1734.4088516235352, 9.549428939819336, 637.0], "angles": [0.0, 0.0, 0.007586170464616405], "sizes": [1.0, 1.0, 1.0]}, {"translations": [1715.0519256591797, 4.0348219871521, 787.0], "angles": [0.0, 0.0, -0.039492270784716704], "sizes": [1.0, 1.0, 1.0]}, {"translations": [1741.4865112304688, -3.541259765625, 937.0], "angles": [0.0, 0.0, 0.01775623434795152], "sizes": [0.9999999999999999, 0.9999999999999999, 1.0]}, {"translations": [2079.5151443481445, 2.395656108856201, 37.0], "angles": [0.0, 0.0, -0.01368730721716186], "sizes": [1.0, 1.0, 1.0]}, {"translations": [2093.033576965332, 0.1521778106689453, 187.0], "angles": [0.0, 0.0, 0.03833463579993048], "sizes": [1.0, 1.0, 1.0]}, {"translations": [2094.2071533203125, 0.5452275276184082, 337.0], "angles": [0.0, 0.0, -0.03604583150681853], "sizes": [1.0, 1.0, 1.0]}, {"translations": [2138.9098052978516, 0.4858231544494629, 487.0], "angles": [0.0, 0.0, 0.034036321819862686], "sizes": [1.0, 1.0, 1.0]}, {"translations": [2166.2614097595215, -6.692960262298584, 637.0], "angles": [0.0, 0.0, -0.0365701449448744], "sizes": [1.0, 1.0, 1.0]}, {"translations": [2099.147735595703, -7.900900840759277, 787.0], "angles": [0.0, 0.0, -0.02662528286527833], "sizes": [1.0, 1.0, 1.0]}, {"translations": [2075.7228469848633, 4.342007637023926, 937.0], "angles": [0.0, 0.0, 0.028842906727452756], "sizes": [1.0, 1.0, 1.0]}, {"translations": [2498.907196044922, -4.518120288848877, 37.0], "angles": [0.0, 0.0, -0.01041442046596871], "sizes": [1.0, 1.0, 1.0]}, {"translations": [2502.4140243530273, -5.466940402984619, 187.0], "angles": [0.0, 0.0, 0.016440783586644213], "sizes": [0.9999999999999999, 0.9999999999999999, 1.0]}, {"translations": [2532.563407897949, 9.540740966796875, 337.0], "angles": [0.0, 0.0, -0.008536919251497473], "sizes": [0.9999999999999999, 0.9999999999999999, 1.0]}, {"translations": [2560.399745941162, -8.810394287109375, 487.0], "angles": [0.0, 0.0, -0.016057328621235465], "sizes": [1.0, 1.0, 1.0]}, {"translations": [2504.8695068359375, 5.577380657196045, 637.0], "angles": [0.0, 0.0, -0.04272270973647938], "sizes": [1.0, 1.0, 1.0]}, {"translations": [2506.439613342285, 7.717952728271484, 787.0], "angles": [0.0, 0.0, -0.015961465028753837], "sizes": [1.0, 1.0, 1.0]}, {"translations": [2474.9809494018555, 0.40405988693237305, 937.0], "angles": [0.0, 0.0, 0.01197231875451249], "sizes": [0.9999999999999999, 0.9999999999999999, 1.0]}, {"translations": [288.7731170654297, -1.7162489891052246, 37.0], "angles": [0.0, 0.0, -0.02387503018343186], "sizes": [1.0, 1.0, 1.0]}, {"translations": [275.2722930908203, -0.000858306884765625, 187.0], "angles": [0.0, 0.0, -0.00023037123448394178], "sizes": [1.0, 1.0, 1.0]}, {"translations": [320.7218246459961, 0.4796934127807617, 337.0], "angles": [0.0, 0.0, -0.04295420037229859], "sizes": [1.0, 1.0, 1.0]}, {"translations": [273.7996139526367, -9.138336181640625, 487.0], "angles": [0.0, 0.0, 0.016600556645267668], "sizes": [1.0, 1.0, 1.0]}, {"translations": [289.77735900878906, -5.421197414398193, 637.0], "angles": [0.0, 0.0, 0.039508237280639125], "sizes": [0.9999999999999999, 0.9999999999999999, 1.0]}, {"translations": [294.3993606567383, 7.166991233825684, 787.0], "angles": [0.0, 0.0, 0.03333362550708741], "sizes": [1.0, 1.0, 1.0]}, {"translations": [303.22374725341797, -1.137080192565918, 937.0], "angles": [0.0, 0.0, -4.660791980276433e-05], "sizes": [1.0, 1.0, 1.0]}, {"translations": [677.8896102905273, 6.109950542449951, 37.0], "angles": [0.0, 0.0, -0.02062401705055137], "sizes": [1.0, 1.0, 1.0]}, {"translations": [682.6785354614258, -2.9225897789001465, 187.0], "angles": [0.0, 0.0, -0.032540409165624694], "sizes": [0.9999999999999999, 0.9999999999999999, 1.0]}, {"translations": [703.4415435791016, 8.623649597167969, 337.0], "angles": [0.0, 0.0, 0.004606061258392841], "sizes": [1.0, 1.0, 1.0]}, {"translations": [684.1909332275391, 8.459146499633789, 487.0], "angles": [0.0, 0.0, -0.019545621150166195], "sizes": [1.0, 1.0, 1.0]}, {"translations": [707.5417022705078, 7.324190139770508, 637.0], "angles": [0.0, 0.0, -0.0034768564285194386], "sizes": [1.0, 1.0, 1.0]}, {"translations": [703.3500061035156, 9.428579330444336, 787.0], "angles": [0.0, 0.0, -0.019087630432537264], "sizes": [1.0, 1.0, 1.0]}, {"translations": [676.691047668457, -8.396973609924316, 937.0], "angles": [0.0, 0.0, 0.03420400743562827], "sizes": [1.0, 1.0, 1.0]}, {"translations": [1092.4947204589844, 2.581357955932617, 37.0], "angles": [0.0, 0.0, 0.02208314427501184], "sizes": [1.0, 1.0, 1.0]}, {"translations": [1118.1141815185547, 0.3313159942626953, 187.0], "angles": [0.0, 0.0, 0.02997429801241255], "sizes": [1.0, 1.0, 1.0]}, {"translations": [1104.6691436767578, -4.22123908996582, 337.0], "angles": [0.0, 0.0, 0.02540326617519537], "sizes": [1.0, 1.0, 1.0]}, {"translations": [1119.9913635253906, 3.2526063919067383, 487.0], "angles": [0.0, 0.0, -0.037333975103764454], "sizes": [1.0, 1.0, 1.0]}, {"translations": [1077.6289291381836, 2.102322578430176, 637.0], "angles": [0.0, 0.0, -0.04226238653567932], "sizes": [0.9999999999999999, 0.9999999999999999, 1.0]}, {"translations": [1097.8147430419922, 5.8795952796936035, 787.0], "angles": [0.0, 0.0, 0.030775564551301475], "sizes": [1.0, 1.0, 1.0]}, {"translations": [1076.9691009521484, 9.166719436645508, 937.0], "angles": [0.0, 0.0, 0.02252512943611864], "sizes": [1.0, 1.0, 1.0]}, {"translations": [1493.0019912719727, 3.831033706665039, 37.0], "angles": [0.0, 0.0, -0.04074032523347321], "sizes": [0.9999999999999999, 0.9999999999999999, 1.0]}, {"translations": [1520.6486511230469, 1.4619636535644531, 187.0], "angles": [0.0, 0.0, -0.04277326770039396], "sizes": [1.0, 1.0, 1.0]}, {"translations": [1476.0175323486328, 1.4052867889404297, 337.0], "angles": [0.0, 0.0, 0.03061318411081846], "sizes": [1.0, 1.0, 1.0]}, {"translations": [1486.9216995239258, -2.281332015991211, 487.0], "angles": [0.0, 0.0, 0.04257104350366453], "sizes": [0.9999999999999999, 0.9999999999999999, 1.0]}, {"translations": [1494.5490188598633, -4.324848651885986, 637.0], "angles": [0.0, 0.0, -0.02853942511019428], "sizes": [1.0, 1.0, 1.0]}, {"translations": [1480.1718292236328, 4.431722164154053, 787.0], "angles": [0.0, 0.0, 0.00840109770562277], "sizes": [1.0, 1.0, 1.0]}, {"translations": [1512.893051147461, -4.739868640899658, 937.0], "angles": [0.0, 0.0, 0.007873793670820691], "sizes": [1.0, 1.0, 1.0]}, {"translations": [1893.6253204345703, 9.805569648742676, 37.0], "angles": [0.0, 0.0, 0.01922343088743112], "sizes": [1.0, 1.0, 1.0]}, {"translations": [1874.5880508422852, 3.6362338066101074, 187.0], "angles": [0.0, 0.0, 0.02467909272579668], "sizes": [1.0, 1.0, 1.0]}, {"translations": [1885.365852355957, 6.969821453094482, 337.0], "angles": [0.0, 0.0, -0.011226663029005508], "sizes": [1.0, 1.0, 1.0]}, {"translations": [1894.2260513305664, 8.078994750976562, 487.0], "angles": [0.0, 0.0, -0.010955028984242155], "sizes": [1.0, 1.0, 1.0]}, {"translations": [1903.9544296264648, 9.549428939819336, 637.0], "angles": [0.0, 0.0, -0.020301833712987074], "sizes": [1.0, 1.0, 1.0]}, {"translations": [1894.2759628295898, 4.0348219871521, 787.0], "angles": [0.0, 0.0, 0.022394663300684965], "sizes": [1.0, 1.0, 1.0]}, {"translations": [1907.4932556152344, -3.541259765625, 937.0], "angles": [0.0, 0.0, 0.014092082172977999], "sizes": [0.9999999999999999, 0.9999999999999999, 1.0]}, {"translations": [2276.5075759887695, 2.395656108856201, 37.0], "angles": [0.0, 0.0, 0.01739675274051348], "sizes": [1.0, 1.0, 1.0]}, {"translations": [2283.2667846679688, 0.1521778106689453, 187.0], "angles": [0.0, 0.0, -0.024732339689910145], "sizes": [1.0, 1.0, 1.0]}, {"translations": [2283.8535766601562, 0.5452275276184082, 337.0], "angles": [0.0, 0.0, 0.009426405153984437], "sizes": [1.0, 1.0, 1.0]}, {"translations": [2306.204902648926, 0.4858231544494629, 487.0], "angles": [0.0, 0.0, 0.008566212952314875], "sizes": [1.0, 1.0, 1.0]}, {"translations": [2319.8807067871094, -6.692960262298584, 637.0], "angles": [0.0, 0.0, 0.013375733416133748], "sizes": [1.0, 1.0, 1.0]}, {"translations": [2286.3238677978516, -7.900900840759277, 787.0], "angles": [0.0, 0.0, -0.012739276586282204], "sizes": [1.0, 1.0, 1.0]}, {"translations": [2274.611427307129, 4.342007637023926, 937.0], "angles": [0.0, 0.0, -0.015285083881772478], "sizes": [1.0, 1.0, 1.0]}, {"translations": [2686.203598022461, -4.518120288848877, 37.0], "angles": [0.0, 0.0, 0.015628603101137742], "sizes": [0.9999999999999999, 0.9999999999999999, 1.0]}, {"translations": [2687.9570083618164, -5.466940402984619, 187.0], "angles": [0.0, 0.0, 0.03130529486243038], "sizes": [0.9999999999999999, 0.9999999999999999, 1.0]}, {"translations": [2703.031707763672, 9.540740966796875, 337.0], "angles": [0.0, 0.0, 0.04056469774402859], "sizes": [1.0, 1.0, 1.0]}, {"translations": [2716.9498748779297, -8.810394287109375, 487.0], "angles": [0.0, 0.0, -0.035505539259576196], "sizes": [1.0, 1.0, 1.0]}, {"translations": [2689.1847534179688, 5.577380657196045, 637.0], "angles": [0.0, 0.0, 0.019367221053248663], "sizes": [1.0, 1.0, 1.0]}, {"translations": [2689.9698028564453, 7.717952728271484, 787.0], "angles": [0.0, 0.0, -0.02300439083935385], "sizes": [1.0, 1.0, 1.0]}, {"translations": [2674.2404708862305, 0.40405988693237305, 937.0], "angles": [0.0, 0.0, 0.014590057679845345], "sizes": [1.0, 1.0, 1.0]}], "SM_CardBoxA_01": [{"translations": [2660.36907408271, -25.561929297386072, 658.0], "angles": [0.0, 0.0, 0.9448496449271341], "sizes": [1.0000000000000009, 1.0000000000000009, 1.0]}, {"translations": [2686.203598022461, -4.518120288848877, 58.0], "angles": [0.0, 0.0, 0.9974347986283383], "sizes": [1.0000000000000004, 1.0000000000000004, 1.0]}, {"translations": [1483.3691839206301, -35.20856181885625, 958.0], "angles": [0.0, 0.0, 0.9864581051357705], "sizes": [1.0000000000000009, 1.0000000000000009, 1.0]}, {"translations": [1463.1015777179805, 6.27342378612339, 58.0], "angles": [0.0, 0.0, 0.278089110905142], "sizes": [0.9999999999999999, 0.9999999999999999, 1.0]}, {"translations": [1525.3447949054232, 31.289057181198938, 58.0], "angles": [0.0, 0.0, -0.5144598843973427], "sizes": [0.9999999999999999, 0.9999999999999999, 1.0]}, {"translations": [1086.3704392517645, 28.47975870251203, 208.0], "angles": [0.0, 0.0, 0.7753983118584764], "sizes": [1.0000000000000007, 1.0000000000000007, 1.0]}, {"translations": [1121.1407950016867, 33.87676358190174, 58.0], "angles": [0.0, 0.0, 0.9577261036596525], "sizes": [1.000000000000001, 1.000000000000001, 1.0]}, {"translations": [288.25765511775137, -26.8347294594197, 358.0], "angles": [0.0, 0.0, -0.48741062420312864], "sizes": [0.9999999999999999, 0.9999999999999999, 1.0]}, {"translations": [2505.482047442622, -22.266761169776668, 808.0], "angles": [0.0, 0.0, 0.9429435065579935], "sizes": [1.0000000000000007, 1.0000000000000007, 1.0]}, {"translations": [2590.384275673015, -9.7737097907865, 508.0], "angles": [0.0, 0.0, 0.9775366144418881], "sizes": [1.0000000000000009, 1.0000000000000009, 1.0]}, {"translations": [2092.045808919186, -29.376814354240516, 358.0], "angles": [0.0, 0.0, 0.1086760001973827], "sizes": [0.9999999999999999, 0.9999999999999999, 1.0]}, {"translations": [2122.9454043072174, 2.450565303945241, 208.0], "angles": [0.0, 0.0, 0.9998055642198763], "sizes": [1.000000000000001, 1.000000000000001, 1.0]}, {"translations": [1312.5039825439453, 3.831033706665039, 58.0], "angles": [0.0, 0.0, 0.20252606607927437], "sizes": [1.0, 1.0, 1.0]}, {"translations": [932.7618658108418, -1.086252783785872, 208.0], "angles": [0.0, 0.0, 0.6116941806170153], "sizes": [1.0000000000000004, 1.0000000000000004, 1.0]}, {"translations": [85.45982431254048, -22.993251234820477, 808.0], "angles": [0.0, 0.0, 0.9901960253681721], "sizes": [0.9999999999999992, 0.9999999999999992, 1.0]}], "SM_CardBoxD_05": [{"translations": [2718.0004327532274, 36.71669061177816, 658.0], "angles": [0.0, 0.0, -0.5946279079458621], "sizes": [0.9999999999999999, 0.9999999999999999, 1.0]}, {"translations": [1873.1077562771015, 33.599690349544, 208.0], "angles": [0.0, 0.0, 0.18121937967924165], "sizes": [1.0, 1.0, 1.0]}, {"translations": [1542.4169183742918, 25.728824537056934, 958.0], "angles": [0.0, 0.0, 0.987694135030124], "sizes": [1.0000000000000002, 1.0000000000000002, 1.0]}, {"translations": [1119.911831297825, -29.61477649325709, 208.0], "angles": [0.0, 0.0, 0.5976310696302576], "sizes": [1.0000000000000002, 1.0000000000000002, 1.0]}, {"translations": [678.7420872907342, -38.326778762444924, 958.0], "angles": [0.0, 0.0, -0.8562855417503243], "sizes": [0.9999999999999999, 0.9999999999999999, 1.0]}, {"translations": [322.3337867401021, 39.09922947972828, 808.0], "angles": [0.0, 0.0, 0.5152288914013262], "sizes": [1.0, 1.0, 1.0]}, {"translations": [353.1859941742408, 27.794116284981225, 358.0], "angles": [0.0, 0.0, 0.9346144179001238], "sizes": [1.0000000000000002, 1.0000000000000002, 1.0]}, {"translations": [260.2394115669738, 29.68164346448769, 58.0], "angles": [0.0, 0.0, -0.5987450468429729], "sizes": [1.0000000000000002, 1.0000000000000002, 1.0]}, {"translations": [2472.417998478878, -21.752083394477207, 658.0], "angles": [0.0, 0.0, -0.2472728326777967], "sizes": [1.0, 1.0, 1.0]}, {"translations": [2138.9098052978516, 0.4858231544494629, 508.0], "angles": [0.0, 0.0, 0.8854531383224045], "sizes": [0.9999999999999999, 0.9999999999999999, 1.0]}, {"translations": [1712.570634361977, -34.587548834146865, 958.0], "angles": [0.0, 0.0, 0.9998738157043457], "sizes": [1.0000000000000009, 1.0000000000000009, 1.0]}, {"translations": [1344.7023849630343, -35.19451867674719, 658.0], "angles": [0.0, 0.0, -0.7134116491545084], "sizes": [1.0000000000000004, 1.0000000000000004, 1.0]}, {"translations": [1270.3784289459024, -0.8318410645207759, 508.0], "angles": [0.0, 0.0, 0.07377904191653702], "sizes": [1.0, 1.0, 1.0]}, {"translations": [908.1147177210908, -22.989307213619945, 958.0], "angles": [0.0, 0.0, -0.13164332704104986], "sizes": [0.9999999999999999, 0.9999999999999999, 1.0]}, {"translations": [905.8698336983193, -2.845650925358285, 358.0], "angles": [0.0, 0.0, 0.9235030337663369], "sizes": [1.0, 1.0, 1.0]}, {"translations": [940.4568723661416, -28.416834173535275, 58.0], "angles": [0.0, 0.0, -0.2500262259422251], "sizes": [1.0, 1.0, 1.0]}, {"translations": [106.59610946656903, 18.137159942007187, 508.0], "angles": [0.0, 0.0, -0.7906561486841018], "sizes": [1.0, 1.0, 1.0]}], "SM_CardBoxD_04": [{"translations": [2716.9498748779297, -8.810394287109375, 508.0], "angles": [0.0, 0.0, 0.03776604269489582], "sizes": [1.0, 1.0, 1.0]}, {"translations": [2670.6985588755138, 37.01013271427121, 358.0], "angles": [0.0, 0.0, 0.10453568062364171], "sizes": [0.9999999999999999, 0.9999999999999999, 1.0]}, {"translations": [2251.819999528319, -28.327634414496778, 208.0], "angles": [0.0, 0.0, -0.6579598927446021], "sizes": [1.0000000000000002, 1.0000000000000002, 1.0]}, {"translations": [2254.786972442803, 31.59896295031877, 208.0], "angles": [0.0, 0.0, 0.9509432810930344], "sizes": [1.0000000000000002, 1.0000000000000002, 1.0]}, {"translations": [2275.463928788545, 32.37749728850133, 58.0], "angles": [0.0, 0.0, 0.8697581704660753], "sizes": [1.0000000000000007, 1.0000000000000007, 1.0]}, {"translations": [1878.350611793206, -34.374785530000324, 958.0], "angles": [0.0, 0.0, 0.9999702738612868], "sizes": [1.0000000000000004, 1.0000000000000004, 1.0]}, {"translations": [1117.7528866751397, -26.663764066270353, 508.0], "angles": [0.0, 0.0, 0.39948122083327664], "sizes": [0.9999999999999999, 0.9999999999999999, 1.0]}, {"translations": [677.5424275823452, 7.532800264575301, 658.0], "angles": [0.0, 0.0, 0.9418735648267896], "sizes": [1.0, 1.0, 1.0]}, {"translations": [2504.9723492168737, 1.1223475282802022, 958.0], "angles": [0.0, 0.0, -0.6424524889221473], "sizes": [1.0, 1.0, 1.0]}, {"translations": [1277.6153515279505, 31.39118560298615, 358.0], "angles": [0.0, 0.0, -0.805659785418828], "sizes": [1.0000000000000004, 1.0000000000000004, 1.0]}, {"translations": [481.1690850137536, 21.575407969985353, 958.0], "angles": [0.0, 0.0, 0.9273854463635293], "sizes": [1.0000000000000007, 1.0000000000000007, 1.0]}, {"translations": [145.13761831441263, 37.327233702471844, 808.0], "angles": [0.0, 0.0, 0.560069290687075], "sizes": [0.9999999999999999, 0.9999999999999999, 1.0]}], "SM_CardBoxC_01": [{"translations": [2735.36485665183, -17.928650780677454, 358.0], "angles": [0.0, 0.0, -0.7377957124337429], "sizes": [1.0000000000000002, 1.0000000000000002, 1.0]}, {"translations": [2336.200499848665, 0.9997770735800892, 508.0], "angles": [0.0, 0.0, -0.7855959053739546], "sizes": [1.0000000000000002, 1.0000000000000002, 1.0]}, {"translations": [1903.9544296264648, 9.549428939819336, 658.0], "angles": [0.0, 0.0, 0.327681552206316], "sizes": [1.0, 1.0, 1.0]}, {"translations": [1457.0304371486252, -4.833279039528721, 508.0], "angles": [0.0, 0.0, 0.3339052339564036], "sizes": [1.0, 1.0, 1.0]}, {"translations": [1048.3507086971913, -22.154002533663732, 958.0], "angles": [0.0, 0.0, -0.6584424002834987], "sizes": [1.0000000000000004, 1.0000000000000004, 1.0]}, {"translations": [1125.9122557124376, 37.668426364434055, 808.0], "angles": [0.0, 0.0, 0.9037653430725455], "sizes": [1.0000000000000004, 1.0000000000000004, 1.0]}, {"translations": [683.0184199911033, -21.517931621997462, 508.0], "angles": [0.0, 0.0, -0.6703842591933119], "sizes": [1.0000000000000004, 1.0000000000000004, 1.0]}, {"translations": [685.3634464639748, 38.43622462126504, 508.0], "angles": [0.0, 0.0, 0.9124085804938844], "sizes": [1.0000000000000007, 1.0000000000000007, 1.0]}, {"translations": [326.3315989026409, -20.76743484953811, 808.0], "angles": [0.0, 0.0, -0.7668711733690081], "sizes": [1.0000000000000002, 1.0000000000000002, 1.0]}, {"translations": [262.2396565187167, -37.696186826763004, 658.0], "angles": [0.0, 0.0, 0.997907872781828], "sizes": [0.9999999999999991, 0.9999999999999991, 1.0]}, {"translations": [2103.943077778785, 36.0219472508833, 958.0], "angles": [0.0, 0.0, 0.6539065261782376], "sizes": [1.0000000000000004, 1.0000000000000004, 1.0]}, {"translations": [1686.37560253261, 39.437950034073225, 508.0], "angles": [0.0, 0.0, 0.24434548915923138], "sizes": [1.0, 1.0, 1.0]}, {"translations": [1676.0558508596062, -26.361362703085696, 208.0], "angles": [0.0, 0.0, 0.7212338108768841], "sizes": [1.0000000000000002, 1.0000000000000002, 1.0]}, {"translations": [1331.757844842482, 26.23413950509295, 508.0], "angles": [0.0, 0.0, -0.0828567136754311], "sizes": [1.0, 1.0, 1.0]}, {"translations": [1337.8520818149057, 31.516643377819648, 208.0], "angles": [0.0, 0.0, 0.9413410746871865], "sizes": [0.9999999999999998, 0.9999999999999998, 1.0]}, {"translations": [892.0218985232492, -24.01242993226998, 808.0], "angles": [0.0, 0.0, -0.14652557396210264], "sizes": [1.0, 1.0, 1.0]}, {"translations": [103.93172070935302, -32.09002627098151, 958.0], "angles": [0.0, 0.0, 0.9062162463280129], "sizes": [0.9999999999999999, 0.9999999999999999, 1.0]}, {"translations": [199.97375216472042, 28.30186081043279, 358.0], "angles": [0.0, 0.0, 0.3268997278156096], "sizes": [1.0, 1.0, 1.0]}], "SM_CardBoxB_01": [{"translations": [2719.775604142916, -33.53074204351399, 208.0], "angles": [0.0, 0.0, 0.9712779377339853], "sizes": [1.0000000000000007, 1.0000000000000007, 1.0]}, {"translations": [1876.659729850859, 25.601384056403283, 958.0], "angles": [0.0, 0.0, -0.6991425568132745], "sizes": [1.0000000000000002, 1.0000000000000002, 1.0]}, {"translations": [1108.2898229224577, -19.451672818311582, 958.0], "angles": [0.0, 0.0, -0.12903011777955195], "sizes": [0.9999999999999999, 0.9999999999999999, 1.0]}, {"translations": [1133.1067200312657, 27.26374544364225, 358.0], "angles": [0.0, 0.0, -0.8532276147995852], "sizes": [1.0000000000000004, 1.0000000000000004, 1.0]}, {"translations": [1063.848645916282, -28.71404767003651, 58.0], "angles": [0.0, 0.0, 0.08906233106391634], "sizes": [1.0, 1.0, 1.0]}, {"translations": [684.6299260476559, 27.013877527379876, 208.0], "angles": [0.0, 0.0, -0.47148216484849836], "sizes": [0.9999999999999999, 0.9999999999999999, 1.0]}, {"translations": [707.8640892857693, 4.872772720226607, 58.0], "angles": [0.0, 0.0, 0.6725626622662596], "sizes": [1.0000000000000004, 1.0000000000000004, 1.0]}, {"translations": [2563.071231648419, 39.02417173749038, 358.0], "angles": [0.0, 0.0, -0.7737507641718607], "sizes": [1.0000000000000004, 1.0000000000000004, 1.0]}, {"translations": [2498.907196044922, -4.518120288848877, 58.0], "angles": [0.0, 0.0, -0.09024747162761687], "sizes": [0.9999999999999999, 0.9999999999999999, 1.0]}, {"translations": [2166.2614097595215, -6.692960262298584, 658.0], "angles": [0.0, 0.0, 0.06923976626932428], "sizes": [1.0, 1.0, 1.0]}, {"translations": [1743.5285875308666, -23.279960532120104, 508.0], "angles": [0.0, 0.0, -0.1474813908495465], "sizes": [1.0, 1.0, 1.0]}, {"translations": [1254.588332348414, -23.129009652268177, 808.0], "angles": [0.0, 0.0, 0.3949702466257249], "sizes": [1.0, 1.0, 1.0]}, {"translations": [46.823731781625625, 23.358545379654963, 508.0], "angles": [0.0, 0.0, 0.997770495872088], "sizes": [0.9999999999999997, 0.9999999999999997, 1.0]}, {"translations": [2674.2404708862305, 0.40405988693237305, 958.0], "angles": [0.0, 0.0, -0.5136257824636535], "sizes": [1.0, 1.0, 1.0]}], "SM_CardBoxB_02": [{"translations": [2686.0796112915314, 24.47425830782996, 208.0], "angles": [0.0, 0.0, -0.7289289940317627], "sizes": [1.0000000000000002, 1.0000000000000002, 1.0]}, {"translations": [2283.28801747957, 30.539896100770786, 358.0], "angles": [0.0, 0.0, -0.5211481789185493], "sizes": [1.0, 1.0, 1.0]}, {"translations": [1938.3267813796097, -32.68390358765328, 958.0], "angles": [0.0, 0.0, 0.8723166806641152], "sizes": [1.0000000000000002, 1.0000000000000002, 1.0]}, {"translations": [1863.5759897945632, -21.256542193814713, 508.0], "angles": [0.0, 0.0, 0.9817340587826188], "sizes": [1.0000000000000002, 1.0000000000000002, 1.0]}, {"translations": [1923.6031480168654, 10.958762367326582, 58.0], "angles": [0.0, 0.0, 0.9186090643030314], "sizes": [1.0000000000000009, 1.0000000000000009, 1.0]}, {"translations": [1444.2378322162303, 29.513126611569707, 358.0], "angles": [0.0, 0.0, -0.6661346526141856], "sizes": [1.0000000000000004, 1.0000000000000004, 1.0]}, {"translations": [1490.758424268833, 4.026010962729135, 208.0], "angles": [0.0, 0.0, -0.3093094963386202], "sizes": [1.0, 1.0, 1.0]}, {"translations": [673.3718663616473, 10.573628507125955, 808.0], "angles": [0.0, 0.0, -0.5125584746465971], "sizes": [1.0, 1.0, 1.0]}, {"translations": [274.79551009921073, -39.12180147278466, 508.0], "angles": [0.0, 0.0, 0.25466627326524405], "sizes": [1.0, 1.0, 1.0]}, {"translations": [2049.5263848908758, 3.216817611901856, 58.0], "angles": [0.0, 0.0, 0.8856262652699787], "sizes": [1.0000000000000002, 1.0000000000000002, 1.0]}, {"translations": [2110.3250653084588, 31.56325406307913, 58.0], "angles": [0.0, 0.0, -0.7178597681369194], "sizes": [1.0000000000000007, 1.0000000000000007, 1.0]}, {"translations": [1704.8674617526435, -20.902275191410826, 658.0], "angles": [0.0, 0.0, 0.9883881673288982], "sizes": [1.0000000000000004, 1.0000000000000004, 1.0]}, {"translations": [1764.405398624596, 10.00458606998859, 658.0], "angles": [0.0, 0.0, -0.8566540429358169], "sizes": [1.0000000000000002, 1.0000000000000002, 1.0]}, {"translations": [1675.2963677683235, 33.63383031630591, 208.0], "angles": [0.0, 0.0, 0.9875639727955381], "sizes": [1.0000000000000004, 1.0000000000000004, 1.0]}, {"translations": [1382.9694226205636, 24.560875713107762, 958.0], "angles": [0.0, 0.0, -0.812407660162312], "sizes": [1.0000000000000002, 1.0000000000000002, 1.0]}, {"translations": [966.4827346801758, 3.2526063919067383, 508.0], "angles": [0.0, 0.0, -0.30490084848512794], "sizes": [1.0, 1.0, 1.0]}, {"translations": [478.5951056600745, -38.36935518983398, 958.0], "angles": [0.0, 0.0, 0.08266994292902453], "sizes": [0.9999999999999999, 0.9999999999999999, 1.0]}, {"translations": [524.865868386751, 7.479540373969066, 508.0], "angles": [0.0, 0.0, 0.14103008431422617], "sizes": [1.0, 1.0, 1.0]}, {"translations": [459.72715154281525, -30.629417107780057, 208.0], "angles": [0.0, 0.0, 0.280034447879433], "sizes": [1.0, 1.0, 1.0]}], "SM_CardBoxD_03": [{"translations": [2244.6254453344854, 5.25900553031005, 958.0], "angles": [0.0, 0.0, 0.9051007576649606], "sizes": [1.0, 1.0, 1.0]}, {"translations": [1894.2759628295898, 4.0348219871521, 808.0], "angles": [0.0, 0.0, 0.9895643225956815], "sizes": [1.0000000000000004, 1.0000000000000004, 1.0]}, {"translations": [1507.7972324810353, -26.702553033688847, 358.0], "angles": [0.0, 0.0, -0.6373730750088965], "sizes": [1.0000000000000002, 1.0000000000000002, 1.0]}, {"translations": [287.4087155476429, 24.48514853682041, 658.0], "angles": [0.0, 0.0, -0.5670224757679807], "sizes": [1.0, 1.0, 1.0]}, {"translations": [2067.5933193098685, -36.26141587240603, 808.0], "angles": [0.0, 0.0, 0.1445994370952888], "sizes": [1.0, 1.0, 1.0]}, {"translations": [1727.300098412686, 36.901271472352924, 358.0], "angles": [0.0, 0.0, 0.23979861455767326], "sizes": [1.0, 1.0, 1.0]}, {"translations": [1328.8588629395413, -33.69578544001624, 508.0], "angles": [0.0, 0.0, 0.19714581715576524], "sizes": [1.0, 1.0, 1.0]}, {"translations": [892.2374608720208, 35.987182840428744, 808.0], "angles": [0.0, 0.0, 0.8282441462148393], "sizes": [1.0000000000000004, 1.0000000000000004, 1.0]}, {"translations": [464.15024359397165, 29.207329601136166, 208.0], "angles": [0.0, 0.0, 0.9997590007660073], "sizes": [1.0000000000000007, 1.0000000000000007, 1.0]}, {"translations": [523.9869903028879, 24.784237549979764, 208.0], "angles": [0.0, 0.0, 0.12589797602387345], "sizes": [0.9999999999999999, 0.9999999999999999, 1.0]}, {"translations": [2661.3814531592607, 39.066098791340096, 808.0], "angles": [0.0, 0.0, 0.17742652636064712], "sizes": [1.0, 1.0, 1.0]}], "SM_CardBoxA_02": [{"translations": [2315.5498358785126, -38.65545805994515, 808.0], "angles": [0.0, 0.0, 0.7019573696240008], "sizes": [1.0000000000000002, 1.0000000000000002, 1.0]}, {"translations": [2289.08896919169, 22.49383291295162, 658.0], "angles": [0.0, 0.0, 0.9722775541171279], "sizes": [1.0000000000000007, 1.0000000000000007, 1.0]}, {"translations": [1863.6474928522753, 8.65237693015877, 58.0], "angles": [0.0, 0.0, 0.9990733004465089], "sizes": [1.0000000000000016, 1.0000000000000016, 1.0]}, {"translations": [1069.7172303715467, -25.909235805046848, 808.0], "angles": [0.0, 0.0, 0.5182684723528126], "sizes": [1.0, 1.0, 1.0]}, {"translations": [673.1664557832707, 38.34601590529926, 358.0], "angles": [0.0, 0.0, 0.9621868265742968], "sizes": [1.0000000000000007, 1.0000000000000007, 1.0]}, {"translations": [649.1523091175088, 37.321607359915205, 58.0], "angles": [0.0, 0.0, -0.4406848980503217], "sizes": [1.0, 1.0, 1.0]}, {"translations": [305.2861121802682, 29.98531623515864, 208.0], "angles": [0.0, 0.0, -0.4741693927131811], "sizes": [0.9999999999999998, 0.9999999999999998, 1.0]}, {"translations": [2530.415216209309, -7.847078783432251, 508.0], "angles": [0.0, 0.0, -0.1747191430965952], "sizes": [1.0, 1.0, 1.0]}, {"translations": [2533.3841200793186, -34.46440875290043, 208.0], "angles": [0.0, 0.0, -0.23455643135306342], "sizes": [1.0, 1.0, 1.0]}, {"translations": [2045.7727617809726, 2.6121532270552406, 958.0], "angles": [0.0, 0.0, 0.9470045118297453], "sizes": [1.0000000000000007, 1.0000000000000007, 1.0]}, {"translations": [1316.7516874049024, 2.084425022939415, 808.0], "angles": [0.0, 0.0, 0.09194269758873108], "sizes": [1.0, 1.0, 1.0]}, {"translations": [532.4413087860465, 39.418983947904664, 808.0], "angles": [0.0, 0.0, -0.527342500652893], "sizes": [1.0000000000000002, 1.0000000000000002, 1.0]}, {"translations": [570.0345621433235, 38.79690262358168, 658.0], "angles": [-0.0, -0.0, 0.0039507600711595255], "sizes": [1.0, 1.0, 1.0]}, {"translations": [562.9158866400885, -21.836393170324193, 358.0], "angles": [0.0, 0.0, -0.1290801538800907], "sizes": [1.0, 1.0, 1.0]}, {"translations": [503.8503029351068, 39.08369236466013, 358.0], "angles": [0.0, 0.0, -0.056473930955209806], "sizes": [0.9999999999999999, 0.9999999999999999, 1.0]}, {"translations": [482.33779280211326, 36.109893378872215, 58.0], "angles": [0.0, 0.0, 0.9212002247533797], "sizes": [0.9999999999999999, 0.9999999999999999, 1.0]}, {"translations": [138.01752560089386, 2.583657335621603, 358.0], "angles": [0.0, 0.0, -0.8311016846135387], "sizes": [1.0000000000000007, 1.0000000000000007, 1.0]}], "SM_CardBoxD_01": [{"translations": [2287.088162367114, 22.089361809164213, 808.0], "angles": [0.0, 0.0, 0.13867498330176475], "sizes": [1.0, 1.0, 1.0]}, {"translations": [2254.42446726759, -30.01500022612005, 358.0], "angles": [0.0, 0.0, 0.975702571993645], "sizes": [1.0000000000000002, 1.0000000000000002, 1.0]}, {"translations": [2247.5693820093484, -28.629832271013093, 58.0], "angles": [0.0, 0.0, -0.7455341854606821], "sizes": [1.0000000000000004, 1.0000000000000004, 1.0]}, {"translations": [1936.6358994372627, 27.292265998750324, 958.0], "angles": [0.0, 0.0, 0.99292548111033], "sizes": [0.9999999999999993, 0.9999999999999993, 1.0]}, {"translations": [1846.1048888645348, -27.8075173015074, 208.0], "angles": [0.0, 0.0, -0.3549442303351707], "sizes": [1.0, 1.0, 1.0]}, {"translations": [1522.788480927985, -35.987646729490045, 658.0], "angles": [0.0, 0.0, 0.24550865404750222], "sizes": [1.0, 1.0, 1.0]}, {"translations": [1105.5874932071056, 40.487441406954744, 958.0], "angles": [0.0, 0.0, -0.8439354648568115], "sizes": [1.0000000000000007, 1.0000000000000007, 1.0]}, {"translations": [1076.23156732225, -35.70622362357389, 358.0], "angles": [0.0, 0.0, 0.907764340664342], "sizes": [1.0000000000000002, 1.0000000000000002, 1.0]}, {"translations": [1061.1993148330153, 31.227432498634972, 58.0], "angles": [0.0, 0.0, -0.799917552654964], "sizes": [1.0000000000000002, 1.0000000000000002, 1.0]}, {"translations": [273.226543858941, 28.86571615228132, 958.0], "angles": [0.0, 0.0, 0.9301916297387512], "sizes": [0.9999999999999997, 0.9999999999999997, 1.0]}, {"translations": [2100.744686222797, 22.056564817981357, 808.0], "angles": [0.0, 0.0, 0.10963272599919764], "sizes": [1.0, 1.0, 1.0]}, {"translations": [1683.7618213550754, 8.986325029697989, 58.0], "angles": [0.0, 0.0, -0.14707699593231666], "sizes": [1.0, 1.0, 1.0]}, {"translations": [1351.5948085870589, -34.73190288807281, 958.0], "angles": [0.0, 0.0, 0.9803850325048682], "sizes": [1.0000000000000009, 1.0000000000000009, 1.0]}, {"translations": [511.6214694979561, 5.813412699018816, 658.0], "angles": [0.0, 0.0, 0.4228585590469559], "sizes": [1.0, 1.0, 1.0]}, {"translations": [76.10195165650084, -3.7384058887726326, 658.0], "angles": [0.0, 0.0, 0.9370244659336819], "sizes": [1.0000000000000002, 1.0000000000000002, 1.0]}, {"translations": [77.0445785522461, -0.000858306884765625, 208.0], "angles": [0.0, 0.0, 0.4304595356276914], "sizes": [1.0, 1.0, 1.0]}], "SM_CardBoxC_02": [{"translations": [2350.6724443825287, -35.879753437548786, 658.0], "angles": [0.0, 0.0, 0.9744112067374228], "sizes": [1.0000000000000009, 1.0000000000000009, 1.0]}, {"translations": [1884.6922950251264, -23.022616269139508, 358.0], "angles": [0.0, 0.0, 0.8543136279329698], "sizes": [1.0, 1.0, 1.0]}, {"translations": [737.3323668338655, -22.883694673196814, 658.0], "angles": [0.0, 0.0, -0.7410951517273443], "sizes": [1.0000000000000002, 1.0000000000000002, 1.0]}, {"translations": [2477.540042784264, 38.0288890142555, 658.0], "angles": [0.0, 0.0, 0.6874736772911169], "sizes": [1.0, 1.0, 1.0]}, {"translations": [2537.321015192997, 32.9068447088693, 658.0], "angles": [0.0, 0.0, 0.3757486370952557], "sizes": [0.9999999999999999, 0.9999999999999999, 1.0]}, {"translations": [2532.051211408061, -20.45488629378473, 358.0], "angles": [0.0, 0.0, 0.8530617917482238], "sizes": [1.0000000000000004, 1.0000000000000004, 1.0]}, {"translations": [2096.368497721439, 30.467269409477332, 358.0], "angles": [0.0, 0.0, 0.9358152637265089], "sizes": [1.0000000000000004, 1.0000000000000004, 1.0]}, {"translations": [1710.4402221619468, 25.374617102866807, 958.0], "angles": [0.0, 0.0, -0.47039564579920934], "sizes": [1.0, 1.0, 1.0]}, {"translations": [1715.0519256591797, 4.0348219871521, 808.0], "angles": [0.0, 0.0, -0.5222338944523773], "sizes": [1.0, 1.0, 1.0]}, {"translations": [1743.7394451244168, 10.624814267787363, 58.0], "angles": [0.0, 0.0, 0.9251079464575053], "sizes": [1.0, 1.0, 1.0]}, {"translations": [502.9230520201055, -20.909142255322855, 358.0], "angles": [0.0, 0.0, -0.02351484673675412], "sizes": [1.0, 1.0, 1.0]}, {"translations": [563.8431375550898, 38.15644144965879, 358.0], "angles": [0.0, 0.0, 0.9970556382624378], "sizes": [1.0, 1.0, 1.0]}, {"translations": [72.91552089033087, 27.10871750065818, 58.0], "angles": [0.0, 0.0, 0.8848145276300496], "sizes": [1.0000000000000002, 1.0000000000000002, 1.0]}, {"translations": [2688.5899046735035, -22.25029515185513, 808.0], "angles": [0.0, 0.0, -0.4318724732733594], "sizes": [1.0, 1.0, 1.0]}], "SM_CardBoxD_02": [{"translations": [2276.723259368317, -30.023727964420498, 508.0], "angles": [0.0, 0.0, 0.9128818640056361], "sizes": [0.9999999999999996, 0.9999999999999996, 1.0]}, {"translations": [1510.1675945170732, 4.935770238085763, 808.0], "angles": [0.0, 0.0, 0.9314642163294559], "sizes": [0.9999999999999999, 0.9999999999999999, 1.0]}, {"translations": [1104.988284956461, -30.323988485409508, 658.0], "angles": [0.0, 0.0, 0.07165190000336273], "sizes": [1.0, 1.0, 1.0]}, {"translations": [1050.2695733199062, 34.52863364226986, 658.0], "angles": [0.0, 0.0, 0.9290566177878828], "sizes": [1.0000000000000007, 1.0000000000000007, 1.0]}, {"translations": [1073.1841591431498, 24.21633726454197, 358.0], "angles": [0.0, 0.0, 0.14078375262415144], "sizes": [1.0, 1.0, 1.0]}, {"translations": [644.7102028936592, 19.481791920319143, 958.0], "angles": [0.0, 0.0, 0.9980115689066006], "sizes": [1.000000000000001, 1.000000000000001, 1.0]}, {"translations": [733.1639098872329, 38.89873739299875, 358.0], "angles": [0.0, 0.0, -0.7640262640942749], "sizes": [1.0000000000000002, 1.0000000000000002, 1.0]}, {"translations": [2060.8233621301706, 27.76561765927785, 208.0], "angles": [0.0, 0.0, -0.3426180863962761], "sizes": [1.0, 1.0, 1.0]}, {"translations": [1249.468879052535, -29.50032519442041, 358.0], "angles": [0.0, 0.0, 0.9910884932980298], "sizes": [1.0000000000000002, 1.0000000000000002, 1.0]}, {"translations": [1397.851981970349, 31.40718408475253, 208.0], "angles": [0.0, 0.0, 0.6440439839853559], "sizes": [1.0, 1.0, 1.0]}, {"translations": [850.5219192266754, 11.406471038684016, 958.0], "angles": [0.0, 0.0, 0.7677025847960469], "sizes": [1.0000000000000009, 1.0000000000000009, 1.0]}, {"translations": [913.1756453909037, -26.409467499153827, 658.0], "angles": [0.0, 0.0, 0.1396864196031725], "sizes": [1.0, 1.0, 1.0]}, {"translations": [994.1124137826365, -28.217604824561807, 208.0], "angles": [0.0, 0.0, 0.9442881774187013], "sizes": [1.0000000000000007, 1.0000000000000007, 1.0]}, {"translations": [882.5220094697959, 33.57955008540051, 58.0], "angles": [0.0, 0.0, 0.982175456443794], "sizes": [1.0000000000000013, 1.0000000000000013, 1.0]}]}