{"SM_RackShelf_01": [{"translations": [200.0, 0.0, 37.0], "angles": [0.0, 0.0, 0.0], "sizes": [1.0, 1.0, 1.0]}, {"translations": [200.0, 0.0, 187.0], "angles": [0.0, 0.0, 0.0], "sizes": [1.0, 1.0, 1.0]}, {"translations": [200.0, 0.0, 337.0], "angles": [0.0, 0.0, 0.0], "sizes": [1.0, 1.0, 1.0]}, {"translations": [600.0, 0.0, 37.0], "angles": [0.0, 0.0, 0.0], "sizes": [1.0, 1.0, 1.0]}, {"translations": [600.0, 0.0, 187.0], "angles": [0.0, 0.0, 0.0], "sizes": [1.0, 1.0, 1.0]}, {"translations": [600.0, 0.0, 337.0], "angles": [0.0, 0.0, 0.0], "sizes": [1.0, 1.0, 1.0]}, {"translations": [1000.0, 0.0, 37.0], "angles": [0.0, 0.0, 0.0], "sizes": [1.0, 1.0, 1.0]}, {"translations": [1000.0, 0.0, 187.0], "angles": [0.0, 0.0, 0.0], "sizes": [1.0, 1.0, 1.0]}, {"translations": [1000.0, 0.0, 337.0], "angles": [0.0, 0.0, 0.0], "sizes": [1.0, 1.0, 1.0]}, {"translations": [1400.0, 0.0, 37.0], "angles": [0.0, 0.0, 0.0], "sizes": [1.0, 1.0, 1.0]}, {"translations": [1400.0, 0.0, 187.0], "angles": [0.0, 0.0, 0.0], "sizes": [1.0, 1.0, 1.0]}, {"translations": [1400.0, 0.0, 337.0], "angles": [0.0, 0.0, 0.0], "sizes": [1.0, 1.0, 1.0]}, {"translations": [1800.0, 0.0, 37.0], "angles": [0.0, 0.0, 0.0], "sizes": [1.0, 1.0, 1.0]}, {"translations": [1800.0, 0.0, 187.0], "angles": [0.0, 0.0, 0.0], "sizes": [1.0, 1.0, 1.0]}, {"translations": [1800.0, 0.0, 337.0], "angles": [0.0, 0.0, 0.0], "sizes": [1.0, 1.0, 1.0]}, {"translations": [2200.0, 0.0, 37.0], "angles": [0.0, 0.0, 0.0], "sizes": [1.0, 1.0, 1.0]}, {"translations": [2200.0, 0.0, 187.0], "angles": [0.0, 0.0, 0.0], "sizes": [1.0, 1.0, 1.0]}, {"translations": [2200.0, 0.0, 337.0], "angles": [0.0, 0.0, 0.0], "sizes": [1.0, 1.0, 1.0]}, {"translations": [2600.0, 0.0, 37.0], "angles": [0.0, 0.0, 0.0], "sizes": [1.0, 1.0, 1.0]}, {"translations": [2600.0, 0.0, 187.0], "angles": [0.0, 0.0, 0.0], "sizes": [1.0, 1.0, 1.0]}, {"translations": [2600.0, 0.0, 337.0], "angles": [0.0, 0.0, 0.0], "sizes": [1.0, 1.0, 1.0]}, {"translations": [3000.0, 0.0, 37.0], "angles": [0.0, 0.0, 0.0], "sizes": [1.0, 1.0, 1.0]}, {"translations": [3000.0, 0.0, 187.0], "angles": [0.0, 0.0, 0.0], "sizes": [1.0, 1.0, 1.0]}, {"translations": [3000.0, 0.0, 337.0], "angles": [0.0, 0.0, 0.0], "sizes": [1.0, 1.0, 1.0]}, {"translations": [3400.0, 0.0, 37.0], "angles": [0.0, 0.0, 0.0], "sizes": [1.0, 1.0, 1.0]}, {"translations": [3400.0, 0.0, 187.0], "angles": [0.0, 0.0, 0.0], "sizes": [1.0, 1.0, 1.0]}, {"translations": [3400.0, 0.0, 337.0], "angles": [0.0, 0.0, 0.0], "sizes": [1.0, 1.0, 1.0]}], "SM_RackFrame_03": [{"translations": [0.0, 0.0, 0.0], "angles": [0.0, 0.0, 0.0], "sizes": [1.0, 1.0, 1.0]}, {"translations": [400.0, 0.0, 0.0], "angles": [0.0, 0.0, 0.0], "sizes": [1.0, 1.0, 1.0]}, {"translations": [800.0, 0.0, 0.0], "angles": [0.0, 0.0, 0.0], "sizes": [1.0, 1.0, 1.0]}, {"translations": [1200.0, 0.0, 0.0], "angles": [0.0, 0.0, 0.0], "sizes": [1.0, 1.0, 1.0]}, {"translations": [1600.0, 0.0, 0.0], "angles": [0.0, 0.0, 0.0], "sizes": [1.0, 1.0, 1.0]}, {"translations": [2000.0, 0.0, 0.0], "angles": [0.0, 0.0, 0.0], "sizes": [1.0, 1.0, 1.0]}, {"translations": [2400.0, 0.0, 0.0], "angles": [0.0, 0.0, 0.0], "sizes": [1.0, 1.0, 1.0]}, {"translations": [2800.0, 0.0, 0.0], "angles": [0.0, 0.0, 0.0], "sizes": [1.0, 1.0, 1.0]}, {"translations": [3200.0, 0.0, 0.0], "angles": [0.0, 0.0, 0.0], "sizes": [1.0, 1.0, 1.0]}, {"translations": [0.0, 0.0, 300.0], "angles": [0.0, 0.0, 0.0], "sizes": [1.0, 1.0, 1.0]}, {"translations": [400.0, 0.0, 300.0], "angles": [0.0, 0.0, 0.0], "sizes": [1.0, 1.0, 1.0]}, {"translations": [800.0, 0.0, 300.0], "angles": [0.0, 0.0, 0.0], "sizes": [1.0, 1.0, 1.0]}, {"translations": [1200.0, 0.0, 300.0], "angles": [0.0, 0.0, 0.0], "sizes": [1.0, 1.0, 1.0]}, {"translations": [1600.0, 0.0, 300.0], "angles": [0.0, 0.0, 0.0], "sizes": [1.0, 1.0, 1.0]}, {"translations": [2000.0, 0.0, 300.0], "angles": [0.0, 0.0, 0.0], "sizes": [1.0, 1.0, 1.0]}, {"translations": [2400.0, 0.0, 300.0], "angles": [0.0, 0.0, 0.0], "sizes": [1.0, 1.0, 1.0]}, {"translations": [2800.0, 0.0, 300.0], "angles": [0.0, 0.0, 0.0], "sizes": [1.0, 1.0, 1.0]}, {"translations": [3200.0, 0.0, 300.0], "angles": [0.0, 0.0, 0.0], "sizes": [1.0, 1.0, 1.0]}, {"translations": [3600.0, 0.0, 0.0], "angles": [0.0, 0.0, 0.0], "sizes": [1.0, 1.0, 1.0]}, {"translations": [3600.0, 0.0, 300.0], "angles": [0.0, 0.0, 0.0], "sizes": [1.0, 1.0, 1.0]}], "SM_PaletteA_01": [{"translations": [104.04623413085938, -1.7162489891052246, 37.0], "angles": [0.0, 0.0, 0.017418054801049278], "sizes": [1.0, 1.0, 1.0]}, {"translations": [77.0445785522461, -0.000858306884765625, 187.0], "angles": [0.0, 0.0, -0.01060616267425021], "sizes": [0.9999999999999999, 0.9999999999999999, 1.0]}, {"translations": [167.94365692138672, 0.4796934127807617, 337.0], "angles": [0.0, 0.0, -0.010433061580797107], "sizes": [1.0, 1.0, 1.0]}, {"translations": [482.2792282104492, 6.109950542449951, 37.0], "angles": [0.0, 0.0, -0.02022993897073686], "sizes": [1.0, 1.0, 1.0]}, {"translations": [491.85707092285156, -2.9225897789001465, 187.0], "angles": [0.0, 0.0, -0.009064220324753807], "sizes": [1.0, 1.0, 1.0]}, {"translations": [533.3830947875977, 8.623649597167969, 337.0], "angles": [0.0, 0.0, 0.01941248628027324], "sizes": [1.0, 1.0, 1.0]}, {"translations": [911.4894409179688, 2.581357955932617, 37.0], "angles": [0.0, 0.0, 0.0316247263512612], "sizes": [0.9999999999999999, 0.9999999999999999, 1.0]}, {"translations": [962.7283554077148, 0.3313159942626953, 187.0], "angles": [0.0, 0.0, 0.029409940163822864], "sizes": [1.0, 1.0, 1.0]}, {"translations": [935.8382797241211, -4.22123908996582, 337.0], "angles": [0.0, 0.0, 0.04145347019752016], "sizes": [1.0, 1.0, 1.0]}, {"translations": [1312.5039825439453, 3.831033706665039, 37.0], "angles": [0.0, 0.0, -0.031560838231298786], "sizes": [1.0, 1.0, 1.0]}, {"translations": [1367.7973022460938, 1.4619636535644531, 187.0], "angles": [0.0, 0.0, -0.03255637966587969], "sizes": [0.9999999999999999, 0.9999999999999999, 1.0]}, {"translations": [1278.5350646972656, 1.4052867889404297, 337.0], "angles": [0.0, 0.0, 0.008334521009363409], "sizes": [1.0, 1.0, 1.0]}, {"translations": [1713.750633239746, 9.805569648742676, 37.0], "angles": [0.0, 0.0, 0.024479411828101184], "sizes": [1.0, 1.0, 1.0]}, {"translations": [1675.6761093139648, 3.6362338066101074, 187.0], "angles": [0.0, 0.0, -0.020014262438533287], "sizes": [1.0, 1.0, 1.0]}, {"translations": [1697.231704711914, 6.969821453094482, 337.0], "angles": [0.0, 0.0, 0.018427261891558078], "sizes": [0.9999999999999999, 0.9999999999999999, 1.0]}, {"translations": [2079.5151443481445, 2.395656108856201, 37.0], "angles": [0.0, 0.0, -0.042052179691755495], "sizes": [0.9999999999999999, 0.9999999999999999, 1.0]}, {"translations": [2093.033576965332, 0.1521778106689453, 187.0], "angles": [0.0, 0.0, 0.01133051970521308], "sizes": [1.0, 1.0, 1.0]}, {"translations": [2094.2071533203125, 0.5452275276184082, 337.0], "angles": [0.0, 0.0, -0.004816456451350248], "sizes": [1.0, 1.0, 1.0]}, {"translations": [2498.907196044922, -4.518120288848877, 37.0], "angles": [0.0, 0.0, 0.026673200660052528], "sizes": [1.0, 1.0, 1.0]}, {"translations": [2502.4140243530273, -5.466940402984619, 187.0], "angles": [0.0, 0.0, 0.002933556158400556], "sizes": [0.9999999999999999, 0.9999999999999999, 1.0]}, {"translations": [2532.563407897949, 9.540740966796875, 337.0], "angles": [0.0, 0.0, 0.020432305698042306], "sizes": [1.0, 1.0, 1.0]}, {"translations": [2907.6520080566406, -5.5121564865112305, 37.0], "angles": [0.0, 0.0, -0.04084942810013468], "sizes": [1.0, 1.0, 1.0]}, {"translations": [2875.525344848633, 9.49099349975586, 187.0], "angles": [0.0, 0.0, 0.024820203267088666], "sizes": [0.9999999999999999, 0.9999999999999999, 1.0]}, {"translations": [2882.421142578125, 7.635831832885742, 337.0], "angles": [0.0, 0.0, -0.03838520277648282], "sizes": [0.9999999999999999, 0.9999999999999999, 1.0]}, {"translations": [3281.321846008301, 1.9383478164672852, 37.0], "angles": [0.0, 0.0, 0.019361895729810598], "sizes": [1.0, 1.0, 1.0]}, {"translations": [3335.089340209961, 3.0927324295043945, 187.0], "angles": [0.0, 0.0, 0.00020906334553478557], "sizes": [0.9999999999999999, 0.9999999999999999, 1.0]}, {"translations": [3325.660598754883, 5.971324443817139, 337.0], "angles": [0.0, 0.0, 0.01456608657612649], "sizes": [1.0, 1.0, 1.0]}, {"translations": [288.7731170654297, -1.7162489891052246, 37.0], "angles": [0.0, 0.0, 0.021148561973606057], "sizes": [1.0, 1.0, 1.0]}, {"translations": [275.2722930908203, -0.000858306884765625, 187.0], "angles": [0.0, 0.0, -0.03953218700560734], "sizes": [1.0, 1.0, 1.0]}, {"translations": [320.7218246459961, 0.4796934127807617, 337.0], "angles": [0.0, 0.0, -0.015053409285133618], "sizes": [1.0, 1.0, 1.0]}, {"translations": [677.8896102905273, 6.109950542449951, 37.0], "angles": [0.0, 0.0, -0.03985950594733077], "sizes": [0.9999999999999999, 0.9999999999999999, 1.0]}, {"translations": [682.6785354614258, -2.9225897789001465, 187.0], "angles": [0.0, 0.0, -0.01716508400320015], "sizes": [1.0, 1.0, 1.0]}, {"translations": [703.4415435791016, 8.623649597167969, 337.0], "angles": [0.0, 0.0, 0.005495571694328231], "sizes": [1.0, 1.0, 1.0]}, {"translations": [1092.4947204589844, 2.581357955932617, 37.0], "angles": [0.0, 0.0, -0.010486325009597581], "sizes": [1.0, 1.0, 1.0]}, {"translations": [1118.1141815185547, 0.3313159942626953, 187.0], "angles": [0.0, 0.0, -0.0006458373253931353], "sizes": [1.0, 1.0, 1.0]}, {"translations": [1104.6691436767578, -4.22123908996582, 337.0], "angles": [0.0, 0.0, 0.035862183884473875], "sizes": [1.0, 1.0, 1.0]}, {"translations": [1493.0019912719727, 3.831033706665039, 37.0], "angles": [0.0, 0.0, 0.003961561393505878], "sizes": [1.0, 1.0, 1.0]}, {"translations": [1520.6486511230469, 1.4619636535644531, 187.0], "angles": [0.0, 0.0, 0.043119167535862556], "sizes": [1.0, 1.0, 1.0]}, {"translations": [1476.0175323486328, 1.4052867889404297, 337.0], "angles": [0.0, 0.0, -0.04111020696351829], "sizes": [0.9999999999999999, 0.9999999999999999, 1.0]}, {"translations": [1893.6253204345703, 9.805569648742676, 37.0], "angles": [0.0, 0.0, 0.04107295004144837], "sizes": [1.0, 1.0, 1.0]}, {"translations": [1874.5880508422852, 3.6362338066101074, 187.0], "angles": [0.0, 0.0, 0.03847834455305169], "sizes": [1.0, 1.0, 1.0]}, {"translations": [1885.365852355957, 6.969821453094482, 337.0], "angles": [0.0, 0.0, -0.013761871824909205], "sizes": [1.0, 1.0, 1.0]}, {"translations": [2276.5075759887695, 2.395656108856201, 37.0], "angles": [0.0, 0.0, 0.008760621617008576], "sizes": [1.0, 1.0, 1.0]}, {"translations": [2283.2667846679688, 0.1521778106689453, 187.0], "angles": [0.0, 0.0, 0.02151866751542992], "sizes": [1.0, 1.0, 1.0]}, {"translations": [2283.8535766601562, 0.5452275276184082, 337.0], "angles": [0.0, 0.0, -0.03243659655263127], "sizes": [1.0, 1.0, 1.0]}, {"translations": [2686.203598022461, -4.518120288848877, 37.0], "angles": [0.0, 0.0, -0.019399172982333485], "sizes": [1.0, 1.0, 1.0]}, {"translations": [2687.9570083618164, -5.466940402984619, 187.0], "angles": [0.0, 0.0, -0.027919135080213462], "sizes": [0.9999999999999999, 0.9999999999999999, 1.0]}, {"translations": [2703.031707763672, 9.540740966796875, 337.0], "angles": [0.0, 0.0, -0.024495383923197334], "sizes": [0.9999999999999999, 0.9999999999999999, 1.0]}, {"translations": [3090.5760040283203, -5.5121564865112305, 37.0], "angles": [0.0, 0.0, 0.04081483587923994], "sizes": [0.9999999999999999, 0.9999999999999999, 1.0]}, {"translations": [3074.5126724243164, 9.49099349975586, 187.0], "angles": [0.0, 0.0, -0.016715061883651808], "sizes": [1.0, 1.0, 1.0]}, {"translations": [3077.9605712890625, 7.635831832885742, 337.0], "angles": [0.0, 0.0, -0.002384931316097129], "sizes": [1.0, 1.0, 1.0]}, {"translations": [3477.410919189453, 1.9383478164672852, 37.0], "angles": [0.0, 0.0, -0.036029862919802466], "sizes": [1.0, 1.0, 1.0]}, {"translations": [3504.2946701049805, 3.0927324295043945, 187.0], "angles": [0.0, 0.0, -0.006451660639125989], "sizes": [1.0, 1.0, 1.0]}, {"translations": [3499.5802993774414, 5.971324443817139, 337.0], "angles": [0.0, 0.0, 0.030751603286804045], "sizes": [1.0, 1.0, 1.0]}], "SM_CardBoxA_02": [{"translations": [3531.3677832841627, -22.12771231689664, 358.0], "angles": [0.0, 0.0, -0.8525930565129346], "sizes": [1.0000000000000002, 1.0000000000000002, 1.0]}, {"translations": [3058.229105518266, 21.94104290409267, 58.0], "angles": [0.0, 0.0, 0.25383019717187943], "sizes": [1.0, 1.0, 1.0]}, {"translations": [2674.5369912284887, 40.97402157158841, 358.0], "angles": [0.0, 0.0, -0.07087430614306153], "sizes": [1.0, 1.0, 1.0]}, {"translations": [2880.201048501886, 26.836642865600943, 58.0], "angles": [0.0, 0.0, 0.9937017892800685], "sizes": [1.0000000000000002, 1.0000000000000002, 1.0]}, {"translations": [2063.919561180417, -29.164396542156375, 358.0], "angles": [0.0, 0.0, -0.42185312060332153], "sizes": [1.0, 1.0, 1.0]}, {"translations": [1310.6112756047978, -26.109201102743228, 58.0], "angles": [0.0, 0.0, -0.4287193796735717], "sizes": [1.0, 1.0, 1.0]}, {"translations": [137.95018784782366, 1.1056430379226034, 358.0], "angles": [0.0, 0.0, -0.8171355172504391], "sizes": [1.0000000000000004, 1.0000000000000004, 1.0]}], "SM_CardBoxD_05": [{"translations": [3469.637039043724, 4.127100870813457, 358.0], "angles": [0.0, 0.0, -0.8331636821441457], "sizes": [1.0000000000000004, 1.0000000000000004, 1.0]}, {"translations": [1886.191486471287, 36.95845810612697, 358.0], "angles": [0.0, 0.0, -0.5538073893942378], "sizes": [1.0, 1.0, 1.0]}, {"translations": [683.7082887647734, 27.059731814569638, 208.0], "angles": [0.0, 0.0, 0.9369388404215439], "sizes": [1.0000000000000007, 1.0000000000000007, 1.0]}, {"translations": [647.9849371033893, 8.49962030425066, 58.0], "angles": [0.0, 0.0, -0.0670393875817962], "sizes": [1.0, 1.0, 1.0]}, {"translations": [2906.9771357155823, -18.983290534468324, 208.0], "angles": [0.0, 0.0, 0.07726839596141889], "sizes": [1.0, 1.0, 1.0]}, {"translations": [932.7802520825412, -1.4325171114263533, 208.0], "angles": [0.0, 0.0, -0.28130256422772604], "sizes": [1.0, 1.0, 1.0]}, {"translations": [451.0902352968047, -22.65194649221432, 58.0], "angles": [0.0, 0.0, 0.9970557260503966], "sizes": [1.0000000000000007, 1.0000000000000007, 1.0]}, {"translations": [197.31117636980795, -30.139725285924158, 358.0], "angles": [0.0, 0.0, -0.2067250266179777], "sizes": [1.0, 1.0, 1.0]}], "SM_CardBoxB_02": [{"translations": [3445.3284200973635, -25.82337496880075, 58.0], "angles": [0.0, 0.0, 0.11000745562864943], "sizes": [1.0, 1.0, 1.0]}, {"translations": [3063.1228046377164, -37.85905499656542, 58.0], "angles": [0.0, 0.0, 0.9998891467420905], "sizes": [1.0000000000000002, 1.0000000000000002, 1.0]}, {"translations": [2315.735620387906, 28.536927864358645, 358.0], "angles": [0.0, 0.0, 0.9225601822113071], "sizes": [1.0000000000000004, 1.0000000000000004, 1.0]}, {"translations": [1088.1142065449058, 0.3700662257048068, 208.0], "angles": [0.0, 0.0, 0.9504322163422533], "sizes": [1.0000000000000007, 1.0000000000000007, 1.0]}, {"translations": [245.3660607193871, 2.369218769043288, 208.0], "angles": [0.0, 0.0, 0.9930245502695562], "sizes": [1.0000000000000004, 1.0000000000000004, 1.0]}, {"translations": [2940.0008074087527, 21.93880306824363, 58.0], "angles": [0.0, 0.0, 0.9118994093188868], "sizes": [1.0, 1.0, 1.0]}, {"translations": [1309.0309507345632, -28.090491464907213, 358.0], "angles": [0.0, 0.0, 0.9999006043726489], "sizes": [1.0000000000000013, 1.0000000000000013, 1.0]}, {"translations": [3504.2946701049805, 3.0927324295043945, 208.0], "angles": [0.0, 0.0, 0.7261858373288989], "sizes": [1.0000000000000002, 1.0000000000000002, 1.0]}], "SM_CardBoxA_01": [{"translations": [3047.8178170908977, -22.220731421263398, 358.0], "angles": [0.0, 0.0, -0.7218557171232239], "sizes": [0.9999999999999996, 0.9999999999999996, 1.0]}, {"translations": [3075.5154360252623, 39.4742299021294, 208.0], "angles": [0.0, 0.0, -0.7202879715089119], "sizes": [1.0000000000000002, 1.0000000000000002, 1.0]}, {"translations": [2686.203598022461, -4.518120288848877, 58.0], "angles": [0.0, 0.0, 0.9947951644585944], "sizes": [1.0, 1.0, 1.0]}, {"translations": [2246.5121808982367, 1.8700389831574342, 58.0], "angles": [0.0, 0.0, 0.03611585926610825], "sizes": [0.9999999999999999, 0.9999999999999999, 1.0]}, {"translations": [1925.9863986398707, -17.63091367894405, 58.0], "angles": [0.0, 0.0, 0.3269734939570026], "sizes": [1.0, 1.0, 1.0]}, {"translations": [963.2501060167209, 28.160727794464414, 358.0], "angles": [0.0, 0.0, 0.5988587880361921], "sizes": [1.0000000000000002, 1.0000000000000002, 1.0]}, {"translations": [534.5476244790016, -21.353739725417125, 358.0], "angles": [0.0, 0.0, -0.5364071111150137], "sizes": [1.0000000000000002, 1.0000000000000002, 1.0]}, {"translations": [453.51733117578493, 37.29894345609451, 58.0], "angles": [0.0, 0.0, 0.9535257859824381], "sizes": [1.000000000000001, 1.000000000000001, 1.0]}], "SM_CardBoxB_01": [{"translations": [3048.1040080349135, 37.77858603105071, 358.0], "angles": [0.0, 0.0, -0.8201880889276881], "sizes": [0.9999999999999993, 0.9999999999999993, 1.0]}, {"translations": [2671.5984271588804, -18.953975568386213, 358.0], "angles": [0.0, 0.0, -0.23535415771399384], "sizes": [1.0, 1.0, 1.0]}, {"translations": [2659.6782721549384, 26.16078601770234, 208.0], "angles": [0.0, 0.0, 0.25442683097654123], "sizes": [1.0, 1.0, 1.0]}, {"translations": [2314.5298225726433, -28.529217918459647, 208.0], "angles": [0.0, 0.0, 0.13616961590216176], "sizes": [1.0, 1.0, 1.0]}, {"translations": [2305.9773539536036, 32.91666832508798, 58.0], "angles": [0.0, 0.0, -0.6139753146008985], "sizes": [1.0, 1.0, 1.0]}, {"translations": [1872.281059913675, 33.547398826637504, 208.0], "angles": [0.0, 0.0, 0.8406859205226217], "sizes": [1.0000000000000002, 1.0000000000000002, 1.0]}, {"translations": [1074.7463094507357, -6.371586011277854, 358.0], "angles": [0.0, 0.0, 0.7411369357487618], "sizes": [1.0000000000000007, 1.0000000000000007, 1.0]}, {"translations": [733.4397315006067, 8.953378919586426, 358.0], "angles": [0.0, 0.0, 0.0574275862717332], "sizes": [1.0, 1.0, 1.0]}, {"translations": [2847.0510608144086, -21.960797367193607, 208.0], "angles": [0.0, 0.0, 0.984757218368641], "sizes": [0.9999999999999993, 0.9999999999999993, 1.0]}, {"translations": [2561.3126767376402, 40.74137463316942, 358.0], "angles": [0.0, 0.0, 0.9771163036015151], "sizes": [1.0000000000000004, 1.0000000000000004, 1.0]}, {"translations": [2498.907196044922, -4.518120288848877, 58.0], "angles": [0.0, 0.0, 0.9815977726420437], "sizes": [1.0000000000000002, 1.0000000000000002, 1.0]}, {"translations": [2049.6212474971544, 4.916554968856326, 58.0], "angles": [0.0, 0.0, 0.9908617607561169], "sizes": [1.0000000000000002, 1.0000000000000002, 1.0]}, {"translations": [1676.8767245223723, 33.6121995645526, 208.0], "angles": [0.0, 0.0, 0.9801211976021447], "sizes": [1.000000000000001, 1.000000000000001, 1.0]}, {"translations": [1395.7813598818245, -30.42678856787087, 208.0], "angles": [0.0, 0.0, 0.9256158873699711], "sizes": [1.0000000000000002, 1.0000000000000002, 1.0]}, {"translations": [908.4264534315213, -36.603205974396055, 358.0], "angles": [0.0, 0.0, -0.20689336280467707], "sizes": [1.0, 1.0, 1.0]}], "SM_CardBoxD_03": [{"translations": [3103.493145225744, -21.495006503563655, 208.0], "angles": [0.0, 0.0, -0.17814504788952099], "sizes": [1.0, 1.0, 1.0]}, {"translations": [1846.983876750868, -28.58192214202741, 208.0], "angles": [0.0, 0.0, 0.4163656756168348], "sizes": [1.0, 1.0, 1.0]}, {"translations": [1136.742324824092, -31.993726394675956, 358.0], "angles": [0.0, 0.0, 0.424672172397642], "sizes": [1.0, 1.0, 1.0]}, {"translations": [1061.8721733333284, -26.78289935694671, 58.0], "angles": [0.0, 0.0, -0.04937202472055207], "sizes": [0.9999999999999999, 0.9999999999999999, 1.0]}, {"translations": [307.54860253818157, 27.535296988620402, 208.0], "angles": [0.0, 0.0, 0.966512963088771], "sizes": [1.0000000000000009, 1.0000000000000009, 1.0]}, {"translations": [2935.1029676113953, -37.860955838623404, 58.0], "angles": [0.0, 0.0, 0.6684887405314655], "sizes": [1.0000000000000002, 1.0000000000000002, 1.0]}, {"translations": [2503.814139058258, -21.65989269957567, 358.0], "angles": [0.0, 0.0, 0.7759232687908738], "sizes": [1.0000000000000004, 1.0000000000000004, 1.0]}, {"translations": [2062.361492263621, 29.46468742774307, 208.0], "angles": [0.0, 0.0, 0.9605086085867712], "sizes": [1.0000000000000002, 1.0000000000000002, 1.0]}, {"translations": [994.4402918385775, -27.85295422522188, 208.0], "angles": [0.0, 0.0, 0.9996902466001215], "sizes": [1.0000000000000004, 1.0000000000000004, 1.0]}, {"translations": [461.31816965074574, -32.373829295982844, 208.0], "angles": [0.0, 0.0, 0.9349092354123201], "sizes": [1.0000000000000007, 1.0000000000000007, 1.0]}], "SM_CardBoxD_02": [{"translations": [3118.029203418924, 26.834742023542958, 58.0], "angles": [-0.0, -0.0, 0.024360104510684055], "sizes": [1.0, 1.0, 1.0]}, {"translations": [1503.4516022133032, -30.957837452399204, 358.0], "angles": [0.0, 0.0, -0.32039894676589004], "sizes": [1.0, 1.0, 1.0]}, {"translations": [1553.121839204015, -25.84173675238913, 208.0], "angles": [0.0, 0.0, 0.530000073375656], "sizes": [0.9999999999999999, 0.9999999999999999, 1.0]}, {"translations": [2875.3032087045285, -32.96311604126609, 58.0], "angles": [0.0, 0.0, 0.9905609348010322], "sizes": [1.0000000000000002, 1.0000000000000002, 1.0]}, {"translations": [2472.2385280859926, 24.356530639772586, 208.0], "angles": [0.0, 0.0, 0.7295341706319874], "sizes": [1.0, 1.0, 1.0]}, {"translations": [2123.916777390087, -29.74236461227708, 358.0], "angles": [0.0, 0.0, 0.989240986194242], "sizes": [0.9999999999999998, 0.9999999999999998, 1.0]}], "SM_CardBoxC_01": [{"translations": [2717.910239675599, -7.1414355098892095, 208.0], "angles": [0.0, 0.0, 0.629390095801668], "sizes": [1.0000000000000002, 1.0000000000000002, 1.0]}, {"translations": [1863.7265396680768, 7.343272209935842, 58.0], "angles": [0.0, 0.0, -0.1260717084432407], "sizes": [1.0, 1.0, 1.0]}, {"translations": [3281.321846008301, 1.9383478164672852, 58.0], "angles": [0.0, 0.0, 0.435095816943452], "sizes": [0.9999999999999999, 0.9999999999999999, 1.0]}, {"translations": [2501.3627742315766, 38.29000980648774, 358.0], "angles": [0.0, 0.0, 0.5324622960021265], "sizes": [1.0, 1.0, 1.0]}, {"translations": [2063.7210673482577, -30.5199068910421, 208.0], "angles": [0.0, 0.0, -0.17052648241783686], "sizes": [1.0, 1.0, 1.0]}, {"translations": [1248.039178659968, 30.901065042788073, 358.0], "angles": [0.0, 0.0, 0.8962468253788667], "sizes": [0.9999999999999999, 0.9999999999999999, 1.0]}], "SM_CardBoxD_04": [{"translations": [2251.9715329324067, -27.44647280912183, 358.0], "angles": [0.0, 0.0, 0.30700589010828344], "sizes": [1.0, 1.0, 1.0]}, {"translations": [2252.003746763294, 28.833573539797538, 208.0], "angles": [0.0, 0.0, -0.7850990067889982], "sizes": [1.0, 1.0, 1.0]}, {"translations": [3295.6733290075713, 5.097451969149325, 358.0], "angles": [0.0, 0.0, 0.939348997953474], "sizes": [0.9999999999999998, 0.9999999999999998, 1.0]}, {"translations": [3335.089340209961, 3.0927324295043945, 208.0], "angles": [0.0, 0.0, 0.5412562150310721], "sizes": [1.0, 1.0, 1.0]}, {"translations": [2850.20813319466, -19.974347928586464, 358.0], "angles": [0.0, 0.0, 0.22266524328329235], "sizes": [1.0, 1.0, 1.0]}, {"translations": [2912.3327371505934, 5.334417021889449, 358.0], "angles": [0.0, 0.0, 0.9983406238038727], "sizes": [0.9999999999999996, 0.9999999999999996, 1.0]}, {"translations": [2532.589520620062, -35.290411445741825, 208.0], "angles": [0.0, 0.0, -0.3649529717949026], "sizes": [1.0, 1.0, 1.0]}, {"translations": [943.3259680038879, -25.462100160133176, 58.0], "angles": [0.0, 0.0, -0.7218054179522182], "sizes": [1.0000000000000002, 1.0000000000000002, 1.0]}], "SM_CardBoxC_02": [{"translations": [1488.1754630420787, 28.765664059518038, 208.0], "angles": [0.0, 0.0, 0.3401401842150802], "sizes": [1.0, 1.0, 1.0]}, {"translations": [1148.1529067236459, 30.29254073646953, 208.0], "angles": [0.0, 0.0, -0.07470579555630658], "sizes": [1.0, 1.0, 1.0]}, {"translations": [1093.1238653653727, 32.574760175200204, 58.0], "angles": [0.0, 0.0, 0.6028144676827023], "sizes": [1.0, 1.0, 1.0]}, {"translations": [673.7730849800149, -21.704267646755635, 358.0], "angles": [0.0, 0.0, 0.3968097124084592], "sizes": [0.9999999999999999, 0.9999999999999999, 1.0]}, {"translations": [705.4046137158647, -26.18439240648884, 58.0], "angles": [0.0, 0.0, 0.24360528383093008], "sizes": [1.0, 1.0, 1.0]}, {"translations": [2844.0735539816833, 37.96527753398004, 208.0], "angles": [0.0, 0.0, 0.6837353683040159], "sizes": [1.0000000000000002, 1.0000000000000002, 1.0]}, {"translations": [2064.497529250538, 30.832819667513895, 358.0], "angles": [0.0, 0.0, 0.04691156311787197], "sizes": [1.0, 1.0, 1.0]}, {"translations": [903.4563128396909, 23.190587202633942, 358.0], "angles": [0.0, 0.0, 0.807612555694111], "sizes": [1.0000000000000007, 1.0000000000000007, 1.0]}, {"translations": [939.5328990340346, 34.41788504185177, 58.0], "angles": [0.0, 0.0, 0.6648012801074453], "sizes": [1.0000000000000002, 1.0000000000000002, 1.0]}, {"translations": [73.01951270600077, 27.22062295006989, 58.0], "angles": [0.0, 0.0, 0.8839742314902699], "sizes": [0.9999999999999999, 0.9999999999999999, 1.0]}], "SM_CardBoxD_01": [{"translations": [1493.239683090397, -26.16802465521449, 58.0], "angles": [0.0, 0.0, 0.9380204600118759], "sizes": [1.0, 1.0, 1.0]}, {"translations": [1121.8589777718637, -28.04118916972323, 58.0], "angles": [0.0, 0.0, -0.3977783338635019], "sizes": [1.0, 1.0, 1.0]}, {"translations": [291.6385231697788, 31.369199320830806, 358.0], "angles": [0.0, 0.0, -0.5071665185016019], "sizes": [1.0, 1.0, 1.0]}, {"translations": [287.5044871469867, 28.256915310481688, 58.0], "angles": [0.0, 0.0, 0.5150242462225058], "sizes": [1.0, 1.0, 1.0]}, {"translations": [1698.3371526924373, -23.009804708056315, 358.0], "angles": [0.0, 0.0, 0.9231571931585439], "sizes": [1.0000000000000004, 1.0000000000000004, 1.0]}, {"translations": [1683.7865877359532, 8.337245077463658, 58.0], "angles": [0.0, 0.0, 0.9520683955057893], "sizes": [1.000000000000001, 1.000000000000001, 1.0]}, {"translations": [77.0445785522461, -0.000858306884765625, 208.0], "angles": [0.0, 0.0, 0.426797322238879], "sizes": [1.0000000000000002, 1.0000000000000002, 1.0]}]}