{"SM_RackShelf_01": [{"translations": [200.0, 0.0, 37.0], "angles": [0.0, 0.0, 0.0], "sizes": [1.0, 1.0, 1.0]}, {"translations": [200.0, 0.0, 187.0], "angles": [0.0, 0.0, 0.0], "sizes": [1.0, 1.0, 1.0]}, {"translations": [200.0, 0.0, 337.0], "angles": [0.0, 0.0, 0.0], "sizes": [1.0, 1.0, 1.0]}, {"translations": [200.0, 0.0, 487.0], "angles": [0.0, 0.0, 0.0], "sizes": [1.0, 1.0, 1.0]}, {"translations": [200.0, 0.0, 637.0], "angles": [0.0, 0.0, 0.0], "sizes": [1.0, 1.0, 1.0]}, {"translations": [600.0, 0.0, 37.0], "angles": [0.0, 0.0, 0.0], "sizes": [1.0, 1.0, 1.0]}, {"translations": [600.0, 0.0, 187.0], "angles": [0.0, 0.0, 0.0], "sizes": [1.0, 1.0, 1.0]}, {"translations": [600.0, 0.0, 337.0], "angles": [0.0, 0.0, 0.0], "sizes": [1.0, 1.0, 1.0]}, {"translations": [600.0, 0.0, 487.0], "angles": [0.0, 0.0, 0.0], "sizes": [1.0, 1.0, 1.0]}, {"translations": [600.0, 0.0, 637.0], "angles": [0.0, 0.0, 0.0], "sizes": [1.0, 1.0, 1.0]}, {"translations": [1000.0, 0.0, 37.0], "angles": [0.0, 0.0, 0.0], "sizes": [1.0, 1.0, 1.0]}, {"translations": [1000.0, 0.0, 187.0], "angles": [0.0, 0.0, 0.0], "sizes": [1.0, 1.0, 1.0]}, {"translations": [1000.0, 0.0, 337.0], "angles": [0.0, 0.0, 0.0], "sizes": [1.0, 1.0, 1.0]}, {"translations": [1000.0, 0.0, 487.0], "angles": [0.0, 0.0, 0.0], "sizes": [1.0, 1.0, 1.0]}, {"translations": [1000.0, 0.0, 637.0], "angles": [0.0, 0.0, 0.0], "sizes": [1.0, 1.0, 1.0]}, {"translations": [1400.0, 0.0, 37.0], "angles": [0.0, 0.0, 0.0], "sizes": [1.0, 1.0, 1.0]}, {"translations": [1400.0, 0.0, 187.0], "angles": [0.0, 0.0, 0.0], "sizes": [1.0, 1.0, 1.0]}, {"translations": [1400.0, 0.0, 337.0], "angles": [0.0, 0.0, 0.0], "sizes": [1.0, 1.0, 1.0]}, {"translations": [1400.0, 0.0, 487.0], "angles": [0.0, 0.0, 0.0], "sizes": [1.0, 1.0, 1.0]}, {"translations": [1400.0, 0.0, 637.0], "angles": [0.0, 0.0, 0.0], "sizes": [1.0, 1.0, 1.0]}, {"translations": [1800.0, 0.0, 37.0], "angles": [0.0, 0.0, 0.0], "sizes": [1.0, 1.0, 1.0]}, {"translations": [1800.0, 0.0, 187.0], "angles": [0.0, 0.0, 0.0], "sizes": [1.0, 1.0, 1.0]}, {"translations": [1800.0, 0.0, 337.0], "angles": [0.0, 0.0, 0.0], "sizes": [1.0, 1.0, 1.0]}, {"translations": [1800.0, 0.0, 487.0], "angles": [0.0, 0.0, 0.0], "sizes": [1.0, 1.0, 1.0]}, {"translations": [1800.0, 0.0, 637.0], "angles": [0.0, 0.0, 0.0], "sizes": [1.0, 1.0, 1.0]}, {"translations": [2200.0, 0.0, 37.0], "angles": [0.0, 0.0, 0.0], "sizes": [1.0, 1.0, 1.0]}, {"translations": [2200.0, 0.0, 187.0], "angles": [0.0, 0.0, 0.0], "sizes": [1.0, 1.0, 1.0]}, {"translations": [2200.0, 0.0, 337.0], "angles": [0.0, 0.0, 0.0], "sizes": [1.0, 1.0, 1.0]}, {"translations": [2200.0, 0.0, 487.0], "angles": [0.0, 0.0, 0.0], "sizes": [1.0, 1.0, 1.0]}, {"translations": [2200.0, 0.0, 637.0], "angles": [0.0, 0.0, 0.0], "sizes": [1.0, 1.0, 1.0]}], "SM_RackFrame_03": [{"translations": [0.0, 0.0, 0.0], "angles": [0.0, 0.0, 0.0], "sizes": [1.0, 1.0, 1.0]}, {"translations": [400.0, 0.0, 0.0], "angles": [0.0, 0.0, 0.0], "sizes": [1.0, 1.0, 1.0]}, {"translations": [800.0, 0.0, 0.0], "angles": [0.0, 0.0, 0.0], "sizes": [1.0, 1.0, 1.0]}, {"translations": [1200.0, 0.0, 0.0], "angles": [0.0, 0.0, 0.0], "sizes": [1.0, 1.0, 1.0]}, {"translations": [1600.0, 0.0, 0.0], "angles": [0.0, 0.0, 0.0], "sizes": [1.0, 1.0, 1.0]}, {"translations": [2000.0, 0.0, 0.0], "angles": [0.0, 0.0, 0.0], "sizes": [1.0, 1.0, 1.0]}, {"translations": [0.0, 0.0, 300.0], "angles": [0.0, 0.0, 0.0], "sizes": [1.0, 1.0, 1.0]}, {"translations": [400.0, 0.0, 300.0], "angles": [0.0, 0.0, 0.0], "sizes": [1.0, 1.0, 1.0]}, {"translations": [800.0, 0.0, 300.0], "angles": [0.0, 0.0, 0.0], "sizes": [1.0, 1.0, 1.0]}, {"translations": [1200.0, 0.0, 300.0], "angles": [0.0, 0.0, 0.0], "sizes": [1.0, 1.0, 1.0]}, {"translations": [1600.0, 0.0, 300.0], "angles": [0.0, 0.0, 0.0], "sizes": [1.0, 1.0, 1.0]}, {"translations": [2000.0, 0.0, 300.0], "angles": [0.0, 0.0, 0.0], "sizes": [1.0, 1.0, 1.0]}, {"translations": [0.0, 0.0, 600.0], "angles": [0.0, 0.0, 0.0], "sizes": [1.0, 1.0, 1.0]}, {"translations": [400.0, 0.0, 600.0], "angles": [0.0, 0.0, 0.0], "sizes": [1.0, 1.0, 1.0]}, {"translations": [800.0, 0.0, 600.0], "angles": [0.0, 0.0, 0.0], "sizes": [1.0, 1.0, 1.0]}, {"translations": [1200.0, 0.0, 600.0], "angles": [0.0, 0.0, 0.0], "sizes": [1.0, 1.0, 1.0]}, {"translations": [1600.0, 0.0, 600.0], "angles": [0.0, 0.0, 0.0], "sizes": [1.0, 1.0, 1.0]}, {"translations": [2000.0, 0.0, 600.0], "angles": [0.0, 0.0, 0.0], "sizes": [1.0, 1.0, 1.0]}, {"translations": [2400.0, 0.0, 0.0], "angles": [0.0, 0.0, 0.0], "sizes": [1.0, 1.0, 1.0]}, {"translations": [2400.0, 0.0, 300.0], "angles": [0.0, 0.0, 0.0], "sizes": [1.0, 1.0, 1.0]}, {"translations": [2400.0, 0.0, 600.0], "angles": [0.0, 0.0, 0.0], "sizes": [1.0, 1.0, 1.0]}], "SM_PaletteA_01": [{"translations": [104.04623413085938, -1.7162489891052246, 37.0], "angles": [0.0, 0.0, 0.04009368509636207], "sizes": [0.9999999999999999, 0.9999999999999999, 1.0]}, {"translations": [77.0445785522461, -0.000858306884765625, 187.0], "angles": [0.0, 0.0, -0.03493595976033508], "sizes": [0.9999999999999999, 0.9999999999999999, 1.0]}, {"translations": [167.94365692138672, 0.4796934127807617, 337.0], "angles": [0.0, 0.0, 0.013250575937917572], "sizes": [1.0, 1.0, 1.0]}, {"translations": [74.09922790527344, -9.138336181640625, 487.0], "angles": [0.0, 0.0, -0.014203926864160133], "sizes": [1.0, 1.0, 1.0]}, {"translations": [106.05471801757812, -5.421197414398193, 637.0], "angles": [0.0, 0.0, 0.041589178440833326], "sizes": [1.0, 1.0, 1.0]}, {"translations": [482.2792282104492, 6.109950542449951, 37.0], "angles": [0.0, 0.0, -0.017026617785099205], "sizes": [0.9999999999999999, 0.9999999999999999, 1.0]}, {"translations": [491.85707092285156, -2.9225897789001465, 187.0], "angles": [0.0, 0.0, -0.036631360767063616], "sizes": [1.0, 1.0, 1.0]}, {"translations": [533.3830947875977, 8.623649597167969, 337.0], "angles": [0.0, 0.0, -0.0020706686856482135], "sizes": [1.0, 1.0, 1.0]}, {"translations": [494.8818664550781, 8.459146499633789, 487.0], "angles": [0.0, 0.0, 0.010267949237111284], "sizes": [1.0, 1.0, 1.0]}, {"translations": [541.5834045410156, 7.324190139770508, 637.0], "angles": [0.0, 0.0, -0.02465513156909455], "sizes": [1.0, 1.0, 1.0]}, {"translations": [911.4894409179688, 2.581357955932617, 37.0], "angles": [0.0, 0.0, 0.026750408933242226], "sizes": [0.9999999999999999, 0.9999999999999999, 1.0]}, {"translations": [962.7283554077148, 0.3313159942626953, 187.0], "angles": [0.0, 0.0, 0.042962182480243596], "sizes": [1.0, 1.0, 1.0]}, {"translations": [935.8382797241211, -4.22123908996582, 337.0], "angles": [0.0, 0.0, 0.019135558576805278], "sizes": [1.0, 1.0, 1.0]}, {"translations": [966.4827346801758, 3.2526063919067383, 487.0], "angles": [0.0, 0.0, 0.02209379432033993], "sizes": [1.0, 1.0, 1.0]}, {"translations": [881.7578506469727, 2.102322578430176, 637.0], "angles": [0.0, 0.0, -0.017045257207344525], "sizes": [1.0, 1.0, 1.0]}, {"translations": [1312.5039825439453, 3.831033706665039, 37.0], "angles": [0.0, 0.0, -0.017335507192237923], "sizes": [0.9999999999999999, 0.9999999999999999, 1.0]}, {"translations": [1367.7973022460938, 1.4619636535644531, 187.0], "angles": [0.0, 0.0, -0.04139493094391585], "sizes": [1.0, 1.0, 1.0]}, {"translations": [1278.5350646972656, 1.4052867889404297, 337.0], "angles": [0.0, 0.0, -0.02548846389541634], "sizes": [0.9999999999999999, 0.9999999999999999, 1.0]}, {"translations": [1300.343391418457, -2.281332015991211, 487.0], "angles": [0.0, 0.0, 0.009034926752333012], "sizes": [1.0, 1.0, 1.0]}, {"translations": [1315.598030090332, -4.324848651885986, 637.0], "angles": [0.0, 0.0, -0.03784495728847922], "sizes": [1.0, 1.0, 1.0]}, {"translations": [1713.750633239746, 9.805569648742676, 37.0], "angles": [0.0, 0.0, 0.025754700895264705], "sizes": [0.9999999999999999, 0.9999999999999999, 1.0]}, {"translations": [1675.6761093139648, 3.6362338066101074, 187.0], "angles": [0.0, 0.0, 0.0052079492151398], "sizes": [1.0, 1.0, 1.0]}, {"translations": [1697.231704711914, 6.969821453094482, 337.0], "angles": [0.0, 0.0, -0.04312981027013708], "sizes": [1.0, 1.0, 1.0]}, {"translations": [1714.9520950317383, 8.078994750976562, 487.0], "angles": [0.0, 0.0, -0.028850894965560838], "sizes": [1.0, 1.0, 1.0]}, {"translations": [1734.4088516235352, 9.549428939819336, 637.0], "angles": [0.0, 0.0, 0.0011119059363988136], "sizes": [0.9999999999999999, 0.9999999999999999, 1.0]}, {"translations": [2079.5151443481445, 2.395656108856201, 37.0], "angles": [0.0, 0.0, -0.0034209277775264237], "sizes": [0.9999999999999999, 0.9999999999999999, 1.0]}, {"translations": [2093.033576965332, 0.1521778106689453, 187.0], "angles": [0.0, 0.0, 0.020613366670813593], "sizes": [1.0, 1.0, 1.0]}, {"translations": [2094.2071533203125, 0.5452275276184082, 337.0], "angles": [0.0, 0.0, 0.033887266672561485], "sizes": [1.0, 1.0, 1.0]}, {"translations": [2138.9098052978516, 0.4858231544494629, 487.0], "angles": [0.0, 0.0, 0.04226770809843724], "sizes": [0.9999999999999999, 0.9999999999999999, 1.0]}, {"translations": [2166.2614097595215, -6.692960262298584, 637.0], "angles": [0.0, 0.0, -0.037059851027443524], "sizes": [1.0, 1.0, 1.0]}, {"translations": [288.7731170654297, -1.7162489891052246, 37.0], "angles": [0.0, 0.0, -0.03873648690032646], "sizes": [1.0, 1.0, 1.0]}, {"translations": [275.2722930908203, -0.000858306884765625, 187.0], "angles": [0.0, 0.0, 0.01606265425647996], "sizes": [1.0, 1.0, 1.0]}, {"translations": [320.7218246459961, 0.4796934127807617, 337.0], "angles": [0.0, 0.0, 0.008728664905844511], "sizes": [1.0, 1.0, 1.0]}, {"translations": [273.7996139526367, -9.138336181640625, 487.0], "angles": [0.0, 0.0, -0.007152076594362459], "sizes": [1.0, 1.0, 1.0]}, {"translations": [289.77735900878906, -5.421197414398193, 637.0], "angles": [0.0, 0.0, 0.03206127367667197], "sizes": [1.0, 1.0, 1.0]}, {"translations": [677.8896102905273, 6.109950542449951, 37.0], "angles": [0.0, 0.0, 0.0004887056450358609], "sizes": [1.0, 1.0, 1.0]}, {"translations": [682.6785354614258, -2.9225897789001465, 187.0], "angles": [0.0, 0.0, -0.039989900953793206], "sizes": [1.0, 1.0, 1.0]}, {"translations": [703.4415435791016, 8.623649597167969, 337.0], "angles": [0.0, 0.0, -0.012819164894945001], "sizes": [0.9999999999999999, 0.9999999999999999, 1.0]}, {"translations": [684.1909332275391, 8.459146499633789, 487.0], "angles": [0.0, 0.0, -0.013357095034297438], "sizes": [1.0, 1.0, 1.0]}, {"translations": [707.5417022705078, 7.324190139770508, 637.0], "angles": [0.0, 0.0, -0.04190582663460587], "sizes": [0.9999999999999999, 0.9999999999999999, 1.0]}, {"translations": [1092.4947204589844, 2.581357955932617, 37.0], "angles": [0.0, 0.0, -0.02427972579379878], "sizes": [1.0, 1.0, 1.0]}, {"translations": [1118.1141815185547, 0.3313159942626953, 187.0], "angles": [0.0, 0.0, 0.03536181886963781], "sizes": [1.0, 1.0, 1.0]}, {"translations": [1104.6691436767578, -4.22123908996582, 337.0], "angles": [0.0, 0.0, 0.011631447475174299], "sizes": [0.9999999999999999, 0.9999999999999999, 1.0]}, {"translations": [1119.9913635253906, 3.2526063919067383, 487.0], "angles": [0.0, 0.0, 0.014816407102857353], "sizes": [1.0, 1.0, 1.0]}, {"translations": [1077.6289291381836, 2.102322578430176, 637.0], "angles": [0.0, 0.0, 0.020110119021778918], "sizes": [1.0, 1.0, 1.0]}, {"translations": [1493.0019912719727, 3.831033706665039, 37.0], "angles": [0.0, 0.0, -0.03984620072049598], "sizes": [0.9999999999999999, 0.9999999999999999, 1.0]}, {"translations": [1520.6486511230469, 1.4619636535644531, 187.0], "angles": [0.0, 0.0, -0.03453405470848217], "sizes": [1.0, 1.0, 1.0]}, {"translations": [1476.0175323486328, 1.4052867889404297, 337.0], "angles": [0.0, 0.0, 0.041147455513097446], "sizes": [1.0, 1.0, 1.0]}, {"translations": [1486.9216995239258, -2.281332015991211, 487.0], "angles": [0.0, 0.0, 0.006433018898358742], "sizes": [1.0, 1.0, 1.0]}, {"translations": [1494.5490188598633, -4.324848651885986, 637.0], "angles": [0.0, 0.0, 0.007791238209487059], "sizes": [1.0, 1.0, 1.0]}, {"translations": [1893.6253204345703, 9.805569648742676, 37.0], "angles": [0.0, 0.0, -0.019897102524670633], "sizes": [1.0, 1.0, 1.0]}, {"translations": [1874.5880508422852, 3.6362338066101074, 187.0], "angles": [0.0, 0.0, 0.03937783977780838], "sizes": [1.0, 1.0, 1.0]}, {"translations": [1885.365852355957, 6.969821453094482, 337.0], "angles": [0.0, 0.0, -0.0013729007225407295], "sizes": [1.0, 1.0, 1.0]}, {"translations": [1894.2260513305664, 8.078994750976562, 487.0], "angles": [0.0, 0.0, -0.007668731258155917], "sizes": [1.0, 1.0, 1.0]}, {"translations": [1903.9544296264648, 9.549428939819336, 637.0], "angles": [0.0, 0.0, 0.02874973474378843], "sizes": [0.9999999999999999, 0.9999999999999999, 1.0]}, {"translations": [2276.5075759887695, 2.395656108856201, 37.0], "angles": [0.0, 0.0, -0.03207990829443353], "sizes": [1.0, 1.0, 1.0]}, {"translations": [2283.2667846679688, 0.1521778106689453, 187.0], "angles": [0.0, 0.0, 0.007474320870219511], "sizes": [1.0, 1.0, 1.0]}, {"translations": [2283.8535766601562, 0.5452275276184082, 337.0], "angles": [0.0, 0.0, 0.005202622965118494], "sizes": [1.0, 1.0, 1.0]}, {"translations": [2306.204902648926, 0.4858231544494629, 487.0], "angles": [0.0, 0.0, 0.03296895634752045], "sizes": [1.0, 1.0, 1.0]}, {"translations": [2319.8807067871094, -6.692960262298584, 637.0], "angles": [0.0, 0.0, 0.0416530389217269], "sizes": [1.0, 1.0, 1.0]}], "SM_CardBoxD_02": [{"translations": [2319.8807067871094, -6.692960262298584, 658.0], "angles": [0.0, 0.0, 0.2203946580901993], "sizes": [1.0, 1.0, 1.0]}, {"translations": [1885.4482263216778, 36.96970836171084, 358.0], "angles": [0.0, 0.0, 0.8314650764587725], "sizes": [1.0, 1.0, 1.0]}, {"translations": [1847.0419255790314, -28.631567218268167, 208.0], "angles": [0.0, 0.0, -0.6616014945181952], "sizes": [1.0000000000000004, 1.0000000000000004, 1.0]}, {"translations": [1486.535726376777, 27.71618496007999, 508.0], "angles": [0.0, 0.0, 0.14290942713575566], "sizes": [1.0, 1.0, 1.0]}, {"translations": [1063.9864448577348, 34.00234174452831, 58.0], "angles": [0.0, 0.0, 0.88914682244177], "sizes": [1.0000000000000002, 1.0000000000000002, 1.0]}, {"translations": [677.6470681688636, 9.83633104521558, 658.0], "angles": [0.0, 0.0, 0.4661120876071337], "sizes": [1.0, 1.0, 1.0]}, {"translations": [739.9484772775971, 34.70668333596966, 658.0], "angles": [0.0, 0.0, 0.9922734588060039], "sizes": [0.9999999999999997, 0.9999999999999997, 1.0]}, {"translations": [714.9800586742064, 24.583983946924004, 208.0], "angles": [0.0, 0.0, 0.9999257036831573], "sizes": [1.0000000000000009, 1.0000000000000009, 1.0]}, {"translations": [1280.0638756838482, 31.366307081435554, 358.0], "angles": [0.0, 0.0, -0.010539210801698827], "sizes": [1.0, 1.0, 1.0]}, {"translations": [941.446505855283, 4.1858081239143585, 58.0], "angles": [0.0, 0.0, 0.632559213944579], "sizes": [1.0000000000000004, 1.0000000000000004, 1.0]}, {"translations": [879.9279258126727, 30.933972725265132, 58.0], "angles": [0.0, 0.0, 0.4903814880464809], "sizes": [1.0, 1.0, 1.0]}], "SM_CardBoxD_01": [{"translations": [2253.543047544047, 30.231450337223322, 358.0], "angles": [0.0, 0.0, 0.6581188696842648], "sizes": [1.0000000000000002, 1.0000000000000002, 1.0]}, {"translations": [1076.4225660077018, 32.07805756520597, 658.0], "angles": [0.0, 0.0, 0.8220541277631994], "sizes": [1.0000000000000002, 1.0000000000000002, 1.0]}, {"translations": [316.3606413218604, -33.948662882589055, 58.0], "angles": [0.0, 0.0, 0.6914781505441054], "sizes": [1.0000000000000002, 1.0000000000000002, 1.0]}, {"translations": [2079.720398813765, 32.39495394404466, 58.0], "angles": [0.0, 0.0, 0.18061284315659365], "sizes": [1.0, 1.0, 1.0]}, {"translations": [1697.231704711914, 6.969821453094482, 358.0], "angles": [0.0, 0.0, 0.9407371796695743], "sizes": [0.9999999999999999, 0.9999999999999999, 1.0]}, {"translations": [76.15849760338114, -7.914389133009312, 658.0], "angles": [0.0, 0.0, 0.9104408774418352], "sizes": [1.0000000000000004, 1.0000000000000004, 1.0]}, {"translations": [77.0445785522461, -0.000858306884765625, 208.0], "angles": [0.0, 0.0, 0.4046642731882619], "sizes": [1.0, 1.0, 1.0]}], "SM_CardBoxA_02": [{"translations": [2313.2634327396204, 0.6006245360131541, 208.0], "angles": [0.0, 0.0, 0.9773470726954403], "sizes": [1.0000000000000009, 1.0000000000000009, 1.0]}, {"translations": [1923.762412418743, -22.37758702815376, 508.0], "angles": [0.0, 0.0, 0.9973493413353957], "sizes": [1.0000000000000007, 1.0000000000000007, 1.0]}, {"translations": [1923.6015667532376, 8.611979835372411, 58.0], "angles": [0.0, 0.0, -0.07579783621837347], "sizes": [1.0, 1.0, 1.0]}, {"translations": [1525.0128367600091, -33.853746344599685, 658.0], "angles": [0.0, 0.0, -0.684580089252692], "sizes": [1.0000000000000002, 1.0000000000000002, 1.0]}, {"translations": [1448.5858755608485, -30.959882851851084, 358.0], "angles": [0.0, 0.0, -0.5753332767516378], "sizes": [1.0, 1.0, 1.0]}, {"translations": [655.1719617356016, 29.3789334338804, 208.0], "angles": [0.0, 0.0, 0.9971499280151113], "sizes": [0.9999999999999999, 0.9999999999999999, 1.0]}, {"translations": [677.8602879553267, 36.1099362124575, 58.0], "angles": [0.0, 0.0, 0.9977239994892262], "sizes": [1.0, 1.0, 1.0]}, {"translations": [2061.822532411449, 28.89014395052526, 208.0], "angles": [0.0, 0.0, 0.775099665989331], "sizes": [1.0000000000000009, 1.0000000000000009, 1.0]}, {"translations": [912.762985050748, 31.062323279463143, 658.0], "angles": [0.0, 0.0, -0.002071792204323139], "sizes": [0.9999999999999999, 0.9999999999999999, 1.0]}, {"translations": [966.4827346801758, 3.2526063919067383, 508.0], "angles": [0.0, 0.0, 0.3170175611285315], "sizes": [1.0, 1.0, 1.0]}, {"translations": [930.2637494273655, 27.645220119097466, 208.0], "angles": [0.0, 0.0, 0.8720890456974909], "sizes": [0.9999999999999998, 0.9999999999999998, 1.0]}, {"translations": [137.9541915871479, -0.315271345236078, 358.0], "angles": [0.0, 0.0, -0.8032549598682712], "sizes": [1.0000000000000002, 1.0000000000000002, 1.0]}], "SM_CardBoxB_01": [{"translations": [2252.821689870973, 29.700379156976478, 208.0], "angles": [0.0, 0.0, 0.054836989224971454], "sizes": [1.0, 1.0, 1.0]}, {"translations": [2304.5220249378335, -29.46640048013827, 58.0], "angles": [0.0, 0.0, 0.7275296341273259], "sizes": [1.0000000000000004, 1.0000000000000004, 1.0]}, {"translations": [1061.0737366703886, -25.926917645317047, 58.0], "angles": [0.0, 0.0, 0.9995585830998195], "sizes": [1.0000000000000007, 1.0000000000000007, 1.0]}, {"translations": [653.4002837399119, -20.72879457420836, 508.0], "angles": [0.0, 0.0, 0.9884945381283978], "sizes": [1.0000000000000007, 1.0000000000000007, 1.0]}, {"translations": [710.18510918725, -35.22411299168069, 208.0], "angles": [0.0, 0.0, 0.9884188639316065], "sizes": [0.9999999999999999, 0.9999999999999999, 1.0]}, {"translations": [244.23179670480133, 21.28770830657058, 508.0], "angles": [0.0, 0.0, 0.04854269048300611], "sizes": [1.0, 1.0, 1.0]}, {"translations": [2096.2392215552495, -29.385871661829356, 358.0], "angles": [0.0, 0.0, -0.13669104936520488], "sizes": [1.0, 1.0, 1.0]}, {"translations": [1716.6824281375234, 38.02905230255773, 508.0], "angles": [0.0, 0.0, 0.8285185122224453], "sizes": [1.0000000000000004, 1.0000000000000004, 1.0]}, {"translations": [1277.006253710683, -28.555733503554695, 358.0], "angles": [0.0, 0.0, 0.6898149766193935], "sizes": [1.0000000000000004, 1.0000000000000004, 1.0]}, {"translations": [511.619877071777, 8.803048348045245, 658.0], "angles": [0.0, 0.0, 0.9782153037891737], "sizes": [1.0000000000000002, 1.0000000000000002, 1.0]}, {"translations": [44.96348263516534, 21.70170836364779, 508.0], "angles": [0.0, 0.0, 0.9953811040003158], "sizes": [0.9999999999999998, 0.9999999999999998, 1.0]}], "SM_CardBoxC_01": [{"translations": [2308.369632577764, 30.41010505792022, 58.0], "angles": [0.0, 0.0, -0.7981829426535499], "sizes": [1.0000000000000004, 1.0000000000000004, 1.0]}, {"translations": [1473.550775922129, 31.30370000322829, 358.0], "angles": [0.0, 0.0, -0.19751686006930658], "sizes": [1.0, 1.0, 1.0]}, {"translations": [2138.9098052978516, 0.4858231544494629, 508.0], "angles": [0.0, 0.0, -0.5065024536943096], "sizes": [1.0000000000000002, 1.0000000000000002, 1.0]}, {"translations": [2109.3091877177126, -27.808896191952773, 58.0], "angles": [0.0, 0.0, 0.9925352389767088], "sizes": [0.9999999999999988, 0.9999999999999988, 1.0]}, {"translations": [1343.2430248808978, -36.507984966260125, 658.0], "angles": [0.0, 0.0, 0.9006567387681598], "sizes": [1.0000000000000004, 1.0000000000000004, 1.0]}, {"translations": [1395.2129228398358, -30.91679091575135, 208.0], "angles": [0.0, 0.0, -0.06114629431736162], "sizes": [1.0, 1.0, 1.0]}, {"translations": [910.7178513480056, -28.90281182534511, 658.0], "angles": [0.0, 0.0, 0.9417274950750205], "sizes": [1.0000000000000004, 1.0000000000000004, 1.0]}, {"translations": [464.1339888483723, 29.193305355623032, 208.0], "angles": [0.0, 0.0, 0.7139853791738306], "sizes": [1.0000000000000004, 1.0000000000000004, 1.0]}], "SM_CardBoxD_05": [{"translations": [1903.9544296264648, 9.549428939819336, 658.0], "angles": [0.0, 0.0, 0.4710351848406946], "sizes": [1.0, 1.0, 1.0]}, {"translations": [1902.134176105539, 35.90403483148838, 208.0], "angles": [0.0, 0.0, 0.7909489479731076], "sizes": [1.0000000000000004, 1.0000000000000004, 1.0]}, {"translations": [1862.4554843025328, -18.977086856554426, 58.0], "angles": [0.0, 0.0, 0.3403416920544879], "sizes": [0.9999999999999999, 0.9999999999999999, 1.0]}, {"translations": [1464.5526610634336, -4.792308755602067, 658.0], "angles": [0.0, 0.0, 0.8810346623869967], "sizes": [0.9999999999999997, 0.9999999999999997, 1.0]}, {"translations": [1089.115648237303, 32.350547993486586, 508.0], "angles": [0.0, 0.0, 0.507285945921897], "sizes": [1.0, 1.0, 1.0]}, {"translations": [289.77735900878906, -5.421197414398193, 658.0], "angles": [0.0, 0.0, 0.9500571115616565], "sizes": [1.0000000000000009, 1.0000000000000009, 1.0]}, {"translations": [1270.3482892125423, -2.8234054950742418, 508.0], "angles": [0.0, 0.0, 0.2716343574285216], "sizes": [1.0, 1.0, 1.0]}, {"translations": [104.93927245056184, 19.99740908846747, 508.0], "angles": [0.0, 0.0, -0.7723405845271307], "sizes": [1.0, 1.0, 1.0]}, {"translations": [198.72808701364238, -28.714807163441208, 358.0], "angles": [0.0, 0.0, -0.18349660150574304], "sizes": [1.0, 1.0, 1.0]}], "SM_CardBoxC_02": [{"translations": [1864.6896902423898, 38.53557653010688, 508.0], "angles": [0.0, 0.0, 0.8655996998388021], "sizes": [0.9999999999999999, 0.9999999999999999, 1.0]}, {"translations": [1885.2834783902363, -23.030065455521882, 358.0], "angles": [0.0, 0.0, 0.07796100046978885], "sizes": [1.0, 1.0, 1.0]}, {"translations": [1524.0779165525769, 26.138969248259876, 658.0], "angles": [0.0, 0.0, -0.8041668567665373], "sizes": [1.0000000000000002, 1.0000000000000002, 1.0]}, {"translations": [1150.1595361874201, -27.47327434881957, 208.0], "angles": [0.0, 0.0, -0.6494618061354577], "sizes": [1.0000000000000007, 1.0000000000000007, 1.0]}, {"translations": [673.4514034384177, 9.392736290686917, 358.0], "angles": [0.0, 0.0, 0.9568790455172927], "sizes": [1.0000000000000009, 1.0000000000000009, 1.0]}, {"translations": [707.9189182957355, -23.86071279235702, 58.0], "angles": [0.0, 0.0, 0.6008236522447958], "sizes": [0.9999999999999999, 0.9999999999999999, 1.0]}, {"translations": [2092.1750850853755, 30.476326717066172, 358.0], "angles": [0.0, 0.0, 0.9971504566705292], "sizes": [1.0, 1.0, 1.0]}, {"translations": [1683.7904315168385, 8.260800176401622, 58.0], "angles": [0.0, 0.0, 0.7278696895126939], "sizes": [1.0000000000000004, 1.0000000000000004, 1.0]}, {"translations": [533.507334642386, 38.623392337039625, 358.0], "angles": [0.0, 0.0, 0.8863840050125006], "sizes": [0.9999999999999992, 0.9999999999999992, 1.0]}, {"translations": [511.24038489469854, -24.894104087716723, 58.0], "angles": [0.0, 0.0, 0.19150617493413974], "sizes": [1.0, 1.0, 1.0]}, {"translations": [71.73899754009057, 25.783613989973222, 58.0], "angles": [0.0, 0.0, 0.894352149785456], "sizes": [1.0000000000000007, 1.0000000000000007, 1.0]}], "SM_CardBoxB_02": [{"translations": [1457.3101556950035, -32.664822139211374, 508.0], "angles": [0.0, 0.0, 0.010710852247483723], "sizes": [1.0, 1.0, 1.0]}, {"translations": [1145.918771861637, 32.37667066312814, 208.0], "angles": [0.0, 0.0, 0.07548753741048173], "sizes": [1.0, 1.0, 1.0]}, {"translations": [647.9189469557203, -23.919357462758178, 58.0], "angles": [0.0, 0.0, 0.6556503292842908], "sizes": [1.0, 1.0, 1.0]}, {"translations": [273.37050033244884, -39.13526704966392, 508.0], "angles": [0.0, 0.0, 0.8716799762884408], "sizes": [0.9999999999999998, 0.9999999999999998, 1.0]}, {"translations": [304.2931776409605, 30.947296079563444, 208.0], "angles": [0.0, 0.0, -0.07878489763315893], "sizes": [1.0, 1.0, 1.0]}, {"translations": [1764.4087774434465, 9.616143254762612, 658.0], "angles": [0.0, 0.0, 0.9423414234397841], "sizes": [1.0000000000000002, 1.0000000000000002, 1.0]}, {"translations": [1287.9530352997663, 27.858287662488152, 658.0], "angles": [0.0, 0.0, -0.3161786347595273], "sizes": [1.0, 1.0, 1.0]}, {"translations": [934.6903564345552, 25.756790733911398, 358.0], "angles": [0.0, 0.0, 0.915509667967646], "sizes": [1.0000000000000004, 1.0000000000000004, 1.0]}, {"translations": [995.1929613880642, -26.982588130572076, 208.0], "angles": [0.0, 0.0, 0.8892310571886644], "sizes": [1.0000000000000002, 1.0000000000000002, 1.0]}, {"translations": [459.7411757883284, -30.64567185337936, 208.0], "angles": [0.0, 0.0, 0.9639683910495364], "sizes": [1.0000000000000013, 1.0000000000000013, 1.0]}, {"translations": [521.7765595273528, -5.118996308922126, 208.0], "angles": [0.0, 0.0, -0.14715727678850607], "sizes": [1.0, 1.0, 1.0]}], "SM_CardBoxD_03": [{"translations": [1518.577843769518, -28.46648029035904, 208.0], "angles": [0.0, 0.0, 0.9131289248868899], "sizes": [1.0, 1.0, 1.0]}, {"translations": [1522.7194584765757, 31.390407597487947, 208.0], "angles": [0.0, 0.0, -0.08474042819583004], "sizes": [1.0, 1.0, 1.0]}, {"translations": [1525.295601440594, 31.346897172620615, 58.0], "angles": [0.0, 0.0, 0.8151811452821249], "sizes": [1.0000000000000004, 1.0000000000000004, 1.0]}, {"translations": [1048.8595572818895, -29.07977553882733, 658.0], "angles": [0.0, 0.0, 0.9910847874750864], "sizes": [1.0, 1.0, 1.0]}, {"translations": [1088.189209012581, -1.7890661686288944, 208.0], "angles": [0.0, 0.0, 0.958127094938147], "sizes": [1.000000000000001, 1.000000000000001, 1.0]}, {"translations": [650.3770122486452, -30.429163504724297, 208.0], "angles": [0.0, 0.0, -0.10040098834947969], "sizes": [1.0, 1.0, 1.0]}, {"translations": [290.7263960214584, -0.04400653018759515, 358.0], "angles": [0.0, 0.0, 0.5273736283065888], "sizes": [1.0000000000000002, 1.0000000000000002, 1.0]}, {"translations": [256.54070317194584, -29.3037732455359, 58.0], "angles": [0.0, 0.0, 0.9763697924797485], "sizes": [1.0000000000000007, 1.0000000000000007, 1.0]}, {"translations": [291.09556188395624, 28.193720085852025, 58.0], "angles": [0.0, 0.0, 0.992537968522658], "sizes": [1.0000000000000002, 1.0000000000000002, 1.0]}, {"translations": [1340.3816816523517, 33.840718222880255, 208.0], "angles": [0.0, 0.0, 0.44407370604160706], "sizes": [1.0, 1.0, 1.0]}, {"translations": [883.1368261486363, -28.980157149363382, 58.0], "angles": [0.0, 0.0, 0.06878895522340239], "sizes": [1.0, 1.0, 1.0]}, {"translations": [533.2588549328093, -21.376093142703688, 358.0], "angles": [0.0, 0.0, -0.6705045950555033], "sizes": [1.0, 1.0, 1.0]}], "SM_CardBoxD_04": [{"translations": [1463.0972544546842, 6.219907057997979, 58.0], "angles": [0.0, 0.0, -0.7466677254536433], "sizes": [1.0000000000000002, 1.0000000000000002, 1.0]}, {"translations": [1745.255604434995, -18.609862601824, 58.0], "angles": [0.0, 0.0, 0.17085385056459398], "sizes": [1.0, 1.0, 1.0]}, {"translations": [852.7978499459397, 33.10745698220546, 658.0], "angles": [0.0, 0.0, -0.07015230017979787], "sizes": [1.0, 1.0, 1.0]}, {"translations": [453.3180715261999, 37.11400517261663, 58.0], "angles": [0.0, 0.0, 0.9974937004813784], "sizes": [1.0000000000000004, 1.0000000000000004, 1.0]}], "SM_CardBoxA_01": [{"translations": [1075.3751007491387, -34.91096129390249, 358.0], "angles": [0.0, 0.0, -0.5011192464119748], "sizes": [1.0, 1.0, 1.0]}, {"translations": [1103.971304038599, 25.770643475812115, 358.0], "angles": [0.0, 0.0, 0.998471025192378], "sizes": [0.9999999999999997, 0.9999999999999997, 1.0]}, {"translations": [714.1802285082738, 7.657792292741255, 508.0], "angles": [0.0, 0.0, 0.13511326702512724], "sizes": [1.0, 1.0, 1.0]}, {"translations": [304.22565844084795, 20.429481066194775, 508.0], "angles": [0.0, 0.0, 0.008472568787862692], "sizes": [1.0, 1.0, 1.0]}, {"translations": [276.2359280089743, -29.98537777517897, 208.0], "angles": [0.0, 0.0, 0.975358784515467], "sizes": [1.0000000000000016, 1.0000000000000016, 1.0]}, {"translations": [2166.2614097595215, -6.692960262298584, 658.0], "angles": [0.0, 0.0, 0.8391867362738846], "sizes": [1.0000000000000004, 1.0000000000000004, 1.0]}, {"translations": [2124.244621519215, -28.58578832918737, 208.0], "angles": [0.0, 0.0, 0.9982532079334829], "sizes": [1.0000000000000004, 1.0000000000000004, 1.0]}, {"translations": [1675.3636365987, 33.634606442508456, 208.0], "angles": [0.0, 0.0, 0.7314723122406057], "sizes": [1.0, 1.0, 1.0]}, {"translations": [1311.4640084140544, -26.150935104758233, 58.0], "angles": [0.0, 0.0, 0.9995930191544207], "sizes": [1.0000000000000007, 1.0000000000000007, 1.0]}, {"translations": [2336.1396855239673, 2.462885172731408, 508.0], "angles": [0.0, 0.0, -0.1425986294639074], "sizes": [1.0, 1.0, 1.0]}]}