{"SM_RackShelf_01": [{"translations": [200.0, 0.0, 37.0], "angles": [0.0, 0.0, 0.0], "sizes": [1.0, 1.0, 1.0]}, {"translations": [200.0, 0.0, 187.0], "angles": [0.0, 0.0, 0.0], "sizes": [1.0, 1.0, 1.0]}, {"translations": [200.0, 0.0, 337.0], "angles": [0.0, 0.0, 0.0], "sizes": [1.0, 1.0, 1.0]}, {"translations": [200.0, 0.0, 487.0], "angles": [0.0, 0.0, 0.0], "sizes": [1.0, 1.0, 1.0]}, {"translations": [200.0, 0.0, 637.0], "angles": [0.0, 0.0, 0.0], "sizes": [1.0, 1.0, 1.0]}, {"translations": [600.0, 0.0, 37.0], "angles": [0.0, 0.0, 0.0], "sizes": [1.0, 1.0, 1.0]}, {"translations": [600.0, 0.0, 187.0], "angles": [0.0, 0.0, 0.0], "sizes": [1.0, 1.0, 1.0]}, {"translations": [600.0, 0.0, 337.0], "angles": [0.0, 0.0, 0.0], "sizes": [1.0, 1.0, 1.0]}, {"translations": [600.0, 0.0, 487.0], "angles": [0.0, 0.0, 0.0], "sizes": [1.0, 1.0, 1.0]}, {"translations": [600.0, 0.0, 637.0], "angles": [0.0, 0.0, 0.0], "sizes": [1.0, 1.0, 1.0]}, {"translations": [1000.0, 0.0, 37.0], "angles": [0.0, 0.0, 0.0], "sizes": [1.0, 1.0, 1.0]}, {"translations": [1000.0, 0.0, 187.0], "angles": [0.0, 0.0, 0.0], "sizes": [1.0, 1.0, 1.0]}, {"translations": [1000.0, 0.0, 337.0], "angles": [0.0, 0.0, 0.0], "sizes": [1.0, 1.0, 1.0]}, {"translations": [1000.0, 0.0, 487.0], "angles": [0.0, 0.0, 0.0], "sizes": [1.0, 1.0, 1.0]}, {"translations": [1000.0, 0.0, 637.0], "angles": [0.0, 0.0, 0.0], "sizes": [1.0, 1.0, 1.0]}, {"translations": [1400.0, 0.0, 37.0], "angles": [0.0, 0.0, 0.0], "sizes": [1.0, 1.0, 1.0]}, {"translations": [1400.0, 0.0, 187.0], "angles": [0.0, 0.0, 0.0], "sizes": [1.0, 1.0, 1.0]}, {"translations": [1400.0, 0.0, 337.0], "angles": [0.0, 0.0, 0.0], "sizes": [1.0, 1.0, 1.0]}, {"translations": [1400.0, 0.0, 487.0], "angles": [0.0, 0.0, 0.0], "sizes": [1.0, 1.0, 1.0]}, {"translations": [1400.0, 0.0, 637.0], "angles": [0.0, 0.0, 0.0], "sizes": [1.0, 1.0, 1.0]}, {"translations": [1800.0, 0.0, 37.0], "angles": [0.0, 0.0, 0.0], "sizes": [1.0, 1.0, 1.0]}, {"translations": [1800.0, 0.0, 187.0], "angles": [0.0, 0.0, 0.0], "sizes": [1.0, 1.0, 1.0]}, {"translations": [1800.0, 0.0, 337.0], "angles": [0.0, 0.0, 0.0], "sizes": [1.0, 1.0, 1.0]}, {"translations": [1800.0, 0.0, 487.0], "angles": [0.0, 0.0, 0.0], "sizes": [1.0, 1.0, 1.0]}, {"translations": [1800.0, 0.0, 637.0], "angles": [0.0, 0.0, 0.0], "sizes": [1.0, 1.0, 1.0]}], "SM_RackFrame_03": [{"translations": [0.0, 0.0, 0.0], "angles": [0.0, 0.0, 0.0], "sizes": [1.0, 1.0, 1.0]}, {"translations": [400.0, 0.0, 0.0], "angles": [0.0, 0.0, 0.0], "sizes": [1.0, 1.0, 1.0]}, {"translations": [800.0, 0.0, 0.0], "angles": [0.0, 0.0, 0.0], "sizes": [1.0, 1.0, 1.0]}, {"translations": [1200.0, 0.0, 0.0], "angles": [0.0, 0.0, 0.0], "sizes": [1.0, 1.0, 1.0]}, {"translations": [1600.0, 0.0, 0.0], "angles": [0.0, 0.0, 0.0], "sizes": [1.0, 1.0, 1.0]}, {"translations": [0.0, 0.0, 300.0], "angles": [0.0, 0.0, 0.0], "sizes": [1.0, 1.0, 1.0]}, {"translations": [400.0, 0.0, 300.0], "angles": [0.0, 0.0, 0.0], "sizes": [1.0, 1.0, 1.0]}, {"translations": [800.0, 0.0, 300.0], "angles": [0.0, 0.0, 0.0], "sizes": [1.0, 1.0, 1.0]}, {"translations": [1200.0, 0.0, 300.0], "angles": [0.0, 0.0, 0.0], "sizes": [1.0, 1.0, 1.0]}, {"translations": [1600.0, 0.0, 300.0], "angles": [0.0, 0.0, 0.0], "sizes": [1.0, 1.0, 1.0]}, {"translations": [0.0, 0.0, 600.0], "angles": [0.0, 0.0, 0.0], "sizes": [1.0, 1.0, 1.0]}, {"translations": [400.0, 0.0, 600.0], "angles": [0.0, 0.0, 0.0], "sizes": [1.0, 1.0, 1.0]}, {"translations": [800.0, 0.0, 600.0], "angles": [0.0, 0.0, 0.0], "sizes": [1.0, 1.0, 1.0]}, {"translations": [1200.0, 0.0, 600.0], "angles": [0.0, 0.0, 0.0], "sizes": [1.0, 1.0, 1.0]}, {"translations": [1600.0, 0.0, 600.0], "angles": [0.0, 0.0, 0.0], "sizes": [1.0, 1.0, 1.0]}, {"translations": [2000.0, 0.0, 0.0], "angles": [0.0, 0.0, 0.0], "sizes": [1.0, 1.0, 1.0]}, {"translations": [2000.0, 0.0, 300.0], "angles": [0.0, 0.0, 0.0], "sizes": [1.0, 1.0, 1.0]}, {"translations": [2000.0, 0.0, 600.0], "angles": [0.0, 0.0, 0.0], "sizes": [1.0, 1.0, 1.0]}], "SM_PaletteA_01": [{"translations": [104.04623413085938, -1.7162489891052246, 37.0], "angles": [0.0, 0.0, -0.010923070882837749], "sizes": [1.0, 1.0, 1.0]}, {"translations": [77.0445785522461, -0.000858306884765625, 187.0], "angles": [0.0, 0.0, -0.02659333416833623], "sizes": [1.0, 1.0, 1.0]}, {"translations": [167.94365692138672, 0.4796934127807617, 337.0], "angles": [0.0, 0.0, 0.03901325460447624], "sizes": [1.0, 1.0, 1.0]}, {"translations": [74.09922790527344, -9.138336181640625, 487.0], "angles": [0.0, 0.0, -0.01015876324706301], "sizes": [1.0, 1.0, 1.0]}, {"translations": [106.05471801757812, -5.421197414398193, 637.0], "angles": [0.0, 0.0, 0.0002809738942793914], "sizes": [1.0, 1.0, 1.0]}, {"translations": [482.2792282104492, 6.109950542449951, 37.0], "angles": [0.0, 0.0, 0.029790617800890987], "sizes": [1.0, 1.0, 1.0]}, {"translations": [491.85707092285156, -2.9225897789001465, 187.0], "angles": [0.0, 0.0, -0.018869282234356487], "sizes": [1.0, 1.0, 1.0]}, {"translations": [533.3830947875977, 8.623649597167969, 337.0], "angles": [0.0, 0.0, -0.005157347233284766], "sizes": [1.0, 1.0, 1.0]}, {"translations": [494.8818664550781, 8.459146499633789, 487.0], "angles": [0.0, 0.0, -0.004193262283983248], "sizes": [1.0, 1.0, 1.0]}, {"translations": [541.5834045410156, 7.324190139770508, 637.0], "angles": [0.0, 0.0, 0.014507503223004729], "sizes": [0.9999999999999999, 0.9999999999999999, 1.0]}, {"translations": [911.4894409179688, 2.581357955932617, 37.0], "angles": [0.0, 0.0, 0.017159761585940805], "sizes": [0.9999999999999999, 0.9999999999999999, 1.0]}, {"translations": [962.7283554077148, 0.3313159942626953, 187.0], "angles": [0.0, 0.0, 0.029582976552709393], "sizes": [1.0, 1.0, 1.0]}, {"translations": [935.8382797241211, -4.22123908996582, 337.0], "angles": [0.0, 0.0, -0.004302453504212783], "sizes": [0.9999999999999999, 0.9999999999999999, 1.0]}, {"translations": [966.4827346801758, 3.2526063919067383, 487.0], "angles": [0.0, 0.0, 0.02443947220315279], "sizes": [0.9999999999999999, 0.9999999999999999, 1.0]}, {"translations": [881.7578506469727, 2.102322578430176, 637.0], "angles": [0.0, 0.0, 0.039854183857444825], "sizes": [1.0, 1.0, 1.0]}, {"translations": [1312.5039825439453, 3.831033706665039, 37.0], "angles": [0.0, 0.0, -0.003591374240904728], "sizes": [1.0, 1.0, 1.0]}, {"translations": [1367.7973022460938, 1.4619636535644531, 187.0], "angles": [0.0, 0.0, 0.024021466194485877], "sizes": [1.0, 1.0, 1.0]}, {"translations": [1278.5350646972656, 1.4052867889404297, 337.0], "angles": [0.0, 0.0, -0.03490934439423443], "sizes": [1.0, 1.0, 1.0]}, {"translations": [1300.343391418457, -2.281332015991211, 487.0], "angles": [0.0, 0.0, 0.006915055919462718], "sizes": [1.0, 1.0, 1.0]}, {"translations": [1315.598030090332, -4.324848651885986, 637.0], "angles": [0.0, 0.0, -0.0037591574576853956], "sizes": [1.0, 1.0, 1.0]}, {"translations": [1713.750633239746, 9.805569648742676, 37.0], "angles": [0.0, 0.0, -0.013005577910858898], "sizes": [1.0, 1.0, 1.0]}, {"translations": [1675.6761093139648, 3.6362338066101074, 187.0], "angles": [0.0, 0.0, -0.029226254801464995], "sizes": [1.0, 1.0, 1.0]}, {"translations": [1697.231704711914, 6.969821453094482, 337.0], "angles": [0.0, 0.0, 0.00011585270864579134], "sizes": [1.0, 1.0, 1.0]}, {"translations": [1714.9520950317383, 8.078994750976562, 487.0], "angles": [0.0, 0.0, 0.031025788385936434], "sizes": [1.0, 1.0, 1.0]}, {"translations": [1734.4088516235352, 9.549428939819336, 637.0], "angles": [0.0, 0.0, -0.03425191624669768], "sizes": [1.0, 1.0, 1.0]}, {"translations": [288.7731170654297, -1.7162489891052246, 37.0], "angles": [0.0, 0.0, 0.017162424354847387], "sizes": [1.0, 1.0, 1.0]}, {"translations": [275.2722930908203, -0.000858306884765625, 187.0], "angles": [0.0, 0.0, 0.0025127678665094405], "sizes": [1.0, 1.0, 1.0]}, {"translations": [320.7218246459961, 0.4796934127807617, 337.0], "angles": [0.0, 0.0, 0.02879498973853013], "sizes": [1.0, 1.0, 1.0]}, {"translations": [273.7996139526367, -9.138336181640625, 487.0], "angles": [0.0, 0.0, -0.02250116706118499], "sizes": [0.9999999999999999, 0.9999999999999999, 1.0]}, {"translations": [289.77735900878906, -5.421197414398193, 637.0], "angles": [0.0, 0.0, -0.005849779421966393], "sizes": [1.0, 1.0, 1.0]}, {"translations": [677.8896102905273, 6.109950542449951, 37.0], "angles": [0.0, 0.0, 0.03972911026206084], "sizes": [1.0, 1.0, 1.0]}, {"translations": [682.6785354614258, -2.9225897789001465, 187.0], "angles": [0.0, 0.0, -0.002254431572395235], "sizes": [1.0, 1.0, 1.0]}, {"translations": [703.4415435791016, 8.623649597167969, 337.0], "angles": [0.0, 0.0, -0.03942840054227978], "sizes": [1.0, 1.0, 1.0]}, {"translations": [684.1909332275391, 8.459146499633789, 487.0], "angles": [0.0, 0.0, -0.01999562404154509], "sizes": [1.0, 1.0, 1.0]}, {"translations": [707.5417022705078, 7.324190139770508, 637.0], "angles": [0.0, 0.0, -0.020714549344003668], "sizes": [1.0, 1.0, 1.0]}, {"translations": [1092.4947204589844, 2.581357955932617, 37.0], "angles": [0.0, 0.0, -0.015175903821582105], "sizes": [1.0, 1.0, 1.0]}, {"translations": [1118.1141815185547, 0.3313159942626953, 187.0], "angles": [0.0, 0.0, -0.0032984204581171747], "sizes": [0.9999999999999999, 0.9999999999999999, 1.0]}, {"translations": [1104.6691436767578, -4.22123908996582, 337.0], "angles": [0.0, 0.0, -0.022202959220265158], "sizes": [1.0, 1.0, 1.0]}, {"translations": [1119.9913635253906, 3.2526063919067383, 487.0], "angles": [0.0, 0.0, -0.01691211314670477], "sizes": [1.0, 1.0, 1.0]}, {"translations": [1077.6289291381836, 2.102322578430176, 637.0], "angles": [0.0, 0.0, -0.005703302804564833], "sizes": [1.0, 1.0, 1.0]}, {"translations": [1493.0019912719727, 3.831033706665039, 37.0], "angles": [0.0, 0.0, 0.04282914283281792], "sizes": [1.0, 1.0, 1.0]}, {"translations": [1520.6486511230469, 1.4619636535644531, 187.0], "angles": [0.0, 0.0, -0.010515618166369704], "sizes": [1.0, 1.0, 1.0]}, {"translations": [1476.0175323486328, 1.4052867889404297, 337.0], "angles": [0.0, 0.0, 0.0344222642859346], "sizes": [1.0, 1.0, 1.0]}, {"translations": [1486.9216995239258, -2.281332015991211, 487.0], "angles": [0.0, 0.0, -0.02197663744382578], "sizes": [1.0, 1.0, 1.0]}, {"translations": [1494.5490188598633, -4.324848651885986, 637.0], "angles": [0.0, 0.0, -0.028914786245977642], "sizes": [1.0, 1.0, 1.0]}, {"translations": [1893.6253204345703, 9.805569648742676, 37.0], "angles": [0.0, 0.0, 0.03762672530378062], "sizes": [0.9999999999999999, 0.9999999999999999, 1.0]}, {"translations": [1874.5880508422852, 3.6362338066101074, 187.0], "angles": [0.0, 0.0, -0.029119771618300032], "sizes": [1.0, 1.0, 1.0]}, {"translations": [1885.365852355957, 6.969821453094482, 337.0], "angles": [0.0, 0.0, -0.03431313502565537], "sizes": [1.0, 1.0, 1.0]}, {"translations": [1894.2260513305664, 8.078994750976562, 487.0], "angles": [0.0, 0.0, -0.025672168118978572], "sizes": [1.0, 1.0, 1.0]}, {"translations": [1903.9544296264648, 9.549428939819336, 637.0], "angles": [0.0, 0.0, -0.03695073205174151], "sizes": [1.0, 1.0, 1.0]}], "SM_CardBoxA_01": [{"translations": [1871.8208211440647, -18.15311978588139, 658.0], "angles": [0.0, 0.0, 0.7417176299580832], "sizes": [1.0, 1.0, 1.0]}, {"translations": [1312.2885014791384, -26.168192415198668, 58.0], "angles": [0.0, 0.0, 0.9991065040489585], "sizes": [1.0000000000000002, 1.0000000000000002, 1.0]}], "SM_CardBoxD_02": [{"translations": [1931.6569783521657, -22.584179542580785, 658.0], "angles": [0.0, 0.0, 0.9897054572182375], "sizes": [0.9999999999999998, 0.9999999999999998, 1.0]}, {"translations": [1107.2847848756355, -28.237918364572295, 658.0], "angles": [0.0, 0.0, -0.6665229117190465], "sizes": [1.0000000000000002, 1.0000000000000002, 1.0]}, {"translations": [1118.9767818628268, -26.730232433828046, 508.0], "angles": [0.0, 0.0, 0.7739183220981488], "sizes": [1.0000000000000002, 1.0000000000000002, 1.0]}, {"translations": [678.8100541020418, 38.54105086476147, 658.0], "angles": [0.0, 0.0, 0.6382093744692812], "sizes": [1.0000000000000007, 1.0000000000000007, 1.0]}, {"translations": [1705.6248588757817, 1.8834076077020154, 208.0], "angles": [0.0, 0.0, -0.4622751610053536], "sizes": [1.0, 1.0, 1.0]}, {"translations": [1280.6283486907585, 31.332167049378313, 358.0], "angles": [0.0, 0.0, -0.019963293894934803], "sizes": [1.0, 1.0, 1.0]}, {"translations": [941.4717734729076, 3.6107920553560806, 58.0], "angles": [0.0, 0.0, 0.6251003313953489], "sizes": [1.0000000000000002, 1.0000000000000002, 1.0]}, {"translations": [880.4776742636064, 31.534256411447977, 58.0], "angles": [0.0, 0.0, 0.4819986805306997], "sizes": [1.0, 1.0, 1.0]}], "SM_CardBoxD_05": [{"translations": [1876.251880900764, 41.683037422219456, 658.0], "angles": [0.0, 0.0, -0.46674148584091113], "sizes": [1.0, 1.0, 1.0]}, {"translations": [1466.3333445356861, 27.359149240298894, 658.0], "angles": [0.0, 0.0, -0.16951126477306144], "sizes": [1.0, 1.0, 1.0]}, {"translations": [1446.088625885347, -0.6588251052872263, 358.0], "angles": [0.0, 0.0, -0.8635082407924494], "sizes": [1.0000000000000002, 1.0000000000000002, 1.0]}, {"translations": [1491.286188021638, 32.0862311651051, 208.0], "angles": [0.0, 0.0, 0.2885091064117847], "sizes": [1.0, 1.0, 1.0]}, {"translations": [1088.1148342932058, 0.5292201451841657, 208.0], "angles": [0.0, 0.0, 0.999064903356934], "sizes": [1.0000000000000004, 1.0000000000000004, 1.0]}, {"translations": [682.8138010120272, 27.077105273396977, 208.0], "angles": [0.0, 0.0, 0.931623402069882], "sizes": [0.9999999999999998, 0.9999999999999998, 1.0]}, {"translations": [647.9843144226602, 3.728085925111067, 58.0], "angles": [-0.0, -0.0, 0.012519605164232988], "sizes": [1.0, 1.0, 1.0]}, {"translations": [275.42305868684144, -30.00047946674371, 208.0], "angles": [0.0, 0.0, -0.2572067341754251], "sizes": [1.0, 1.0, 1.0]}, {"translations": [1645.727359752148, 5.3890600055182, 208.0], "angles": [0.0, 0.0, 0.13952451105202446], "sizes": [1.0, 1.0, 1.0]}, {"translations": [1315.372482236526, -34.324000775998485, 658.0], "angles": [0.0, 0.0, 0.7124598162370119], "sizes": [0.9999999999999999, 0.9999999999999999, 1.0]}, {"translations": [1270.3462604983592, -2.696225451116403, 508.0], "angles": [0.0, 0.0, 0.2695935185042106], "sizes": [1.0, 1.0, 1.0]}, {"translations": [104.70253021936865, 20.245977447778966, 508.0], "angles": [0.0, 0.0, -0.7697645562493454], "sizes": [1.0000000000000004, 1.0000000000000004, 1.0]}, {"translations": [200.19134809217724, -27.08997133224867, 358.0], "angles": [0.0, 0.0, -0.15810387831173853], "sizes": [1.0, 1.0, 1.0]}, {"translations": [1865.8054173618611, 39.57927355635975, 508.0], "angles": [0.0, 0.0, 0.5084335912275227], "sizes": [1.0000000000000002, 1.0000000000000002, 1.0]}], "SM_CardBoxD_01": [{"translations": [1883.3082766109103, -22.959535072788185, 358.0], "angles": [0.0, 0.0, 0.9818211228139856], "sizes": [1.0, 1.0, 1.0]}, {"translations": [1917.3527846268864, 34.841602233930445, 358.0], "angles": [0.0, 0.0, 0.6324968699038231], "sizes": [1.0000000000000002, 1.0000000000000002, 1.0]}, {"translations": [736.2733504389738, -23.89267058522046, 658.0], "angles": [0.0, 0.0, 0.6820296445740885], "sizes": [1.0000000000000004, 1.0000000000000004, 1.0]}, {"translations": [1697.231704711914, 6.969821453094482, 358.0], "angles": [0.0, 0.0, 0.9251909493134112], "sizes": [0.9999999999999994, 0.9999999999999994, 1.0]}, {"translations": [76.05472275435788, -5.438055847389501, 658.0], "angles": [0.0, 0.0, 0.9267505568257105], "sizes": [0.9999999999999999, 0.9999999999999999, 1.0]}, {"translations": [77.0445785522461, -0.000858306884765625, 208.0], "angles": [0.0, 0.0, 0.41228276591955637], "sizes": [1.0, 1.0, 1.0]}], "SM_CardBoxD_03": [{"translations": [1857.494071575121, 38.95675372402386, 358.0], "angles": [0.0, 0.0, 0.9902501241289592], "sizes": [0.9999999999999996, 0.9999999999999996, 1.0]}, {"translations": [1524.4988549680443, -6.059010435889904, 658.0], "angles": [0.0, 0.0, 0.5624739521562369], "sizes": [1.0000000000000002, 1.0000000000000002, 1.0]}, {"translations": [1121.5704526063068, -28.31527292992874, 58.0], "angles": [0.0, 0.0, -0.7779328526746218], "sizes": [1.0000000000000002, 1.0000000000000002, 1.0]}, {"translations": [654.2149227263877, 9.658644075647985, 508.0], "angles": [0.0, 0.0, 0.9206971759314393], "sizes": [1.0, 1.0, 1.0]}, {"translations": [1336.3910520185202, 29.986469725415017, 208.0], "angles": [0.0, 0.0, 0.5017067748405599], "sizes": [1.0, 1.0, 1.0]}, {"translations": [882.5365424624534, -28.430408698429666, 58.0], "angles": [0.0, 0.0, 0.05921566393186923], "sizes": [1.0, 1.0, 1.0]}, {"translations": [533.0736580689172, -21.37475450900295, 358.0], "angles": [0.0, 0.0, -0.6727914365077972], "sizes": [1.0000000000000002, 1.0000000000000002, 1.0]}], "SM_CardBoxB_02": [{"translations": [1902.7907278093508, -28.059333894432076, 208.0], "angles": [0.0, 0.0, 0.9425660675293228], "sizes": [1.0000000000000004, 1.0000000000000004, 1.0]}, {"translations": [1518.211000953091, 26.371409843643104, 508.0], "angles": [0.0, 0.0, -0.02423359594378943], "sizes": [1.0, 1.0, 1.0]}, {"translations": [1551.2729186345875, 30.824426754973302, 208.0], "angles": [0.0, 0.0, -0.8102190957369034], "sizes": [1.0000000000000004, 1.0000000000000004, 1.0]}, {"translations": [1107.9691700811861, 31.75817831588204, 658.0], "angles": [0.0, 0.0, 0.8989131920177962], "sizes": [0.9999999999999996, 0.9999999999999996, 1.0]}, {"translations": [272.44988574416357, -39.107958030493705, 508.0], "angles": [0.0, 0.0, 0.38040105192143353], "sizes": [1.0, 1.0, 1.0]}, {"translations": [287.7435232704579, 28.266078082310624, 58.0], "angles": [0.0, 0.0, 0.8232135349539448], "sizes": [1.0000000000000004, 1.0000000000000004, 1.0]}, {"translations": [1764.338459997541, 7.495519842842369, 658.0], "angles": [0.0, 0.0, 0.9535863998601543], "sizes": [1.0000000000000013, 1.0000000000000013, 1.0]}, {"translations": [1285.8244258200255, 25.899851326032522, 658.0], "angles": [0.0, 0.0, -0.2836553921323338], "sizes": [1.0, 1.0, 1.0]}, {"translations": [936.0964245450676, 25.777650243664826, 358.0], "angles": [0.0, 0.0, 0.9246868205467649], "sizes": [0.9999999999999999, 0.9999999999999999, 1.0]}, {"translations": [994.4500479922915, -27.84197312095442, 208.0], "angles": [0.0, 0.0, 0.8952756872630918], "sizes": [1.0, 1.0, 1.0]}, {"translations": [460.7464785475882, -31.769271426192, 208.0], "angles": [0.0, 0.0, 0.9590895666089275], "sizes": [1.0000000000000007, 1.0000000000000007, 1.0]}, {"translations": [521.8357079341292, -4.054545142885906, 208.0], "angles": [0.0, 0.0, -0.12955926536626527], "sizes": [1.0, 1.0, 1.0]}, {"translations": [1922.6466852992717, -23.421284054406627, 508.0], "angles": [0.0, 0.0, 0.3286697707937778], "sizes": [1.0, 1.0, 1.0]}], "SM_CardBoxB_01": [{"translations": [1865.9662714899948, -22.365488951831516, 58.0], "angles": [0.0, 0.0, -0.4080217181999873], "sizes": [1.0, 1.0, 1.0]}, {"translations": [1891.369315606571, 39.720623421317505, 58.0], "angles": [0.0, 0.0, -0.6127346724019772], "sizes": [1.0000000000000004, 1.0000000000000004, 1.0]}, {"translations": [1525.4593217410868, -23.491515567125532, 58.0], "angles": [0.0, 0.0, 0.9547296866954299], "sizes": [1.0000000000000009, 1.0000000000000009, 1.0]}, {"translations": [1073.366872810624, -32.85981165605553, 358.0], "angles": [0.0, 0.0, -0.08851893105099559], "sizes": [1.0, 1.0, 1.0]}, {"translations": [714.1669437286904, 7.2596489236195945, 508.0], "angles": [0.0, 0.0, -0.8022065919161977], "sizes": [1.0000000000000002, 1.0000000000000002, 1.0]}, {"translations": [733.3482676529422, 6.259785140148503, 358.0], "angles": [0.0, 0.0, 0.012524648130123023], "sizes": [1.0, 1.0, 1.0]}, {"translations": [290.12833976868626, 24.576749390444668, 658.0], "angles": [0.0, 0.0, 0.2876806658424657], "sizes": [1.0, 1.0, 1.0]}, {"translations": [1686.870502129582, -23.72390040147095, 508.0], "angles": [0.0, 0.0, 0.9594062557064915], "sizes": [1.0000000000000009, 1.0000000000000009, 1.0]}, {"translations": [1713.0914439065925, 38.02123877827843, 508.0], "angles": [0.0, 0.0, 0.8605469393278575], "sizes": [0.9999999999999999, 0.9999999999999999, 1.0]}, {"translations": [1276.4417807037728, -28.521593471497454, 358.0], "angles": [0.0, 0.0, 0.6829607177936086], "sizes": [1.0000000000000009, 1.0000000000000009, 1.0]}, {"translations": [511.59603260000154, 6.453831552013702, 658.0], "angles": [0.0, 0.0, 0.9855935656951796], "sizes": [0.9999999999999998, 0.9999999999999998, 1.0]}, {"translations": [44.71491427585384, 21.464966132454595, 508.0], "angles": [0.0, 0.0, 0.9949845855342049], "sizes": [1.0000000000000004, 1.0000000000000004, 1.0]}], "SM_CardBoxD_04": [{"translations": [1462.8650209676784, -32.54052297606303, 658.0], "angles": [0.0, 0.0, 0.9945351154906628], "sizes": [1.0, 1.0, 1.0]}, {"translations": [1550.0111142244557, -29.16230385797619, 208.0], "angles": [0.0, 0.0, -0.22036317738887587], "sizes": [1.0, 1.0, 1.0]}, {"translations": [1076.030571110668, 27.08103177616806, 358.0], "angles": [0.0, 0.0, 0.8479028743022844], "sizes": [1.0, 1.0, 1.0]}, {"translations": [289.8027108604015, -31.698576060521074, 58.0], "angles": [0.0, 0.0, -0.10244514084868551], "sizes": [1.0, 1.0, 1.0]}, {"translations": [1742.960215859354, -20.964550324833787, 58.0], "angles": [0.0, 0.0, 0.13254153773692817], "sizes": [1.0, 1.0, 1.0]}, {"translations": [849.4638008074123, 29.61767002235664, 658.0], "angles": [0.0, 0.0, -0.013298752021826496], "sizes": [1.0, 1.0, 1.0]}, {"translations": [450.5458333311265, 34.270057954052206, 58.0], "angles": [0.0, 0.0, 0.9997122048235041], "sizes": [1.0000000000000004, 1.0000000000000004, 1.0]}], "SM_CardBoxA_02": [{"translations": [1455.6323980947607, -30.934073875625526, 508.0], "angles": [0.0, 0.0, 0.3568853639415526], "sizes": [1.0, 1.0, 1.0]}, {"translations": [909.2731980908991, 34.39637241799055, 658.0], "angles": [0.0, 0.0, 0.05481154858335999], "sizes": [1.0, 1.0, 1.0]}, {"translations": [966.4827346801758, 3.2526063919067383, 508.0], "angles": [0.0, 0.0, 0.31924197641228336], "sizes": [1.0, 1.0, 1.0]}, {"translations": [931.0066628231382, 28.50460510947981, 208.0], "angles": [0.0, 0.0, 0.8654596477075789], "sizes": [0.9999999999999998, 0.9999999999999998, 1.0]}, {"translations": [138.03497896347673, -1.8593198000997857, 358.0], "angles": [0.0, 0.0, -0.787639080620198], "sizes": [1.0000000000000004, 1.0000000000000004, 1.0]}], "SM_CardBoxC_02": [{"translations": [1508.0105507061462, -26.45950778011767, 358.0], "angles": [0.0, 0.0, 0.9987270788188896], "sizes": [1.000000000000001, 1.000000000000001, 1.0]}, {"translations": [1061.598089573123, -26.494374191389795, 58.0], "angles": [0.0, 0.0, 0.3996414135472742], "sizes": [0.9999999999999999, 0.9999999999999999, 1.0]}, {"translations": [671.1709550482415, -18.919210019653217, 358.0], "angles": [0.0, 0.0, 0.35517789840171304], "sizes": [1.0, 1.0, 1.0]}, {"translations": [710.1767707757333, -21.413480708078264, 58.0], "angles": [0.0, 0.0, 0.3199635662382515], "sizes": [1.0, 1.0, 1.0]}, {"translations": [1683.760781943154, 10.585838325726865, 58.0], "angles": [0.0, 0.0, 0.7007488352126465], "sizes": [1.0000000000000002, 1.0000000000000002, 1.0]}, {"translations": [533.6925315062781, 38.62205370333889, 358.0], "angles": [0.0, 0.0, 0.8849507946334718], "sizes": [0.9999999999999997, 0.9999999999999997, 1.0]}, {"translations": [514.0126230897719, -22.050156869152303, 58.0], "angles": [0.0, 0.0, 0.23723534831052553], "sizes": [1.0, 1.0, 1.0]}, {"translations": [74.70873809322686, 28.931937355960883, 58.0], "angles": [0.0, 0.0, 0.8703699898687841], "sizes": [0.9999999999999998, 0.9999999999999998, 1.0]}], "SM_CardBoxC_01": [{"translations": [1047.9730734007317, 32.442563521432646, 658.0], "angles": [0.0, 0.0, -0.13446608667119164], "sizes": [1.0, 1.0, 1.0]}, {"translations": [1147.915624592982, -29.865935382007663, 208.0], "angles": [0.0, 0.0, 0.838151919442178], "sizes": [0.9999999999999999, 0.9999999999999999, 1.0]}, {"translations": [738.7585629954988, 36.05583830823652, 658.0], "angles": [0.0, 0.0, -0.12624662170199102], "sizes": [0.9999999999999999, 0.9999999999999999, 1.0]}, {"translations": [305.11896400996295, 19.481557458739292, 508.0], "angles": [0.0, 0.0, -0.6744257206284708], "sizes": [1.0000000000000002, 1.0000000000000002, 1.0]}, {"translations": [290.77157373203863, -1.2472895607859533, 358.0], "angles": [0.0, 0.0, -0.1746383440092693], "sizes": [1.0, 1.0, 1.0]}, {"translations": [1399.2035524736673, -27.06254241828611, 208.0], "angles": [-0.0, -0.0, 0.0042460647041282235], "sizes": [1.0, 1.0, 1.0]}, {"translations": [914.051900486533, -25.41302486549629, 658.0], "angles": [0.0, 0.0, 0.9593360000794672], "sizes": [1.0000000000000004, 1.0000000000000004, 1.0]}, {"translations": [463.0103892755597, 28.188002596363226, 208.0], "angles": [0.0, 0.0, 0.7263132725571494], "sizes": [1.0000000000000002, 1.0000000000000002, 1.0]}]}