{"SM_RackShelf_01": [{"translations": [200.0, 0.0, 37.0], "angles": [0.0, 0.0, 0.0], "sizes": [1.0, 1.0, 1.0]}, {"translations": [200.0, 0.0, 187.0], "angles": [0.0, 0.0, 0.0], "sizes": [1.0, 1.0, 1.0]}, {"translations": [200.0, 0.0, 337.0], "angles": [0.0, 0.0, 0.0], "sizes": [1.0, 1.0, 1.0]}, {"translations": [200.0, 0.0, 487.0], "angles": [0.0, 0.0, 0.0], "sizes": [1.0, 1.0, 1.0]}, {"translations": [200.0, 0.0, 637.0], "angles": [0.0, 0.0, 0.0], "sizes": [1.0, 1.0, 1.0]}, {"translations": [200.0, 0.0, 787.0], "angles": [0.0, 0.0, 0.0], "sizes": [1.0, 1.0, 1.0]}, {"translations": [600.0, 0.0, 37.0], "angles": [0.0, 0.0, 0.0], "sizes": [1.0, 1.0, 1.0]}, {"translations": [600.0, 0.0, 187.0], "angles": [0.0, 0.0, 0.0], "sizes": [1.0, 1.0, 1.0]}, {"translations": [600.0, 0.0, 337.0], "angles": [0.0, 0.0, 0.0], "sizes": [1.0, 1.0, 1.0]}, {"translations": [600.0, 0.0, 487.0], "angles": [0.0, 0.0, 0.0], "sizes": [1.0, 1.0, 1.0]}, {"translations": [600.0, 0.0, 637.0], "angles": [0.0, 0.0, 0.0], "sizes": [1.0, 1.0, 1.0]}, {"translations": [600.0, 0.0, 787.0], "angles": [0.0, 0.0, 0.0], "sizes": [1.0, 1.0, 1.0]}, {"translations": [1000.0, 0.0, 37.0], "angles": [0.0, 0.0, 0.0], "sizes": [1.0, 1.0, 1.0]}, {"translations": [1000.0, 0.0, 187.0], "angles": [0.0, 0.0, 0.0], "sizes": [1.0, 1.0, 1.0]}, {"translations": [1000.0, 0.0, 337.0], "angles": [0.0, 0.0, 0.0], "sizes": [1.0, 1.0, 1.0]}, {"translations": [1000.0, 0.0, 487.0], "angles": [0.0, 0.0, 0.0], "sizes": [1.0, 1.0, 1.0]}, {"translations": [1000.0, 0.0, 637.0], "angles": [0.0, 0.0, 0.0], "sizes": [1.0, 1.0, 1.0]}, {"translations": [1000.0, 0.0, 787.0], "angles": [0.0, 0.0, 0.0], "sizes": [1.0, 1.0, 1.0]}, {"translations": [1400.0, 0.0, 37.0], "angles": [0.0, 0.0, 0.0], "sizes": [1.0, 1.0, 1.0]}, {"translations": [1400.0, 0.0, 187.0], "angles": [0.0, 0.0, 0.0], "sizes": [1.0, 1.0, 1.0]}, {"translations": [1400.0, 0.0, 337.0], "angles": [0.0, 0.0, 0.0], "sizes": [1.0, 1.0, 1.0]}, {"translations": [1400.0, 0.0, 487.0], "angles": [0.0, 0.0, 0.0], "sizes": [1.0, 1.0, 1.0]}, {"translations": [1400.0, 0.0, 637.0], "angles": [0.0, 0.0, 0.0], "sizes": [1.0, 1.0, 1.0]}, {"translations": [1400.0, 0.0, 787.0], "angles": [0.0, 0.0, 0.0], "sizes": [1.0, 1.0, 1.0]}, {"translations": [1800.0, 0.0, 37.0], "angles": [0.0, 0.0, 0.0], "sizes": [1.0, 1.0, 1.0]}, {"translations": [1800.0, 0.0, 187.0], "angles": [0.0, 0.0, 0.0], "sizes": [1.0, 1.0, 1.0]}, {"translations": [1800.0, 0.0, 337.0], "angles": [0.0, 0.0, 0.0], "sizes": [1.0, 1.0, 1.0]}, {"translations": [1800.0, 0.0, 487.0], "angles": [0.0, 0.0, 0.0], "sizes": [1.0, 1.0, 1.0]}, {"translations": [1800.0, 0.0, 637.0], "angles": [0.0, 0.0, 0.0], "sizes": [1.0, 1.0, 1.0]}, {"translations": [1800.0, 0.0, 787.0], "angles": [0.0, 0.0, 0.0], "sizes": [1.0, 1.0, 1.0]}, {"translations": [2200.0, 0.0, 37.0], "angles": [0.0, 0.0, 0.0], "sizes": [1.0, 1.0, 1.0]}, {"translations": [2200.0, 0.0, 187.0], "angles": [0.0, 0.0, 0.0], "sizes": [1.0, 1.0, 1.0]}, {"translations": [2200.0, 0.0, 337.0], "angles": [0.0, 0.0, 0.0], "sizes": [1.0, 1.0, 1.0]}, {"translations": [2200.0, 0.0, 487.0], "angles": [0.0, 0.0, 0.0], "sizes": [1.0, 1.0, 1.0]}, {"translations": [2200.0, 0.0, 637.0], "angles": [0.0, 0.0, 0.0], "sizes": [1.0, 1.0, 1.0]}, {"translations": [2200.0, 0.0, 787.0], "angles": [0.0, 0.0, 0.0], "sizes": [1.0, 1.0, 1.0]}, {"translations": [2600.0, 0.0, 37.0], "angles": [0.0, 0.0, 0.0], "sizes": [1.0, 1.0, 1.0]}, {"translations": [2600.0, 0.0, 187.0], "angles": [0.0, 0.0, 0.0], "sizes": [1.0, 1.0, 1.0]}, {"translations": [2600.0, 0.0, 337.0], "angles": [0.0, 0.0, 0.0], "sizes": [1.0, 1.0, 1.0]}, {"translations": [2600.0, 0.0, 487.0], "angles": [0.0, 0.0, 0.0], "sizes": [1.0, 1.0, 1.0]}, {"translations": [2600.0, 0.0, 637.0], "angles": [0.0, 0.0, 0.0], "sizes": [1.0, 1.0, 1.0]}, {"translations": [2600.0, 0.0, 787.0], "angles": [0.0, 0.0, 0.0], "sizes": [1.0, 1.0, 1.0]}, {"translations": [3000.0, 0.0, 37.0], "angles": [0.0, 0.0, 0.0], "sizes": [1.0, 1.0, 1.0]}, {"translations": [3000.0, 0.0, 187.0], "angles": [0.0, 0.0, 0.0], "sizes": [1.0, 1.0, 1.0]}, {"translations": [3000.0, 0.0, 337.0], "angles": [0.0, 0.0, 0.0], "sizes": [1.0, 1.0, 1.0]}, {"translations": [3000.0, 0.0, 487.0], "angles": [0.0, 0.0, 0.0], "sizes": [1.0, 1.0, 1.0]}, {"translations": [3000.0, 0.0, 637.0], "angles": [0.0, 0.0, 0.0], "sizes": [1.0, 1.0, 1.0]}, {"translations": [3000.0, 0.0, 787.0], "angles": [0.0, 0.0, 0.0], "sizes": [1.0, 1.0, 1.0]}, {"translations": [3400.0, 0.0, 37.0], "angles": [0.0, 0.0, 0.0], "sizes": [1.0, 1.0, 1.0]}, {"translations": [3400.0, 0.0, 187.0], "angles": [0.0, 0.0, 0.0], "sizes": [1.0, 1.0, 1.0]}, {"translations": [3400.0, 0.0, 337.0], "angles": [0.0, 0.0, 0.0], "sizes": [1.0, 1.0, 1.0]}, {"translations": [3400.0, 0.0, 487.0], "angles": [0.0, 0.0, 0.0], "sizes": [1.0, 1.0, 1.0]}, {"translations": [3400.0, 0.0, 637.0], "angles": [0.0, 0.0, 0.0], "sizes": [1.0, 1.0, 1.0]}, {"translations": [3400.0, 0.0, 787.0], "angles": [0.0, 0.0, 0.0], "sizes": [1.0, 1.0, 1.0]}, {"translations": [3800.0, 0.0, 37.0], "angles": [0.0, 0.0, 0.0], "sizes": [1.0, 1.0, 1.0]}, {"translations": [3800.0, 0.0, 187.0], "angles": [0.0, 0.0, 0.0], "sizes": [1.0, 1.0, 1.0]}, {"translations": [3800.0, 0.0, 337.0], "angles": [0.0, 0.0, 0.0], "sizes": [1.0, 1.0, 1.0]}, {"translations": [3800.0, 0.0, 487.0], "angles": [0.0, 0.0, 0.0], "sizes": [1.0, 1.0, 1.0]}, {"translations": [3800.0, 0.0, 637.0], "angles": [0.0, 0.0, 0.0], "sizes": [1.0, 1.0, 1.0]}, {"translations": [3800.0, 0.0, 787.0], "angles": [0.0, 0.0, 0.0], "sizes": [1.0, 1.0, 1.0]}], "SM_RackFrame_03": [{"translations": [0.0, 0.0, 0.0], "angles": [0.0, 0.0, 0.0], "sizes": [1.0, 1.0, 1.0]}, {"translations": [400.0, 0.0, 0.0], "angles": [0.0, 0.0, 0.0], "sizes": [1.0, 1.0, 1.0]}, {"translations": [800.0, 0.0, 0.0], "angles": [0.0, 0.0, 0.0], "sizes": [1.0, 1.0, 1.0]}, {"translations": [1200.0, 0.0, 0.0], "angles": [0.0, 0.0, 0.0], "sizes": [1.0, 1.0, 1.0]}, {"translations": [1600.0, 0.0, 0.0], "angles": [0.0, 0.0, 0.0], "sizes": [1.0, 1.0, 1.0]}, {"translations": [2000.0, 0.0, 0.0], "angles": [0.0, 0.0, 0.0], "sizes": [1.0, 1.0, 1.0]}, {"translations": [2400.0, 0.0, 0.0], "angles": [0.0, 0.0, 0.0], "sizes": [1.0, 1.0, 1.0]}, {"translations": [2800.0, 0.0, 0.0], "angles": [0.0, 0.0, 0.0], "sizes": [1.0, 1.0, 1.0]}, {"translations": [3200.0, 0.0, 0.0], "angles": [0.0, 0.0, 0.0], "sizes": [1.0, 1.0, 1.0]}, {"translations": [3600.0, 0.0, 0.0], "angles": [0.0, 0.0, 0.0], "sizes": [1.0, 1.0, 1.0]}, {"translations": [0.0, 0.0, 300.0], "angles": [0.0, 0.0, 0.0], "sizes": [1.0, 1.0, 1.0]}, {"translations": [400.0, 0.0, 300.0], "angles": [0.0, 0.0, 0.0], "sizes": [1.0, 1.0, 1.0]}, {"translations": [800.0, 0.0, 300.0], "angles": [0.0, 0.0, 0.0], "sizes": [1.0, 1.0, 1.0]}, {"translations": [1200.0, 0.0, 300.0], "angles": [0.0, 0.0, 0.0], "sizes": [1.0, 1.0, 1.0]}, {"translations": [1600.0, 0.0, 300.0], "angles": [0.0, 0.0, 0.0], "sizes": [1.0, 1.0, 1.0]}, {"translations": [2000.0, 0.0, 300.0], "angles": [0.0, 0.0, 0.0], "sizes": [1.0, 1.0, 1.0]}, {"translations": [2400.0, 0.0, 300.0], "angles": [0.0, 0.0, 0.0], "sizes": [1.0, 1.0, 1.0]}, {"translations": [2800.0, 0.0, 300.0], "angles": [0.0, 0.0, 0.0], "sizes": [1.0, 1.0, 1.0]}, {"translations": [3200.0, 0.0, 300.0], "angles": [0.0, 0.0, 0.0], "sizes": [1.0, 1.0, 1.0]}, {"translations": [3600.0, 0.0, 300.0], "angles": [0.0, 0.0, 0.0], "sizes": [1.0, 1.0, 1.0]}, {"translations": [0.0, 0.0, 600.0], "angles": [0.0, 0.0, 0.0], "sizes": [1.0, 1.0, 1.0]}, {"translations": [400.0, 0.0, 600.0], "angles": [0.0, 0.0, 0.0], "sizes": [1.0, 1.0, 1.0]}, {"translations": [800.0, 0.0, 600.0], "angles": [0.0, 0.0, 0.0], "sizes": [1.0, 1.0, 1.0]}, {"translations": [1200.0, 0.0, 600.0], "angles": [0.0, 0.0, 0.0], "sizes": [1.0, 1.0, 1.0]}, {"translations": [1600.0, 0.0, 600.0], "angles": [0.0, 0.0, 0.0], "sizes": [1.0, 1.0, 1.0]}, {"translations": [2000.0, 0.0, 600.0], "angles": [0.0, 0.0, 0.0], "sizes": [1.0, 1.0, 1.0]}, {"translations": [2400.0, 0.0, 600.0], "angles": [0.0, 0.0, 0.0], "sizes": [1.0, 1.0, 1.0]}, {"translations": [2800.0, 0.0, 600.0], "angles": [0.0, 0.0, 0.0], "sizes": [1.0, 1.0, 1.0]}, {"translations": [3200.0, 0.0, 600.0], "angles": [0.0, 0.0, 0.0], "sizes": [1.0, 1.0, 1.0]}, {"translations": [3600.0, 0.0, 600.0], "angles": [0.0, 0.0, 0.0], "sizes": [1.0, 1.0, 1.0]}, {"translations": [4000.0, 0.0, 0.0], "angles": [0.0, 0.0, 0.0], "sizes": [1.0, 1.0, 1.0]}, {"translations": [4000.0, 0.0, 300.0], "angles": [0.0, 0.0, 0.0], "sizes": [1.0, 1.0, 1.0]}, {"translations": [4000.0, 0.0, 600.0], "angles": [0.0, 0.0, 0.0], "sizes": [1.0, 1.0, 1.0]}], "SM_PaletteA_01": [{"translations": [104.04623413085938, -1.7162489891052246, 37.0], "angles": [0.0, 0.0, -0.002155892250945297], "sizes": [1.0, 1.0, 1.0]}, {"translations": [77.0445785522461, -0.000858306884765625, 187.0], "angles": [0.0, 0.0, 0.013567474015994181], "sizes": [1.0, 1.0, 1.0]}, {"translations": [167.94365692138672, 0.4796934127807617, 337.0], "angles": [0.0, 0.0, -0.020980815892568196], "sizes": [0.9999999999999999, 0.9999999999999999, 1.0]}, {"translations": [74.09922790527344, -9.138336181640625, 487.0], "angles": [0.0, 0.0, 0.03777576461297974], "sizes": [1.0, 1.0, 1.0]}, {"translations": [106.05471801757812, -5.421197414398193, 637.0], "angles": [0.0, 0.0, -0.026398987504020956], "sizes": [1.0, 1.0, 1.0]}, {"translations": [115.29872131347656, 7.166991233825684, 787.0], "angles": [0.0, 0.0, 0.028353070955438778], "sizes": [0.9999999999999999, 0.9999999999999999, 1.0]}, {"translations": [482.2792282104492, 6.109950542449951, 37.0], "angles": [0.0, 0.0, -0.012672699812949674], "sizes": [1.0, 1.0, 1.0]}, {"translations": [491.85707092285156, -2.9225897789001465, 187.0], "angles": [0.0, 0.0, -0.04341450990610692], "sizes": [1.0, 1.0, 1.0]}, {"translations": [533.3830947875977, 8.623649597167969, 337.0], "angles": [0.0, 0.0, -0.006464976166873087], "sizes": [1.0, 1.0, 1.0]}, {"translations": [494.8818664550781, 8.459146499633789, 487.0], "angles": [0.0, 0.0, -0.01540491618105402], "sizes": [1.0, 1.0, 1.0]}, {"translations": [541.5834045410156, 7.324190139770508, 637.0], "angles": [0.0, 0.0, 0.028358395135880055], "sizes": [0.9999999999999999, 0.9999999999999999, 1.0]}, {"translations": [533.2000122070312, 9.428579330444336, 787.0], "angles": [0.0, 0.0, -0.03125471748273695], "sizes": [1.0, 1.0, 1.0]}, {"translations": [911.4894409179688, 2.581357955932617, 37.0], "angles": [0.0, 0.0, -0.04224908262353933], "sizes": [1.0, 1.0, 1.0]}, {"translations": [962.7283554077148, 0.3313159942626953, 187.0], "angles": [0.0, 0.0, 0.004827106371162044], "sizes": [1.0, 1.0, 1.0]}, {"translations": [935.8382797241211, -4.22123908996582, 337.0], "angles": [0.0, 0.0, -0.03930066373235522], "sizes": [1.0, 1.0, 1.0]}, {"translations": [966.4827346801758, 3.2526063919067383, 487.0], "angles": [0.0, 0.0, 0.03807116700241242], "sizes": [1.0, 1.0, 1.0]}, {"translations": [881.7578506469727, 2.102322578430176, 637.0], "angles": [0.0, 0.0, 0.0036579528307791624], "sizes": [0.9999999999999999, 0.9999999999999999, 1.0]}, {"translations": [922.1294860839844, 5.8795952796936035, 787.0], "angles": [0.0, 0.0, -0.01714644461914958], "sizes": [1.0, 1.0, 1.0]}, {"translations": [1312.5039825439453, 3.831033706665039, 37.0], "angles": [0.0, 0.0, 0.013484918373882042], "sizes": [0.9999999999999999, 0.9999999999999999, 1.0]}, {"translations": [1367.7973022460938, 1.4619636535644531, 187.0], "angles": [0.0, 0.0, -0.03643441008632847], "sizes": [1.0, 1.0, 1.0]}, {"translations": [1278.5350646972656, 1.4052867889404297, 337.0], "angles": [0.0, 0.0, 0.016712399094563127], "sizes": [1.0, 1.0, 1.0]}, {"translations": [1300.343391418457, -2.281332015991211, 487.0], "angles": [0.0, 0.0, 0.015668545626067495], "sizes": [1.0, 1.0, 1.0]}, {"translations": [1315.598030090332, -4.324848651885986, 637.0], "angles": [0.0, 0.0, -0.01846454188350989], "sizes": [1.0, 1.0, 1.0]}, {"translations": [1286.8436584472656, 4.431722164154053, 787.0], "angles": [0.0, 0.0, -0.027413313608475005], "sizes": [1.0, 1.0, 1.0]}, {"translations": [1713.750633239746, 9.805569648742676, 37.0], "angles": [0.0, 0.0, -0.000619203119077811], "sizes": [0.9999999999999999, 0.9999999999999999, 1.0]}, {"translations": [1675.6761093139648, 3.6362338066101074, 187.0], "angles": [0.0, 0.0, 0.005197291513533341], "sizes": [1.0, 1.0, 1.0]}, {"translations": [1697.231704711914, 6.969821453094482, 337.0], "angles": [0.0, 0.0, 0.03825745662446926], "sizes": [1.0, 1.0, 1.0]}, {"translations": [1714.9520950317383, 8.078994750976562, 487.0], "angles": [0.0, 0.0, 0.03817762015951569], "sizes": [1.0, 1.0, 1.0]}, {"translations": [1734.4088516235352, 9.549428939819336, 637.0], "angles": [0.0, 0.0, -0.0074396981379800855], "sizes": [0.9999999999999999, 0.9999999999999999, 1.0]}, {"translations": [1715.0519256591797, 4.0348219871521, 787.0], "angles": [0.0, 0.0, -0.007588836149714398], "sizes": [1.0, 1.0, 1.0]}, {"translations": [2079.5151443481445, 2.395656108856201, 37.0], "angles": [0.0, 0.0, -0.037541560202274595], "sizes": [0.9999999999999999, 0.9999999999999999, 1.0]}, {"translations": [2093.033576965332, 0.1521778106689453, 187.0], "angles": [0.0, 0.0, 0.028121462090471023], "sizes": [1.0, 1.0, 1.0]}, {"translations": [2094.2071533203125, 0.5452275276184082, 337.0], "angles": [0.0, 0.0, 0.03185364905347725], "sizes": [0.9999999999999999, 0.9999999999999999, 1.0]}, {"translations": [2138.9098052978516, 0.4858231544494629, 487.0], "angles": [0.0, 0.0, 0.03756285046367567], "sizes": [1.0, 1.0, 1.0]}, {"translations": [2166.2614097595215, -6.692960262298584, 637.0], "angles": [0.0, 0.0, -0.011610143625066505], "sizes": [1.0, 1.0, 1.0]}, {"translations": [2099.147735595703, -7.900900840759277, 787.0], "angles": [0.0, 0.0, -0.042206510054362094], "sizes": [1.0, 1.0, 1.0]}, {"translations": [2498.907196044922, -4.518120288848877, 37.0], "angles": [0.0, 0.0, -0.03297694564539107], "sizes": [1.0, 1.0, 1.0]}, {"translations": [2502.4140243530273, -5.466940402984619, 187.0], "angles": [0.0, 0.0, -0.012558188838215962], "sizes": [0.9999999999999999, 0.9999999999999999, 1.0]}, {"translations": [2532.563407897949, 9.540740966796875, 337.0], "angles": [0.0, 0.0, -0.012033569127501594], "sizes": [1.0, 1.0, 1.0]}, {"translations": [2560.399745941162, -8.810394287109375, 487.0], "angles": [0.0, 0.0, 0.011450359380798476], "sizes": [1.0, 1.0, 1.0]}, {"translations": [2504.8695068359375, 5.577380657196045, 637.0], "angles": [0.0, 0.0, -0.02376320707206077], "sizes": [1.0, 1.0, 1.0]}, {"translations": [2506.439613342285, 7.717952728271484, 787.0], "angles": [0.0, 0.0, 0.03764003167649417], "sizes": [1.0, 1.0, 1.0]}, {"translations": [2907.6520080566406, -5.5121564865112305, 37.0], "angles": [0.0, 0.0, 0.01982254456062721], "sizes": [1.0, 1.0, 1.0]}, {"translations": [2875.525344848633, 9.49099349975586, 187.0], "angles": [0.0, 0.0, 0.040160214657998725], "sizes": [1.0, 1.0, 1.0]}, {"translations": [2882.421142578125, 7.635831832885742, 337.0], "angles": [0.0, 0.0, 0.03277464649349197], "sizes": [0.9999999999999999, 0.9999999999999999, 1.0]}, {"translations": [2919.150360107422, -5.7010817527771, 487.0], "angles": [0.0, 0.0, -0.012459656466770871], "sizes": [0.9999999999999999, 0.9999999999999999, 1.0]}, {"translations": [2953.922176361084, 1.8576598167419434, 637.0], "angles": [0.0, 0.0, 0.0012796901664032696], "sizes": [0.9999999999999999, 0.9999999999999999, 1.0]}, {"translations": [2955.815299987793, 0.9525680541992188, 787.0], "angles": [0.0, 0.0, 0.03330434284159883], "sizes": [1.0, 1.0, 1.0]}, {"translations": [3281.321846008301, 1.9383478164672852, 37.0], "angles": [0.0, 0.0, 0.02830781538922679], "sizes": [1.0, 1.0, 1.0]}, {"translations": [3335.089340209961, 3.0927324295043945, 187.0], "angles": [0.0, 0.0, 0.015599311900334856], "sizes": [0.9999999999999999, 0.9999999999999999, 1.0]}, {"translations": [3325.660598754883, 5.971324443817139, 337.0], "angles": [0.0, 0.0, -0.03259896762590951], "sizes": [1.0, 1.0, 1.0]}, {"translations": [3369.652936935425, -9.388505935668945, 487.0], "angles": [0.0, 0.0, -0.03690016649911042], "sizes": [1.0, 1.0, 1.0]}, {"translations": [3337.361083984375, 6.581850051879883, 637.0], "angles": [0.0, 0.0, 0.032042641127291924], "sizes": [0.9999999999999999, 0.9999999999999999, 1.0]}, {"translations": [3363.693546295166, -7.437701225280762, 787.0], "angles": [0.0, 0.0, 0.00011052638649975925], "sizes": [1.0, 1.0, 1.0]}, {"translations": [3737.7925033569336, 1.735079288482666, 37.0], "angles": [0.0, 0.0, -0.018134354805600012], "sizes": [1.0, 1.0, 1.0]}, {"translations": [3735.742576599121, 1.8309926986694336, 187.0], "angles": [0.0, 0.0, -0.02436492589750943], "sizes": [1.0, 1.0, 1.0]}, {"translations": [3691.6289443969727, -8.20798110961914, 337.0], "angles": [0.0, 0.0, 0.03400970562734242], "sizes": [1.0, 1.0, 1.0]}, {"translations": [3719.700859069824, 7.732515335083008, 487.0], "angles": [0.0, 0.0, 0.03853422945857678], "sizes": [1.0, 1.0, 1.0]}, {"translations": [3749.3163681030273, 7.242178916931152, 637.0], "angles": [0.0, 0.0, 0.029620244469124316], "sizes": [1.0, 1.0, 1.0]}, {"translations": [3745.4949836730957, -3.4252285957336426, 787.0], "angles": [0.0, 0.0, 0.025815933234012885], "sizes": [0.9999999999999999, 0.9999999999999999, 1.0]}, {"translations": [288.7731170654297, -1.7162489891052246, 37.0], "angles": [0.0, 0.0, -0.039518881605650126], "sizes": [0.9999999999999999, 0.9999999999999999, 1.0]}, {"translations": [275.2722930908203, -0.000858306884765625, 187.0], "angles": [0.0, 0.0, -0.024175888839019312], "sizes": [1.0, 1.0, 1.0]}, {"translations": [320.7218246459961, 0.4796934127807617, 337.0], "angles": [0.0, 0.0, 0.003077371409094894], "sizes": [1.0, 1.0, 1.0]}, {"translations": [273.7996139526367, -9.138336181640625, 487.0], "angles": [0.0, 0.0, 0.01685619473598574], "sizes": [1.0, 1.0, 1.0]}, {"translations": [289.77735900878906, -5.421197414398193, 637.0], "angles": [0.0, 0.0, 0.0079084136870538], "sizes": [1.0, 1.0, 1.0]}, {"translations": [294.3993606567383, 7.166991233825684, 787.0], "angles": [0.0, 0.0, -0.015934836804858014], "sizes": [1.0, 1.0, 1.0]}, {"translations": [677.8896102905273, 6.109950542449951, 37.0], "angles": [0.0, 0.0, 0.024564607356130797], "sizes": [1.0, 1.0, 1.0]}, {"translations": [682.6785354614258, -2.9225897789001465, 187.0], "angles": [0.0, 0.0, -0.02179558170735461], "sizes": [1.0, 1.0, 1.0]}, {"translations": [703.4415435791016, 8.623649597167969, 337.0], "angles": [0.0, 0.0, -0.010683392050586092], "sizes": [1.0, 1.0, 1.0]}, {"translations": [684.1909332275391, 8.459146499633789, 487.0], "angles": [0.0, 0.0, 0.00391628800619368], "sizes": [1.0, 1.0, 1.0]}, {"translations": [707.5417022705078, 7.324190139770508, 637.0], "angles": [0.0, 0.0, -0.004765854370700574], "sizes": [1.0, 1.0, 1.0]}, {"translations": [703.3500061035156, 9.428579330444336, 787.0], "angles": [0.0, 0.0, 0.03364504473365072], "sizes": [1.0, 1.0, 1.0]}, {"translations": [1092.4947204589844, 2.581357955932617, 37.0], "angles": [0.0, 0.0, 0.008057551157102378], "sizes": [0.9999999999999999, 0.9999999999999999, 1.0]}, {"translations": [1118.1141815185547, 0.3313159942626953, 187.0], "angles": [0.0, 0.0, 0.002821703855789141], "sizes": [0.9999999999999999, 0.9999999999999999, 1.0]}, {"translations": [1104.6691436767578, -4.22123908996582, 337.0], "angles": [0.0, 0.0, 0.009208030222786137], "sizes": [1.0, 1.0, 1.0]}, {"translations": [1119.9913635253906, 3.2526063919067383, 487.0], "angles": [0.0, 0.0, 0.04232092366003979], "sizes": [1.0, 1.0, 1.0]}, {"translations": [1077.6289291381836, 2.102322578430176, 637.0], "angles": [0.0, 0.0, 0.01854442511662731], "sizes": [0.9999999999999999, 0.9999999999999999, 1.0]}, {"translations": [1097.8147430419922, 5.8795952796936035, 787.0], "angles": [0.0, 0.0, -0.005144029003758305], "sizes": [1.0, 1.0, 1.0]}, {"translations": [1493.0019912719727, 3.831033706665039, 37.0], "angles": [0.0, 0.0, -0.0004114713805225544], "sizes": [1.0, 1.0, 1.0]}, {"translations": [1520.6486511230469, 1.4619636535644531, 187.0], "angles": [0.0, 0.0, -0.026481518715002414], "sizes": [1.0, 1.0, 1.0]}, {"translations": [1476.0175323486328, 1.4052867889404297, 337.0], "angles": [0.0, 0.0, -0.021779606533866278], "sizes": [0.9999999999999999, 0.9999999999999999, 1.0]}, {"translations": [1486.9216995239258, -2.281332015991211, 487.0], "angles": [0.0, 0.0, 0.032074582633693484], "sizes": [1.0, 1.0, 1.0]}, {"translations": [1494.5490188598633, -4.324848651885986, 637.0], "angles": [0.0, 0.0, -0.00653688259752706], "sizes": [1.0, 1.0, 1.0]}, {"translations": [1480.1718292236328, 4.431722164154053, 787.0], "angles": [0.0, 0.0, 0.02517962804312076], "sizes": [1.0, 1.0, 1.0]}, {"translations": [1893.6253204345703, 9.805569648742676, 37.0], "angles": [0.0, 0.0, -0.017386101707283715], "sizes": [1.0, 1.0, 1.0]}, {"translations": [1874.5880508422852, 3.6362338066101074, 187.0], "angles": [0.0, 0.0, -0.015274432481026617], "sizes": [1.0, 1.0, 1.0]}, {"translations": [1885.365852355957, 6.969821453094482, 337.0], "angles": [0.0, 0.0, 0.040471563650172515], "sizes": [1.0, 1.0, 1.0]}, {"translations": [1894.2260513305664, 8.078994750976562, 487.0], "angles": [0.0, 0.0, -0.023515593983678206], "sizes": [1.0, 1.0, 1.0]}, {"translations": [1903.9544296264648, 9.549428939819336, 637.0], "angles": [0.0, 0.0, -0.006385080382588238], "sizes": [1.0, 1.0, 1.0]}, {"translations": [1894.2759628295898, 4.0348219871521, 787.0], "angles": [0.0, 0.0, 0.01831808655674487], "sizes": [1.0, 1.0, 1.0]}, {"translations": [2276.5075759887695, 2.395656108856201, 37.0], "angles": [0.0, 0.0, -0.029487138339863793], "sizes": [1.0, 1.0, 1.0]}, {"translations": [2283.2667846679688, 0.1521778106689453, 187.0], "angles": [0.0, 0.0, 0.0130082387662445], "sizes": [0.9999999999999999, 0.9999999999999999, 1.0]}, {"translations": [2283.8535766601562, 0.5452275276184082, 337.0], "angles": [0.0, 0.0, 0.036229477911891746], "sizes": [1.0, 1.0, 1.0]}, {"translations": [2306.204902648926, 0.4858231544494629, 487.0], "angles": [0.0, 0.0, 0.014227889771354802], "sizes": [0.9999999999999999, 0.9999999999999999, 1.0]}, {"translations": [2319.8807067871094, -6.692960262298584, 637.0], "angles": [0.0, 0.0, -0.03520744339315013], "sizes": [1.0, 1.0, 1.0]}, {"translations": [2286.3238677978516, -7.900900840759277, 787.0], "angles": [0.0, 0.0, -0.01588690285287998], "sizes": [1.0, 1.0, 1.0]}, {"translations": [2686.203598022461, -4.518120288848877, 37.0], "angles": [0.0, 0.0, 0.03764535422371103], "sizes": [1.0, 1.0, 1.0]}, {"translations": [2687.9570083618164, -5.466940402984619, 187.0], "angles": [0.0, 0.0, -0.02378450633909524], "sizes": [1.0, 1.0, 1.0]}, {"translations": [2703.031707763672, 9.540740966796875, 337.0], "angles": [0.0, 0.0, 0.001665858506225605], "sizes": [1.0, 1.0, 1.0]}, {"translations": [2716.9498748779297, -8.810394287109375, 487.0], "angles": [0.0, 0.0, 0.029441884257969664], "sizes": [1.0, 1.0, 1.0]}, {"translations": [2689.1847534179688, 5.577380657196045, 637.0], "angles": [0.0, 0.0, 0.009322546435412306], "sizes": [1.0, 1.0, 1.0]}, {"translations": [2689.9698028564453, 7.717952728271484, 787.0], "angles": [0.0, 0.0, 0.01856838943943112], "sizes": [1.0, 1.0, 1.0]}, {"translations": [3090.5760040283203, -5.5121564865112305, 37.0], "angles": [0.0, 0.0, 0.034036321819862686], "sizes": [1.0, 1.0, 1.0]}, {"translations": [3074.5126724243164, 9.49099349975586, 187.0], "angles": [0.0, 0.0, -0.029729388066958296], "sizes": [1.0, 1.0, 1.0]}, {"translations": [3077.9605712890625, 7.635831832885742, 337.0], "angles": [0.0, 0.0, 0.007719329821125978], "sizes": [1.0, 1.0, 1.0]}, {"translations": [3096.325180053711, -5.7010817527771, 487.0], "angles": [0.0, 0.0, -0.028760382983150267], "sizes": [1.0, 1.0, 1.0]}, {"translations": [3113.7110900878906, 1.8576598167419434, 637.0], "angles": [0.0, 0.0, 0.006760590986099896], "sizes": [1.0, 1.0, 1.0]}, {"translations": [3114.6576538085938, 0.9525680541992188, 787.0], "angles": [0.0, 0.0, -0.03369562026262868], "sizes": [1.0, 1.0, 1.0]}, {"translations": [3477.410919189453, 1.9383478164672852, 37.0], "angles": [0.0, 0.0, -0.03635989098460547], "sizes": [1.0, 1.0, 1.0]}, {"translations": [3504.2946701049805, 3.0927324295043945, 187.0], "angles": [0.0, 0.0, -0.009935062765248867], "sizes": [1.0, 1.0, 1.0]}, {"translations": [3499.5802993774414, 5.971324443817139, 337.0], "angles": [0.0, 0.0, 0.00029695286015257624], "sizes": [0.9999999999999999, 0.9999999999999999, 1.0]}, {"translations": [3521.5764694213867, -9.388505935668945, 487.0], "angles": [0.0, 0.0, 0.008283922695481692], "sizes": [1.0, 1.0, 1.0]}, {"translations": [3505.4305419921875, 6.581850051879883, 637.0], "angles": [0.0, 0.0, 0.03730470073878009], "sizes": [1.0, 1.0, 1.0]}, {"translations": [3518.5967712402344, -7.437701225280762, 787.0], "angles": [0.0, 0.0, 0.025917103654199164], "sizes": [1.0, 1.0, 1.0]}, {"translations": [3905.6462478637695, 1.735079288482666, 37.0], "angles": [0.0, 0.0, -0.041911148277363856], "sizes": [1.0, 1.0, 1.0]}, {"translations": [3904.621292114258, 1.8309926986694336, 187.0], "angles": [0.0, 0.0, -0.03840383115850241], "sizes": [1.0, 1.0, 1.0]}, {"translations": [3882.564468383789, -8.20798110961914, 337.0], "angles": [0.0, 0.0, 0.01859235375156766], "sizes": [0.9999999999999999, 0.9999999999999999, 1.0]}, {"translations": [3896.6004333496094, 7.732515335083008, 487.0], "angles": [0.0, 0.0, -0.022881913516140343], "sizes": [1.0, 1.0, 1.0]}, {"translations": [3911.408187866211, 7.242178916931152, 637.0], "angles": [0.0, 0.0, -0.018150331142228544], "sizes": [1.0, 1.0, 1.0]}, {"translations": [3909.497489929199, -3.4252285957336426, 787.0], "angles": [0.0, 0.0, -4.9271080889782546e-05], "sizes": [0.9999999999999999, 0.9999999999999999, 1.0]}], "SM_CardBoxA_01": [{"translations": [1474.7110659288787, -28.566252135413368, 358.0], "angles": [0.0, 0.0, 0.7433885541084269], "sizes": [1.0000000000000002, 1.0000000000000002, 1.0]}, {"translations": [714.1900129888343, 8.694121978038599, 508.0], "angles": [0.0, 0.0, 0.9913315492467025], "sizes": [0.9999999999999994, 0.9999999999999994, 1.0]}, {"translations": [674.0893586126098, 39.2577684467914, 358.0], "angles": [0.0, 0.0, 0.9845376659574353], "sizes": [1.0000000000000007, 1.0000000000000007, 1.0]}, {"translations": [652.7070383043435, -1.6151655313780566, 208.0], "angles": [0.0, 0.0, -0.5371267606493426], "sizes": [1.0, 1.0, 1.0]}, {"translations": [325.3400943311372, 36.19578727654708, 808.0], "angles": [0.0, 0.0, 0.9995005032993922], "sizes": [1.000000000000001, 1.000000000000001, 1.0]}, {"translations": [316.3101319212844, -33.991825092847186, 58.0], "angles": [0.0, 0.0, 0.6142940931676381], "sizes": [1.0000000000000002, 1.0000000000000002, 1.0]}, {"translations": [3747.301429298719, 39.95375868539204, 508.0], "angles": [0.0, 0.0, 0.7957073413165879], "sizes": [1.0000000000000004, 1.0000000000000004, 1.0]}, {"translations": [3335.089340209961, 3.0927324295043945, 208.0], "angles": [0.0, 0.0, 0.7546440213074], "sizes": [1.0000000000000004, 1.0000000000000004, 1.0]}, {"translations": [2472.423486839441, -4.713508490880068, 208.0], "angles": [0.0, 0.0, -0.12747341780128046], "sizes": [1.0, 1.0, 1.0]}, {"translations": [1395.533041111939, -30.643001531989704, 208.0], "angles": [0.0, 0.0, -0.5636222683631507], "sizes": [1.0000000000000002, 1.0000000000000002, 1.0]}, {"translations": [903.5747341800552, -31.7723484855235, 358.0], "angles": [0.0, 0.0, 0.24226491361915578], "sizes": [1.0, 1.0, 1.0]}, {"translations": [932.72975346507, 0.04169298629841206, 208.0], "angles": [0.0, 0.0, -0.17732672620480147], "sizes": [1.0, 1.0, 1.0]}, {"translations": [535.0743790901711, 39.36996788854879, 808.0], "angles": [0.0, 0.0, -0.7748363801661311], "sizes": [1.0000000000000002, 1.0000000000000002, 1.0]}, {"translations": [87.04745544313218, -24.48527529991743, 808.0], "angles": [0.0, 0.0, 0.9934561385397288], "sizes": [1.0, 1.0, 1.0]}, {"translations": [3449.6703925932043, 34.039176219528926, 58.0], "angles": [0.0, 0.0, 0.996136843414988], "sizes": [1.000000000000001, 1.000000000000001, 1.0]}, {"translations": [3064.6499004829575, -33.92654302650315, 508.0], "angles": [0.0, 0.0, 0.9872074227492463], "sizes": [1.0000000000000002, 1.0000000000000002, 1.0]}, {"translations": [2688.767631611898, -40.52413207523863, 508.0], "angles": [0.0, 0.0, -0.5279279941372478], "sizes": [1.0, 1.0, 1.0]}, {"translations": [2672.931922897059, 39.44062309003662, 358.0], "angles": [0.0, 0.0, -0.5082164615094398], "sizes": [0.9999999999999999, 0.9999999999999999, 1.0]}, {"translations": [2314.0370600992105, -29.057241044993244, 208.0], "angles": [0.0, 0.0, -0.8144132706268346], "sizes": [1.0000000000000004, 1.0000000000000004, 1.0]}, {"translations": [3518.5967712402344, -7.437701225280762, 808.0], "angles": [0.0, 0.0, -0.27719475800485455], "sizes": [1.0, 1.0, 1.0]}], "SM_CardBoxD_03": [{"translations": [1447.352459844033, 32.683292133048354, 358.0], "angles": [0.0, 0.0, 0.26916449272919174], "sizes": [1.0, 1.0, 1.0]}, {"translations": [677.2571170578153, -22.38849904339104, 658.0], "angles": [0.0, 0.0, -0.3668242042384806], "sizes": [1.0, 1.0, 1.0]}, {"translations": [653.9568779878391, 38.22325078252413, 508.0], "angles": [0.0, 0.0, -0.12571193881570727], "sizes": [1.0, 1.0, 1.0]}, {"translations": [672.8074247294782, -20.72853536932382, 358.0], "angles": [0.0, 0.0, -0.029900769482050223], "sizes": [1.0, 1.0, 1.0]}, {"translations": [3765.7069576222816, 0.3695311361037388, 208.0], "angles": [0.0, 0.0, 0.3115109939632383], "sizes": [1.0000000000000002, 1.0000000000000002, 1.0]}, {"translations": [3363.693546295166, -7.437701225280762, 808.0], "angles": [0.0, 0.0, 0.9659375072008618], "sizes": [1.0000000000000007, 1.0000000000000007, 1.0]}, {"translations": [3305.501116596277, 34.598674961732414, 658.0], "angles": [0.0, 0.0, 0.888796715396948], "sizes": [1.0, 1.0, 1.0]}, {"translations": [2533.2853697674327, 39.53205255964009, 358.0], "angles": [0.0, 0.0, 0.9839562164327077], "sizes": [1.0, 1.0, 1.0]}, {"translations": [2066.724484954319, -35.263883460458715, 808.0], "angles": [0.0, 0.0, -0.5375499882984852], "sizes": [1.0, 1.0, 1.0]}, {"translations": [2138.9098052978516, 0.4858231544494629, 508.0], "angles": [0.0, 0.0, 0.8747844950560368], "sizes": [1.0000000000000007, 1.0000000000000007, 1.0]}, {"translations": [2092.296904237073, 30.484348230137083, 358.0], "angles": [0.0, 0.0, 0.9957566585020999], "sizes": [1.0000000000000013, 1.0000000000000013, 1.0]}, {"translations": [1316.7057137285992, 25.65469498969594, 658.0], "angles": [0.0, 0.0, -0.2617702235816182], "sizes": [1.0, 1.0, 1.0]}, {"translations": [1313.3130040788838, -26.158055711921946, 58.0], "angles": [0.0, 0.0, 0.9997205230477962], "sizes": [1.0000000000000013, 1.0000000000000013, 1.0]}, {"translations": [461.9701601030748, -0.3201751980327412, 208.0], "angles": [0.0, 0.0, 0.356281204119593], "sizes": [1.0, 1.0, 1.0]}, {"translations": [3882.564468383789, -8.20798110961914, 358.0], "angles": [0.0, 0.0, 0.8983499978640255], "sizes": [1.0000000000000004, 1.0000000000000004, 1.0]}], "SM_CardBoxB_01": [{"translations": [1507.2955376927407, 30.0703592935401, 358.0], "angles": [0.0, 0.0, -0.004921002490161797], "sizes": [1.0, 1.0, 1.0]}, {"translations": [1490.690727373054, 3.0502975572560587, 208.0], "angles": [0.0, 0.0, 0.9590178960784117], "sizes": [1.0000000000000007, 1.0000000000000007, 1.0]}, {"translations": [1492.9773029912312, -26.16895613481314, 58.0], "angles": [0.0, 0.0, 0.22357016495746102], "sizes": [1.0, 1.0, 1.0]}, {"translations": [734.075662428725, 37.97583456365976, 358.0], "angles": [0.0, 0.0, 0.539056515405112], "sizes": [1.0000000000000002, 1.0000000000000002, 1.0]}, {"translations": [649.399247177653, -25.327275952528417, 58.0], "angles": [0.0, 0.0, 0.9745219598645782], "sizes": [1.0000000000000009, 1.0000000000000009, 1.0]}, {"translations": [3751.9221024201333, -19.868054893812012, 508.0], "angles": [0.0, 0.0, -0.5213533328862363], "sizes": [1.0000000000000002, 1.0000000000000002, 1.0]}, {"translations": [3721.559544792361, -6.168579243490171, 358.0], "angles": [0.0, 0.0, 0.9003421786576536], "sizes": [1.0, 1.0, 1.0]}, {"translations": [3337.5221321188624, -37.09430644458696, 508.0], "angles": [0.0, 0.0, 0.8727664108621535], "sizes": [1.0, 1.0, 1.0]}, {"translations": [2923.9990559646144, -28.219023273958022, 658.0], "angles": [0.0, 0.0, 0.9971438584724105], "sizes": [0.9999999999999994, 0.9999999999999994, 1.0]}, {"translations": [2889.907196047284, 25.037125022372514, 508.0], "angles": [0.0, 0.0, 0.25100745626424903], "sizes": [1.0, 1.0, 1.0]}, {"translations": [2528.841947308276, -6.495660882900687, 58.0], "angles": [0.0, 0.0, 0.48696435628114526], "sizes": [1.0, 1.0, 1.0]}, {"translations": [1715.0519256591797, 4.0348219871521, 808.0], "angles": [0.0, 0.0, 0.9981334872783412], "sizes": [0.9999999999999999, 0.9999999999999999, 1.0]}, {"translations": [1318.4427497371046, 32.74245210275562, 808.0], "angles": [0.0, 0.0, -0.24222167062995809], "sizes": [1.0, 1.0, 1.0]}, {"translations": [1270.3581216177793, -3.221329346071515, 508.0], "angles": [0.0, 0.0, -0.8365291524720946], "sizes": [1.0000000000000004, 1.0000000000000004, 1.0]}, {"translations": [41.91992029936193, 18.51111520539643, 508.0], "angles": [0.0, 0.0, 0.9890473775867276], "sizes": [1.0000000000000002, 1.0000000000000002, 1.0]}, {"translations": [3048.4272925619025, -22.82373887360799, 358.0], "angles": [0.0, 0.0, -0.4893095993401479], "sizes": [1.0, 1.0, 1.0]}, {"translations": [2719.949115751263, 8.831864014966671, 808.0], "angles": [0.0, 0.0, -0.5444444533000258], "sizes": [1.0000000000000002, 1.0000000000000002, 1.0]}, {"translations": [2688.6254249390117, 35.57216606487362, 658.0], "angles": [0.0, 0.0, 0.6110489465269484], "sizes": [1.0, 1.0, 1.0]}, {"translations": [1933.9519834713753, 9.166331926392077, 658.0], "angles": [0.0, 0.0, 0.39890403010841907], "sizes": [1.0, 1.0, 1.0]}, {"translations": [3903.1337885015614, -28.159528050521704, 58.0], "angles": [0.0, 0.0, -0.8269187975138564], "sizes": [1.0000000000000004, 1.0000000000000004, 1.0]}, {"translations": [3911.408187866211, 7.242178916931152, 658.0], "angles": [0.0, 0.0, 0.9321682068873912], "sizes": [0.9999999999999998, 0.9999999999999998, 1.0]}], "SM_CardBoxD_01": [{"translations": [1493.026679552714, 33.83102354814322, 58.0], "angles": [0.0, 0.0, 0.5542268902892644], "sizes": [1.0, 1.0, 1.0]}, {"translations": [1092.6358075804958, -29.17691039366582, 508.0], "angles": [0.0, 0.0, -0.41284436199917535], "sizes": [1.0, 1.0, 1.0]}, {"translations": [1134.1115980165166, 26.326132031805397, 358.0], "angles": [0.0, 0.0, 0.15450256697250117], "sizes": [0.9999999999999999, 0.9999999999999999, 1.0]}, {"translations": [677.8290130873463, 37.60877535246303, 658.0], "angles": [0.0, 0.0, 0.0660775067621702], "sizes": [0.9999999999999999, 0.9999999999999999, 1.0]}, {"translations": [3737.7925033569336, 1.735079288482666, 58.0], "angles": [0.0, 0.0, -0.6891911763660523], "sizes": [1.0000000000000002, 1.0000000000000002, 1.0]}, {"translations": [2071.784752976004, 24.52234980062501, 808.0], "angles": [0.0, 0.0, -0.03560072866240022], "sizes": [0.9999999999999999, 0.9999999999999999, 1.0]}, {"translations": [1683.7506562444962, 9.842721828765038, 58.0], "angles": [0.0, 0.0, 0.9862158262363173], "sizes": [0.9999999999999998, 0.9999999999999998, 1.0]}, {"translations": [1340.0615633802486, 33.56692883911861, 208.0], "angles": [0.0, 0.0, 0.42828828656734735], "sizes": [1.0, 1.0, 1.0]}, {"translations": [76.09653241005238, -3.8378101891633665, 658.0], "angles": [0.0, 0.0, 0.9364436782854745], "sizes": [1.0000000000000004, 1.0000000000000004, 1.0]}, {"translations": [77.0445785522461, -0.000858306884765625, 208.0], "angles": [0.0, 0.0, 0.4485324095078677], "sizes": [0.9999999999999999, 0.9999999999999999, 1.0]}, {"translations": [3068.099718779985, 25.974197817976354, 508.0], "angles": [0.0, 0.0, 0.9884322925116368], "sizes": [1.0000000000000007, 1.0000000000000007, 1.0]}, {"translations": [2689.7440818969258, -24.41740475048153, 658.0], "angles": [0.0, 0.0, 0.8780352924387882], "sizes": [0.9999999999999997, 0.9999999999999997, 1.0]}, {"translations": [2673.131825640432, -20.559043899815855, 358.0], "angles": [0.0, 0.0, 0.7827086865910947], "sizes": [1.0, 1.0, 1.0]}, {"translations": [2246.559745468418, 4.164115077648117, 58.0], "angles": [0.0, 0.0, 0.4468205053013585], "sizes": [1.0, 1.0, 1.0]}, {"translations": [2306.455406509121, 0.6271971400642855, 58.0], "angles": [0.0, 0.0, 0.6668184714277261], "sizes": [1.0000000000000004, 1.0000000000000004, 1.0]}, {"translations": [1922.564175414411, -21.219302187507406, 58.0], "angles": [0.0, 0.0, 0.9545870245644307], "sizes": [1.0000000000000013, 1.0000000000000013, 1.0]}, {"translations": [1524.154250433849, -34.71448937780909, 658.0], "angles": [0.0, 0.0, 0.9999822894812966], "sizes": [1.0, 1.0, 1.0]}], "SM_CardBoxC_02": [{"translations": [1097.8147430419922, 5.8795952796936035, 808.0], "angles": [0.0, 0.0, 0.9483597814981156], "sizes": [1.0000000000000007, 1.0000000000000007, 1.0]}, {"translations": [1148.2830053551484, -29.498904727625565, 208.0], "angles": [0.0, 0.0, 0.6631612729257108], "sizes": [1.0, 1.0, 1.0]}, {"translations": [261.236102209575, 30.559327114636737, 58.0], "angles": [0.0, 0.0, 0.8973073634591604], "sizes": [1.0, 1.0, 1.0]}, {"translations": [3749.3163681030273, 7.242178916931152, 658.0], "angles": [0.0, 0.0, -0.22536922881767982], "sizes": [1.0, 1.0, 1.0]}, {"translations": [3311.273766063574, 3.6361360843361163, 58.0], "angles": [0.0, 0.0, 0.7381739936261896], "sizes": [1.0000000000000004, 1.0000000000000004, 1.0]}, {"translations": [2948.39352416756, -36.43928852792671, 508.0], "angles": [0.0, 0.0, 0.6696711379322624], "sizes": [1.0000000000000002, 1.0000000000000002, 1.0]}, {"translations": [2906.462889074081, 24.464267517117285, 58.0], "angles": [0.0, 0.0, 0.7539364957294691], "sizes": [1.0000000000000007, 1.0000000000000007, 1.0]}, {"translations": [2476.5246196613616, 5.461151215000099, 808.0], "angles": [-0.0, -0.0, 0.008613971239258838], "sizes": [1.0, 1.0, 1.0]}, {"translations": [2131.5709862370873, 19.46208177894016, 808.0], "angles": [0.0, 0.0, 0.9368753189593525], "sizes": [1.000000000000001, 1.000000000000001, 1.0]}, {"translations": [1727.1438867326717, 9.263588389176942, 358.0], "angles": [0.0, 0.0, 0.9466910422732908], "sizes": [1.0000000000000013, 1.0000000000000013, 1.0]}, {"translations": [1281.70587159042, 33.01110159031357, 58.0], "angles": [0.0, 0.0, 0.7547812617304981], "sizes": [1.0, 1.0, 1.0]}, {"translations": [914.0221224455427, 32.47425885698078, 58.0], "angles": [0.0, 0.0, 0.9795122770334185], "sizes": [1.0000000000000013, 1.0000000000000013, 1.0]}, {"translations": [524.8676277685254, 7.534961208164415, 508.0], "angles": [0.0, 0.0, -0.28127167701457917], "sizes": [1.0, 1.0, 1.0]}, {"translations": [74.1758662375903, 28.412825373057984, 58.0], "angles": [0.0, 0.0, 0.8746535332709966], "sizes": [0.9999999999999998, 0.9999999999999998, 1.0]}, {"translations": [3507.331596689108, -0.24180308693909947, 58.0], "angles": [0.0, 0.0, 0.47221078915915743], "sizes": [0.9999999999999999, 0.9999999999999999, 1.0]}, {"translations": [3042.782727783005, -18.673001477152752, 208.0], "angles": [0.0, 0.0, -0.6761816687962251], "sizes": [1.0000000000000002, 1.0000000000000002, 1.0]}, {"translations": [2311.6024805669845, 32.63881461241783, 358.0], "angles": [0.0, 0.0, 0.5718092965694173], "sizes": [1.0, 1.0, 1.0]}, {"translations": [1863.6434570265249, 10.848578076947321, 58.0], "angles": [0.0, 0.0, 0.6239508079349596], "sizes": [1.0000000000000004, 1.0000000000000004, 1.0]}, {"translations": [3475.51404043402, 4.345125991972781, 658.0], "angles": [0.0, 0.0, 0.9901026521491618], "sizes": [0.9999999999999999, 0.9999999999999999, 1.0]}], "SM_CardBoxB_02": [{"translations": [1108.720769566112, -26.764569509292528, 658.0], "angles": [0.0, 0.0, 0.9630412183767221], "sizes": [1.0000000000000016, 1.0000000000000016, 1.0]}, {"translations": [290.90703426912603, -29.704379784574446, 358.0], "angles": [0.0, 0.0, 0.8952816195423353], "sizes": [0.9999999999999991, 0.9999999999999991, 1.0]}, {"translations": [3353.6419386927055, -25.919812495526966, 358.0], "angles": [0.0, 0.0, 0.9986815741266556], "sizes": [1.0000000000000013, 1.0000000000000013, 1.0]}, {"translations": [3295.724360316299, 7.926222944577748, 358.0], "angles": [0.0, 0.0, -0.8363083113151423], "sizes": [1.0000000000000004, 1.0000000000000004, 1.0]}, {"translations": [2927.87900279136, -30.978033239114815, 808.0], "angles": [0.0, 0.0, 0.8807407937935721], "sizes": [1.0, 1.0, 1.0]}, {"translations": [2884.386564910364, -22.299717519947855, 358.0], "angles": [0.0, 0.0, -0.7640282877113681], "sizes": [1.0, 1.0, 1.0]}, {"translations": [2091.3469565394544, 30.104728812862596, 208.0], "angles": [0.0, 0.0, -0.6845074198577781], "sizes": [1.0000000000000002, 1.0000000000000002, 1.0]}, {"translations": [1687.328534121864, -24.122540657423883, 508.0], "angles": [0.0, 0.0, 0.8016444117420517], "sizes": [1.0000000000000004, 1.0000000000000004, 1.0]}, {"translations": [1682.7505596233377, 35.702555660850805, 508.0], "angles": [0.0, 0.0, -0.533440767138748], "sizes": [1.0, 1.0, 1.0]}, {"translations": [1705.9863218827518, -26.050312203913794, 208.0], "angles": [0.0, 0.0, 0.9525250025297988], "sizes": [1.0000000000000004, 1.0000000000000004, 1.0]}, {"translations": [1247.5492190537207, 30.385924631376007, 358.0], "angles": [0.0, 0.0, 0.10052182033429573], "sizes": [1.0, 1.0, 1.0]}, {"translations": [881.9773263484443, -27.896874584435093, 658.0], "angles": [0.0, 0.0, 0.5915805270298121], "sizes": [1.0, 1.0, 1.0]}, {"translations": [994.1131558610958, 35.448255560155594, 508.0], "angles": [0.0, 0.0, 0.6905359388437936], "sizes": [1.0000000000000004, 1.0000000000000004, 1.0]}, {"translations": [573.2359720236509, -20.926738548632347, 658.0], "angles": [0.0, 0.0, 0.9368778412059391], "sizes": [1.0000000000000002, 1.0000000000000002, 1.0]}, {"translations": [532.9952043239582, -21.373842647821736, 358.0], "angles": [0.0, 0.0, 0.9664204156497932], "sizes": [1.0000000000000009, 1.0000000000000009, 1.0]}, {"translations": [3046.3486774474077, 41.22093814106695, 208.0], "angles": [0.0, 0.0, -0.860501505679052], "sizes": [1.0000000000000007, 1.0000000000000007, 1.0]}, {"translations": [1922.782326867692, -23.298371732649187, 508.0], "angles": [0.0, 0.0, 0.8975561139154593], "sizes": [0.9999999999999999, 0.9999999999999999, 1.0]}, {"translations": [3902.3187620733343, -28.08051604647152, 208.0], "angles": [0.0, 0.0, -0.8225400862632225], "sizes": [1.0000000000000002, 1.0000000000000002, 1.0]}], "SM_CardBoxD_05": [{"translations": [1047.649562880358, 0.9898484083272503, 658.0], "angles": [0.0, 0.0, 0.7446986593876113], "sizes": [1.0000000000000009, 1.0000000000000009, 1.0]}, {"translations": [1062.9820532821095, -27.898183971514708, 58.0], "angles": [0.0, 0.0, -0.796972217848753], "sizes": [1.0000000000000004, 1.0000000000000004, 1.0]}, {"translations": [1122.4908250111455, 3.0647953312189022, 58.0], "angles": [0.0, 0.0, -0.6542593183431711], "sizes": [1.0000000000000004, 1.0000000000000004, 1.0]}, {"translations": [243.8572321435713, -28.515660527496976, 208.0], "angles": [0.0, 0.0, 0.8503624878438262], "sizes": [1.0000000000000002, 1.0000000000000002, 1.0]}, {"translations": [3357.551735694227, 33.95266438164002, 358.0], "angles": [0.0, 0.0, 0.8595288358847993], "sizes": [1.0, 1.0, 1.0]}, {"translations": [2938.817551042829, -34.299461507579935, 58.0], "angles": [0.0, 0.0, 0.9556846766717388], "sizes": [1.0000000000000016, 1.0000000000000016, 1.0]}, {"translations": [1645.6777300243095, 3.3244005274786086, 208.0], "angles": [0.0, 0.0, -0.7018920479529112], "sizes": [1.0000000000000002, 1.0000000000000002, 1.0]}, {"translations": [922.1294860839844, 5.8795952796936035, 808.0], "angles": [0.0, 0.0, 0.7485771292381277], "sizes": [1.0000000000000007, 1.0000000000000007, 1.0]}, {"translations": [881.538374945501, 32.10151974129545, 658.0], "angles": [0.0, 0.0, 0.9366337198081267], "sizes": [1.0000000000000004, 1.0000000000000004, 1.0]}, {"translations": [934.2870855119269, 30.88302757282681, 508.0], "angles": [0.0, 0.0, -0.19058041243929727], "sizes": [1.0, 1.0, 1.0]}, {"translations": [938.849660291443, -29.84422447268944, 58.0], "angles": [0.0, 0.0, 0.3797123945342306], "sizes": [1.0, 1.0, 1.0]}, {"translations": [101.7486792923105, 23.040971424270886, 508.0], "angles": [0.0, 0.0, -0.7382879616725929], "sizes": [1.0000000000000002, 1.0000000000000002, 1.0]}, {"translations": [3082.705188343283, -26.958719101504254, 808.0], "angles": [0.0, 0.0, 0.9165238894262352], "sizes": [1.0000000000000002, 1.0000000000000002, 1.0]}, {"translations": [3108.420141995556, -21.897446894274044, 358.0], "angles": [0.0, 0.0, 0.7673128602396707], "sizes": [1.0000000000000002, 1.0000000000000002, 1.0]}, {"translations": [3058.6045162370588, 22.377339177864386, 58.0], "angles": [0.0, 0.0, 0.9439916425780279], "sizes": [1.0000000000000004, 1.0000000000000004, 1.0]}, {"translations": [2733.0315412585983, 9.640692338483369, 358.0], "angles": [0.0, 0.0, 0.9999975133746748], "sizes": [0.9999999999999997, 0.9999999999999997, 1.0]}, {"translations": [2686.203598022461, -4.518120288848877, 58.0], "angles": [0.0, 0.0, -0.43903231416732164], "sizes": [1.0, 1.0, 1.0]}, {"translations": [2317.769569845954, -36.61858641808168, 658.0], "angles": [0.0, 0.0, 0.48373243205496685], "sizes": [0.9999999999999999, 0.9999999999999999, 1.0]}, {"translations": [2253.2769375245166, -0.6282504771208878, 208.0], "angles": [0.0, 0.0, 0.32408656093335453], "sizes": [1.0, 1.0, 1.0]}, {"translations": [1887.792156651098, -22.93190169904812, 358.0], "angles": [0.0, 0.0, -0.760461887823298], "sizes": [0.9999999999999999, 0.9999999999999999, 1.0]}, {"translations": [1912.8412712129586, 39.297848900377964, 358.0], "angles": [0.0, 0.0, 0.8995902092684265], "sizes": [1.0000000000000002, 1.0000000000000002, 1.0]}, {"translations": [1924.6501922708203, 38.744424628583474, 58.0], "angles": [0.0, 0.0, 0.7099859993860023], "sizes": [1.0000000000000009, 1.0000000000000009, 1.0]}], "SM_CardBoxD_02": [{"translations": [1152.4208803109632, -24.102949552988033, 508.0], "angles": [0.0, 0.0, 0.9999570921054829], "sizes": [1.0000000000000007, 1.0000000000000007, 1.0]}, {"translations": [302.77133808180264, 21.855843933076144, 508.0], "angles": [0.0, 0.0, 0.95814157287011], "sizes": [1.0000000000000009, 1.0000000000000009, 1.0]}, {"translations": [3717.0834111651607, -34.93368059874936, 808.0], "angles": [0.0, 0.0, 0.09262634729292028], "sizes": [0.9999999999999999, 0.9999999999999999, 1.0]}, {"translations": [3713.98653167008, 24.986343912201473, 808.0], "angles": [0.0, 0.0, 0.62250899948043], "sizes": [1.0000000000000004, 1.0000000000000004, 1.0]}, {"translations": [2983.751597184226, 32.88316934751325, 808.0], "angles": [0.0, 0.0, 0.2029018721548736], "sizes": [1.0, 1.0, 1.0]}, {"translations": [2845.6221154191153, 7.083324567854299, 208.0], "angles": [0.0, 0.0, -0.801596809668168], "sizes": [1.0000000000000004, 1.0000000000000004, 1.0]}, {"translations": [561.2670338819959, -22.387176110799988, 808.0], "angles": [0.0, 0.0, 0.6418265060624269], "sizes": [1.0000000000000002, 1.0000000000000002, 1.0]}, {"translations": [569.8343332294185, 38.97675762240573, 658.0], "angles": [0.0, 0.0, -0.7643104345017798], "sizes": [1.0000000000000007, 1.0000000000000007, 1.0]}, {"translations": [3126.2755504759507, -7.4259909012908025, 508.0], "angles": [0.0, 0.0, -0.7925831569712068], "sizes": [1.0000000000000002, 1.0000000000000002, 1.0]}, {"translations": [3122.547491819582, -33.40165215088685, 58.0], "angles": [0.0, 0.0, 0.9674960235654784], "sizes": [1.0000000000000007, 1.0000000000000007, 1.0]}, {"translations": [2686.5303416873867, -35.432998238476955, 208.0], "angles": [0.0, 0.0, 0.692306486906284], "sizes": [1.0000000000000004, 1.0000000000000004, 1.0]}, {"translations": [2306.204902648926, 0.4858231544494629, 508.0], "angles": [0.0, 0.0, 0.5273758344478741], "sizes": [1.0, 1.0, 1.0]}, {"translations": [2256.104672753328, -31.548359557181016, 358.0], "angles": [0.0, 0.0, 0.6647054382554001], "sizes": [1.0, 1.0, 1.0]}, {"translations": [1508.6234897237282, 35.90398002385196, 808.0], "angles": [0.0, 0.0, 0.9401367680666977], "sizes": [1.0000000000000002, 1.0000000000000002, 1.0]}, {"translations": [3878.264099886973, 34.14214598969493, 58.0], "angles": [0.0, 0.0, 0.9441880005500409], "sizes": [1.0, 1.0, 1.0]}, {"translations": [3552.0693703261877, -38.88737022584121, 508.0], "angles": [0.0, 0.0, -0.13613989827388773], "sizes": [1.0, 1.0, 1.0]}, {"translations": [3521.0794511140725, 20.60737666181757, 508.0], "angles": [0.0, 0.0, -0.8653864776152045], "sizes": [0.9999999999999998, 0.9999999999999998, 1.0]}], "SM_CardBoxA_02": [{"translations": [1087.561846739818, 30.60816233680151, 508.0], "angles": [0.0, 0.0, -0.08009076454293723], "sizes": [1.0, 1.0, 1.0]}, {"translations": [1088.1146592393136, 0.16201443690994227, 208.0], "angles": [0.0, 0.0, 0.9996471891634607], "sizes": [1.000000000000001, 1.000000000000001, 1.0]}, {"translations": [1062.015178531537, 32.094025132807374, 58.0], "angles": [0.0, 0.0, 0.9738816707704054], "sizes": [1.0000000000000016, 1.0000000000000016, 1.0]}, {"translations": [293.44339184089955, -22.817773624734468, 808.0], "angles": [0.0, 0.0, -0.5739836203224633], "sizes": [1.0, 1.0, 1.0]}, {"translations": [2907.8362432100516, -18.00456699785999, 208.0], "angles": [0.0, 0.0, -0.7700697363538983], "sizes": [1.0000000000000002, 1.0000000000000002, 1.0]}, {"translations": [2504.8695068359375, 5.577380657196045, 658.0], "angles": [0.0, 0.0, 0.9292419770814603], "sizes": [1.0000000000000002, 1.0000000000000002, 1.0]}, {"translations": [2049.59970647269, 4.646561864281786, 58.0], "angles": [0.0, 0.0, 0.9465942840408065], "sizes": [1.0000000000000002, 1.0000000000000002, 1.0]}, {"translations": [1255.2445671574267, -23.879007774447512, 808.0], "angles": [0.0, 0.0, 0.9308209555233148], "sizes": [1.0, 1.0, 1.0]}, {"translations": [992.4373343423955, 30.61954094487187, 208.0], "angles": [0.0, 0.0, 0.9847515344037444], "sizes": [0.9999999999999999, 0.9999999999999999, 1.0]}, {"translations": [137.9700685995178, 1.7382652665588971, 358.0], "angles": [0.0, 0.0, -0.8231709230819524], "sizes": [1.0000000000000004, 1.0000000000000004, 1.0]}, {"translations": [3143.3027215633056, 32.26054367046904, 658.0], "angles": [0.0, 0.0, 0.3739921720440201], "sizes": [1.0, 1.0, 1.0]}, {"translations": [2287.2769616688156, 22.08395553830531, 808.0], "angles": [0.0, 0.0, -0.1531653276130306], "sizes": [0.9999999999999999, 0.9999999999999999, 1.0]}, {"translations": [2251.759989575357, 28.2941314344468, 358.0], "angles": [0.0, 0.0, -0.038390641600112144], "sizes": [1.0, 1.0, 1.0]}, {"translations": [1894.2759628295898, 4.0348219871521, 808.0], "angles": [0.0, 0.0, 0.9889728594397982], "sizes": [1.0000000000000004, 1.0000000000000004, 1.0]}, {"translations": [1456.9834262549932, -4.204816789708952, 508.0], "angles": [0.0, 0.0, 0.3247066001068088], "sizes": [1.0, 1.0, 1.0]}], "SM_CardBoxC_01": [{"translations": [1074.1217725549866, 25.221215249792916, 358.0], "angles": [0.0, 0.0, -0.44348302038313925], "sizes": [0.9999999999999999, 0.9999999999999999, 1.0]}, {"translations": [274.81084194541216, -39.12128830358198, 508.0], "angles": [0.0, 0.0, 0.9798023723830952], "sizes": [1.000000000000001, 1.000000000000001, 1.0]}, {"translations": [3249.6721376851588, 30.19247960387182, 58.0], "angles": [0.0, 0.0, 0.9587218966091767], "sizes": [1.0000000000000007, 1.0000000000000007, 1.0]}, {"translations": [2880.455720245886, 37.57138118571934, 358.0], "angles": [0.0, 0.0, 0.4932232873839061], "sizes": [0.9999999999999999, 0.9999999999999999, 1.0]}, {"translations": [2536.3546070232087, 9.97475424154287, 808.0], "angles": [0.0, 0.0, -0.5681188466745583], "sizes": [1.0000000000000002, 1.0000000000000002, 1.0]}, {"translations": [2166.2614097595215, -6.692960262298584, 658.0], "angles": [0.0, 0.0, 0.773339660133522], "sizes": [1.0000000000000004, 1.0000000000000004, 1.0]}, {"translations": [2066.1782817010335, -31.304142258139862, 358.0], "angles": [0.0, 0.0, -0.11067888280944471], "sizes": [0.9999999999999999, 0.9999999999999999, 1.0]}, {"translations": [968.7653486738402, -26.660428782677727, 508.0], "angles": [0.0, 0.0, 0.09014202897803089], "sizes": [0.9999999999999999, 0.9999999999999999, 1.0]}, {"translations": [908.2871703285634, 28.042306454100057, 358.0], "angles": [0.0, 0.0, 0.9999276880941547], "sizes": [1.0000000000000013, 1.0000000000000013, 1.0]}, {"translations": [483.0395291407256, 36.100314703217, 58.0], "angles": [0.0, 0.0, 0.9607696004246724], "sizes": [1.0000000000000009, 1.0000000000000009, 1.0]}, {"translations": [199.17581709703379, 29.194709880871557, 358.0], "angles": [0.0, 0.0, 0.34020389615768243], "sizes": [1.0, 1.0, 1.0]}, {"translations": [3534.2887477766517, 2.496658083667293, 208.0], "angles": [0.0, 0.0, 0.1663074318844405], "sizes": [1.0, 1.0, 1.0]}, {"translations": [3142.5689409642973, -30.999897411111316, 808.0], "angles": [0.0, 0.0, 0.7792079011382917], "sizes": [1.0000000000000007, 1.0000000000000007, 1.0]}, {"translations": [2746.89786540501, -7.0446470260605345, 508.0], "angles": [0.0, 0.0, 0.9999341110041339], "sizes": [1.0000000000000013, 1.0000000000000013, 1.0]}, {"translations": [2689.383675036246, 24.499117432507713, 208.0], "angles": [0.0, 0.0, -0.19345147827064335], "sizes": [1.0, 1.0, 1.0]}, {"translations": [1873.9568757815543, 9.932525953246595, 658.0], "angles": [0.0, 0.0, -0.02976354827032883], "sizes": [1.0, 1.0, 1.0]}, {"translations": [1464.1593781339402, -33.93008022587162, 658.0], "angles": [0.0, 0.0, -0.3313170709470324], "sizes": [1.0, 1.0, 1.0]}, {"translations": [1524.9386595857864, 25.28038292209965, 658.0], "angles": [0.0, 0.0, 0.9999862518464762], "sizes": [1.0000000000000002, 1.0000000000000002, 1.0]}, {"translations": [3492.0776051312146, -39.88140684046971, 508.0], "angles": [0.0, 0.0, -0.6905424753056898], "sizes": [0.9999999999999999, 0.9999999999999999, 1.0]}], "SM_CardBoxD_04": [{"translations": [703.3500061035156, 9.428579330444336, 808.0], "angles": [0.0, 0.0, 0.741070376652735], "sizes": [1.0000000000000004, 1.0000000000000004, 1.0]}, {"translations": [676.4161785994753, 36.0737453463763, 58.0], "angles": [0.0, 0.0, 0.2900454290368748], "sizes": [1.0, 1.0, 1.0]}, {"translations": [290.2518489913011, -35.41744483397546, 658.0], "angles": [0.0, 0.0, -0.19636640093753122], "sizes": [0.9999999999999999, 0.9999999999999999, 1.0]}, {"translations": [289.30286902627705, 24.575050005179072, 658.0], "angles": [0.0, 0.0, -0.791849361872898], "sizes": [1.0000000000000002, 1.0000000000000002, 1.0]}, {"translations": [350.53661502286616, 30.66376661013597, 358.0], "angles": [0.0, 0.0, 0.1695566479724238], "sizes": [1.0, 1.0, 1.0]}, {"translations": [3775.454995928571, -1.8767888481933404, 808.0], "angles": [0.0, 0.0, -0.7531743690200707], "sizes": [1.0000000000000002, 1.0000000000000002, 1.0]}, {"translations": [3687.479615719515, 35.33308556397803, 508.0], "angles": [0.0, 0.0, 0.5705946201504435], "sizes": [1.0000000000000002, 1.0000000000000002, 1.0]}, {"translations": [3399.571239598165, -11.601008089491202, 508.0], "angles": [0.0, 0.0, -0.6250990346332926], "sizes": [1.0, 1.0, 1.0]}, {"translations": [2923.884698694479, 28.888865250631895, 808.0], "angles": [0.0, 0.0, -0.7895363861331799], "sizes": [1.0000000000000002, 1.0000000000000002, 1.0]}, {"translations": [2953.8453950139688, 31.857561560326623, 658.0], "angles": [0.0, 0.0, 0.8634770251322015], "sizes": [1.0000000000000002, 1.0000000000000002, 1.0]}, {"translations": [2590.391879297365, -8.123417763687101, 508.0], "angles": [0.0, 0.0, 0.902290883215723], "sizes": [0.9999999999999998, 0.9999999999999998, 1.0]}, {"translations": [1734.8552211582232, 39.546107993316284, 658.0], "angles": [0.0, 0.0, 0.8573993139722632], "sizes": [1.0, 1.0, 1.0]}, {"translations": [1309.5209103408106, -27.575351053495147, 358.0], "angles": [0.0, 0.0, 0.9989658409153487], "sizes": [0.9999999999999999, 0.9999999999999999, 1.0]}, {"translations": [968.101825268187, 23.32987030559186, 358.0], "angles": [0.0, 0.0, 0.8316851604614048], "sizes": [1.0000000000000007, 1.0000000000000007, 1.0]}, {"translations": [509.9308370583804, 35.57511882817336, 658.0], "angles": [0.0, 0.0, 0.24753236354832425], "sizes": [1.0, 1.0, 1.0]}, {"translations": [143.54998718382095, 38.8192577675688, 808.0], "angles": [0.0, 0.0, 0.5811559471019484], "sizes": [1.0, 1.0, 1.0]}, {"translations": [3868.004403614771, 39.07365576430543, 508.0], "angles": [0.0, 0.0, 0.898578469696474], "sizes": [1.0, 1.0, 1.0]}, {"translations": [3473.7045180874725, -26.305270896329535, 208.0], "angles": [0.0, 0.0, 0.17657928513491478], "sizes": [1.0, 1.0, 1.0]}, {"translations": [3084.1194586124757, -28.545224036985154, 658.0], "angles": [0.0, 0.0, -0.0433547117169922], "sizes": [1.0, 1.0, 1.0]}, {"translations": [3104.459642233426, 7.708018667554619, 208.0], "angles": [0.0, 0.0, -0.7719878846836151], "sizes": [1.0000000000000007, 1.0000000000000007, 1.0]}, {"translations": [1874.5880508422852, 3.6362338066101074, 208.0], "angles": [0.0, 0.0, 0.15385745232289744], "sizes": [1.0, 1.0, 1.0]}, {"translations": [3499.562482206618, 35.971319152957065, 358.0], "angles": [0.0, 0.0, -0.8297321685340402], "sizes": [0.9999999999999994, 0.9999999999999994, 1.0]}]}