{"SM_RackShelf_01": [{"translations": [200.0, 0.0, 37.0], "angles": [0.0, 0.0, 0.0], "sizes": [1.0, 1.0, 1.0]}, {"translations": [200.0, 0.0, 187.0], "angles": [0.0, 0.0, 0.0], "sizes": [1.0, 1.0, 1.0]}, {"translations": [200.0, 0.0, 337.0], "angles": [0.0, 0.0, 0.0], "sizes": [1.0, 1.0, 1.0]}, {"translations": [600.0, 0.0, 37.0], "angles": [0.0, 0.0, 0.0], "sizes": [1.0, 1.0, 1.0]}, {"translations": [600.0, 0.0, 187.0], "angles": [0.0, 0.0, 0.0], "sizes": [1.0, 1.0, 1.0]}, {"translations": [600.0, 0.0, 337.0], "angles": [0.0, 0.0, 0.0], "sizes": [1.0, 1.0, 1.0]}, {"translations": [1000.0, 0.0, 37.0], "angles": [0.0, 0.0, 0.0], "sizes": [1.0, 1.0, 1.0]}, {"translations": [1000.0, 0.0, 187.0], "angles": [0.0, 0.0, 0.0], "sizes": [1.0, 1.0, 1.0]}, {"translations": [1000.0, 0.0, 337.0], "angles": [0.0, 0.0, 0.0], "sizes": [1.0, 1.0, 1.0]}, {"translations": [1400.0, 0.0, 37.0], "angles": [0.0, 0.0, 0.0], "sizes": [1.0, 1.0, 1.0]}, {"translations": [1400.0, 0.0, 187.0], "angles": [0.0, 0.0, 0.0], "sizes": [1.0, 1.0, 1.0]}, {"translations": [1400.0, 0.0, 337.0], "angles": [0.0, 0.0, 0.0], "sizes": [1.0, 1.0, 1.0]}, {"translations": [1800.0, 0.0, 37.0], "angles": [0.0, 0.0, 0.0], "sizes": [1.0, 1.0, 1.0]}, {"translations": [1800.0, 0.0, 187.0], "angles": [0.0, 0.0, 0.0], "sizes": [1.0, 1.0, 1.0]}, {"translations": [1800.0, 0.0, 337.0], "angles": [0.0, 0.0, 0.0], "sizes": [1.0, 1.0, 1.0]}, {"translations": [2200.0, 0.0, 37.0], "angles": [0.0, 0.0, 0.0], "sizes": [1.0, 1.0, 1.0]}, {"translations": [2200.0, 0.0, 187.0], "angles": [0.0, 0.0, 0.0], "sizes": [1.0, 1.0, 1.0]}, {"translations": [2200.0, 0.0, 337.0], "angles": [0.0, 0.0, 0.0], "sizes": [1.0, 1.0, 1.0]}, {"translations": [2600.0, 0.0, 37.0], "angles": [0.0, 0.0, 0.0], "sizes": [1.0, 1.0, 1.0]}, {"translations": [2600.0, 0.0, 187.0], "angles": [0.0, 0.0, 0.0], "sizes": [1.0, 1.0, 1.0]}, {"translations": [2600.0, 0.0, 337.0], "angles": [0.0, 0.0, 0.0], "sizes": [1.0, 1.0, 1.0]}, {"translations": [3000.0, 0.0, 37.0], "angles": [0.0, 0.0, 0.0], "sizes": [1.0, 1.0, 1.0]}, {"translations": [3000.0, 0.0, 187.0], "angles": [0.0, 0.0, 0.0], "sizes": [1.0, 1.0, 1.0]}, {"translations": [3000.0, 0.0, 337.0], "angles": [0.0, 0.0, 0.0], "sizes": [1.0, 1.0, 1.0]}, {"translations": [3400.0, 0.0, 37.0], "angles": [0.0, 0.0, 0.0], "sizes": [1.0, 1.0, 1.0]}, {"translations": [3400.0, 0.0, 187.0], "angles": [0.0, 0.0, 0.0], "sizes": [1.0, 1.0, 1.0]}, {"translations": [3400.0, 0.0, 337.0], "angles": [0.0, 0.0, 0.0], "sizes": [1.0, 1.0, 1.0]}, {"translations": [3800.0, 0.0, 37.0], "angles": [0.0, 0.0, 0.0], "sizes": [1.0, 1.0, 1.0]}, {"translations": [3800.0, 0.0, 187.0], "angles": [0.0, 0.0, 0.0], "sizes": [1.0, 1.0, 1.0]}, {"translations": [3800.0, 0.0, 337.0], "angles": [0.0, 0.0, 0.0], "sizes": [1.0, 1.0, 1.0]}], "SM_RackFrame_03": [{"translations": [0.0, 0.0, 0.0], "angles": [0.0, 0.0, 0.0], "sizes": [1.0, 1.0, 1.0]}, {"translations": [400.0, 0.0, 0.0], "angles": [0.0, 0.0, 0.0], "sizes": [1.0, 1.0, 1.0]}, {"translations": [800.0, 0.0, 0.0], "angles": [0.0, 0.0, 0.0], "sizes": [1.0, 1.0, 1.0]}, {"translations": [1200.0, 0.0, 0.0], "angles": [0.0, 0.0, 0.0], "sizes": [1.0, 1.0, 1.0]}, {"translations": [1600.0, 0.0, 0.0], "angles": [0.0, 0.0, 0.0], "sizes": [1.0, 1.0, 1.0]}, {"translations": [2000.0, 0.0, 0.0], "angles": [0.0, 0.0, 0.0], "sizes": [1.0, 1.0, 1.0]}, {"translations": [2400.0, 0.0, 0.0], "angles": [0.0, 0.0, 0.0], "sizes": [1.0, 1.0, 1.0]}, {"translations": [2800.0, 0.0, 0.0], "angles": [0.0, 0.0, 0.0], "sizes": [1.0, 1.0, 1.0]}, {"translations": [3200.0, 0.0, 0.0], "angles": [0.0, 0.0, 0.0], "sizes": [1.0, 1.0, 1.0]}, {"translations": [3600.0, 0.0, 0.0], "angles": [0.0, 0.0, 0.0], "sizes": [1.0, 1.0, 1.0]}, {"translations": [0.0, 0.0, 300.0], "angles": [0.0, 0.0, 0.0], "sizes": [1.0, 1.0, 1.0]}, {"translations": [400.0, 0.0, 300.0], "angles": [0.0, 0.0, 0.0], "sizes": [1.0, 1.0, 1.0]}, {"translations": [800.0, 0.0, 300.0], "angles": [0.0, 0.0, 0.0], "sizes": [1.0, 1.0, 1.0]}, {"translations": [1200.0, 0.0, 300.0], "angles": [0.0, 0.0, 0.0], "sizes": [1.0, 1.0, 1.0]}, {"translations": [1600.0, 0.0, 300.0], "angles": [0.0, 0.0, 0.0], "sizes": [1.0, 1.0, 1.0]}, {"translations": [2000.0, 0.0, 300.0], "angles": [0.0, 0.0, 0.0], "sizes": [1.0, 1.0, 1.0]}, {"translations": [2400.0, 0.0, 300.0], "angles": [0.0, 0.0, 0.0], "sizes": [1.0, 1.0, 1.0]}, {"translations": [2800.0, 0.0, 300.0], "angles": [0.0, 0.0, 0.0], "sizes": [1.0, 1.0, 1.0]}, {"translations": [3200.0, 0.0, 300.0], "angles": [0.0, 0.0, 0.0], "sizes": [1.0, 1.0, 1.0]}, {"translations": [3600.0, 0.0, 300.0], "angles": [0.0, 0.0, 0.0], "sizes": [1.0, 1.0, 1.0]}, {"translations": [4000.0, 0.0, 0.0], "angles": [0.0, 0.0, 0.0], "sizes": [1.0, 1.0, 1.0]}, {"translations": [4000.0, 0.0, 300.0], "angles": [0.0, 0.0, 0.0], "sizes": [1.0, 1.0, 1.0]}], "SM_PaletteA_01": [{"translations": [104.04623413085938, -1.7162489891052246, 37.0], "angles": [0.0, 0.0, -0.035170182228703495], "sizes": [1.0, 1.0, 1.0]}, {"translations": [77.0445785522461, -0.000858306884765625, 187.0], "angles": [0.0, 0.0, -0.038747131547259756], "sizes": [1.0, 1.0, 1.0]}, {"translations": [167.94365692138672, 0.4796934127807617, 337.0], "angles": [0.0, 0.0, 0.00881921409883188], "sizes": [1.0, 1.0, 1.0]}, {"translations": [482.2792282104492, 6.109950542449951, 37.0], "angles": [0.0, 0.0, 0.02314018005923448], "sizes": [1.0, 1.0, 1.0]}, {"translations": [491.85707092285156, -2.9225897789001465, 187.0], "angles": [0.0, 0.0, -0.028251909294632626], "sizes": [1.0, 1.0, 1.0]}, {"translations": [533.3830947875977, 8.623649597167969, 337.0], "angles": [0.0, 0.0, 0.02845956065048897], "sizes": [1.0, 1.0, 1.0]}, {"translations": [911.4894409179688, 2.581357955932617, 37.0], "angles": [0.0, 0.0, 0.03902123800405323], "sizes": [1.0, 1.0, 1.0]}, {"translations": [962.7283554077148, 0.3313159942626953, 187.0], "angles": [0.0, 0.0, 0.01837933311029583], "sizes": [1.0, 1.0, 1.0]}, {"translations": [935.8382797241211, -4.22123908996582, 337.0], "angles": [0.0, 0.0, 0.001982784550201788], "sizes": [1.0, 1.0, 1.0]}, {"translations": [1312.5039825439453, 3.831033706665039, 37.0], "angles": [0.0, 0.0, 0.02914106786546636], "sizes": [0.9999999999999999, 0.9999999999999999, 1.0]}, {"translations": [1367.7973022460938, 1.4619636535644531, 187.0], "angles": [0.0, 0.0, 0.04316972048006662], "sizes": [1.0, 1.0, 1.0]}, {"translations": [1278.5350646972656, 1.4052867889404297, 337.0], "angles": [0.0, 0.0, 0.01886396102065989], "sizes": [0.9999999999999999, 0.9999999999999999, 1.0]}, {"translations": [1713.750633239746, 9.805569648742676, 37.0], "angles": [0.0, 0.0, 0.041623769555757535], "sizes": [1.0, 1.0, 1.0]}, {"translations": [1675.6761093139648, 3.6362338066101074, 187.0], "angles": [0.0, 0.0, -0.016611210941226254], "sizes": [1.0, 1.0, 1.0]}, {"translations": [1697.231704711914, 6.969821453094482, 337.0], "angles": [0.0, 0.0, -0.01785209711104572], "sizes": [0.9999999999999999, 0.9999999999999999, 1.0]}, {"translations": [2079.5151443481445, 2.395656108856201, 37.0], "angles": [0.0, 0.0, 0.03481618625936098], "sizes": [1.0, 1.0, 1.0]}, {"translations": [2093.033576965332, 0.1521778106689453, 187.0], "angles": [0.0, 0.0, -0.011186716040767618], "sizes": [0.9999999999999999, 0.9999999999999999, 1.0]}, {"translations": [2094.2071533203125, 0.5452275276184082, 337.0], "angles": [0.0, 0.0, 0.01776688531186837], "sizes": [1.0, 1.0, 1.0]}, {"translations": [2498.907196044922, -4.518120288848877, 37.0], "angles": [0.0, 0.0, -0.03013668160700345], "sizes": [0.9999999999999999, 0.9999999999999999, 1.0]}, {"translations": [2502.4140243530273, -5.466940402984619, 187.0], "angles": [0.0, 0.0, 0.03247120356856325], "sizes": [0.9999999999999999, 0.9999999999999999, 1.0]}, {"translations": [2532.563407897949, 9.540740966796875, 337.0], "angles": [0.0, 0.0, 0.02432765269385675], "sizes": [0.9999999999999999, 0.9999999999999999, 1.0]}, {"translations": [2907.6520080566406, -5.5121564865112305, 37.0], "angles": [0.0, 0.0, 0.005945654154463829], "sizes": [1.0, 1.0, 1.0]}, {"translations": [2875.525344848633, 9.49099349975586, 187.0], "angles": [0.0, 0.0, -0.0339218678621944], "sizes": [1.0, 1.0, 1.0]}, {"translations": [2882.421142578125, 7.635831832885742, 337.0], "angles": [0.0, 0.0, 0.03766930567296829], "sizes": [0.9999999999999999, 0.9999999999999999, 1.0]}, {"translations": [3281.321846008301, 1.9383478164672852, 37.0], "angles": [0.0, 0.0, -0.037384539840531146], "sizes": [1.0, 1.0, 1.0]}, {"translations": [3335.089340209961, 3.0927324295043945, 187.0], "angles": [0.0, 0.0, -0.0003342371135547665], "sizes": [1.0, 1.0, 1.0]}, {"translations": [3325.660598754883, 5.971324443817139, 337.0], "angles": [0.0, 0.0, -0.02212840487024961], "sizes": [1.0, 1.0, 1.0]}, {"translations": [3737.7925033569336, 1.735079288482666, 37.0], "angles": [0.0, 0.0, 0.022232244681011912], "sizes": [1.0, 1.0, 1.0]}, {"translations": [3735.742576599121, 1.8309926986694336, 187.0], "angles": [0.0, 0.0, 0.039949981302255896], "sizes": [0.9999999999999999, 0.9999999999999999, 1.0]}, {"translations": [3691.6289443969727, -8.20798110961914, 337.0], "angles": [0.0, 0.0, 0.012885743624066822], "sizes": [1.0, 1.0, 1.0]}, {"translations": [288.7731170654297, -1.7162489891052246, 37.0], "angles": [0.0, 0.0, 0.019998282509754845], "sizes": [1.0, 1.0, 1.0]}, {"translations": [275.2722930908203, -0.000858306884765625, 187.0], "angles": [0.0, 0.0, -0.009836526459043702], "sizes": [1.0, 1.0, 1.0]}, {"translations": [320.7218246459961, 0.4796934127807617, 337.0], "angles": [0.0, 0.0, -0.031406447301640654], "sizes": [1.0, 1.0, 1.0]}, {"translations": [677.8896102905273, 6.109950542449951, 37.0], "angles": [0.0, 0.0, 0.03448614220380965], "sizes": [1.0, 1.0, 1.0]}, {"translations": [682.6785354614258, -2.9225897789001465, 187.0], "angles": [0.0, 0.0, 0.0004034792971725733], "sizes": [0.9999999999999999, 0.9999999999999999, 1.0]}, {"translations": [703.4415435791016, 8.623649597167969, 337.0], "angles": [0.0, 0.0, 0.026627943002284757], "sizes": [0.9999999999999999, 0.9999999999999999, 1.0]}, {"translations": [1092.4947204589844, 2.581357955932617, 37.0], "angles": [0.0, 0.0, 0.02245324227255162], "sizes": [1.0, 1.0, 1.0]}, {"translations": [1118.1141815185547, 0.3313159942626953, 187.0], "angles": [0.0, 0.0, -0.033131328742846425], "sizes": [1.0, 1.0, 1.0]}, {"translations": [1104.6691436767578, -4.22123908996582, 337.0], "angles": [0.0, 0.0, 0.002683214802330947], "sizes": [1.0, 1.0, 1.0]}, {"translations": [1493.0019912719727, 3.831033706665039, 37.0], "angles": [0.0, 0.0, 0.028637923874264948], "sizes": [1.0, 1.0, 1.0]}, {"translations": [1520.6486511230469, 1.4619636535644531, 187.0], "angles": [0.0, 0.0, 0.023443708457488676], "sizes": [1.0, 1.0, 1.0]}, {"translations": [1476.0175323486328, 1.4052867889404297, 337.0], "angles": [0.0, 0.0, 0.016621864195145136], "sizes": [1.0, 1.0, 1.0]}, {"translations": [1893.6253204345703, 9.805569648742676, 37.0], "angles": [0.0, 0.0, -0.0025740203734539737], "sizes": [1.0, 1.0, 1.0]}, {"translations": [1874.5880508422852, 3.6362338066101074, 187.0], "angles": [0.0, 0.0, 0.014765812577516994], "sizes": [1.0, 1.0, 1.0]}, {"translations": [1885.365852355957, 6.969821453094482, 337.0], "angles": [0.0, 0.0, -0.0060362026072477435], "sizes": [0.9999999999999999, 0.9999999999999999, 1.0]}, {"translations": [2276.5075759887695, 2.395656108856201, 37.0], "angles": [0.0, 0.0, 0.013130738914238127], "sizes": [1.0, 1.0, 1.0]}, {"translations": [2283.2667846679688, 0.1521778106689453, 187.0], "angles": [0.0, 0.0, -0.02223490926385811], "sizes": [1.0, 1.0, 1.0]}, {"translations": [2283.8535766601562, 0.5452275276184082, 337.0], "angles": [0.0, 0.0, 0.03479489387943775], "sizes": [1.0, 1.0, 1.0]}, {"translations": [2686.203598022461, -4.518120288848877, 37.0], "angles": [0.0, 0.0, 0.0024887994916477905], "sizes": [1.0, 1.0, 1.0]}, {"translations": [2687.9570083618164, -5.466940402984619, 187.0], "angles": [0.0, 0.0, 0.01365535019037407], "sizes": [0.9999999999999999, 0.9999999999999999, 1.0]}, {"translations": [2703.031707763672, 9.540740966796875, 337.0], "angles": [0.0, 0.0, -0.012627427616583906], "sizes": [1.0, 1.0, 1.0]}, {"translations": [3090.5760040283203, -5.5121564865112305, 37.0], "angles": [0.0, 0.0, -0.03423062345148858], "sizes": [0.9999999999999999, 0.9999999999999999, 1.0]}, {"translations": [3074.5126724243164, 9.49099349975586, 187.0], "angles": [0.0, 0.0, 0.0010959217781113676], "sizes": [0.9999999999999999, 0.9999999999999999, 1.0]}, {"translations": [3077.9605712890625, 7.635831832885742, 337.0], "angles": [0.0, 0.0, -0.027357406120927054], "sizes": [1.0, 1.0, 1.0]}, {"translations": [3477.410919189453, 1.9383478164672852, 37.0], "angles": [0.0, 0.0, -0.010877799834091456], "sizes": [1.0, 1.0, 1.0]}, {"translations": [3504.2946701049805, 3.0927324295043945, 187.0], "angles": [0.0, 0.0, -0.03947896536374521], "sizes": [1.0, 1.0, 1.0]}, {"translations": [3499.5802993774414, 5.971324443817139, 337.0], "angles": [0.0, 0.0, -0.025927754798712215], "sizes": [1.0, 1.0, 1.0]}, {"translations": [3905.6462478637695, 1.735079288482666, 37.0], "angles": [0.0, 0.0, -0.03866729658816698], "sizes": [1.0, 1.0, 1.0]}, {"translations": [3904.621292114258, 1.8309926986694336, 187.0], "angles": [0.0, 0.0, 0.002499452102874747], "sizes": [1.0, 1.0, 1.0]}, {"translations": [3882.564468383789, -8.20798110961914, 337.0], "angles": [0.0, 0.0, 0.002731151526286511], "sizes": [1.0, 1.0, 1.0]}], "SM_CardBoxC_01": [{"translations": [3852.7287844155194, -38.371402038710386, 358.0], "angles": [0.0, 0.0, 0.9966823954060545], "sizes": [0.9999999999999996, 0.9999999999999996, 1.0]}, {"translations": [3529.539964469307, 4.416182140607065, 358.0], "angles": [0.0, 0.0, 0.9940698840678022], "sizes": [1.0, 1.0, 1.0]}, {"translations": [2658.7874410961904, -36.274996906700004, 208.0], "angles": [0.0, 0.0, 0.6704094201583416], "sizes": [1.0, 1.0, 1.0]}, {"translations": [2251.9626834066034, -28.48439398516919, 208.0], "angles": [0.0, 0.0, -0.6119773133648885], "sizes": [1.0000000000000002, 1.0000000000000002, 1.0]}, {"translations": [1863.4712772586483, -20.039592105629364, 58.0], "angles": [0.0, 0.0, -0.346056414676096], "sizes": [1.0, 1.0, 1.0]}, {"translations": [1923.7793636104923, 39.65073140311472, 58.0], "angles": [0.0, 0.0, 0.7991107838989714], "sizes": [1.0, 1.0, 1.0]}, {"translations": [1446.0341095307922, 0.4081127185844513, 358.0], "angles": [0.0, 0.0, -0.5338908651399566], "sizes": [1.0, 1.0, 1.0]}, {"translations": [1120.100969910736, 30.265454897606702, 208.0], "angles": [0.0, 0.0, -0.011043875401514658], "sizes": [1.0, 1.0, 1.0]}, {"translations": [3281.321846008301, 1.9383478164672852, 58.0], "angles": [0.0, 0.0, 0.38332012635908824], "sizes": [0.9999999999999999, 0.9999999999999999, 1.0]}, {"translations": [2501.1396908198417, 38.046003726418355, 358.0], "angles": [0.0, 0.0, 0.5357563050075145], "sizes": [1.0, 1.0, 1.0]}, {"translations": [1247.4247793771322, 30.25229958576038, 358.0], "angles": [0.0, 0.0, 0.9008678931107228], "sizes": [1.0000000000000002, 1.0000000000000002, 1.0]}], "SM_CardBoxD_01": [{"translations": [3912.5640208324694, -8.044112629208325, 358.0], "angles": [0.0, 0.0, -0.5662962047723463], "sizes": [1.0, 1.0, 1.0]}, {"translations": [2717.1265756274424, 25.341116100730765, 208.0], "angles": [0.0, 0.0, -0.036557436853988316], "sizes": [1.0, 1.0, 1.0]}, {"translations": [1915.7258317698113, 36.60546975021039, 358.0], "angles": [0.0, 0.0, 0.9910512571844422], "sizes": [1.0, 1.0, 1.0]}, {"translations": [1552.021910584279, -27.0988239892546, 208.0], "angles": [0.0, 0.0, 0.4779607314809977], "sizes": [1.0, 1.0, 1.0]}, {"translations": [1086.1932542230293, -27.616034516899877, 208.0], "angles": [0.0, 0.0, 0.9542822649414584], "sizes": [1.0000000000000007, 1.0000000000000007, 1.0]}, {"translations": [319.9487781756444, -30.49259612248969, 58.0], "angles": [0.0, 0.0, 0.7326987285645639], "sizes": [1.0000000000000004, 1.0000000000000004, 1.0]}, {"translations": [1696.160749581345, -23.011056704629784, 358.0], "angles": [0.0, 0.0, 0.9364939813472903], "sizes": [1.0000000000000004, 1.0000000000000004, 1.0]}, {"translations": [1683.854585531268, 7.310307856385355, 58.0], "angles": [0.0, 0.0, 0.9466814425489439], "sizes": [1.0000000000000007, 1.0000000000000007, 1.0]}, {"translations": [77.0445785522461, -0.000858306884765625, 208.0], "angles": [0.0, 0.0, 0.40117378457843433], "sizes": [0.9999999999999999, 0.9999999999999999, 1.0]}], "SM_CardBoxB_02": [{"translations": [3852.4010474546976, 21.627702858650473, 358.0], "angles": [0.0, 0.0, 0.22022058999263508], "sizes": [1.0, 1.0, 1.0]}, {"translations": [3106.274835627792, -23.96009250802495, 358.0], "angles": [0.0, 0.0, 0.8920176847792725], "sizes": [1.0, 1.0, 1.0]}, {"translations": [2307.285007423826, -26.80622249955564, 58.0], "angles": [0.0, 0.0, -0.5714814927127483], "sizes": [1.0, 1.0, 1.0]}, {"translations": [1845.4869847635773, -27.236536608153042, 208.0], "angles": [0.0, 0.0, 0.8973753892420702], "sizes": [1.0000000000000004, 1.0000000000000004, 1.0]}, {"translations": [305.85665068984713, 29.40317322375486, 208.0], "angles": [0.0, 0.0, -0.10457511112726518], "sizes": [1.0, 1.0, 1.0]}, {"translations": [1309.645350017399, -27.44172600787952, 358.0], "angles": [0.0, 0.0, 0.9999936311635144], "sizes": [1.0000000000000016, 1.0000000000000016, 1.0]}], "SM_CardBoxD_03": [{"translations": [3875.7359574532957, 4.053382021328659, 58.0], "angles": [0.0, 0.0, 0.9931113195946633], "sizes": [1.0, 1.0, 1.0]}, {"translations": [3507.403819597699, 1.2857184415331306, 58.0], "angles": [0.0, 0.0, -0.1789938694957283], "sizes": [0.9999999999999999, 0.9999999999999999, 1.0]}, {"translations": [3044.512744486989, 9.425238232556715, 208.0], "angles": [0.0, 0.0, 0.999930525694054], "sizes": [1.0000000000000004, 1.0000000000000004, 1.0]}, {"translations": [3118.4530661161903, -37.49448612881592, 58.0], "angles": [0.0, 0.0, 0.4162801816028457], "sizes": [1.0, 1.0, 1.0]}, {"translations": [2686.352925529481, -34.5177486414743, 58.0], "angles": [0.0, 0.0, -0.32019459227546426], "sizes": [1.0, 1.0, 1.0]}, {"translations": [2313.2371211965706, -1.1815869220946, 208.0], "angles": [0.0, 0.0, 0.9976385441869098], "sizes": [1.0000000000000004, 1.0000000000000004, 1.0]}, {"translations": [1091.1478655582184, 32.551109070619624, 58.0], "angles": [0.0, 0.0, 0.1311833080481485], "sizes": [0.9999999999999999, 0.9999999999999999, 1.0]}, {"translations": [703.4415435791016, 8.623649597167969, 358.0], "angles": [0.0, 0.0, 0.9191103940009963], "sizes": [1.0000000000000002, 1.0000000000000002, 1.0]}, {"translations": [290.78100654192275, 2.3631506750495825, 358.0], "angles": [0.0, 0.0, 0.4928533595381848], "sizes": [1.0, 1.0, 1.0]}, {"translations": [259.9967699320452, -32.89191009931996, 58.0], "angles": [0.0, 0.0, 0.9873735662605861], "sizes": [1.000000000000001, 1.000000000000001, 1.0]}, {"translations": [287.57346007701454, 28.259755132694377, 58.0], "angles": [0.0, 0.0, 0.9836666963484731], "sizes": [1.0000000000000007, 1.0000000000000007, 1.0]}, {"translations": [3737.7925033569336, 1.735079288482666, 58.0], "angles": [0.0, 0.0, -0.15161574266911504], "sizes": [1.0, 1.0, 1.0]}, {"translations": [2910.077449767497, 39.8092474527276, 358.0], "angles": [0.0, 0.0, 0.9727368639325693], "sizes": [1.0000000000000004, 1.0000000000000004, 1.0]}, {"translations": [2938.006619952144, -35.15330249460918, 58.0], "angles": [0.0, 0.0, 0.7025549124197827], "sizes": [0.9999999999999999, 0.9999999999999999, 1.0]}, {"translations": [2504.0581451383277, -21.882976111310498, 358.0], "angles": [0.0, 0.0, 0.7783752811928772], "sizes": [1.0000000000000007, 1.0000000000000007, 1.0]}, {"translations": [2063.7122464853633, 30.815830216807157, 208.0], "angles": [0.0, 0.0, 0.9540000773710173], "sizes": [1.000000000000001, 1.000000000000001, 1.0]}, {"translations": [993.8106611293672, -28.545842297815433, 208.0], "angles": [0.0, 0.0, 0.9999039971555777], "sizes": [1.0000000000000004, 1.0000000000000004, 1.0]}, {"translations": [460.21052321805894, -31.18026162865245, 208.0], "angles": [0.0, 0.0, 0.9415474057748785], "sizes": [1.0000000000000013, 1.0000000000000013, 1.0]}], "SM_CardBoxB_01": [{"translations": [3469.6206342855758, 7.526466747027213, 358.0], "angles": [0.0, 0.0, 0.9926943491489364], "sizes": [0.9999999999999998, 0.9999999999999998, 1.0]}, {"translations": [3104.578355628843, -20.44317917037237, 208.0], "angles": [0.0, 0.0, -0.491038894363932], "sizes": [0.9999999999999999, 0.9999999999999999, 1.0]}, {"translations": [1134.6687116982573, -4.06024678137256, 358.0], "angles": [0.0, 0.0, -0.6749957753367973], "sizes": [1.0, 1.0, 1.0]}, {"translations": [3691.6289443969727, -8.20798110961914, 358.0], "angles": [0.0, 0.0, -0.8433899455842223], "sizes": [1.0000000000000002, 1.0000000000000002, 1.0]}, {"translations": [2843.560245710917, -18.405824188217295, 208.0], "angles": [0.0, 0.0, 0.9932711386546935], "sizes": [0.9999999999999996, 0.9999999999999996, 1.0]}, {"translations": [2561.0686706575707, 40.96445804490425, 358.0], "angles": [0.0, 0.0, 0.977937655283976], "sizes": [1.0000000000000009, 1.0000000000000009, 1.0]}, {"translations": [2498.907196044922, -4.518120288848877, 58.0], "angles": [0.0, 0.0, 0.9908578494332226], "sizes": [1.0000000000000007, 1.0000000000000007, 1.0]}, {"translations": [2049.587874357683, 0.3079514079849437, 58.0], "angles": [0.0, 0.0, 0.9775738333052035], "sizes": [1.0000000000000004, 1.0000000000000004, 1.0]}, {"translations": [1676.6726444538479, 33.61967786687407, 208.0], "angles": [0.0, 0.0, 0.979440243792198], "sizes": [1.000000000000001, 1.000000000000001, 1.0]}, {"translations": [1400.273253298567, -25.838450322003016, 208.0], "angles": [0.0, 0.0, 0.8943223888322158], "sizes": [1.0000000000000002, 1.0000000000000002, 1.0]}, {"translations": [905.9574824493517, -34.339970043047714, 358.0], "angles": [0.0, 0.0, -0.2453503893695249], "sizes": [1.0, 1.0, 1.0]}], "SM_CardBoxD_02": [{"translations": [3504.2946701049805, 3.0927324295043945, 208.0], "angles": [0.0, 0.0, 0.09355221450496246], "sizes": [1.0, 1.0, 1.0]}, {"translations": [3122.558333670625, 22.364905601358767, 58.0], "angles": [0.0, 0.0, 0.618324023888084], "sizes": [1.0000000000000004, 1.0000000000000004, 1.0]}, {"translations": [2703.7892930142284, 39.53117385110415, 358.0], "angles": [0.0, 0.0, 0.8829637902761094], "sizes": [0.9999999999999998, 0.9999999999999998, 1.0]}, {"translations": [1074.8305679638515, -34.381799420058556, 358.0], "angles": [0.0, 0.0, 0.8791216039059786], "sizes": [0.9999999999999999, 0.9999999999999999, 1.0]}, {"translations": [1063.8718242450632, -28.735248059520227, 58.0], "angles": [0.0, 0.0, -0.8464414401912929], "sizes": [1.0000000000000002, 1.0000000000000002, 1.0]}, {"translations": [2878.0108620485425, -35.86676838201434, 58.0], "angles": [0.0, 0.0, 0.9830624813667704], "sizes": [1.0000000000000002, 1.0000000000000002, 1.0]}, {"translations": [2470.530042262182, 22.522552018827458, 208.0], "angles": [0.0, 0.0, 0.7494188915109146], "sizes": [1.0000000000000002, 1.0000000000000002, 1.0]}, {"translations": [2125.2540584428934, -28.36998788415846, 358.0], "angles": [0.0, 0.0, 0.9922924075672317], "sizes": [0.9999999999999999, 0.9999999999999999, 1.0]}, {"translations": [3904.621292114258, 1.8309926986694336, 208.0], "angles": [0.0, 0.0, -0.2115300414346673], "sizes": [1.0, 1.0, 1.0]}], "SM_CardBoxA_02": [{"translations": [3446.765389406273, -27.40192321684473, 58.0], "angles": [0.0, 0.0, 0.9934136993945116], "sizes": [0.9999999999999994, 0.9999999999999994, 1.0]}, {"translations": [3079.6014012901533, 37.59092617270582, 358.0], "angles": [0.0, 0.0, -0.13805353747557744], "sizes": [1.0, 1.0, 1.0]}, {"translations": [2254.6302128721304, 31.45627907203417, 208.0], "angles": [0.0, 0.0, 0.9921923064577867], "sizes": [0.9999999999999999, 0.9999999999999999, 1.0]}, {"translations": [1123.8113264744372, -26.041538257988552, 58.0], "angles": [0.0, 0.0, -0.8295901775642608], "sizes": [1.0000000000000002, 1.0000000000000002, 1.0]}, {"translations": [712.6543169378334, 27.10160920922707, 208.0], "angles": [0.0, 0.0, -0.788479282013155], "sizes": [0.9999999999999998, 0.9999999999999998, 1.0]}, {"translations": [2877.2973961611374, 24.128989521586718, 58.0], "angles": [0.0, 0.0, 0.9978565395207937], "sizes": [1.0000000000000002, 1.0000000000000002, 1.0]}, {"translations": [2065.2919379085356, -30.501677594962512, 358.0], "angles": [0.0, 0.0, -0.40127091097872547], "sizes": [1.0, 1.0, 1.0]}, {"translations": [1314.2517040587443, -26.11801418315458, 58.0], "angles": [0.0, 0.0, -0.3731143564667358], "sizes": [1.0, 1.0, 1.0]}, {"translations": [137.948323633626, -0.04943885438180895, 358.0], "angles": [0.0, 0.0, -0.8058867021576345], "sizes": [1.0000000000000004, 1.0000000000000004, 1.0]}], "SM_CardBoxD_05": [{"translations": [3104.4468450944446, 39.55667670428238, 208.0], "angles": [0.0, 0.0, -0.6155456013811033], "sizes": [1.0, 1.0, 1.0]}, {"translations": [2256.012647219282, -31.468560874697538, 358.0], "angles": [0.0, 0.0, 0.9953958924577269], "sizes": [1.000000000000001, 1.000000000000001, 1.0]}, {"translations": [2246.5179209670355, 1.607879695534077, 58.0], "angles": [0.0, 0.0, 0.9994672417990531], "sizes": [1.0000000000000018, 1.0000000000000018, 1.0]}, {"translations": [1873.7021986742575, 33.62315205334565, 208.0], "angles": [0.0, 0.0, 0.7598439898369868], "sizes": [1.0000000000000004, 1.0000000000000004, 1.0]}, {"translations": [1464.7687697957292, -27.837329135032096, 58.0], "angles": [0.0, 0.0, 0.9519747534573386], "sizes": [1.000000000000001, 1.000000000000001, 1.0]}, {"translations": [3738.137661907126, -28.073247240967532, 208.0], "angles": [0.0, 0.0, -0.32360851015964903], "sizes": [1.0, 1.0, 1.0]}, {"translations": [2903.422162536606, -22.474105637959767, 208.0], "angles": [0.0, 0.0, 0.018593289857293815], "sizes": [1.0, 1.0, 1.0]}, {"translations": [932.7486234008496, -0.7712577205244251, 208.0], "angles": [0.0, 0.0, -0.2918734843861413], "sizes": [1.0, 1.0, 1.0]}, {"translations": [453.69939531548704, -25.245960410607005, 58.0], "angles": [0.0, 0.0, 0.9994428677704276], "sizes": [1.0000000000000009, 1.0000000000000009, 1.0]}, {"translations": [198.46812247631001, -28.986507607817405, 358.0], "angles": [0.0, 0.0, -0.187851173019377], "sizes": [1.0, 1.0, 1.0]}], "SM_CardBoxC_02": [{"translations": [3062.6989419404504, 26.470173155793457, 58.0], "angles": [0.0, 0.0, 0.7507160690416935], "sizes": [1.0000000000000007, 1.0000000000000007, 1.0]}, {"translations": [2281.7671471794356, 30.472586449213527, 358.0], "angles": [0.0, 0.0, 0.9839336582280332], "sizes": [1.0000000000000002, 1.0000000000000002, 1.0]}, {"translations": [1923.4704821889422, -20.348473527179333, 58.0], "angles": [0.0, 0.0, 0.9970514568705611], "sizes": [0.9999999999999996, 0.9999999999999996, 1.0]}, {"translations": [652.7027539850181, -32.946788767027364, 208.0], "angles": [0.0, 0.0, 0.9017516224242863], "sizes": [0.9999999999999994, 0.9999999999999994, 1.0]}, {"translations": [2847.62852716066, 41.456092637471485, 208.0], "angles": [0.0, 0.0, 0.63970787971427], "sizes": [1.0000000000000002, 1.0000000000000002, 1.0]}, {"translations": [2063.1602481977316, 29.460442939395275, 358.0], "angles": [0.0, 0.0, 0.06945711328721356], "sizes": [0.9999999999999999, 0.9999999999999999, 1.0]}, {"translations": [905.7195487710392, 25.659558184803583, 358.0], "angles": [0.0, 0.0, 0.7837058033132354], "sizes": [0.9999999999999998, 0.9999999999999998, 1.0]}, {"translations": [939.0585903747003, 34.82948965735676, 58.0], "angles": [0.0, 0.0, 0.670311828733012], "sizes": [1.0000000000000004, 1.0000000000000004, 1.0]}, {"translations": [76.22935605985856, 30.31843993373394, 58.0], "angles": [0.0, 0.0, 0.8581724682635029], "sizes": [1.0000000000000002, 1.0000000000000002, 1.0]}], "SM_CardBoxD_04": [{"translations": [2657.148951858101, 23.702626862641388, 208.0], "angles": [0.0, 0.0, 0.9949821583717219], "sizes": [0.9999999999999994, 0.9999999999999994, 1.0]}, {"translations": [1521.235212748216, 35.49939654836217, 58.0], "angles": [0.0, 0.0, -0.40318461583634424], "sizes": [1.0, 1.0, 1.0]}, {"translations": [675.8216725492151, 36.03859290220387, 58.0], "angles": [0.0, 0.0, 0.8691621935027691], "sizes": [1.0000000000000002, 1.0000000000000002, 1.0]}, {"translations": [3295.689978733009, 7.298703630203373, 358.0], "angles": [0.0, 0.0, 0.9261337629571115], "sizes": [1.0000000000000004, 1.0000000000000004, 1.0]}, {"translations": [3335.089340209961, 3.0927324295043945, 208.0], "angles": [0.0, 0.0, 0.5407992967775473], "sizes": [1.0, 1.0, 1.0]}, {"translations": [2854.764835388753, -24.537583786956112, 358.0], "angles": [0.0, 0.0, 0.29611279617856817], "sizes": [1.0, 1.0, 1.0]}, {"translations": [2534.2980064438725, -33.45643282479669, 208.0], "angles": [0.0, 0.0, -0.3372920895942743], "sizes": [1.0, 1.0, 1.0]}, {"translations": [943.737572619393, -24.987791500798966, 58.0], "angles": [0.0, 0.0, -0.7166633908589285], "sizes": [1.0000000000000004, 1.0000000000000004, 1.0]}], "SM_CardBoxA_01": [{"translations": [1885.003686797588, -23.027992402390574, 358.0], "angles": [0.0, 0.0, -0.4127054999533741], "sizes": [1.0, 1.0, 1.0]}, {"translations": [1489.2753916618146, 30.022751296383507, 208.0], "angles": [0.0, 0.0, 0.8766585753127765], "sizes": [1.0000000000000004, 1.0000000000000004, 1.0]}, {"translations": [274.6821300566267, -29.995052871718, 208.0], "angles": [0.0, 0.0, 0.9807452083883763], "sizes": [1.0000000000000009, 1.0000000000000009, 1.0]}, {"translations": [965.7190769988905, 25.897491863116077, 358.0], "angles": [0.0, 0.0, 0.5667804949242523], "sizes": [0.9999999999999999, 0.9999999999999999, 1.0]}, {"translations": [535.0899767648212, -21.3277536072869, 358.0], "angles": [0.0, 0.0, -0.5287476729655112], "sizes": [1.0000000000000002, 1.0000000000000002, 1.0]}, {"translations": [450.9233172573923, 34.68978343741214, 58.0], "angles": [0.0, 0.0, 0.9395641553633729], "sizes": [1.000000000000001, 1.000000000000001, 1.0]}]}