{"SM_RackShelf_01": [{"translations": [200.0, 0.0, 37.0], "angles": [0.0, 0.0, 0.0], "sizes": [1.0, 1.0, 1.0]}, {"translations": [200.0, 0.0, 187.0], "angles": [0.0, 0.0, 0.0], "sizes": [1.0, 1.0, 1.0]}, {"translations": [200.0, 0.0, 337.0], "angles": [0.0, 0.0, 0.0], "sizes": [1.0, 1.0, 1.0]}, {"translations": [200.0, 0.0, 487.0], "angles": [0.0, 0.0, 0.0], "sizes": [1.0, 1.0, 1.0]}, {"translations": [200.0, 0.0, 637.0], "angles": [0.0, 0.0, 0.0], "sizes": [1.0, 1.0, 1.0]}, {"translations": [200.0, 0.0, 787.0], "angles": [0.0, 0.0, 0.0], "sizes": [1.0, 1.0, 1.0]}, {"translations": [200.0, 0.0, 937.0], "angles": [0.0, 0.0, 0.0], "sizes": [1.0, 1.0, 1.0]}, {"translations": [200.0, 0.0, 1087.0], "angles": [0.0, 0.0, 0.0], "sizes": [1.0, 1.0, 1.0]}, {"translations": [200.0, 0.0, 1237.0], "angles": [0.0, 0.0, 0.0], "sizes": [1.0, 1.0, 1.0]}, {"translations": [200.0, 0.0, 1387.0], "angles": [0.0, 0.0, 0.0], "sizes": [1.0, 1.0, 1.0]}, {"translations": [600.0, 0.0, 37.0], "angles": [0.0, 0.0, 0.0], "sizes": [1.0, 1.0, 1.0]}, {"translations": [600.0, 0.0, 187.0], "angles": [0.0, 0.0, 0.0], "sizes": [1.0, 1.0, 1.0]}, {"translations": [600.0, 0.0, 337.0], "angles": [0.0, 0.0, 0.0], "sizes": [1.0, 1.0, 1.0]}, {"translations": [600.0, 0.0, 487.0], "angles": [0.0, 0.0, 0.0], "sizes": [1.0, 1.0, 1.0]}, {"translations": [600.0, 0.0, 637.0], "angles": [0.0, 0.0, 0.0], "sizes": [1.0, 1.0, 1.0]}, {"translations": [600.0, 0.0, 787.0], "angles": [0.0, 0.0, 0.0], "sizes": [1.0, 1.0, 1.0]}, {"translations": [600.0, 0.0, 937.0], "angles": [0.0, 0.0, 0.0], "sizes": [1.0, 1.0, 1.0]}, {"translations": [600.0, 0.0, 1087.0], "angles": [0.0, 0.0, 0.0], "sizes": [1.0, 1.0, 1.0]}, {"translations": [600.0, 0.0, 1237.0], "angles": [0.0, 0.0, 0.0], "sizes": [1.0, 1.0, 1.0]}, {"translations": [600.0, 0.0, 1387.0], "angles": [0.0, 0.0, 0.0], "sizes": [1.0, 1.0, 1.0]}, {"translations": [1000.0, 0.0, 37.0], "angles": [0.0, 0.0, 0.0], "sizes": [1.0, 1.0, 1.0]}, {"translations": [1000.0, 0.0, 187.0], "angles": [0.0, 0.0, 0.0], "sizes": [1.0, 1.0, 1.0]}, {"translations": [1000.0, 0.0, 337.0], "angles": [0.0, 0.0, 0.0], "sizes": [1.0, 1.0, 1.0]}, {"translations": [1000.0, 0.0, 487.0], "angles": [0.0, 0.0, 0.0], "sizes": [1.0, 1.0, 1.0]}, {"translations": [1000.0, 0.0, 637.0], "angles": [0.0, 0.0, 0.0], "sizes": [1.0, 1.0, 1.0]}, {"translations": [1000.0, 0.0, 787.0], "angles": [0.0, 0.0, 0.0], "sizes": [1.0, 1.0, 1.0]}, {"translations": [1000.0, 0.0, 937.0], "angles": [0.0, 0.0, 0.0], "sizes": [1.0, 1.0, 1.0]}, {"translations": [1000.0, 0.0, 1087.0], "angles": [0.0, 0.0, 0.0], "sizes": [1.0, 1.0, 1.0]}, {"translations": [1000.0, 0.0, 1237.0], "angles": [0.0, 0.0, 0.0], "sizes": [1.0, 1.0, 1.0]}, {"translations": [1000.0, 0.0, 1387.0], "angles": [0.0, 0.0, 0.0], "sizes": [1.0, 1.0, 1.0]}, {"translations": [1400.0, 0.0, 37.0], "angles": [0.0, 0.0, 0.0], "sizes": [1.0, 1.0, 1.0]}, {"translations": [1400.0, 0.0, 187.0], "angles": [0.0, 0.0, 0.0], "sizes": [1.0, 1.0, 1.0]}, {"translations": [1400.0, 0.0, 337.0], "angles": [0.0, 0.0, 0.0], "sizes": [1.0, 1.0, 1.0]}, {"translations": [1400.0, 0.0, 487.0], "angles": [0.0, 0.0, 0.0], "sizes": [1.0, 1.0, 1.0]}, {"translations": [1400.0, 0.0, 637.0], "angles": [0.0, 0.0, 0.0], "sizes": [1.0, 1.0, 1.0]}, {"translations": [1400.0, 0.0, 787.0], "angles": [0.0, 0.0, 0.0], "sizes": [1.0, 1.0, 1.0]}, {"translations": [1400.0, 0.0, 937.0], "angles": [0.0, 0.0, 0.0], "sizes": [1.0, 1.0, 1.0]}, {"translations": [1400.0, 0.0, 1087.0], "angles": [0.0, 0.0, 0.0], "sizes": [1.0, 1.0, 1.0]}, {"translations": [1400.0, 0.0, 1237.0], "angles": [0.0, 0.0, 0.0], "sizes": [1.0, 1.0, 1.0]}, {"translations": [1400.0, 0.0, 1387.0], "angles": [0.0, 0.0, 0.0], "sizes": [1.0, 1.0, 1.0]}, {"translations": [1800.0, 0.0, 37.0], "angles": [0.0, 0.0, 0.0], "sizes": [1.0, 1.0, 1.0]}, {"translations": [1800.0, 0.0, 187.0], "angles": [0.0, 0.0, 0.0], "sizes": [1.0, 1.0, 1.0]}, {"translations": [1800.0, 0.0, 337.0], "angles": [0.0, 0.0, 0.0], "sizes": [1.0, 1.0, 1.0]}, {"translations": [1800.0, 0.0, 487.0], "angles": [0.0, 0.0, 0.0], "sizes": [1.0, 1.0, 1.0]}, {"translations": [1800.0, 0.0, 637.0], "angles": [0.0, 0.0, 0.0], "sizes": [1.0, 1.0, 1.0]}, {"translations": [1800.0, 0.0, 787.0], "angles": [0.0, 0.0, 0.0], "sizes": [1.0, 1.0, 1.0]}, {"translations": [1800.0, 0.0, 937.0], "angles": [0.0, 0.0, 0.0], "sizes": [1.0, 1.0, 1.0]}, {"translations": [1800.0, 0.0, 1087.0], "angles": [0.0, 0.0, 0.0], "sizes": [1.0, 1.0, 1.0]}, {"translations": [1800.0, 0.0, 1237.0], "angles": [0.0, 0.0, 0.0], "sizes": [1.0, 1.0, 1.0]}, {"translations": [1800.0, 0.0, 1387.0], "angles": [0.0, 0.0, 0.0], "sizes": [1.0, 1.0, 1.0]}, {"translations": [2200.0, 0.0, 37.0], "angles": [0.0, 0.0, 0.0], "sizes": [1.0, 1.0, 1.0]}, {"translations": [2200.0, 0.0, 187.0], "angles": [0.0, 0.0, 0.0], "sizes": [1.0, 1.0, 1.0]}, {"translations": [2200.0, 0.0, 337.0], "angles": [0.0, 0.0, 0.0], "sizes": [1.0, 1.0, 1.0]}, {"translations": [2200.0, 0.0, 487.0], "angles": [0.0, 0.0, 0.0], "sizes": [1.0, 1.0, 1.0]}, {"translations": [2200.0, 0.0, 637.0], "angles": [0.0, 0.0, 0.0], "sizes": [1.0, 1.0, 1.0]}, {"translations": [2200.0, 0.0, 787.0], "angles": [0.0, 0.0, 0.0], "sizes": [1.0, 1.0, 1.0]}, {"translations": [2200.0, 0.0, 937.0], "angles": [0.0, 0.0, 0.0], "sizes": [1.0, 1.0, 1.0]}, {"translations": [2200.0, 0.0, 1087.0], "angles": [0.0, 0.0, 0.0], "sizes": [1.0, 1.0, 1.0]}, {"translations": [2200.0, 0.0, 1237.0], "angles": [0.0, 0.0, 0.0], "sizes": [1.0, 1.0, 1.0]}, {"translations": [2200.0, 0.0, 1387.0], "angles": [0.0, 0.0, 0.0], "sizes": [1.0, 1.0, 1.0]}, {"translations": [2600.0, 0.0, 37.0], "angles": [0.0, 0.0, 0.0], "sizes": [1.0, 1.0, 1.0]}, {"translations": [2600.0, 0.0, 187.0], "angles": [0.0, 0.0, 0.0], "sizes": [1.0, 1.0, 1.0]}, {"translations": [2600.0, 0.0, 337.0], "angles": [0.0, 0.0, 0.0], "sizes": [1.0, 1.0, 1.0]}, {"translations": [2600.0, 0.0, 487.0], "angles": [0.0, 0.0, 0.0], "sizes": [1.0, 1.0, 1.0]}, {"translations": [2600.0, 0.0, 637.0], "angles": [0.0, 0.0, 0.0], "sizes": [1.0, 1.0, 1.0]}, {"translations": [2600.0, 0.0, 787.0], "angles": [0.0, 0.0, 0.0], "sizes": [1.0, 1.0, 1.0]}, {"translations": [2600.0, 0.0, 937.0], "angles": [0.0, 0.0, 0.0], "sizes": [1.0, 1.0, 1.0]}, {"translations": [2600.0, 0.0, 1087.0], "angles": [0.0, 0.0, 0.0], "sizes": [1.0, 1.0, 1.0]}, {"translations": [2600.0, 0.0, 1237.0], "angles": [0.0, 0.0, 0.0], "sizes": [1.0, 1.0, 1.0]}, {"translations": [2600.0, 0.0, 1387.0], "angles": [0.0, 0.0, 0.0], "sizes": [1.0, 1.0, 1.0]}, {"translations": [3000.0, 0.0, 37.0], "angles": [0.0, 0.0, 0.0], "sizes": [1.0, 1.0, 1.0]}, {"translations": [3000.0, 0.0, 187.0], "angles": [0.0, 0.0, 0.0], "sizes": [1.0, 1.0, 1.0]}, {"translations": [3000.0, 0.0, 337.0], "angles": [0.0, 0.0, 0.0], "sizes": [1.0, 1.0, 1.0]}, {"translations": [3000.0, 0.0, 487.0], "angles": [0.0, 0.0, 0.0], "sizes": [1.0, 1.0, 1.0]}, {"translations": [3000.0, 0.0, 637.0], "angles": [0.0, 0.0, 0.0], "sizes": [1.0, 1.0, 1.0]}, {"translations": [3000.0, 0.0, 787.0], "angles": [0.0, 0.0, 0.0], "sizes": [1.0, 1.0, 1.0]}, {"translations": [3000.0, 0.0, 937.0], "angles": [0.0, 0.0, 0.0], "sizes": [1.0, 1.0, 1.0]}, {"translations": [3000.0, 0.0, 1087.0], "angles": [0.0, 0.0, 0.0], "sizes": [1.0, 1.0, 1.0]}, {"translations": [3000.0, 0.0, 1237.0], "angles": [0.0, 0.0, 0.0], "sizes": [1.0, 1.0, 1.0]}, {"translations": [3000.0, 0.0, 1387.0], "angles": [0.0, 0.0, 0.0], "sizes": [1.0, 1.0, 1.0]}, {"translations": [3400.0, 0.0, 37.0], "angles": [0.0, 0.0, 0.0], "sizes": [1.0, 1.0, 1.0]}, {"translations": [3400.0, 0.0, 187.0], "angles": [0.0, 0.0, 0.0], "sizes": [1.0, 1.0, 1.0]}, {"translations": [3400.0, 0.0, 337.0], "angles": [0.0, 0.0, 0.0], "sizes": [1.0, 1.0, 1.0]}, {"translations": [3400.0, 0.0, 487.0], "angles": [0.0, 0.0, 0.0], "sizes": [1.0, 1.0, 1.0]}, {"translations": [3400.0, 0.0, 637.0], "angles": [0.0, 0.0, 0.0], "sizes": [1.0, 1.0, 1.0]}, {"translations": [3400.0, 0.0, 787.0], "angles": [0.0, 0.0, 0.0], "sizes": [1.0, 1.0, 1.0]}, {"translations": [3400.0, 0.0, 937.0], "angles": [0.0, 0.0, 0.0], "sizes": [1.0, 1.0, 1.0]}, {"translations": [3400.0, 0.0, 1087.0], "angles": [0.0, 0.0, 0.0], "sizes": [1.0, 1.0, 1.0]}, {"translations": [3400.0, 0.0, 1237.0], "angles": [0.0, 0.0, 0.0], "sizes": [1.0, 1.0, 1.0]}, {"translations": [3400.0, 0.0, 1387.0], "angles": [0.0, 0.0, 0.0], "sizes": [1.0, 1.0, 1.0]}, {"translations": [3800.0, 0.0, 37.0], "angles": [0.0, 0.0, 0.0], "sizes": [1.0, 1.0, 1.0]}, {"translations": [3800.0, 0.0, 187.0], "angles": [0.0, 0.0, 0.0], "sizes": [1.0, 1.0, 1.0]}, {"translations": [3800.0, 0.0, 337.0], "angles": [0.0, 0.0, 0.0], "sizes": [1.0, 1.0, 1.0]}, {"translations": [3800.0, 0.0, 487.0], "angles": [0.0, 0.0, 0.0], "sizes": [1.0, 1.0, 1.0]}, {"translations": [3800.0, 0.0, 637.0], "angles": [0.0, 0.0, 0.0], "sizes": [1.0, 1.0, 1.0]}, {"translations": [3800.0, 0.0, 787.0], "angles": [0.0, 0.0, 0.0], "sizes": [1.0, 1.0, 1.0]}, {"translations": [3800.0, 0.0, 937.0], "angles": [0.0, 0.0, 0.0], "sizes": [1.0, 1.0, 1.0]}, {"translations": [3800.0, 0.0, 1087.0], "angles": [0.0, 0.0, 0.0], "sizes": [1.0, 1.0, 1.0]}, {"translations": [3800.0, 0.0, 1237.0], "angles": [0.0, 0.0, 0.0], "sizes": [1.0, 1.0, 1.0]}, {"translations": [3800.0, 0.0, 1387.0], "angles": [0.0, 0.0, 0.0], "sizes": [1.0, 1.0, 1.0]}], "SM_RackFrame_03": [{"translations": [0.0, 0.0, 0.0], "angles": [0.0, 0.0, 0.0], "sizes": [1.0, 1.0, 1.0]}, {"translations": [400.0, 0.0, 0.0], "angles": [0.0, 0.0, 0.0], "sizes": [1.0, 1.0, 1.0]}, {"translations": [800.0, 0.0, 0.0], "angles": [0.0, 0.0, 0.0], "sizes": [1.0, 1.0, 1.0]}, {"translations": [1200.0, 0.0, 0.0], "angles": [0.0, 0.0, 0.0], "sizes": [1.0, 1.0, 1.0]}, {"translations": [1600.0, 0.0, 0.0], "angles": [0.0, 0.0, 0.0], "sizes": [1.0, 1.0, 1.0]}, {"translations": [2000.0, 0.0, 0.0], "angles": [0.0, 0.0, 0.0], "sizes": [1.0, 1.0, 1.0]}, {"translations": [2400.0, 0.0, 0.0], "angles": [0.0, 0.0, 0.0], "sizes": [1.0, 1.0, 1.0]}, {"translations": [2800.0, 0.0, 0.0], "angles": [0.0, 0.0, 0.0], "sizes": [1.0, 1.0, 1.0]}, {"translations": [3200.0, 0.0, 0.0], "angles": [0.0, 0.0, 0.0], "sizes": [1.0, 1.0, 1.0]}, {"translations": [3600.0, 0.0, 0.0], "angles": [0.0, 0.0, 0.0], "sizes": [1.0, 1.0, 1.0]}, {"translations": [0.0, 0.0, 300.0], "angles": [0.0, 0.0, 0.0], "sizes": [1.0, 1.0, 1.0]}, {"translations": [400.0, 0.0, 300.0], "angles": [0.0, 0.0, 0.0], "sizes": [1.0, 1.0, 1.0]}, {"translations": [800.0, 0.0, 300.0], "angles": [0.0, 0.0, 0.0], "sizes": [1.0, 1.0, 1.0]}, {"translations": [1200.0, 0.0, 300.0], "angles": [0.0, 0.0, 0.0], "sizes": [1.0, 1.0, 1.0]}, {"translations": [1600.0, 0.0, 300.0], "angles": [0.0, 0.0, 0.0], "sizes": [1.0, 1.0, 1.0]}, {"translations": [2000.0, 0.0, 300.0], "angles": [0.0, 0.0, 0.0], "sizes": [1.0, 1.0, 1.0]}, {"translations": [2400.0, 0.0, 300.0], "angles": [0.0, 0.0, 0.0], "sizes": [1.0, 1.0, 1.0]}, {"translations": [2800.0, 0.0, 300.0], "angles": [0.0, 0.0, 0.0], "sizes": [1.0, 1.0, 1.0]}, {"translations": [3200.0, 0.0, 300.0], "angles": [0.0, 0.0, 0.0], "sizes": [1.0, 1.0, 1.0]}, {"translations": [3600.0, 0.0, 300.0], "angles": [0.0, 0.0, 0.0], "sizes": [1.0, 1.0, 1.0]}, {"translations": [0.0, 0.0, 600.0], "angles": [0.0, 0.0, 0.0], "sizes": [1.0, 1.0, 1.0]}, {"translations": [400.0, 0.0, 600.0], "angles": [0.0, 0.0, 0.0], "sizes": [1.0, 1.0, 1.0]}, {"translations": [800.0, 0.0, 600.0], "angles": [0.0, 0.0, 0.0], "sizes": [1.0, 1.0, 1.0]}, {"translations": [1200.0, 0.0, 600.0], "angles": [0.0, 0.0, 0.0], "sizes": [1.0, 1.0, 1.0]}, {"translations": [1600.0, 0.0, 600.0], "angles": [0.0, 0.0, 0.0], "sizes": [1.0, 1.0, 1.0]}, {"translations": [2000.0, 0.0, 600.0], "angles": [0.0, 0.0, 0.0], "sizes": [1.0, 1.0, 1.0]}, {"translations": [2400.0, 0.0, 600.0], "angles": [0.0, 0.0, 0.0], "sizes": [1.0, 1.0, 1.0]}, {"translations": [2800.0, 0.0, 600.0], "angles": [0.0, 0.0, 0.0], "sizes": [1.0, 1.0, 1.0]}, {"translations": [3200.0, 0.0, 600.0], "angles": [0.0, 0.0, 0.0], "sizes": [1.0, 1.0, 1.0]}, {"translations": [3600.0, 0.0, 600.0], "angles": [0.0, 0.0, 0.0], "sizes": [1.0, 1.0, 1.0]}, {"translations": [0.0, 0.0, 900.0], "angles": [0.0, 0.0, 0.0], "sizes": [1.0, 1.0, 1.0]}, {"translations": [400.0, 0.0, 900.0], "angles": [0.0, 0.0, 0.0], "sizes": [1.0, 1.0, 1.0]}, {"translations": [800.0, 0.0, 900.0], "angles": [0.0, 0.0, 0.0], "sizes": [1.0, 1.0, 1.0]}, {"translations": [1200.0, 0.0, 900.0], "angles": [0.0, 0.0, 0.0], "sizes": [1.0, 1.0, 1.0]}, {"translations": [1600.0, 0.0, 900.0], "angles": [0.0, 0.0, 0.0], "sizes": [1.0, 1.0, 1.0]}, {"translations": [2000.0, 0.0, 900.0], "angles": [0.0, 0.0, 0.0], "sizes": [1.0, 1.0, 1.0]}, {"translations": [2400.0, 0.0, 900.0], "angles": [0.0, 0.0, 0.0], "sizes": [1.0, 1.0, 1.0]}, {"translations": [2800.0, 0.0, 900.0], "angles": [0.0, 0.0, 0.0], "sizes": [1.0, 1.0, 1.0]}, {"translations": [3200.0, 0.0, 900.0], "angles": [0.0, 0.0, 0.0], "sizes": [1.0, 1.0, 1.0]}, {"translations": [3600.0, 0.0, 900.0], "angles": [0.0, 0.0, 0.0], "sizes": [1.0, 1.0, 1.0]}, {"translations": [0.0, 0.0, 1200.0], "angles": [0.0, 0.0, 0.0], "sizes": [1.0, 1.0, 1.0]}, {"translations": [400.0, 0.0, 1200.0], "angles": [0.0, 0.0, 0.0], "sizes": [1.0, 1.0, 1.0]}, {"translations": [800.0, 0.0, 1200.0], "angles": [0.0, 0.0, 0.0], "sizes": [1.0, 1.0, 1.0]}, {"translations": [1200.0, 0.0, 1200.0], "angles": [0.0, 0.0, 0.0], "sizes": [1.0, 1.0, 1.0]}, {"translations": [1600.0, 0.0, 1200.0], "angles": [0.0, 0.0, 0.0], "sizes": [1.0, 1.0, 1.0]}, {"translations": [2000.0, 0.0, 1200.0], "angles": [0.0, 0.0, 0.0], "sizes": [1.0, 1.0, 1.0]}, {"translations": [2400.0, 0.0, 1200.0], "angles": [0.0, 0.0, 0.0], "sizes": [1.0, 1.0, 1.0]}, {"translations": [2800.0, 0.0, 1200.0], "angles": [0.0, 0.0, 0.0], "sizes": [1.0, 1.0, 1.0]}, {"translations": [3200.0, 0.0, 1200.0], "angles": [0.0, 0.0, 0.0], "sizes": [1.0, 1.0, 1.0]}, {"translations": [3600.0, 0.0, 1200.0], "angles": [0.0, 0.0, 0.0], "sizes": [1.0, 1.0, 1.0]}, {"translations": [4000.0, 0.0, 0.0], "angles": [0.0, 0.0, 0.0], "sizes": [1.0, 1.0, 1.0]}, {"translations": [4000.0, 0.0, 300.0], "angles": [0.0, 0.0, 0.0], "sizes": [1.0, 1.0, 1.0]}, {"translations": [4000.0, 0.0, 600.0], "angles": [0.0, 0.0, 0.0], "sizes": [1.0, 1.0, 1.0]}, {"translations": [4000.0, 0.0, 900.0], "angles": [0.0, 0.0, 0.0], "sizes": [1.0, 1.0, 1.0]}, {"translations": [4000.0, 0.0, 1200.0], "angles": [0.0, 0.0, 0.0], "sizes": [1.0, 1.0, 1.0]}], "SM_PaletteA_01": [{"translations": [104.04623413085938, -1.7162489891052246, 37.0], "angles": [0.0, 0.0, 0.029609596497205085], "sizes": [1.0, 1.0, 1.0]}, {"translations": [77.0445785522461, -0.000858306884765625, 187.0], "angles": [0.0, 0.0, -0.005543510464436315], "sizes": [1.0, 1.0, 1.0]}, {"translations": [167.94365692138672, 0.4796934127807617, 337.0], "angles": [0.0, 0.0, -0.005194630989101678], "sizes": [1.0, 1.0, 1.0]}, {"translations": [74.09922790527344, -9.138336181640625, 487.0], "angles": [0.0, 0.0, 0.033975100382220944], "sizes": [1.0, 1.0, 1.0]}, {"translations": [106.05471801757812, -5.421197414398193, 637.0], "angles": [0.0, 0.0, -0.03329369610483425], "sizes": [0.9999999999999999, 0.9999999999999999, 1.0]}, {"translations": [115.29872131347656, 7.166991233825684, 787.0], "angles": [0.0, 0.0, -0.014970858514335298], "sizes": [1.0, 1.0, 1.0]}, {"translations": [132.94749450683594, -1.137080192565918, 937.0], "angles": [0.0, 0.0, 0.011634110456066741], "sizes": [1.0, 1.0, 1.0]}, {"translations": [141.91117095947266, -1.9424939155578613, 1087.0], "angles": [0.0, 0.0, 0.0030054663922494873], "sizes": [1.0, 1.0, 1.0]}, {"translations": [171.65704727172852, -8.041610717773438, 1237.0], "angles": [0.0, 0.0, -0.04168231240952307], "sizes": [1.0, 1.0, 1.0]}, {"translations": [162.23725128173828, 2.0641422271728516, 1387.0], "angles": [0.0, 0.0, 0.006193328774559693], "sizes": [0.9999999999999999, 0.9999999999999999, 1.0]}, {"translations": [482.2792282104492, 6.109950542449951, 37.0], "angles": [0.0, 0.0, 0.011511613249918522], "sizes": [1.0, 1.0, 1.0]}, {"translations": [491.85707092285156, -2.9225897789001465, 187.0], "angles": [0.0, 0.0, 0.008425065307175177], "sizes": [0.9999999999999999, 0.9999999999999999, 1.0]}, {"translations": [533.3830947875977, 8.623649597167969, 337.0], "angles": [0.0, 0.0, 0.03954549239855507], "sizes": [0.9999999999999999, 0.9999999999999999, 1.0]}, {"translations": [494.8818664550781, 8.459146499633789, 487.0], "angles": [0.0, 0.0, 0.004587419327717873], "sizes": [1.0, 1.0, 1.0]}, {"translations": [541.5834045410156, 7.324190139770508, 637.0], "angles": [0.0, 0.0, 0.04205484049690634], "sizes": [1.0, 1.0, 1.0]}, {"translations": [533.2000122070312, 9.428579330444336, 787.0], "angles": [0.0, 0.0, 0.02652677862888077], "sizes": [0.9999999999999999, 0.9999999999999999, 1.0]}, {"translations": [479.88209533691406, -8.396973609924316, 937.0], "angles": [0.0, 0.0, -0.03231681297349079], "sizes": [0.9999999999999999, 0.9999999999999999, 1.0]}, {"translations": [518.589485168457, 2.799050807952881, 1087.0], "angles": [0.0, 0.0, 0.0358249235875789], "sizes": [1.0, 1.0, 1.0]}, {"translations": [505.95130920410156, 9.096426963806152, 1237.0], "angles": [0.0, 0.0, -0.008973673409661365], "sizes": [1.0, 1.0, 1.0]}, {"translations": [528.7910232543945, -7.548806667327881, 1387.0], "angles": [0.0, 0.0, 0.01221998501736218], "sizes": [0.9999999999999999, 0.9999999999999999, 1.0]}, {"translations": [911.4894409179688, 2.581357955932617, 37.0], "angles": [0.0, 0.0, 0.020152720963860855], "sizes": [1.0, 1.0, 1.0]}, {"translations": [962.7283554077148, 0.3313159942626953, 187.0], "angles": [0.0, 0.0, 0.019010412774559466], "sizes": [1.0, 1.0, 1.0]}, {"translations": [935.8382797241211, -4.22123908996582, 337.0], "angles": [0.0, 0.0, -0.015415567560467873], "sizes": [1.0, 1.0, 1.0]}, {"translations": [966.4827346801758, 3.2526063919067383, 487.0], "angles": [0.0, 0.0, -0.019838522465179264], "sizes": [1.0, 1.0, 1.0]}, {"translations": [881.7578506469727, 2.102322578430176, 637.0], "angles": [0.0, 0.0, -0.023201418399267166], "sizes": [1.0, 1.0, 1.0]}, {"translations": [922.1294860839844, 5.8795952796936035, 787.0], "angles": [0.0, 0.0, -0.034824172977091], "sizes": [1.0, 1.0, 1.0]}, {"translations": [880.4381942749023, 9.166719436645508, 937.0], "angles": [0.0, 0.0, -0.02534469549537275], "sizes": [1.0, 1.0, 1.0]}, {"translations": [910.0795974731445, 0.4271697998046875, 1087.0], "angles": [0.0, 0.0, -0.011405088598581373], "sizes": [0.9999999999999999, 0.9999999999999999, 1.0]}, {"translations": [953.6557540893555, 6.80105447769165, 1237.0], "angles": [0.0, 0.0, -0.03538843381192826], "sizes": [1.0, 1.0, 1.0]}, {"translations": [925.6163024902344, -3.2606863975524902, 1387.0], "angles": [0.0, 0.0, 0.028030946149002756], "sizes": [0.9999999999999999, 0.9999999999999999, 1.0]}, {"translations": [1312.5039825439453, 3.831033706665039, 37.0], "angles": [0.0, 0.0, 0.03393783762831395], "sizes": [1.0, 1.0, 1.0]}, {"translations": [1367.7973022460938, 1.4619636535644531, 187.0], "angles": [0.0, 0.0, 0.0067472754843573846], "sizes": [0.9999999999999999, 0.9999999999999999, 1.0]}, {"translations": [1278.5350646972656, 1.4052867889404297, 337.0], "angles": [0.0, 0.0, -0.0062093100345438235], "sizes": [1.0, 1.0, 1.0]}, {"translations": [1300.343391418457, -2.281332015991211, 487.0], "angles": [0.0, 0.0, 0.030591888800798845], "sizes": [1.0, 1.0, 1.0]}, {"translations": [1315.598030090332, -4.324848651885986, 637.0], "angles": [0.0, 0.0, 0.04171424254714543], "sizes": [1.0, 1.0, 1.0]}, {"translations": [1286.8436584472656, 4.431722164154053, 787.0], "angles": [0.0, 0.0, 0.03942573945192853], "sizes": [0.9999999999999999, 0.9999999999999999, 1.0]}, {"translations": [1352.2860984802246, -4.739868640899658, 937.0], "angles": [0.0, 0.0, 0.03120147815868626], "sizes": [1.0, 1.0, 1.0]}, {"translations": [1276.7451858520508, 9.815754890441895, 1087.0], "angles": [0.0, 0.0, -0.0024728179735428817], "sizes": [1.0, 1.0, 1.0]}, {"translations": [1348.378776550293, -5.155339241027832, 1237.0], "angles": [0.0, 0.0, 0.017434031341263142], "sizes": [1.0, 1.0, 1.0]}, {"translations": [1334.1796646118164, 4.429993629455566, 1387.0], "angles": [0.0, 0.0, -0.033823383287749344], "sizes": [1.0, 1.0, 1.0]}, {"translations": [1713.750633239746, 9.805569648742676, 37.0], "angles": [0.0, 0.0, -0.02969212027127755], "sizes": [1.0, 1.0, 1.0]}, {"translations": [1675.6761093139648, 3.6362338066101074, 187.0], "angles": [0.0, 0.0, 0.03799132996961776], "sizes": [1.0, 1.0, 1.0]}, {"translations": [1697.231704711914, 6.969821453094482, 337.0], "angles": [0.0, 0.0, -0.04049550829300447], "sizes": [1.0, 1.0, 1.0]}, {"translations": [1714.9520950317383, 8.078994750976562, 487.0], "angles": [0.0, 0.0, -0.007996300425374903], "sizes": [1.0, 1.0, 1.0]}, {"translations": [1734.4088516235352, 9.549428939819336, 637.0], "angles": [0.0, 0.0, 0.034898698240860546], "sizes": [1.0, 1.0, 1.0]}, {"translations": [1715.0519256591797, 4.0348219871521, 787.0], "angles": [0.0, 0.0, -0.02561625804852052], "sizes": [1.0, 1.0, 1.0]}, {"translations": [1741.4865112304688, -3.541259765625, 937.0], "angles": [0.0, 0.0, 0.010180069514576933], "sizes": [0.9999999999999999, 0.9999999999999999, 1.0]}, {"translations": [1760.2896919250488, -9.471297264099121, 1087.0], "angles": [0.0, 0.0, 0.03290773687906748], "sizes": [1.0, 1.0, 1.0]}, {"translations": [1707.2485885620117, 5.535857677459717, 1237.0], "angles": [0.0, 0.0, 0.015902879800769244], "sizes": [1.0, 1.0, 1.0]}, {"translations": [1703.9045791625977, -3.702082633972168, 1387.0], "angles": [0.0, 0.0, 0.02854208510664452], "sizes": [0.9999999999999999, 0.9999999999999999, 1.0]}, {"translations": [2079.5151443481445, 2.395656108856201, 37.0], "angles": [0.0, 0.0, -0.02156393282871796], "sizes": [0.9999999999999999, 0.9999999999999999, 1.0]}, {"translations": [2093.033576965332, 0.1521778106689453, 187.0], "angles": [0.0, 0.0, -0.01983053455362904], "sizes": [0.9999999999999999, 0.9999999999999999, 1.0]}, {"translations": [2094.2071533203125, 0.5452275276184082, 337.0], "angles": [0.0, 0.0, -0.027384029834154878], "sizes": [1.0, 1.0, 1.0]}, {"translations": [2138.9098052978516, 0.4858231544494629, 487.0], "angles": [0.0, 0.0, -0.005887063035215368], "sizes": [1.0, 1.0, 1.0]}, {"translations": [2166.2614097595215, -6.692960262298584, 637.0], "angles": [0.0, 0.0, 0.0014128481001382698], "sizes": [1.0, 1.0, 1.0]}, {"translations": [2099.147735595703, -7.900900840759277, 787.0], "angles": [0.0, 0.0, 0.03917559155500554], "sizes": [1.0, 1.0, 1.0]}, {"translations": [2075.7228469848633, 4.342007637023926, 937.0], "angles": [0.0, 0.0, 0.012536887307152475], "sizes": [0.9999999999999999, 0.9999999999999999, 1.0]}, {"translations": [2112.7602767944336, 6.360223293304443, 1087.0], "angles": [0.0, 0.0, 0.03899994893298089], "sizes": [0.9999999999999999, 0.9999999999999999, 1.0]}, {"translations": [2157.669101715088, -8.731592178344727, 1237.0], "angles": [0.0, 0.0, -0.01963615540972863], "sizes": [1.0, 1.0, 1.0]}, {"translations": [2171.4077224731445, -3.7424254417419434, 1387.0], "angles": [0.0, 0.0, 0.03292636890428607], "sizes": [1.0, 1.0, 1.0]}, {"translations": [2498.907196044922, -4.518120288848877, 37.0], "angles": [0.0, 0.0, 0.03580895487366148], "sizes": [1.0, 1.0, 1.0]}, {"translations": [2502.4140243530273, -5.466940402984619, 187.0], "angles": [0.0, 0.0, 0.04302337855001053], "sizes": [1.0, 1.0, 1.0]}, {"translations": [2532.563407897949, 9.540740966796875, 337.0], "angles": [0.0, 0.0, 0.00798564812113594], "sizes": [0.9999999999999999, 0.9999999999999999, 1.0]}, {"translations": [2560.399745941162, -8.810394287109375, 487.0], "angles": [0.0, 0.0, 0.007026905967435888], "sizes": [1.0, 1.0, 1.0]}, {"translations": [2504.8695068359375, 5.577380657196045, 637.0], "angles": [0.0, 0.0, 0.025310081347441435], "sizes": [1.0, 1.0, 1.0]}, {"translations": [2506.439613342285, 7.717952728271484, 787.0], "angles": [0.0, 0.0, 0.003964224533684039], "sizes": [1.0, 1.0, 1.0]}, {"translations": [2474.9809494018555, 0.40405988693237305, 937.0], "angles": [0.0, 0.0, 0.0337328854016846], "sizes": [1.0, 1.0, 1.0]}, {"translations": [2540.018569946289, -3.383955955505371, 1087.0], "angles": [0.0, 0.0, -0.020655968175717545], "sizes": [1.0, 1.0, 1.0]}, {"translations": [2547.6088638305664, -5.5739641189575195, 1237.0], "angles": [0.0, 0.0, 0.02321206609470067], "sizes": [0.9999999999999999, 0.9999999999999999, 1.0]}, {"translations": [2528.8290100097656, 2.145659923553467, 1387.0], "angles": [0.0, 0.0, -0.012305199764575553], "sizes": [0.9999999999999999, 0.9999999999999999, 1.0]}, {"translations": [2907.6520080566406, -5.5121564865112305, 37.0], "angles": [0.0, 0.0, 0.02426374945471262], "sizes": [1.0, 1.0, 1.0]}, {"translations": [2875.525344848633, 9.49099349975586, 187.0], "angles": [0.0, 0.0, 0.03684959669363836], "sizes": [1.0, 1.0, 1.0]}, {"translations": [2882.421142578125, 7.635831832885742, 337.0], "angles": [0.0, 0.0, 0.026018273808934532], "sizes": [1.0, 1.0, 1.0]}, {"translations": [2919.150360107422, -5.7010817527771, 487.0], "angles": [0.0, 0.0, -0.02572541582951729], "sizes": [1.0, 1.0, 1.0]}, {"translations": [2953.922176361084, 1.8576598167419434, 637.0], "angles": [0.0, 0.0, -5.459740306275173e-05], "sizes": [0.9999999999999999, 0.9999999999999999, 1.0]}, {"translations": [2955.815299987793, 0.9525680541992188, 787.0], "angles": [0.0, 0.0, 0.018786736794813127], "sizes": [1.0, 1.0, 1.0]}, {"translations": [2941.3526153564453, -6.521337032318115, 937.0], "angles": [0.0, 0.0, -0.01396425781836023], "sizes": [1.0, 1.0, 1.0]}, {"translations": [2877.99112701416, -8.068273544311523, 1087.0], "angles": [0.0, 0.0, -0.004816456451350248], "sizes": [1.0, 1.0, 1.0]}, {"translations": [2956.7400665283203, 9.273529052734375, 1237.0], "angles": [0.0, 0.0, -0.017066559396942408], "sizes": [1.0, 1.0, 1.0]}, {"translations": [2898.0875244140625, -9.397635459899902, 1387.0], "angles": [0.0, 0.0, -0.011261281934586531], "sizes": [0.9999999999999999, 0.9999999999999999, 1.0]}, {"translations": [3281.321846008301, 1.9383478164672852, 37.0], "angles": [0.0, 0.0, -0.02332655517443237], "sizes": [1.0, 1.0, 1.0]}, {"translations": [3335.089340209961, 3.0927324295043945, 187.0], "angles": [0.0, 0.0, 0.04106496729879003], "sizes": [1.0, 1.0, 1.0]}, {"translations": [3325.660598754883, 5.971324443817139, 337.0], "angles": [0.0, 0.0, 0.02314018005923448], "sizes": [1.0, 1.0, 1.0]}, {"translations": [3369.652936935425, -9.388505935668945, 487.0], "angles": [0.0, 0.0, 0.03682564451206566], "sizes": [0.9999999999999999, 0.9999999999999999, 1.0]}, {"translations": [3337.361083984375, 6.581850051879883, 637.0], "angles": [0.0, 0.0, 0.011572861874702701], "sizes": [0.9999999999999999, 0.9999999999999999, 1.0]}, {"translations": [3363.693546295166, -7.437701225280762, 787.0], "angles": [0.0, 0.0, -0.03920486382181222], "sizes": [1.0, 1.0, 1.0]}, {"translations": [3336.607395172119, -4.453272819519043, 937.0], "angles": [0.0, 0.0, -0.011524926091575413], "sizes": [1.0, 1.0, 1.0]}, {"translations": [3307.2509155273438, 1.5541481971740723, 1087.0], "angles": [0.0, 0.0, 0.00359403738480733], "sizes": [1.0, 1.0, 1.0]}, {"translations": [3320.001853942871, 3.9660072326660156, 1237.0], "angles": [0.0, 0.0, 0.011173403148004005], "sizes": [1.0, 1.0, 1.0]}, {"translations": [3347.1397018432617, 9.096221923828125, 1387.0], "angles": [0.0, 0.0, -0.03473900130701958], "sizes": [0.9999999999999999, 0.9999999999999999, 1.0]}, {"translations": [3737.7925033569336, 1.735079288482666, 37.0], "angles": [0.0, 0.0, -0.016174497691922644], "sizes": [0.9999999999999999, 0.9999999999999999, 1.0]}, {"translations": [3735.742576599121, 1.8309926986694336, 187.0], "angles": [0.0, 0.0, 0.022818012258018255], "sizes": [1.0, 1.0, 1.0]}, {"translations": [3691.6289443969727, -8.20798110961914, 337.0], "angles": [0.0, 0.0, 0.01760977922974264], "sizes": [1.0, 1.0, 1.0]}, {"translations": [3719.700859069824, 7.732515335083008, 487.0], "angles": [0.0, 0.0, 0.03737655594108609], "sizes": [1.0, 1.0, 1.0]}, {"translations": [3749.3163681030273, 7.242178916931152, 637.0], "angles": [0.0, 0.0, 0.03801261986876235], "sizes": [1.0, 1.0, 1.0]}, {"translations": [3745.4949836730957, -3.4252285957336426, 787.0], "angles": [0.0, 0.0, 0.031744508429422995], "sizes": [1.0, 1.0, 1.0]}, {"translations": [3682.6909790039062, -1.4323806762695312, 937.0], "angles": [0.0, 0.0, 0.017069222170097646], "sizes": [1.0, 1.0, 1.0]}, {"translations": [3685.4028701782227, 2.3117995262145996, 1087.0], "angles": [0.0, 0.0, -0.004116028678223213], "sizes": [1.0, 1.0, 1.0]}, {"translations": [3704.970916748047, -2.1386265754699707, 1237.0], "angles": [0.0, 0.0, 0.01049165311925179], "sizes": [1.0, 1.0, 1.0]}, {"translations": [3689.3818588256836, -2.3946428298950195, 1387.0], "angles": [0.0, 0.0, 0.018376670398986335], "sizes": [1.0, 1.0, 1.0]}, {"translations": [288.7731170654297, -1.7162489891052246, 37.0], "angles": [0.0, 0.0, -0.005860431883726721], "sizes": [0.9999999999999999, 0.9999999999999999, 1.0]}, {"translations": [275.2722930908203, -0.000858306884765625, 187.0], "angles": [0.0, 0.0, -0.002347647165221653], "sizes": [1.0, 1.0, 1.0]}, {"translations": [320.7218246459961, 0.4796934127807617, 337.0], "angles": [0.0, 0.0, 0.014851024387819501], "sizes": [1.0, 1.0, 1.0]}, {"translations": [273.7996139526367, -9.138336181640625, 487.0], "angles": [0.0, 0.0, 0.026915471707164434], "sizes": [1.0, 1.0, 1.0]}, {"translations": [289.77735900878906, -5.421197414398193, 637.0], "angles": [0.0, 0.0, 0.013583451510059292], "sizes": [0.9999999999999999, 0.9999999999999999, 1.0]}, {"translations": [294.3993606567383, 7.166991233825684, 787.0], "angles": [0.0, 0.0, -0.002083984462367728], "sizes": [0.9999999999999999, 0.9999999999999999, 1.0]}, {"translations": [303.22374725341797, -1.137080192565918, 937.0], "angles": [0.0, 0.0, 0.042281012000085536], "sizes": [1.0, 1.0, 1.0]}, {"translations": [307.7055892944336, -1.9424939155578613, 1087.0], "angles": [0.0, 0.0, 0.03322449222382636], "sizes": [1.0, 1.0, 1.0]}, {"translations": [322.5785217285156, -8.041610717773438, 1237.0], "angles": [0.0, 0.0, -0.005868421229610604], "sizes": [0.9999999999999999, 0.9999999999999999, 1.0]}, {"translations": [317.8686218261719, 2.0641422271728516, 1387.0], "angles": [0.0, 0.0, -0.04018682476968674], "sizes": [1.0, 1.0, 1.0]}, {"translations": [677.8896102905273, 6.109950542449951, 37.0], "angles": [0.0, 0.0, 0.041889865856735965], "sizes": [1.0, 1.0, 1.0]}, {"translations": [682.6785354614258, -2.9225897789001465, 187.0], "angles": [0.0, 0.0, 0.020155383584026867], "sizes": [1.0, 1.0, 1.0]}, {"translations": [703.4415435791016, 8.623649597167969, 337.0], "angles": [0.0, 0.0, 0.01696004837167863], "sizes": [1.0, 1.0, 1.0]}, {"translations": [684.1909332275391, 8.459146499633789, 487.0], "angles": [0.0, 0.0, 0.030663760416405565], "sizes": [0.9999999999999999, 0.9999999999999999, 1.0]}, {"translations": [707.5417022705078, 7.324190139770508, 637.0], "angles": [0.0, 0.0, 0.0134423116586059], "sizes": [0.9999999999999999, 0.9999999999999999, 1.0]}, {"translations": [703.3500061035156, 9.428579330444336, 787.0], "angles": [0.0, 0.0, 0.015543387097154698], "sizes": [1.0, 1.0, 1.0]}, {"translations": [676.691047668457, -8.396973609924316, 937.0], "angles": [0.0, 0.0, -0.039266069361839795], "sizes": [1.0, 1.0, 1.0]}, {"translations": [696.0447387695312, 2.799050807952881, 1087.0], "angles": [0.0, 0.0, 0.0334134758341845], "sizes": [1.0, 1.0, 1.0]}, {"translations": [689.7256546020508, 9.096426963806152, 1237.0], "angles": [0.0, 0.0, -0.02650547875154289], "sizes": [1.0, 1.0, 1.0]}, {"translations": [701.1455078125, -7.548806667327881, 1387.0], "angles": [0.0, 0.0, -0.01341567932854834], "sizes": [1.0, 1.0, 1.0]}, {"translations": [1092.4947204589844, 2.581357955932617, 37.0], "angles": [0.0, 0.0, 0.004006839974142768], "sizes": [1.0, 1.0, 1.0]}, {"translations": [1118.1141815185547, 0.3313159942626953, 187.0], "angles": [0.0, 0.0, 0.020895613420612913], "sizes": [1.0, 1.0, 1.0]}, {"translations": [1104.6691436767578, -4.22123908996582, 337.0], "angles": [0.0, 0.0, -0.038707214098597766], "sizes": [1.0, 1.0, 1.0]}, {"translations": [1119.9913635253906, 3.2526063919067383, 487.0], "angles": [0.0, 0.0, -0.035920739837355775], "sizes": [1.0, 1.0, 1.0]}, {"translations": [1077.6289291381836, 2.102322578430176, 637.0], "angles": [0.0, 0.0, 0.0016232479864089326], "sizes": [1.0, 1.0, 1.0]}, {"translations": [1097.8147430419922, 5.8795952796936035, 787.0], "angles": [0.0, 0.0, 0.019793255536145634], "sizes": [1.0, 1.0, 1.0]}, {"translations": [1076.9691009521484, 9.166719436645508, 937.0], "angles": [0.0, 0.0, 0.03245522678554804], "sizes": [0.9999999999999999, 0.9999999999999999, 1.0]}, {"translations": [1091.789794921875, 0.4271697998046875, 1087.0], "angles": [0.0, 0.0, 0.028440926069007413], "sizes": [1.0, 1.0, 1.0]}, {"translations": [1113.577880859375, 6.80105447769165, 1237.0], "angles": [0.0, 0.0, -0.0262206091581491], "sizes": [0.9999999999999999, 0.9999999999999999, 1.0]}, {"translations": [1099.5581512451172, -3.2606863975524902, 1387.0], "angles": [0.0, 0.0, 0.0140441448162636], "sizes": [0.9999999999999999, 0.9999999999999999, 1.0]}, {"translations": [1493.0019912719727, 3.831033706665039, 37.0], "angles": [0.0, 0.0, -0.02926618512981957], "sizes": [1.0, 1.0, 1.0]}, {"translations": [1520.6486511230469, 1.4619636535644531, 187.0], "angles": [0.0, 0.0, 0.007588838750382764], "sizes": [0.9999999999999999, 0.9999999999999999, 1.0]}, {"translations": [1476.0175323486328, 1.4052867889404297, 337.0], "angles": [0.0, 0.0, -0.02369664471308957], "sizes": [0.9999999999999999, 0.9999999999999999, 1.0]}, {"translations": [1486.9216995239258, -2.281332015991211, 487.0], "angles": [0.0, 0.0, 0.03951089836231223], "sizes": [0.9999999999999999, 0.9999999999999999, 1.0]}, {"translations": [1494.5490188598633, -4.324848651885986, 637.0], "angles": [0.0, 0.0, -0.02535800702116109], "sizes": [1.0, 1.0, 1.0]}, {"translations": [1480.1718292236328, 4.431722164154053, 787.0], "angles": [0.0, 0.0, 0.0018229899727878075], "sizes": [0.9999999999999999, 0.9999999999999999, 1.0]}, {"translations": [1512.893051147461, -4.739868640899658, 937.0], "angles": [0.0, 0.0, 0.020189997633169542], "sizes": [1.0, 1.0, 1.0]}, {"translations": [1475.1225967407227, 9.815754890441895, 1087.0], "angles": [0.0, 0.0, -0.043576817304136595], "sizes": [0.9999999999999999, 0.9999999999999999, 1.0]}, {"translations": [1510.9393844604492, -5.155339241027832, 1237.0], "angles": [0.0, 0.0, 0.042315602109279885], "sizes": [1.0, 1.0, 1.0]}, {"translations": [1503.839828491211, 4.429993629455566, 1387.0], "angles": [0.0, 0.0, 0.015239812296108612], "sizes": [0.9999999999999999, 0.9999999999999999, 1.0]}, {"translations": [1893.6253204345703, 9.805569648742676, 37.0], "angles": [0.0, 0.0, -0.033248447431449495], "sizes": [0.9999999999999999, 0.9999999999999999, 1.0]}, {"translations": [1874.5880508422852, 3.6362338066101074, 187.0], "angles": [0.0, 0.0, -0.007138761128849114], "sizes": [1.0, 1.0, 1.0]}, {"translations": [1885.365852355957, 6.969821453094482, 337.0], "angles": [0.0, 0.0, 0.009588855838921361], "sizes": [1.0, 1.0, 1.0]}, {"translations": [1894.2260513305664, 8.078994750976562, 487.0], "angles": [0.0, 0.0, -0.01667245724401961], "sizes": [1.0, 1.0, 1.0]}, {"translations": [1903.9544296264648, 9.549428939819336, 637.0], "angles": [0.0, 0.0, -0.020789103876897603], "sizes": [1.0, 1.0, 1.0]}, {"translations": [1894.2759628295898, 4.0348219871521, 787.0], "angles": [0.0, 0.0, -0.03180040865618625], "sizes": [1.0, 1.0, 1.0]}, {"translations": [1907.4932556152344, -3.541259765625, 937.0], "angles": [0.0, 0.0, -0.02873908650116409], "sizes": [1.0, 1.0, 1.0]}, {"translations": [1916.8948440551758, -9.471297264099121, 1087.0], "angles": [0.0, 0.0, -0.040378420889099334], "sizes": [1.0, 1.0, 1.0]}, {"translations": [1890.3742980957031, 5.535857677459717, 1237.0], "angles": [0.0, 0.0, -0.026249895926655036], "sizes": [0.9999999999999999, 0.9999999999999999, 1.0]}, {"translations": [1888.702293395996, -3.702082633972168, 1387.0], "angles": [0.0, 0.0, 0.03459527289216772], "sizes": [1.0, 1.0, 1.0]}, {"translations": [2276.5075759887695, 2.395656108856201, 37.0], "angles": [0.0, 0.0, -0.013093457864204343], "sizes": [1.0, 1.0, 1.0]}, {"translations": [2283.2667846679688, 0.1521778106689453, 187.0], "angles": [0.0, 0.0, 0.005905707439472106], "sizes": [1.0, 1.0, 1.0]}, {"translations": [2283.8535766601562, 0.5452275276184082, 337.0], "angles": [0.0, 0.0, -0.04038374286687263], "sizes": [1.0, 1.0, 1.0]}, {"translations": [2306.204902648926, 0.4858231544494629, 487.0], "angles": [0.0, 0.0, -0.027035274505036205], "sizes": [1.0, 1.0, 1.0]}, {"translations": [2319.8807067871094, -6.692960262298584, 637.0], "angles": [0.0, 0.0, 0.022612995526850276], "sizes": [1.0, 1.0, 1.0]}, {"translations": [2286.3238677978516, -7.900900840759277, 787.0], "angles": [0.0, 0.0, -0.014771135198257674], "sizes": [0.9999999999999999, 0.9999999999999999, 1.0]}, {"translations": [2274.611427307129, 4.342007637023926, 937.0], "angles": [0.0, 0.0, -0.02686222566393437], "sizes": [1.0, 1.0, 1.0]}, {"translations": [2293.130142211914, 6.360223293304443, 1087.0], "angles": [0.0, 0.0, -0.03101780274793836], "sizes": [1.0, 1.0, 1.0]}, {"translations": [2315.5845489501953, -8.731592178344727, 1237.0], "angles": [0.0, 0.0, -0.010294581520919265], "sizes": [0.9999999999999999, 0.9999999999999999, 1.0]}, {"translations": [2322.453857421875, -3.7424254417419434, 1387.0], "angles": [0.0, 0.0, 0.023717944013800753], "sizes": [0.9999999999999999, 0.9999999999999999, 1.0]}, {"translations": [2686.203598022461, -4.518120288848877, 37.0], "angles": [0.0, 0.0, 0.011951014990042846], "sizes": [1.0, 1.0, 1.0]}, {"translations": [2687.9570083618164, -5.466940402984619, 187.0], "angles": [0.0, 0.0, -0.007492962475817307], "sizes": [1.0, 1.0, 1.0]}, {"translations": [2703.031707763672, 9.540740966796875, 337.0], "angles": [0.0, 0.0, -0.040434305756343346], "sizes": [1.0, 1.0, 1.0]}, {"translations": [2716.9498748779297, -8.810394287109375, 487.0], "angles": [0.0, 0.0, 0.008017605031129397], "sizes": [1.0, 1.0, 1.0]}, {"translations": [2689.1847534179688, 5.577380657196045, 637.0], "angles": [0.0, 0.0, -0.017071884943131832], "sizes": [0.9999999999999999, 0.9999999999999999, 1.0]}, {"translations": [2689.9698028564453, 7.717952728271484, 787.0], "angles": [0.0, 0.0, 0.008158753153187199], "sizes": [1.0, 1.0, 1.0]}, {"translations": [2674.2404708862305, 0.40405988693237305, 937.0], "angles": [0.0, 0.0, -0.02092756436541346], "sizes": [0.9999999999999999, 0.9999999999999999, 1.0]}, {"translations": [2706.7592849731445, -3.383955955505371, 1087.0], "angles": [0.0, 0.0, 0.018861298333386713], "sizes": [1.0, 1.0, 1.0]}, {"translations": [2710.554428100586, -5.5739641189575195, 1237.0], "angles": [0.0, 0.0, -0.01694140684213993], "sizes": [1.0, 1.0, 1.0]}, {"translations": [2701.164505004883, 2.145659923553467, 1387.0], "angles": [0.0, 0.0, -0.027336108800225148], "sizes": [1.0, 1.0, 1.0]}, {"translations": [3090.5760040283203, -5.5121564865112305, 37.0], "angles": [0.0, 0.0, 0.002206494792020769], "sizes": [0.9999999999999999, 0.9999999999999999, 1.0]}, {"translations": [3074.5126724243164, 9.49099349975586, 187.0], "angles": [0.0, 0.0, -0.01981722136489933], "sizes": [1.0, 1.0, 1.0]}, {"translations": [3077.9605712890625, 7.635831832885742, 337.0], "angles": [0.0, 0.0, -0.033115358544420444], "sizes": [1.0, 1.0, 1.0]}, {"translations": [3096.325180053711, -5.7010817527771, 487.0], "angles": [0.0, 0.0, 0.014435605403403032], "sizes": [1.0, 1.0, 1.0]}, {"translations": [3113.7110900878906, 1.8576598167419434, 637.0], "angles": [0.0, 0.0, -0.02696605548149475], "sizes": [1.0, 1.0, 1.0]}, {"translations": [3114.6576538085938, 0.9525680541992188, 787.0], "angles": [0.0, 0.0, -0.011956340931669203], "sizes": [1.0, 1.0, 1.0]}, {"translations": [3107.4263076782227, -6.521337032318115, 937.0], "angles": [0.0, 0.0, -0.007783246367801813], "sizes": [1.0, 1.0, 1.0]}, {"translations": [3075.745559692383, -8.068273544311523, 1087.0], "angles": [0.0, 0.0, 0.01269932720035794], "sizes": [0.9999999999999999, 0.9999999999999999, 1.0]}, {"translations": [3115.12003326416, 9.273529052734375, 1237.0], "angles": [0.0, 0.0, -0.035122274945440055], "sizes": [0.9999999999999999, 0.9999999999999999, 1.0]}, {"translations": [3085.7937622070312, -9.397635459899902, 1387.0], "angles": [0.0, 0.0, 0.035066383012966426], "sizes": [1.0, 1.0, 1.0]}, {"translations": [3477.410919189453, 1.9383478164672852, 37.0], "angles": [0.0, 0.0, 0.010694047207117068], "sizes": [1.0, 1.0, 1.0]}, {"translations": [3504.2946701049805, 3.0927324295043945, 187.0], "angles": [0.0, 0.0, 0.018722832170596174], "sizes": [1.0, 1.0, 1.0]}, {"translations": [3499.5802993774414, 5.971324443817139, 337.0], "angles": [0.0, 0.0, -0.02537131854245316], "sizes": [1.0, 1.0, 1.0]}, {"translations": [3521.5764694213867, -9.388505935668945, 487.0], "angles": [0.0, 0.0, -0.016145203624727895], "sizes": [1.0, 1.0, 1.0]}, {"translations": [3505.4305419921875, 6.581850051879883, 637.0], "angles": [0.0, 0.0, -0.04162643040868575], "sizes": [0.9999999999999999, 0.9999999999999999, 1.0]}, {"translations": [3518.5967712402344, -7.437701225280762, 787.0], "angles": [0.0, 0.0, 0.038438426689696444], "sizes": [0.9999999999999999, 0.9999999999999999, 1.0]}, {"translations": [3505.053695678711, -4.453272819519043, 937.0], "angles": [0.0, 0.0, -0.025017220152074752], "sizes": [0.9999999999999999, 0.9999999999999999, 1.0]}, {"translations": [3490.375457763672, 1.5541481971740723, 1087.0], "angles": [0.0, 0.0, -0.011530252059848825], "sizes": [1.0, 1.0, 1.0]}, {"translations": [3496.7509231567383, 3.9660072326660156, 1237.0], "angles": [0.0, 0.0, -0.014403647672365412], "sizes": [1.0, 1.0, 1.0]}, {"translations": [3510.319854736328, 9.096221923828125, 1387.0], "angles": [0.0, 0.0, 0.008193373090161568], "sizes": [1.0, 1.0, 1.0]}, {"translations": [3905.6462478637695, 1.735079288482666, 37.0], "angles": [0.0, 0.0, -0.001849621538786628], "sizes": [0.9999999999999999, 0.9999999999999999, 1.0]}, {"translations": [3904.621292114258, 1.8309926986694336, 187.0], "angles": [0.0, 0.0, 0.03600058715304971], "sizes": [1.0, 1.0, 1.0]}, {"translations": [3882.564468383789, -8.20798110961914, 337.0], "angles": [0.0, 0.0, 0.01085116979499597], "sizes": [1.0, 1.0, 1.0]}, {"translations": [3896.6004333496094, 7.732515335083008, 487.0], "angles": [0.0, 0.0, -0.03375684020098179], "sizes": [0.9999999999999999, 0.9999999999999999, 1.0]}, {"translations": [3911.408187866211, 7.242178916931152, 637.0], "angles": [0.0, 0.0, -0.018832004604105744], "sizes": [0.9999999999999999, 0.9999999999999999, 1.0]}, {"translations": [3909.497489929199, -3.4252285957336426, 787.0], "angles": [0.0, 0.0, 0.028885499550856515], "sizes": [1.0, 1.0, 1.0]}, {"translations": [3878.095489501953, -1.4323806762695312, 937.0], "angles": [0.0, 0.0, 0.008164079297974657], "sizes": [1.0, 1.0, 1.0]}, {"translations": [3879.451431274414, 2.3117995262145996, 1087.0], "angles": [0.0, 0.0, 0.030224525888286464], "sizes": [1.0, 1.0, 1.0]}, {"translations": [3889.2354583740234, -2.1386265754699707, 1237.0], "angles": [0.0, 0.0, 0.019050352956665247], "sizes": [1.0, 1.0, 1.0]}, {"translations": [3881.440933227539, -2.3946428298950195, 1387.0], "angles": [0.0, 0.0, 0.039870150123710105], "sizes": [0.9999999999999999, 0.9999999999999999, 1.0]}], "SM_CardBoxA_02": [{"translations": [3295.692726830873, 4.583285414769753, 358.0], "angles": [0.0, 0.0, -0.5709244803560863], "sizes": [1.0000000000000002, 1.0000000000000002, 1.0]}, {"translations": [3364.988160317606, 5.554552116379433, 208.0], "angles": [0.0, 0.0, 0.7939797199996795], "sizes": [1.0000000000000004, 1.0000000000000004, 1.0]}, {"translations": [2847.992518909325, -7.779289509251172, 1108.0], "angles": [0.0, 0.0, 0.9140535721628468], "sizes": [1.0000000000000004, 1.0000000000000004, 1.0]}, {"translations": [2971.3409153266603, -7.359110806320688, 958.0], "angles": [0.0, 0.0, -0.0035354326087332884], "sizes": [1.0, 1.0, 1.0]}, {"translations": [2883.9817105246466, -22.323551132794456, 358.0], "angles": [0.0, 0.0, 0.6046514636171766], "sizes": [1.0000000000000004, 1.0000000000000004, 1.0]}, {"translations": [2061.867573871951, -28.634629083868465, 208.0], "angles": [0.0, 0.0, 0.9844351004950719], "sizes": [1.0000000000000007, 1.0000000000000007, 1.0]}, {"translations": [1702.1927517531444, 26.249038328693736, 1408.0], "angles": [0.0, 0.0, -0.4836160641836291], "sizes": [1.0000000000000002, 1.0000000000000002, 1.0]}, {"translations": [1379.4064227219244, -34.091219615539345, 1258.0], "angles": [0.0, 0.0, -0.015473415753980539], "sizes": [1.0, 1.0, 1.0]}, {"translations": [1318.3970132772215, -6.201222139587828, 1258.0], "angles": [0.0, 0.0, 0.9999031302419056], "sizes": [1.0000000000000013, 1.0000000000000013, 1.0]}, {"translations": [1283.201758748607, 23.070070642635137, 658.0], "angles": [0.0, 0.0, 0.6869400277884117], "sizes": [1.0000000000000002, 1.0000000000000002, 1.0]}, {"translations": [1270.3995432380812, -4.115986247881923, 508.0], "angles": [0.0, 0.0, 0.11182802809988213], "sizes": [1.0, 1.0, 1.0]}, {"translations": [1397.794570702506, 1.866790967282469, 208.0], "angles": [0.0, 0.0, -0.339160955952342], "sizes": [0.9999999999999999, 0.9999999999999999, 1.0]}, {"translations": [848.9565422467069, -19.274546104388723, 958.0], "angles": [0.0, 0.0, -0.19837299075260448], "sizes": [1.0, 1.0, 1.0]}, {"translations": [910.3338419282633, -29.257089442390665, 658.0], "angles": [0.0, 0.0, 0.8264506818858207], "sizes": [1.0000000000000002, 1.0000000000000002, 1.0]}, {"translations": [498.0668385810162, 21.709089295234836, 1408.0], "angles": [0.0, 0.0, -0.11413155282373277], "sizes": [1.0, 1.0, 1.0]}, {"translations": [535.4080788697305, -21.437140152829276, 1258.0], "angles": [0.0, 0.0, -0.7955453435486943], "sizes": [1.0000000000000002, 1.0000000000000002, 1.0]}, {"translations": [514.2105792020591, -25.090751368166494, 658.0], "angles": [0.0, 0.0, 0.6200111034977012], "sizes": [1.0000000000000002, 1.0000000000000002, 1.0]}, {"translations": [505.8477990719718, -23.653393170920886, 358.0], "angles": [0.0, 0.0, -0.46008819794230765], "sizes": [1.0, 1.0, 1.0]}, {"translations": [111.91171292916675, -2.1228210846551407, 1108.0], "angles": [0.0, 0.0, 0.48603292942161497], "sizes": [0.9999999999999998, 0.9999999999999998, 1.0]}, {"translations": [137.9452759728535, 0.7913670669110324, 358.0], "angles": [0.0, 0.0, -0.8141045528225509], "sizes": [1.0000000000000002, 1.0000000000000002, 1.0]}, {"translations": [3379.150375960361, 36.94073202131145, 1408.0], "angles": [0.0, 0.0, -0.25748808505623955], "sizes": [1.0, 1.0, 1.0]}, {"translations": [3368.047373328387, -22.71578886827145, 658.0], "angles": [0.0, 0.0, 0.9438349340953289], "sizes": [1.0000000000000007, 1.0000000000000007, 1.0]}, {"translations": [3401.779609203507, -37.099098296339484, 508.0], "angles": [0.0, 0.0, 0.4625600824638229], "sizes": [0.9999999999999999, 0.9999999999999999, 1.0]}, {"translations": [650.5060817244585, -26.295949588101756, 58.0], "angles": [0.0, 0.0, 0.8770027921141177], "sizes": [1.0000000000000002, 1.0000000000000002, 1.0]}, {"translations": [260.60336151667735, -36.225058703695325, 658.0], "angles": [0.0, 0.0, -0.15651138654076588], "sizes": [1.0, 1.0, 1.0]}, {"translations": [288.96242711019636, 24.567731976306238, 658.0], "angles": [0.0, 0.0, 0.9546783785276728], "sizes": [1.0000000000000013, 1.0000000000000013, 1.0]}, {"translations": [3681.6669748823792, 28.550137823000938, 958.0], "angles": [0.0, 0.0, -0.045009534426333674], "sizes": [1.0, 1.0, 1.0]}, {"translations": [1075.0228132085902, 39.10351893190342, 958.0], "angles": [0.0, 0.0, 0.6902249482049881], "sizes": [1.0000000000000004, 1.0000000000000004, 1.0]}, {"translations": [1132.2585563682685, -36.452036587662136, 358.0], "angles": [0.0, 0.0, -0.8467382577421437], "sizes": [1.0, 1.0, 1.0]}, {"translations": [1447.472623641605, 32.792994365433685, 358.0], "angles": [0.0, 0.0, -0.7160427908047126], "sizes": [1.0000000000000002, 1.0000000000000002, 1.0]}, {"translations": [2247.303402434328, 33.17090991775365, 58.0], "angles": [0.0, 0.0, 0.997727509853817], "sizes": [1.0000000000000009, 1.0000000000000009, 1.0]}, {"translations": [1939.167332454029, 24.685551184429823, 958.0], "angles": [0.0, 0.0, 0.31410131177682293], "sizes": [1.0, 1.0, 1.0]}, {"translations": [1924.2093730807333, 7.078786359702182, 508.0], "angles": [0.0, 0.0, 0.5321721701296582], "sizes": [1.0, 1.0, 1.0]}, {"translations": [3113.7110900878906, 1.8576598167419434, 658.0], "angles": [0.0, 0.0, 0.4262783856046687], "sizes": [1.0, 1.0, 1.0]}, {"translations": [3060.576296145476, -5.644545851754593, 58.0], "angles": [0.0, 0.0, -0.7610617379328942], "sizes": [0.9999999999999999, 0.9999999999999999, 1.0]}, {"translations": [2644.2667486632467, 1.6594387538095299, 958.0], "angles": [0.0, 0.0, -0.05371204531526032], "sizes": [1.0, 1.0, 1.0]}, {"translations": [1925.552796776041, 37.745438196479604, 58.0], "angles": [0.0, 0.0, -0.8416770630149119], "sizes": [1.0000000000000007, 1.0000000000000007, 1.0]}, {"translations": [2730.5095374661673, -22.78523736086808, 358.0], "angles": [0.0, 0.0, -0.000332258468198489], "sizes": [1.0, 1.0, 1.0]}], "SM_CardBoxD_03": [{"translations": [3354.240431649845, 37.327235396874094, 358.0], "angles": [0.0, 0.0, -0.7871304397162194], "sizes": [1.0000000000000004, 1.0000000000000004, 1.0]}, {"translations": [3252.753706178455, 33.30491260546482, 58.0], "angles": [0.0, 0.0, 0.9977687478893608], "sizes": [1.0000000000000004, 1.0000000000000004, 1.0]}, {"translations": [2887.647053813464, -34.118359816466885, 508.0], "angles": [0.0, 0.0, -0.548717646031172], "sizes": [1.0000000000000002, 1.0000000000000002, 1.0]}, {"translations": [2845.606818415222, 7.281519342113604, 208.0], "angles": [0.0, 0.0, -0.16269387635408747], "sizes": [1.0, 1.0, 1.0]}, {"translations": [880.7716628445037, 31.10362604565084, 1108.0], "angles": [0.0, 0.0, 0.5632883981899083], "sizes": [1.0000000000000004, 1.0000000000000004, 1.0]}, {"translations": [952.0567227025721, 3.7914122477101704, 808.0], "angles": [0.0, 0.0, -0.7625969775373195], "sizes": [1.0000000000000007, 1.0000000000000007, 1.0]}, {"translations": [504.83327904234704, -22.120247106740358, 808.0], "angles": [0.0, 0.0, 0.9950420088934679], "sizes": [1.0000000000000004, 1.0000000000000004, 1.0]}, {"translations": [131.8679601213967, 31.69024818827408, 1408.0], "angles": [0.0, 0.0, 0.245189171192153], "sizes": [1.0, 1.0, 1.0]}, {"translations": [3704.4050920249897, 30.431028722528996, 208.0], "angles": [0.0, 0.0, 0.9993957487549883], "sizes": [1.0000000000000002, 1.0000000000000002, 1.0]}, {"translations": [3277.467331403974, -28.66071762688975, 1108.0], "angles": [0.0, 0.0, 0.10727397769839941], "sizes": [0.9999999999999999, 0.9999999999999999, 1.0]}, {"translations": [3337.0344996507133, 31.769014021237894, 1108.0], "angles": [0.0, 0.0, 0.007838253010324378], "sizes": [1.0, 1.0, 1.0]}, {"translations": [3655.6508463084574, 32.557742653399615, 1108.0], "angles": [0.0, 0.0, -0.8518492324982704], "sizes": [1.0, 1.0, 1.0]}, {"translations": [3722.6667610525224, -37.13295193512692, 358.0], "angles": [0.0, 0.0, -0.8206046782127581], "sizes": [1.0000000000000004, 1.0000000000000004, 1.0]}, {"translations": [708.9526854360752, 19.156369718082097, 958.0], "angles": [0.0, 0.0, 0.9525459671176967], "sizes": [1.0000000000000009, 1.0000000000000009, 1.0]}, {"translations": [1551.1005129081218, -28.079263704531126, 208.0], "angles": [0.0, 0.0, 0.9810885142824545], "sizes": [1.0000000000000004, 1.0000000000000004, 1.0]}, {"translations": [3075.7014722033623, 39.46743016399833, 208.0], "angles": [0.0, 0.0, 0.909539721087206], "sizes": [1.0, 1.0, 1.0]}, {"translations": [2686.203598022461, -4.518120288848877, 58.0], "angles": [0.0, 0.0, -0.7659409747841976], "sizes": [1.0000000000000002, 1.0000000000000002, 1.0]}, {"translations": [2286.2085498150036, 21.87969127742073, 1258.0], "angles": [0.0, 0.0, 0.7963110907222894], "sizes": [1.0000000000000004, 1.0000000000000004, 1.0]}], "SM_CardBoxD_04": [{"translations": [3302.728700415441, 30.529732850274314, 208.0], "angles": [0.0, 0.0, 0.9365251853951991], "sizes": [0.9999999999999996, 0.9999999999999996, 1.0]}, {"translations": [2953.922176361084, 1.8576598167419434, 658.0], "angles": [0.0, 0.0, -0.48452915552186326], "sizes": [0.9999999999999999, 0.9999999999999999, 1.0]}, {"translations": [2546.216515115282, 24.393707880299395, 1258.0], "angles": [0.0, 0.0, -0.2025672270344303], "sizes": [1.0, 1.0, 1.0]}, {"translations": [2511.2832637520482, 27.829537567700743, 1108.0], "angles": [0.0, 0.0, 0.2125723967082535], "sizes": [1.0, 1.0, 1.0]}, {"translations": [2474.9809494018555, 0.40405988693237305, 958.0], "angles": [0.0, 0.0, 0.5933582686762933], "sizes": [1.0, 1.0, 1.0]}, {"translations": [2506.3876252295518, -24.38418332973511, 658.0], "angles": [0.0, 0.0, 0.4553198856492357], "sizes": [0.9999999999999999, 0.9999999999999999, 1.0]}, {"translations": [2141.472771219298, -5.716936376079857, 1408.0], "angles": [0.0, 0.0, -0.24138288524091306], "sizes": [1.0, 1.0, 1.0]}, {"translations": [2080.5133198596627, 33.93074683652069, 1108.0], "angles": [0.0, 0.0, -0.8554915333555189], "sizes": [0.9999999999999999, 0.9999999999999999, 1.0]}, {"translations": [2196.2612899911364, -6.608189460897598, 658.0], "angles": [0.0, 0.0, 0.3925112616228931], "sizes": [0.9999999999999999, 0.9999999999999999, 1.0]}, {"translations": [2123.009981959291, -1.0374202887526862, 208.0], "angles": [0.0, 0.0, 0.839130822423288], "sizes": [1.0000000000000002, 1.0000000000000002, 1.0]}, {"translations": [1683.5548260956334, -24.38933532813273, 808.0], "angles": [0.0, 0.0, 0.09647163597340679], "sizes": [1.0, 1.0, 1.0]}, {"translations": [1764.3357764752006, 11.64207533201268, 658.0], "angles": [0.0, 0.0, 0.9775270340083817], "sizes": [1.000000000000001, 1.000000000000001, 1.0]}, {"translations": [1332.1218938307238, -30.39052596447647, 508.0], "angles": [0.0, 0.0, -0.4994478663532188], "sizes": [1.0000000000000002, 1.0000000000000002, 1.0]}, {"translations": [925.6163024902344, -3.2606863975524902, 1408.0], "angles": [0.0, 0.0, 0.809482742435533], "sizes": [1.0000000000000004, 1.0000000000000004, 1.0]}, {"translations": [516.4413695543002, 32.722045298949524, 1108.0], "angles": [0.0, 0.0, 0.9456899531207005], "sizes": [1.0000000000000004, 1.0000000000000004, 1.0]}, {"translations": [464.8831291200434, 8.183904236172786, 508.0], "angles": [0.0, 0.0, -0.42082783632106363], "sizes": [0.9999999999999999, 0.9999999999999999, 1.0]}, {"translations": [191.8633572428395, 32.433433387514455, 1408.0], "angles": [0.0, 0.0, -0.14321859222757197], "sizes": [1.0, 1.0, 1.0]}, {"translations": [146.18342456138583, 36.25539279335766, 808.0], "angles": [0.0, 0.0, 0.5453613260144046], "sizes": [1.0, 1.0, 1.0]}, {"translations": [3768.7471494031765, 30.749039517169276, 58.0], "angles": [0.0, 0.0, 0.39087821545063584], "sizes": [1.0, 1.0, 1.0]}, {"translations": [653.9119871833797, -34.107292762363755, 208.0], "angles": [0.0, 0.0, 0.9174787978738418], "sizes": [1.0000000000000004, 1.0000000000000004, 1.0]}, {"translations": [3747.037259307206, 37.15548136077393, 658.0], "angles": [0.0, 0.0, -0.26272894965230426], "sizes": [1.0, 1.0, 1.0]}, {"translations": [1510.9393844604492, -5.155339241027832, 1258.0], "angles": [0.0, 0.0, -0.7585739436548512], "sizes": [1.0, 1.0, 1.0]}, {"translations": [1063.5440933586897, -31.230062283930494, 1108.0], "angles": [0.0, 0.0, -0.6790906589752356], "sizes": [1.0000000000000004, 1.0000000000000004, 1.0]}, {"translations": [1107.5313762912722, 32.19955923325856, 658.0], "angles": [0.0, 0.0, 0.9999785636990626], "sizes": [1.0000000000000002, 1.0000000000000002, 1.0]}, {"translations": [1087.9149280124266, -24.516122149073674, 508.0], "angles": [0.0, 0.0, -0.8584763601297303], "sizes": [0.9999999999999998, 0.9999999999999998, 1.0]}, {"translations": [730.3298406657367, -38.342876159869576, 1408.0], "angles": [0.0, 0.0, -0.016447082775265513], "sizes": [1.0, 1.0, 1.0]}, {"translations": [2313.6190282921934, -29.49139327946311, 208.0], "angles": [0.0, 0.0, -0.5457792575525995], "sizes": [0.9999999999999998, 0.9999999999999998, 1.0]}, {"translations": [2252.914541043744, 29.795748900801, 208.0], "angles": [0.0, 0.0, 0.9992134177478793], "sizes": [1.0000000000000002, 1.0000000000000002, 1.0]}, {"translations": [1884.790547455983, 36.964304683716506, 358.0], "angles": [0.0, 0.0, -0.25252814426266473], "sizes": [1.0, 1.0, 1.0]}, {"translations": [2293.130142211914, 6.360223293304443, 1108.0], "angles": [0.0, 0.0, 0.8327794801607773], "sizes": [1.0000000000000002, 1.0000000000000002, 1.0]}], "SM_CardBoxD_01": [{"translations": [3249.9552812193033, -26.629792013378474, 58.0], "angles": [0.0, 0.0, -0.024670531605810536], "sizes": [1.0, 1.0, 1.0]}, {"translations": [3311.2891983177224, 0.5391353368913938, 58.0], "angles": [0.0, 0.0, 0.9998912913401491], "sizes": [1.0000000000000013, 1.0000000000000013, 1.0]}, {"translations": [2911.3643153862304, -5.683563258315543, 958.0], "angles": [0.0, 0.0, 0.5330125408989478], "sizes": [1.0, 1.0, 1.0]}, {"translations": [2876.2319354682863, 22.997123380622497, 58.0], "angles": [0.0, 0.0, 0.9172974370467469], "sizes": [1.0000000000000004, 1.0000000000000004, 1.0]}, {"translations": [2536.200818834645, 37.95486142677326, 808.0], "angles": [0.0, 0.0, -0.6515721574675578], "sizes": [1.0, 1.0, 1.0]}, {"translations": [2064.246770070795, 31.318180904049616, 208.0], "angles": [0.0, 0.0, 0.9996578007678676], "sizes": [1.000000000000001, 1.000000000000001, 1.0]}, {"translations": [1745.4784776456868, 37.971930602057526, 58.0], "angles": [0.0, 0.0, 0.25185254626795844], "sizes": [1.0, 1.0, 1.0]}, {"translations": [1336.2079064368008, 34.36135235403377, 1408.0], "angles": [0.0, 0.0, -0.8468657390455195], "sizes": [1.0000000000000002, 1.0000000000000002, 1.0]}, {"translations": [1316.7503951113858, 6.795427328292218, 808.0], "angles": [0.0, 0.0, 0.9399733917534008], "sizes": [1.000000000000001, 1.000000000000001, 1.0]}, {"translations": [1338.2048611033995, -28.940132116565856, 208.0], "angles": [0.0, 0.0, 0.9980414384621693], "sizes": [1.0000000000000002, 1.0000000000000002, 1.0]}, {"translations": [939.3875321017854, -30.249286446041467, 1108.0], "angles": [0.0, 0.0, 0.5671011644464471], "sizes": [1.0000000000000004, 1.0000000000000004, 1.0]}, {"translations": [993.8470902994353, -28.506581618753728, 208.0], "angles": [0.0, 0.0, 0.3945995615313928], "sizes": [1.0, 1.0, 1.0]}, {"translations": [568.9562298799722, 39.73913164770751, 658.0], "angles": [0.0, 0.0, 0.20923445188950385], "sizes": [1.0, 1.0, 1.0]}, {"translations": [524.8806037901128, 8.734388763094792, 508.0], "angles": [0.0, 0.0, -0.09647836325787175], "sizes": [1.0, 1.0, 1.0]}, {"translations": [462.3668158037193, -33.4238168527163, 208.0], "angles": [0.0, 0.0, -0.5775155166254182], "sizes": [1.0000000000000002, 1.0000000000000002, 1.0]}, {"translations": [192.60654244207987, -27.561963733928376, 1408.0], "angles": [0.0, 0.0, 0.6529177004414906], "sizes": [1.0000000000000002, 1.0000000000000002, 1.0]}, {"translations": [76.1212262295974, -3.4246831071893027, 658.0], "angles": [0.0, 0.0, 0.9388412518197271], "sizes": [1.0, 1.0, 1.0]}, {"translations": [77.0445785522461, -0.000858306884765625, 208.0], "angles": [0.0, 0.0, 0.431370382855686], "sizes": [1.0, 1.0, 1.0]}, {"translations": [3707.8082002194687, 2.7054221972608934, 58.0], "angles": [0.0, 0.0, 0.07100603189149882], "sizes": [1.0, 1.0, 1.0]}, {"translations": [3305.923914967011, -33.75385374384091, 958.0], "angles": [0.0, 0.0, 0.09495780162159143], "sizes": [1.0, 1.0, 1.0]}, {"translations": [3365.907976096441, -35.136753024627225, 958.0], "angles": [0.0, 0.0, 0.9963777325971559], "sizes": [1.0000000000000002, 1.0000000000000002, 1.0]}, {"translations": [714.1345172553666, 10.298106958271447, 508.0], "angles": [0.0, 0.0, 0.08515159969773703], "sizes": [0.9999999999999999, 0.9999999999999999, 1.0]}, {"translations": [652.4083887410738, 36.563770068823644, 508.0], "angles": [0.0, 0.0, 0.26144320851806024], "sizes": [1.0, 1.0, 1.0]}, {"translations": [290.3747823501033, 34.37650504489593, 1408.0], "angles": [0.0, 0.0, -0.3365248912954426], "sizes": [1.0, 1.0, 1.0]}, {"translations": [322.22642251775665, -38.03954441570975, 1258.0], "angles": [0.0, 0.0, 0.24631882970673089], "sizes": [1.0, 1.0, 1.0]}, {"translations": [1092.2543119904099, 32.58039466993792, 58.0], "angles": [0.0, 0.0, 0.990646430496578], "sizes": [0.9999999999999997, 0.9999999999999997, 1.0]}, {"translations": [672.4320113544546, 38.48159295548911, 808.0], "angles": [0.0, 0.0, 0.49626812794266717], "sizes": [1.0000000000000002, 1.0000000000000002, 1.0]}, {"translations": [1480.28120844025, -25.568078438299494, 808.0], "angles": [0.0, 0.0, -0.5650461922232421], "sizes": [0.9999999999999999, 0.9999999999999999, 1.0]}, {"translations": [1522.9894459837044, -35.80725810563463, 658.0], "angles": [0.0, 0.0, -0.1358873661509438], "sizes": [1.0, 1.0, 1.0]}, {"translations": [3552.529415318692, 19.627268055015577, 508.0], "angles": [0.0, 0.0, 0.7794901660668907], "sizes": [1.0000000000000007, 1.0000000000000007, 1.0]}, {"translations": [2349.8500259331076, -5.336527468051785, 658.0], "angles": [0.0, 0.0, 0.6769685894053828], "sizes": [1.0000000000000004, 1.0000000000000004, 1.0]}, {"translations": [2253.623213577837, -30.200065813555725, 208.0], "angles": [0.0, 0.0, 0.6228526238330354], "sizes": [1.0, 1.0, 1.0]}, {"translations": [1858.8411904860461, -22.84834786854399, 1258.0], "angles": [0.0, 0.0, 0.12199737566800245], "sizes": [1.0, 1.0, 1.0]}, {"translations": [1861.9900925496995, 37.06896528711678, 1258.0], "angles": [0.0, 0.0, 0.9338465861543515], "sizes": [1.0000000000000007, 1.0000000000000007, 1.0]}, {"translations": [1875.01636559573, 33.63317609198282, 208.0], "angles": [0.0, 0.0, 0.8540943597509718], "sizes": [1.0000000000000002, 1.0000000000000002, 1.0]}, {"translations": [3142.9399824946477, -22.758492813097142, 1258.0], "angles": [0.0, 0.0, 0.9739633280800318], "sizes": [1.0000000000000009, 1.0000000000000009, 1.0]}, {"translations": [3107.4263076782227, -6.521337032318115, 958.0], "angles": [0.0, 0.0, 0.8673765241497963], "sizes": [0.9999999999999997, 0.9999999999999997, 1.0]}, {"translations": [3084.6662310539023, 1.669897232032122, 808.0], "angles": [0.0, 0.0, 0.46714702202266], "sizes": [1.0, 1.0, 1.0]}, {"translations": [3095.4591339798553, 24.286415045021133, 508.0], "angles": [0.0, 0.0, -0.7543142881483389], "sizes": [1.0000000000000004, 1.0000000000000004, 1.0]}, {"translations": [3079.9464030470217, 37.570034214594216, 358.0], "angles": [0.0, 0.0, 0.9396306857662329], "sizes": [1.000000000000001, 1.000000000000001, 1.0]}, {"translations": [2680.5716487765335, -4.5576255901359595, 1258.0], "angles": [0.0, 0.0, 0.91305061938511], "sizes": [1.0, 1.0, 1.0]}], "SM_CardBoxD_05": [{"translations": [2928.079915425814, -10.073269531135741, 1408.0], "angles": [0.0, 0.0, -0.5616487372949811], "sizes": [1.0, 1.0, 1.0]}, {"translations": [2957.7639109532793, 39.25605300575541, 1258.0], "angles": [0.0, 0.0, 0.17515653086581937], "sizes": [1.0, 1.0, 1.0]}, {"translations": [2503.0463577420473, -20.934556408191444, 358.0], "angles": [0.0, 0.0, 0.6089784819371741], "sizes": [1.0000000000000002, 1.0000000000000002, 1.0]}, {"translations": [2563.0387052729375, -19.976309189105056, 358.0], "angles": [0.0, 0.0, 0.26499184339239124], "sizes": [1.0, 1.0, 1.0]}, {"translations": [2046.4844315195605, -26.400716072471095, 958.0], "angles": [0.0, 0.0, -0.07896128433814008], "sizes": [0.9999999999999999, 0.9999999999999999, 1.0]}, {"translations": [2096.799004510099, 22.007015540819644, 808.0], "angles": [0.0, 0.0, 0.9185415085143119], "sizes": [0.9999999999999998, 0.9999999999999998, 1.0]}, {"translations": [2050.836579655899, 33.66129103272574, 58.0], "angles": [0.0, 0.0, 0.7989331244862539], "sizes": [1.0000000000000004, 1.0000000000000004, 1.0]}, {"translations": [1732.328061904441, -41.379716945911, 1108.0], "angles": [0.0, 0.0, -0.6838904610842697], "sizes": [1.0000000000000004, 1.0000000000000004, 1.0]}, {"translations": [1792.1981116068607, -37.432927284707006, 1108.0], "angles": [0.0, 0.0, 0.825330199824818], "sizes": [1.0000000000000004, 1.0000000000000004, 1.0]}, {"translations": [1324.2156876128604, -36.55263390482104, 958.0], "angles": [0.0, 0.0, 0.13299779187381597], "sizes": [1.0, 1.0, 1.0]}, {"translations": [921.6089185038841, -21.00182898711758, 1258.0], "angles": [0.0, 0.0, -0.7618393278922738], "sizes": [1.0, 1.0, 1.0]}, {"translations": [981.4586375541647, -25.24578110777977, 1258.0], "angles": [0.0, 0.0, -0.05814528863630669], "sizes": [0.9999999999999999, 0.9999999999999999, 1.0]}, {"translations": [101.99264030663755, 22.829734523477416, 508.0], "angles": [0.0, 0.0, -0.7408477625943801], "sizes": [1.0000000000000002, 1.0000000000000002, 1.0]}, {"translations": [197.63036421578968, -29.830361189882733, 358.0], "angles": [0.0, 0.0, -0.2015967754856933], "sizes": [1.0, 1.0, 1.0]}, {"translations": [677.5525440150715, 6.517724312600907, 658.0], "angles": [0.0, 0.0, 0.9601046816523199], "sizes": [1.0000000000000007, 1.0000000000000007, 1.0]}, {"translations": [3337.2988448125125, 25.53875774519598, 958.0], "angles": [0.0, 0.0, 0.6388359924838355], "sizes": [1.0, 1.0, 1.0]}, {"translations": [733.4242849846554, 9.64110613564447, 358.0], "angles": [0.0, 0.0, 0.8781276356911744], "sizes": [1.0000000000000004, 1.0000000000000004, 1.0]}, {"translations": [710.295510421079, -21.273578023618906, 58.0], "angles": [0.0, 0.0, 0.6702578931180136], "sizes": [1.0000000000000002, 1.0000000000000002, 1.0]}, {"translations": [294.2743218605183, -22.832748186699952, 808.0], "angles": [0.0, 0.0, 0.9166430591481403], "sizes": [1.0, 1.0, 1.0]}, {"translations": [3689.3818588256836, -2.3946428298950195, 1408.0], "angles": [0.0, 0.0, -0.6872449039265013], "sizes": [1.0, 1.0, 1.0]}, {"translations": [3674.9775212351574, -2.768091115677716, 1258.0], "angles": [0.0, 0.0, -0.035183957636995236], "sizes": [1.0, 1.0, 1.0]}, {"translations": [3773.530810261689, 28.418019157822005, 808.0], "angles": [0.0, 0.0, -0.8001409091083885], "sizes": [1.0000000000000007, 1.0000000000000007, 1.0]}, {"translations": [3751.5954768988486, -22.671123526911625, 658.0], "angles": [0.0, 0.0, -0.7321956464288203], "sizes": [1.0000000000000004, 1.0000000000000004, 1.0]}, {"translations": [1126.6038739886017, 37.043451577317725, 808.0], "angles": [0.0, 0.0, -0.41944287984029655], "sizes": [1.0, 1.0, 1.0]}, {"translations": [671.9611749592633, 23.245262825213818, 1408.0], "angles": [0.0, 0.0, 0.18722799408269025], "sizes": [1.0, 1.0, 1.0]}, {"translations": [1505.0086604003411, 7.203629523383562, 1108.0], "angles": [0.0, 0.0, 0.24308674160333088], "sizes": [1.0, 1.0, 1.0]}, {"translations": [3469.6189216057164, 7.493113529065334, 358.0], "angles": [0.0, 0.0, 0.3958667673025757], "sizes": [1.0, 1.0, 1.0]}, {"translations": [2244.654722057186, 5.953159575250103, 958.0], "angles": [0.0, 0.0, -0.8533619644088241], "sizes": [1.0000000000000004, 1.0000000000000004, 1.0]}, {"translations": [2315.4246051909677, -38.773981075437646, 808.0], "angles": [0.0, 0.0, 0.8689792833263082], "sizes": [0.9999999999999997, 0.9999999999999997, 1.0]}, {"translations": [2274.6272334584237, -27.848798926941054, 508.0], "angles": [0.0, 0.0, -0.8125276452394348], "sizes": [1.0000000000000004, 1.0000000000000004, 1.0]}, {"translations": [1886.627819537178, 26.22610739163882, 1408.0], "angles": [0.0, 0.0, -0.3431403006735242], "sizes": [1.0, 1.0, 1.0]}, {"translations": [3105.9089419128118, -24.284202306781854, 358.0], "angles": [0.0, 0.0, 0.988756098172725], "sizes": [1.0000000000000009, 1.0000000000000009, 1.0]}, {"translations": [2672.8488943712773, 33.74037774862748, 1408.0], "angles": [0.0, 0.0, 0.6565462191917935], "sizes": [1.0000000000000002, 1.0000000000000002, 1.0]}, {"translations": [2719.4763000450284, 38.20346770932666, 808.0], "angles": [0.0, 0.0, 0.4627520828482063], "sizes": [0.9999999999999999, 0.9999999999999999, 1.0]}, {"translations": [2687.4347726373467, -39.287578207674244, 508.0], "angles": [0.0, 0.0, 0.8800708249363521], "sizes": [1.0000000000000002, 1.0000000000000002, 1.0]}, {"translations": [1863.6916479899664, 11.799373545609635, 58.0], "angles": [0.0, 0.0, 0.3476372689748618], "sizes": [0.9999999999999999, 0.9999999999999999, 1.0]}], "SM_CardBoxC_01": [{"translations": [2925.7336981503404, -19.685150475327628, 1258.0], "angles": [0.0, 0.0, 0.987672835895395], "sizes": [1.0000000000000013, 1.0000000000000013, 1.0]}, {"translations": [2534.8819761907885, -32.77686723300083, 208.0], "angles": [0.0, 0.0, 0.6219785715324682], "sizes": [1.0, 1.0, 1.0]}, {"translations": [2201.342673726991, -1.76791450740403, 1408.0], "angles": [0.0, 0.0, -0.7661963026792328], "sizes": [1.0000000000000002, 1.0000000000000002, 1.0]}, {"translations": [2127.6922364310444, -7.553650014099102, 1258.0], "angles": [0.0, 0.0, 0.9388039620869643], "sizes": [1.0000000000000007, 1.0000000000000007, 1.0]}, {"translations": [2108.19370904039, -28.869978815013337, 58.0], "angles": [0.0, 0.0, -0.3459057876997163], "sizes": [1.0, 1.0, 1.0]}, {"translations": [1682.0227888338054, -18.360791304572174, 58.0], "angles": [0.0, 0.0, 0.5616188373480537], "sizes": [1.0000000000000002, 1.0000000000000002, 1.0]}, {"translations": [1276.7451858520508, 9.815754890441895, 1108.0], "angles": [0.0, 0.0, 0.3778155169586315], "sizes": [0.9999999999999999, 0.9999999999999999, 1.0]}, {"translations": [985.7025896748269, 34.60393794250088, 1258.0], "angles": [0.0, 0.0, 0.7365622687486985], "sizes": [1.0000000000000004, 1.0000000000000004, 1.0]}, {"translations": [559.5152079277728, -36.806702629890594, 1408.0], "angles": [0.0, 0.0, 0.9996814948045556], "sizes": [1.000000000000001, 1.000000000000001, 1.0]}, {"translations": [564.748838644216, -18.93815383423989, 808.0], "angles": [0.0, 0.0, -0.8504455377893017], "sizes": [1.0000000000000004, 1.0000000000000004, 1.0]}, {"translations": [560.9183905032235, 40.90069236525682, 358.0], "angles": [0.0, 0.0, 0.05492600833816982], "sizes": [1.0, 1.0, 1.0]}, {"translations": [103.65361504298033, -31.82695842557785, 958.0], "angles": [0.0, 0.0, 0.9042994876487896], "sizes": [1.0, 1.0, 1.0]}, {"translations": [3289.338982299856, 33.28815419710219, 1258.0], "angles": [0.0, 0.0, 0.20346057920295202], "sizes": [1.0, 1.0, 1.0]}, {"translations": [3363.693546295166, -7.437701225280762, 808.0], "angles": [0.0, 0.0, 0.9067501737496251], "sizes": [0.9999999999999999, 0.9999999999999999, 1.0]}, {"translations": [3715.154894047988, -27.93414360097042, 1108.0], "angles": [0.0, 0.0, -0.5935166433833746], "sizes": [1.0, 1.0, 1.0]}, {"translations": [1524.7058196400967, 32.024424187494745, 58.0], "angles": [0.0, 0.0, 0.3968732135418244], "sizes": [0.9999999999999999, 0.9999999999999999, 1.0]}, {"translations": [1129.5463169649, -2.41812081384734, 1408.0], "angles": [0.0, 0.0, 0.7922296722996572], "sizes": [1.0000000000000004, 1.0000000000000004, 1.0]}, {"translations": [1078.9153886957067, -20.77008005861241, 958.0], "angles": [0.0, 0.0, 0.9899602878282556], "sizes": [1.0, 1.0, 1.0]}, {"translations": [1072.4383461790615, -31.81065178147654, 358.0], "angles": [0.0, 0.0, 0.190783588251995], "sizes": [1.0, 1.0, 1.0]}, {"translations": [688.1358846102011, -20.861420611962938, 1258.0], "angles": [0.0, 0.0, 0.6379065180330135], "sizes": [1.0000000000000002, 1.0000000000000002, 1.0]}, {"translations": [668.1154154844319, -29.137650662869135, 1108.0], "angles": [0.0, 0.0, 0.6239443189106736], "sizes": [1.0000000000000002, 1.0000000000000002, 1.0]}, {"translations": [3490.6235235240815, -38.40427992635347, 508.0], "angles": [0.0, 0.0, 0.38427499100551726], "sizes": [1.0, 1.0, 1.0]}, {"translations": [1860.848577229203, -35.70474651840111, 1408.0], "angles": [0.0, 0.0, 0.9850869904375621], "sizes": [1.000000000000001, 1.000000000000001, 1.0]}, {"translations": [1914.4741146172714, -39.373472251689286, 1108.0], "angles": [0.0, 0.0, 0.8916770404825495], "sizes": [1.0, 1.0, 1.0]}, {"translations": [1903.9544296264648, 9.549428939819336, 658.0], "angles": [0.0, 0.0, 0.6747216061235737], "sizes": [1.0000000000000004, 1.0000000000000004, 1.0]}, {"translations": [3504.2946701049805, 3.0927324295043945, 208.0], "angles": [0.0, 0.0, 0.7776168450632408], "sizes": [1.0000000000000004, 1.0000000000000004, 1.0]}, {"translations": [2746.9460179585035, -8.329353447118393, 508.0], "angles": [0.0, 0.0, -0.6714500391542564], "sizes": [1.0, 1.0, 1.0]}, {"translations": [2657.5108119033002, -35.01400660606885, 208.0], "angles": [0.0, 0.0, 0.9634641465221936], "sizes": [1.0000000000000009, 1.0000000000000009, 1.0]}], "SM_CardBoxD_02": [{"translations": [2985.6987460563823, -21.732839325245696, 1258.0], "angles": [0.0, 0.0, 0.8994204038781622], "sizes": [1.0000000000000004, 1.0000000000000004, 1.0]}, {"translations": [2138.5565876367205, -29.5120973948797, 508.0], "angles": [0.0, 0.0, 0.7518180028375474], "sizes": [1.0000000000000004, 1.0000000000000004, 1.0]}, {"translations": [2062.6097207974653, -27.767353738739395, 358.0], "angles": [0.0, 0.0, 0.9874028001052583], "sizes": [1.0000000000000004, 1.0000000000000004, 1.0]}, {"translations": [2122.5197345866704, -31.05220499522884, 358.0], "angles": [0.0, 0.0, 0.02991627129621725], "sizes": [1.0, 1.0, 1.0]}, {"translations": [2065.8945720539546, 32.14266005046566, 358.0], "angles": [0.0, 0.0, 0.9701270216501837], "sizes": [1.0000000000000016, 1.0000000000000016, 1.0]}, {"translations": [1788.2513219456566, 22.43712241771276, 1108.0], "angles": [0.0, 0.0, 0.7087288431071591], "sizes": [1.0000000000000002, 1.0000000000000002, 1.0]}, {"translations": [1686.6277683438948, 35.531921550698264, 808.0], "angles": [0.0, 0.0, 0.9998968924646198], "sizes": [1.0000000000000007, 1.0000000000000007, 1.0]}, {"translations": [1707.8673430154554, -23.999331553556015, 208.0], "angles": [0.0, 0.0, 0.25092782346755027], "sizes": [1.0, 1.0, 1.0]}, {"translations": [851.790148995917, 3.494032948195288, 658.0], "angles": [0.0, 0.0, 0.9984103478571682], "sizes": [1.0, 1.0, 1.0]}, {"translations": [475.41774208746614, -20.360342701822827, 1258.0], "angles": [0.0, 0.0, 0.5984909176854064], "sizes": [1.0000000000000002, 1.0000000000000002, 1.0]}, {"translations": [476.49453953847257, 39.62999408044158, 1258.0], "angles": [0.0, 0.0, 0.6538847510144072], "sizes": [1.0000000000000004, 1.0000000000000004, 1.0]}, {"translations": [3315.1290277261623, -18.748288173655194, 1408.0], "angles": [0.0, 0.0, 0.6366088179187076], "sizes": [1.0000000000000004, 1.0000000000000004, 1.0]}, {"translations": [675.3784245082859, 36.00466489076023, 58.0], "angles": [0.0, 0.0, 0.7294155794536324], "sizes": [1.0000000000000002, 1.0000000000000002, 1.0]}, {"translations": [1534.740175925831, -24.64178871046593, 1408.0], "angles": [0.0, 0.0, -0.661609238265458], "sizes": [1.0000000000000002, 1.0000000000000002, 1.0]}, {"translations": [2255.450787563173, -37.00163823387548, 808.0], "angles": [0.0, 0.0, 0.7777368732586692], "sizes": [1.0000000000000004, 1.0000000000000004, 1.0]}, {"translations": [2277.8702805675352, 32.06349234495143, 508.0], "angles": [0.0, 0.0, 0.9982395436406086], "sizes": [1.0000000000000004, 1.0000000000000004, 1.0]}, {"translations": [2245.732322179872, -26.80851744558535, 58.0], "angles": [0.0, 0.0, 0.3000610392648357], "sizes": [1.0, 1.0, 1.0]}, {"translations": [2305.711749543211, -28.37959770004125, 58.0], "angles": [0.0, 0.0, 0.6391599292467925], "sizes": [1.0000000000000002, 1.0000000000000002, 1.0]}, {"translations": [3446.776174806801, 31.289879916335174, 58.0], "angles": [0.0, 0.0, -0.785276002242761], "sizes": [1.0000000000000002, 1.0000000000000002, 1.0]}, {"translations": [3046.5171342548833, -38.82049535745098, 1108.0], "angles": [0.0, 0.0, 0.9046848942245149], "sizes": [1.0, 1.0, 1.0]}, {"translations": [3097.1912261275666, -35.68857855057533, 508.0], "angles": [0.0, 0.0, -0.49941207077150834], "sizes": [1.0000000000000002, 1.0000000000000002, 1.0]}, {"translations": [2669.569787179809, -26.169950710051996, 1408.0], "angles": [0.0, 0.0, -0.31011859566271593], "sizes": [1.0000000000000002, 1.0000000000000002, 1.0]}], "SM_CardBoxB_01": [{"translations": [2908.2787191540556, 21.64135052546326, 1108.0], "angles": [0.0, 0.0, 0.03655016951581606], "sizes": [1.0, 1.0, 1.0]}, {"translations": [2939.072080644995, -34.02143635364496, 58.0], "angles": [0.0, 0.0, 0.9933622278472207], "sizes": [1.0000000000000002, 1.0000000000000002, 1.0]}, {"translations": [2569.9929698050123, -4.623049619988062, 1108.0], "angles": [0.0, 0.0, -0.5785697836146048], "sizes": [1.0, 1.0, 1.0]}, {"translations": [2142.6690170334273, 8.698439989081688, 1108.0], "angles": [0.0, 0.0, 0.9847599197381476], "sizes": [1.0, 1.0, 1.0]}, {"translations": [1377.3146569248045, 25.872306930603674, 1258.0], "angles": [0.0, 0.0, 0.9074732626372488], "sizes": [1.0000000000000002, 1.0000000000000002, 1.0]}, {"translations": [1308.1601999454933, -28.96495129909928, 358.0], "angles": [0.0, 0.0, 0.8872909561754497], "sizes": [0.9999999999999999, 0.9999999999999999, 1.0]}, {"translations": [1308.9053027853054, 31.030422037168112, 358.0], "angles": [0.0, 0.0, 0.6049797823287205], "sizes": [1.0000000000000002, 1.0000000000000002, 1.0]}, {"translations": [1314.5390797993437, -26.099859683961814, 58.0], "angles": [0.0, 0.0, 0.8981818229467292], "sizes": [1.0, 1.0, 1.0]}, {"translations": [940.7560537189906, 29.735104428445553, 1108.0], "angles": [0.0, 0.0, -0.2558745690173234], "sizes": [1.0000000000000002, 1.0000000000000002, 1.0]}, {"translations": [890.1140664334132, -21.959458306910662, 808.0], "angles": [0.0, 0.0, 0.9096152800368994], "sizes": [1.0000000000000004, 1.0000000000000004, 1.0]}, {"translations": [880.3048911548516, 31.34807233334583, 58.0], "angles": [0.0, 0.0, 0.9576359379638428], "sizes": [1.000000000000001, 1.000000000000001, 1.0]}, {"translations": [522.3582979966677, -32.412844898032375, 208.0], "angles": [0.0, 0.0, 0.7729179382249598], "sizes": [1.0000000000000004, 1.0000000000000004, 1.0]}, {"translations": [481.5885771815867, 36.10199950807301, 58.0], "angles": [0.0, 0.0, -0.19565334900118375], "sizes": [1.0, 1.0, 1.0]}, {"translations": [42.1311572001554, 18.75507621972349, 508.0], "angles": [0.0, 0.0, 0.9896015572194443], "sizes": [1.0, 1.0, 1.0]}, {"translations": [3290.6797069784348, -26.69686441034887, 1258.0], "angles": [0.0, 0.0, -0.8230672992153065], "sizes": [1.0, 1.0, 1.0]}, {"translations": [712.6541610921806, -1.7135124261913817, 208.0], "angles": [0.0, 0.0, 0.999826078220111], "sizes": [1.0000000000000013, 1.0000000000000013, 1.0]}, {"translations": [290.7350578215181, -0.4112697819635538, 358.0], "angles": [0.0, 0.0, 0.9258697696660126], "sizes": [0.9999999999999999, 0.9999999999999999, 1.0]}, {"translations": [275.1314346490756, -30.000527620052022, 208.0], "angles": [0.0, 0.0, -0.8568968033769081], "sizes": [0.9999999999999999, 0.9999999999999999, 1.0]}, {"translations": [1047.6290872342252, 2.004927827560265, 658.0], "angles": [0.0, 0.0, 0.6323061203962538], "sizes": [1.0, 1.0, 1.0]}, {"translations": [1496.070010024817, 25.6365696369089, 658.0], "angles": [0.0, 0.0, 0.10410687571514463], "sizes": [1.0, 1.0, 1.0]}, {"translations": [2336.161048284872, -1.1357004001062576, 508.0], "angles": [0.0, 0.0, 0.7840371328454605], "sizes": [1.0000000000000004, 1.0000000000000004, 1.0]}, {"translations": [2251.53037948643, -26.935873696102508, 358.0], "angles": [0.0, 0.0, 0.9821262243059098], "sizes": [1.000000000000001, 1.000000000000001, 1.0]}, {"translations": [1904.1566783742132, -26.789023232207338, 208.0], "angles": [0.0, 0.0, 0.7991808600239934], "sizes": [1.0000000000000002, 1.0000000000000002, 1.0]}, {"translations": [3044.9933378792434, 21.160151893188004, 1108.0], "angles": [0.0, 0.0, 0.08346368343667218], "sizes": [0.9999999999999999, 0.9999999999999999, 1.0]}, {"translations": [2740.5372074246384, -6.59030264777908, 1258.0], "angles": [0.0, 0.0, -0.12104034443492255], "sizes": [1.0, 1.0, 1.0]}, {"translations": [2659.973796771626, 7.228443832035431, 808.0], "angles": [0.0, 0.0, 0.01601157182622944], "sizes": [1.0, 1.0, 1.0]}, {"translations": [2735.3576860913367, 37.01857066929223, 358.0], "angles": [0.0, 0.0, 0.8446785720858745], "sizes": [1.0000000000000002, 1.0000000000000002, 1.0]}, {"translations": [2353.8427812849163, -32.28599667451175, 1408.0], "angles": [0.0, 0.0, 0.49585899549913953], "sizes": [1.0, 1.0, 1.0]}, {"translations": [2284.97326549443, -38.107591313536375, 1258.0], "angles": [0.0, 0.0, 0.17207878113226538], "sizes": [1.0, 1.0, 1.0]}, {"translations": [2344.960548085387, -39.342875634110186, 1258.0], "angles": [0.0, 0.0, 0.9704913763311832], "sizes": [1.0000000000000009, 1.0000000000000009, 1.0]}], "SM_CardBoxA_01": [{"translations": [2984.6671182274554, 32.05839683700908, 808.0], "angles": [0.0, 0.0, -0.7548922811772812], "sizes": [1.0000000000000004, 1.0000000000000004, 1.0]}, {"translations": [2850.901191665923, 36.03464685204418, 358.0], "angles": [0.0, 0.0, 0.1991339326695744], "sizes": [0.9999999999999999, 0.9999999999999999, 1.0]}, {"translations": [2907.653345439686, -18.218058776012857, 208.0], "angles": [0.0, 0.0, 0.1724204137772621], "sizes": [1.0, 1.0, 1.0]}, {"translations": [2506.677464945356, -22.28110436715931, 808.0], "angles": [0.0, 0.0, 0.9100864069727952], "sizes": [0.9999999999999993, 0.9999999999999993, 1.0]}, {"translations": [1738.1874665913651, -23.494916102871837, 1258.0], "angles": [0.0, 0.0, -0.06431490986147217], "sizes": [1.0, 1.0, 1.0]}, {"translations": [1772.0910657216207, -32.92426921663446, 958.0], "angles": [0.0, 0.0, -0.18327259298545376], "sizes": [1.0, 1.0, 1.0]}, {"translations": [1340.3997786791738, 35.79702435269023, 58.0], "angles": [0.0, 0.0, 0.749684759531457], "sizes": [1.0000000000000007, 1.0000000000000007, 1.0]}, {"translations": [911.9198463030978, 37.607984977679735, 958.0], "angles": [0.0, 0.0, 0.9605539182254663], "sizes": [1.000000000000001, 1.000000000000001, 1.0]}, {"translations": [906.7773622540757, 26.689326673203368, 358.0], "angles": [0.0, 0.0, -0.04165676411119583], "sizes": [1.0, 1.0, 1.0]}, {"translations": [499.5331272918318, -38.27299134070621, 1408.0], "angles": [0.0, 0.0, 0.5586145080982869], "sizes": [1.0000000000000002, 1.0000000000000002, 1.0]}, {"translations": [536.484876320737, 38.553196629435135, 1258.0], "angles": [0.0, 0.0, 0.846594495222824], "sizes": [1.0000000000000002, 1.0000000000000002, 1.0]}, {"translations": [521.3473260419838, 27.578637294916007, 208.0], "angles": [0.0, 0.0, 0.9207867192018818], "sizes": [1.0, 1.0, 1.0]}, {"translations": [84.41401806556729, -21.92141032570629, 808.0], "angles": [0.0, 0.0, 0.9875765957489142], "sizes": [0.9999999999999997, 0.9999999999999997, 1.0]}, {"translations": [3308.0634450642237, -24.104439292132273, 658.0], "angles": [0.0, 0.0, -0.13304856087936243], "sizes": [1.0, 1.0, 1.0]}, {"translations": [3341.9423445747543, -41.51517820375093, 508.0], "angles": [0.0, 0.0, -0.7838791380903557], "sizes": [1.0000000000000002, 1.0000000000000002, 1.0]}, {"translations": [302.14180416059787, 22.432540496331935, 508.0], "angles": [0.0, 0.0, 0.993285971828075], "sizes": [1.0000000000000007, 1.0000000000000007, 1.0]}, {"translations": [288.4214971906945, -31.714188309393396, 58.0], "angles": [0.0, 0.0, 0.8971313491113563], "sizes": [0.9999999999999997, 0.9999999999999997, 1.0]}, {"translations": [3734.9643122609364, -1.5091620352622255, 1258.0], "angles": [0.0, 0.0, -0.3471619348287439], "sizes": [1.0, 1.0, 1.0]}, {"translations": [3715.5554465020214, -5.328939178214831, 808.0], "angles": [0.0, 0.0, -0.6625630742711439], "sizes": [1.0000000000000004, 1.0000000000000004, 1.0]}, {"translations": [3661.647550656444, -9.264404024640147, 358.0], "angles": [0.0, 0.0, 0.9498292753667437], "sizes": [1.0000000000000007, 1.0000000000000007, 1.0]}, {"translations": [3720.5539152224806, 22.82983554593065, 358.0], "angles": [0.0, 0.0, 0.7425532697514636], "sizes": [1.0000000000000004, 1.0000000000000004, 1.0]}, {"translations": [1532.9116108311325, 35.3303410640756, 1408.0], "angles": [0.0, 0.0, -0.1896136961066241], "sizes": [1.0, 1.0, 1.0]}, {"translations": [1085.1918277204866, 38.33249889744831, 1258.0], "angles": [0.0, 0.0, -0.6570381077170147], "sizes": [1.0000000000000004, 1.0000000000000004, 1.0]}, {"translations": [1116.8607184506584, 30.305118394649273, 208.0], "angles": [0.0, 0.0, 0.5782582092998847], "sizes": [1.0000000000000002, 1.0000000000000002, 1.0]}, {"translations": [691.3154245939005, 39.054274539575246, 1258.0], "angles": [0.0, 0.0, -0.7829813718938966], "sizes": [1.0000000000000004, 1.0000000000000004, 1.0]}, {"translations": [1445.2365330811042, 12.427880257500227, 1108.0], "angles": [0.0, 0.0, 0.5889546615331454], "sizes": [1.0000000000000002, 1.0000000000000002, 1.0]}, {"translations": [1480.0624500070155, 34.4315227666076, 808.0], "angles": [0.0, 0.0, 0.7070789035554889], "sizes": [1.0000000000000002, 1.0000000000000002, 1.0]}, {"translations": [1504.5624410556607, -29.982420787552822, 358.0], "angles": [0.0, 0.0, -0.35647882186263397], "sizes": [1.0, 1.0, 1.0]}, {"translations": [2257.2231304047355, 22.972179393919095, 808.0], "angles": [0.0, 0.0, 0.054015819898990895], "sizes": [1.0, 1.0, 1.0]}, {"translations": [2288.5549548468643, 21.919926089452776, 658.0], "angles": [0.0, 0.0, 0.47613636402175114], "sizes": [1.0, 1.0, 1.0]}, {"translations": [3120.7081012764074, -35.37947500411184, 58.0], "angles": [0.0, 0.0, -0.4218621003211303], "sizes": [0.9999999999999998, 0.9999999999999998, 1.0]}, {"translations": [2731.1196692342223, 0.5061063278191922, 1408.0], "angles": [0.0, 0.0, 0.6322922807330179], "sizes": [1.0000000000000002, 1.0000000000000002, 1.0]}, {"translations": [2688.1605895999032, -24.405132387473262, 658.0], "angles": [0.0, 0.0, 0.9931013648699266], "sizes": [1.0, 1.0, 1.0]}, {"translations": [2690.2089172360343, 35.55989370186535, 658.0], "angles": [0.0, 0.0, 0.773150585737932], "sizes": [1.0000000000000007, 1.0000000000000007, 1.0]}, {"translations": [2717.5040745649007, -35.91313686150072, 208.0], "angles": [0.0, 0.0, 0.9898375810621717], "sizes": [1.0000000000000002, 1.0000000000000002, 1.0]}], "SM_CardBoxB_02": [{"translations": [2949.1106522862456, -7.24409586791122, 508.0], "angles": [0.0, 0.0, 0.8759850127662824], "sizes": [0.9999999999999998, 0.9999999999999998, 1.0]}, {"translations": [2890.733082043732, 25.802224541180927, 508.0], "angles": [0.0, 0.0, -0.6346048800988104], "sizes": [1.0000000000000002, 1.0000000000000002, 1.0]}, {"translations": [2528.8290100097656, 2.145659923553467, 1408.0], "angles": [0.0, 0.0, 0.9061728038825776], "sizes": [1.0000000000000002, 1.0000000000000002, 1.0]}, {"translations": [2498.907196044922, -4.518120288848877, 58.0], "angles": [0.0, 0.0, 0.6079907192600186], "sizes": [1.0000000000000002, 1.0000000000000002, 1.0]}, {"translations": [2169.260943508312, 30.130526042647325, 508.0], "angles": [0.0, 0.0, -0.1002012239827615], "sizes": [1.0, 1.0, 1.0]}, {"translations": [1706.2945364375007, 35.520683582302254, 1258.0], "angles": [0.0, 0.0, 0.9998742855067526], "sizes": [1.0, 1.0, 1.0]}, {"translations": [1745.0125540985953, 2.4983508630214333, 808.0], "angles": [0.0, 0.0, -0.4767680804825953], "sizes": [1.0, 1.0, 1.0]}, {"translations": [1667.3300978834286, 9.397558892495821, 358.0], "angles": [0.0, 0.0, -0.7694291269741773], "sizes": [1.0000000000000002, 1.0000000000000002, 1.0]}, {"translations": [1380.3565093475888, 27.072896623021727, 958.0], "angles": [0.0, 0.0, -0.8454421191686815], "sizes": [1.0000000000000002, 1.0000000000000002, 1.0]}, {"translations": [1248.1648266092259, -28.219848459287252, 358.0], "angles": [0.0, 0.0, 0.9992483166599744], "sizes": [1.0000000000000004, 1.0000000000000004, 1.0]}, {"translations": [965.2926575889336, -26.723779589677175, 508.0], "angles": [0.0, 0.0, -0.47421165467024584], "sizes": [1.0, 1.0, 1.0]}, {"translations": [966.7488454872903, 24.839678380079633, 358.0], "angles": [0.0, 0.0, 0.8903254928980283], "sizes": [1.0000000000000004, 1.0000000000000004, 1.0]}, {"translations": [132.61114532063706, -28.30514893316875, 1408.0], "angles": [0.0, 0.0, -0.8142561177477381], "sizes": [1.0000000000000004, 1.0000000000000004, 1.0]}, {"translations": [169.15828205610237, -37.937365807705135, 1258.0], "angles": [0.0, 0.0, 0.981518952526011], "sizes": [0.9999999999999997, 0.9999999999999997, 1.0]}, {"translations": [738.3373263531138, -21.85850228849627, 658.0], "angles": [0.0, 0.0, 0.9976660727351212], "sizes": [1.000000000000001, 1.000000000000001, 1.0]}, {"translations": [277.77182130744546, -3.934862882683266, 1108.0], "angles": [0.0, 0.0, 0.9896797488163299], "sizes": [0.9999999999999992, 0.9999999999999992, 1.0]}, {"translations": [305.37049063060925, -37.48052638960176, 508.0], "angles": [0.0, 0.0, -0.068651232042947], "sizes": [0.9999999999999999, 0.9999999999999999, 1.0]}, {"translations": [3683.7149831254333, -31.41489917554, 958.0], "angles": [0.0, 0.0, -0.7920496060218581], "sizes": [1.0000000000000007, 1.0000000000000007, 1.0]}, {"translations": [3751.858065003543, -19.94263789911646, 508.0], "angles": [0.0, 0.0, 0.8383876919953619], "sizes": [1.0000000000000004, 1.0000000000000004, 1.0]}, {"translations": [734.2680008525766, -19.62443429460044, 808.0], "angles": [0.0, 0.0, -0.23758014674296485], "sizes": [1.0, 1.0, 1.0]}, {"translations": [1514.1042040751852, -34.71541048063402, 958.0], "angles": [0.0, 0.0, -0.047820303289787855], "sizes": [1.0, 1.0, 1.0]}, {"translations": [1459.3841689412359, -34.55646810257376, 508.0], "angles": [0.0, 0.0, 0.21889132077122467], "sizes": [1.0, 1.0, 1.0]}, {"translations": [1514.4592301066157, 29.993804070591338, 508.0], "angles": [0.0, 0.0, -0.010974258764105488], "sizes": [1.0, 1.0, 1.0]}, {"translations": [2316.1767738338826, 28.026328751339324, 358.0], "angles": [0.0, 0.0, 0.2665640145605359], "sizes": [1.0, 1.0, 1.0]}, {"translations": [1877.5428117208096, -1.817626821255108, 958.0], "angles": [0.0, 0.0, -0.7351478022678445], "sizes": [1.0000000000000002, 1.0000000000000002, 1.0]}, {"translations": [3507.4040574307132, 2.579953957859313, 58.0], "angles": [0.0, 0.0, 0.9834088744962699], "sizes": [1.0000000000000009, 1.0000000000000009, 1.0]}, {"translations": [3085.7937622070312, -9.397635459899902, 1408.0], "angles": [0.0, 0.0, 0.9089302243161715], "sizes": [0.9999999999999997, 0.9999999999999997, 1.0]}, {"translations": [3117.2260695818322, 39.19951460089379, 1258.0], "angles": [0.0, 0.0, 0.5571809422210182], "sizes": [1.0000000000000002, 1.0000000000000002, 1.0]}, {"translations": [2688.4065734895325, 24.52969092781554, 208.0], "angles": [0.0, 0.0, 0.992298934809952], "sizes": [0.9999999999999998, 0.9999999999999998, 1.0]}, {"translations": [2291.0649335588337, 24.801145791027867, 1408.0], "angles": [0.0, 0.0, -0.5109745230464263], "sizes": [1.0, 1.0, 1.0]}], "SM_CardBoxC_02": [{"translations": [2560.399745941162, -8.810394287109375, 508.0], "angles": [0.0, 0.0, 0.42188321081870683], "sizes": [1.0, 1.0, 1.0]}, {"translations": [2469.946072515266, 21.842986427031587, 208.0], "angles": [0.0, 0.0, 0.9370192759086483], "sizes": [0.9999999999999999, 0.9999999999999999, 1.0]}, {"translations": [2044.9801232753682, 33.580423102326634, 958.0], "angles": [0.0, 0.0, 0.25991349196312585], "sizes": [1.0, 1.0, 1.0]}, {"translations": [1685.4356941675449, 38.554920988323985, 508.0], "angles": [0.0, 0.0, 0.9822963926238257], "sizes": [1.0000000000000002, 1.0000000000000002, 1.0]}, {"translations": [1362.08278151141, -27.52960692010714, 1408.0], "angles": [0.0, 0.0, -0.10687450702342322], "sizes": [1.0, 1.0, 1.0]}, {"translations": [851.9969287338681, 40.64837146484089, 958.0], "angles": [0.0, 0.0, 0.02259842676613868], "sizes": [0.9999999999999999, 0.9999999999999999, 1.0]}, {"translations": [511.7574287392701, 19.602367819628043, 958.0], "angles": [0.0, 0.0, -0.5102863097911171], "sizes": [0.9999999999999999, 0.9999999999999999, 1.0]}, {"translations": [482.96987923931175, -23.882098423173108, 58.0], "angles": [0.0, 0.0, -0.00031256772191268396], "sizes": [1.0, 1.0, 1.0]}, {"translations": [72.32304099113311, 26.455350486601233, 58.0], "angles": [0.0, 0.0, 0.8896099514858167], "sizes": [0.9999999999999999, 0.9999999999999999, 1.0]}, {"translations": [3737.1113008742573, -28.137767600326143, 208.0], "angles": [0.0, 0.0, 0.3111598866817228], "sizes": [1.0, 1.0, 1.0]}, {"translations": [273.33100829196303, -3.671672345618395, 958.0], "angles": [0.0, 0.0, 0.8808127193465836], "sizes": [0.9999999999999998, 0.9999999999999998, 1.0]}, {"translations": [289.1247369401649, 28.281690331182947, 58.0], "angles": [0.0, 0.0, 0.6422482166517671], "sizes": [1.0000000000000002, 1.0000000000000002, 1.0]}, {"translations": [1149.3414469868376, -28.38902333822766, 208.0], "angles": [0.0, 0.0, 0.0960774220511609], "sizes": [1.0, 1.0, 1.0]}, {"translations": [1490.196789337972, 31.003191011660032, 208.0], "angles": [0.0, 0.0, -0.45862951484339387], "sizes": [0.9999999999999999, 0.9999999999999999, 1.0]}, {"translations": [1511.6818982197367, 25.2356731988347, 958.0], "angles": [0.0, 0.0, 0.992801497444835], "sizes": [0.9999999999999996, 0.9999999999999996, 1.0]}, {"translations": [1519.1968356105083, -29.818862598681022, 508.0], "angles": [0.0, 0.0, 0.1517102873766343], "sizes": [1.0, 1.0, 1.0]}, {"translations": [1926.1223463853353, 32.06708651252252, 808.0], "angles": [0.0, 0.0, 0.4226367524257678], "sizes": [1.0, 1.0, 1.0]}, {"translations": [1885.941157255931, -23.02466177752754, 358.0], "angles": [0.0, 0.0, 0.639476746508093], "sizes": [1.0000000000000002, 1.0000000000000002, 1.0]}, {"translations": [2670.705729436007, -17.93708873569848, 358.0], "angles": [0.0, 0.0, -0.7079746838357937], "sizes": [1.0000000000000004, 1.0000000000000004, 1.0]}]}