{"SM_RackShelf_01": [{"translations": [200.0, 0.0, 37.0], "angles": [0.0, 0.0, 0.0], "sizes": [1.0, 1.0, 1.0]}, {"translations": [200.0, 0.0, 187.0], "angles": [0.0, 0.0, 0.0], "sizes": [1.0, 1.0, 1.0]}, {"translations": [200.0, 0.0, 337.0], "angles": [0.0, 0.0, 0.0], "sizes": [1.0, 1.0, 1.0]}, {"translations": [200.0, 0.0, 487.0], "angles": [0.0, 0.0, 0.0], "sizes": [1.0, 1.0, 1.0]}, {"translations": [200.0, 0.0, 637.0], "angles": [0.0, 0.0, 0.0], "sizes": [1.0, 1.0, 1.0]}, {"translations": [200.0, 0.0, 787.0], "angles": [0.0, 0.0, 0.0], "sizes": [1.0, 1.0, 1.0]}, {"translations": [200.0, 0.0, 937.0], "angles": [0.0, 0.0, 0.0], "sizes": [1.0, 1.0, 1.0]}, {"translations": [200.0, 0.0, 1087.0], "angles": [0.0, 0.0, 0.0], "sizes": [1.0, 1.0, 1.0]}, {"translations": [200.0, 0.0, 1237.0], "angles": [0.0, 0.0, 0.0], "sizes": [1.0, 1.0, 1.0]}, {"translations": [200.0, 0.0, 1387.0], "angles": [0.0, 0.0, 0.0], "sizes": [1.0, 1.0, 1.0]}, {"translations": [600.0, 0.0, 37.0], "angles": [0.0, 0.0, 0.0], "sizes": [1.0, 1.0, 1.0]}, {"translations": [600.0, 0.0, 187.0], "angles": [0.0, 0.0, 0.0], "sizes": [1.0, 1.0, 1.0]}, {"translations": [600.0, 0.0, 337.0], "angles": [0.0, 0.0, 0.0], "sizes": [1.0, 1.0, 1.0]}, {"translations": [600.0, 0.0, 487.0], "angles": [0.0, 0.0, 0.0], "sizes": [1.0, 1.0, 1.0]}, {"translations": [600.0, 0.0, 637.0], "angles": [0.0, 0.0, 0.0], "sizes": [1.0, 1.0, 1.0]}, {"translations": [600.0, 0.0, 787.0], "angles": [0.0, 0.0, 0.0], "sizes": [1.0, 1.0, 1.0]}, {"translations": [600.0, 0.0, 937.0], "angles": [0.0, 0.0, 0.0], "sizes": [1.0, 1.0, 1.0]}, {"translations": [600.0, 0.0, 1087.0], "angles": [0.0, 0.0, 0.0], "sizes": [1.0, 1.0, 1.0]}, {"translations": [600.0, 0.0, 1237.0], "angles": [0.0, 0.0, 0.0], "sizes": [1.0, 1.0, 1.0]}, {"translations": [600.0, 0.0, 1387.0], "angles": [0.0, 0.0, 0.0], "sizes": [1.0, 1.0, 1.0]}, {"translations": [1000.0, 0.0, 37.0], "angles": [0.0, 0.0, 0.0], "sizes": [1.0, 1.0, 1.0]}, {"translations": [1000.0, 0.0, 187.0], "angles": [0.0, 0.0, 0.0], "sizes": [1.0, 1.0, 1.0]}, {"translations": [1000.0, 0.0, 337.0], "angles": [0.0, 0.0, 0.0], "sizes": [1.0, 1.0, 1.0]}, {"translations": [1000.0, 0.0, 487.0], "angles": [0.0, 0.0, 0.0], "sizes": [1.0, 1.0, 1.0]}, {"translations": [1000.0, 0.0, 637.0], "angles": [0.0, 0.0, 0.0], "sizes": [1.0, 1.0, 1.0]}, {"translations": [1000.0, 0.0, 787.0], "angles": [0.0, 0.0, 0.0], "sizes": [1.0, 1.0, 1.0]}, {"translations": [1000.0, 0.0, 937.0], "angles": [0.0, 0.0, 0.0], "sizes": [1.0, 1.0, 1.0]}, {"translations": [1000.0, 0.0, 1087.0], "angles": [0.0, 0.0, 0.0], "sizes": [1.0, 1.0, 1.0]}, {"translations": [1000.0, 0.0, 1237.0], "angles": [0.0, 0.0, 0.0], "sizes": [1.0, 1.0, 1.0]}, {"translations": [1000.0, 0.0, 1387.0], "angles": [0.0, 0.0, 0.0], "sizes": [1.0, 1.0, 1.0]}, {"translations": [1400.0, 0.0, 37.0], "angles": [0.0, 0.0, 0.0], "sizes": [1.0, 1.0, 1.0]}, {"translations": [1400.0, 0.0, 187.0], "angles": [0.0, 0.0, 0.0], "sizes": [1.0, 1.0, 1.0]}, {"translations": [1400.0, 0.0, 337.0], "angles": [0.0, 0.0, 0.0], "sizes": [1.0, 1.0, 1.0]}, {"translations": [1400.0, 0.0, 487.0], "angles": [0.0, 0.0, 0.0], "sizes": [1.0, 1.0, 1.0]}, {"translations": [1400.0, 0.0, 637.0], "angles": [0.0, 0.0, 0.0], "sizes": [1.0, 1.0, 1.0]}, {"translations": [1400.0, 0.0, 787.0], "angles": [0.0, 0.0, 0.0], "sizes": [1.0, 1.0, 1.0]}, {"translations": [1400.0, 0.0, 937.0], "angles": [0.0, 0.0, 0.0], "sizes": [1.0, 1.0, 1.0]}, {"translations": [1400.0, 0.0, 1087.0], "angles": [0.0, 0.0, 0.0], "sizes": [1.0, 1.0, 1.0]}, {"translations": [1400.0, 0.0, 1237.0], "angles": [0.0, 0.0, 0.0], "sizes": [1.0, 1.0, 1.0]}, {"translations": [1400.0, 0.0, 1387.0], "angles": [0.0, 0.0, 0.0], "sizes": [1.0, 1.0, 1.0]}, {"translations": [1800.0, 0.0, 37.0], "angles": [0.0, 0.0, 0.0], "sizes": [1.0, 1.0, 1.0]}, {"translations": [1800.0, 0.0, 187.0], "angles": [0.0, 0.0, 0.0], "sizes": [1.0, 1.0, 1.0]}, {"translations": [1800.0, 0.0, 337.0], "angles": [0.0, 0.0, 0.0], "sizes": [1.0, 1.0, 1.0]}, {"translations": [1800.0, 0.0, 487.0], "angles": [0.0, 0.0, 0.0], "sizes": [1.0, 1.0, 1.0]}, {"translations": [1800.0, 0.0, 637.0], "angles": [0.0, 0.0, 0.0], "sizes": [1.0, 1.0, 1.0]}, {"translations": [1800.0, 0.0, 787.0], "angles": [0.0, 0.0, 0.0], "sizes": [1.0, 1.0, 1.0]}, {"translations": [1800.0, 0.0, 937.0], "angles": [0.0, 0.0, 0.0], "sizes": [1.0, 1.0, 1.0]}, {"translations": [1800.0, 0.0, 1087.0], "angles": [0.0, 0.0, 0.0], "sizes": [1.0, 1.0, 1.0]}, {"translations": [1800.0, 0.0, 1237.0], "angles": [0.0, 0.0, 0.0], "sizes": [1.0, 1.0, 1.0]}, {"translations": [1800.0, 0.0, 1387.0], "angles": [0.0, 0.0, 0.0], "sizes": [1.0, 1.0, 1.0]}, {"translations": [2200.0, 0.0, 37.0], "angles": [0.0, 0.0, 0.0], "sizes": [1.0, 1.0, 1.0]}, {"translations": [2200.0, 0.0, 187.0], "angles": [0.0, 0.0, 0.0], "sizes": [1.0, 1.0, 1.0]}, {"translations": [2200.0, 0.0, 337.0], "angles": [0.0, 0.0, 0.0], "sizes": [1.0, 1.0, 1.0]}, {"translations": [2200.0, 0.0, 487.0], "angles": [0.0, 0.0, 0.0], "sizes": [1.0, 1.0, 1.0]}, {"translations": [2200.0, 0.0, 637.0], "angles": [0.0, 0.0, 0.0], "sizes": [1.0, 1.0, 1.0]}, {"translations": [2200.0, 0.0, 787.0], "angles": [0.0, 0.0, 0.0], "sizes": [1.0, 1.0, 1.0]}, {"translations": [2200.0, 0.0, 937.0], "angles": [0.0, 0.0, 0.0], "sizes": [1.0, 1.0, 1.0]}, {"translations": [2200.0, 0.0, 1087.0], "angles": [0.0, 0.0, 0.0], "sizes": [1.0, 1.0, 1.0]}, {"translations": [2200.0, 0.0, 1237.0], "angles": [0.0, 0.0, 0.0], "sizes": [1.0, 1.0, 1.0]}, {"translations": [2200.0, 0.0, 1387.0], "angles": [0.0, 0.0, 0.0], "sizes": [1.0, 1.0, 1.0]}, {"translations": [2600.0, 0.0, 37.0], "angles": [0.0, 0.0, 0.0], "sizes": [1.0, 1.0, 1.0]}, {"translations": [2600.0, 0.0, 187.0], "angles": [0.0, 0.0, 0.0], "sizes": [1.0, 1.0, 1.0]}, {"translations": [2600.0, 0.0, 337.0], "angles": [0.0, 0.0, 0.0], "sizes": [1.0, 1.0, 1.0]}, {"translations": [2600.0, 0.0, 487.0], "angles": [0.0, 0.0, 0.0], "sizes": [1.0, 1.0, 1.0]}, {"translations": [2600.0, 0.0, 637.0], "angles": [0.0, 0.0, 0.0], "sizes": [1.0, 1.0, 1.0]}, {"translations": [2600.0, 0.0, 787.0], "angles": [0.0, 0.0, 0.0], "sizes": [1.0, 1.0, 1.0]}, {"translations": [2600.0, 0.0, 937.0], "angles": [0.0, 0.0, 0.0], "sizes": [1.0, 1.0, 1.0]}, {"translations": [2600.0, 0.0, 1087.0], "angles": [0.0, 0.0, 0.0], "sizes": [1.0, 1.0, 1.0]}, {"translations": [2600.0, 0.0, 1237.0], "angles": [0.0, 0.0, 0.0], "sizes": [1.0, 1.0, 1.0]}, {"translations": [2600.0, 0.0, 1387.0], "angles": [0.0, 0.0, 0.0], "sizes": [1.0, 1.0, 1.0]}, {"translations": [3000.0, 0.0, 37.0], "angles": [0.0, 0.0, 0.0], "sizes": [1.0, 1.0, 1.0]}, {"translations": [3000.0, 0.0, 187.0], "angles": [0.0, 0.0, 0.0], "sizes": [1.0, 1.0, 1.0]}, {"translations": [3000.0, 0.0, 337.0], "angles": [0.0, 0.0, 0.0], "sizes": [1.0, 1.0, 1.0]}, {"translations": [3000.0, 0.0, 487.0], "angles": [0.0, 0.0, 0.0], "sizes": [1.0, 1.0, 1.0]}, {"translations": [3000.0, 0.0, 637.0], "angles": [0.0, 0.0, 0.0], "sizes": [1.0, 1.0, 1.0]}, {"translations": [3000.0, 0.0, 787.0], "angles": [0.0, 0.0, 0.0], "sizes": [1.0, 1.0, 1.0]}, {"translations": [3000.0, 0.0, 937.0], "angles": [0.0, 0.0, 0.0], "sizes": [1.0, 1.0, 1.0]}, {"translations": [3000.0, 0.0, 1087.0], "angles": [0.0, 0.0, 0.0], "sizes": [1.0, 1.0, 1.0]}, {"translations": [3000.0, 0.0, 1237.0], "angles": [0.0, 0.0, 0.0], "sizes": [1.0, 1.0, 1.0]}, {"translations": [3000.0, 0.0, 1387.0], "angles": [0.0, 0.0, 0.0], "sizes": [1.0, 1.0, 1.0]}], "SM_RackFrame_03": [{"translations": [0.0, 0.0, 0.0], "angles": [0.0, 0.0, 0.0], "sizes": [1.0, 1.0, 1.0]}, {"translations": [400.0, 0.0, 0.0], "angles": [0.0, 0.0, 0.0], "sizes": [1.0, 1.0, 1.0]}, {"translations": [800.0, 0.0, 0.0], "angles": [0.0, 0.0, 0.0], "sizes": [1.0, 1.0, 1.0]}, {"translations": [1200.0, 0.0, 0.0], "angles": [0.0, 0.0, 0.0], "sizes": [1.0, 1.0, 1.0]}, {"translations": [1600.0, 0.0, 0.0], "angles": [0.0, 0.0, 0.0], "sizes": [1.0, 1.0, 1.0]}, {"translations": [2000.0, 0.0, 0.0], "angles": [0.0, 0.0, 0.0], "sizes": [1.0, 1.0, 1.0]}, {"translations": [2400.0, 0.0, 0.0], "angles": [0.0, 0.0, 0.0], "sizes": [1.0, 1.0, 1.0]}, {"translations": [2800.0, 0.0, 0.0], "angles": [0.0, 0.0, 0.0], "sizes": [1.0, 1.0, 1.0]}, {"translations": [0.0, 0.0, 300.0], "angles": [0.0, 0.0, 0.0], "sizes": [1.0, 1.0, 1.0]}, {"translations": [400.0, 0.0, 300.0], "angles": [0.0, 0.0, 0.0], "sizes": [1.0, 1.0, 1.0]}, {"translations": [800.0, 0.0, 300.0], "angles": [0.0, 0.0, 0.0], "sizes": [1.0, 1.0, 1.0]}, {"translations": [1200.0, 0.0, 300.0], "angles": [0.0, 0.0, 0.0], "sizes": [1.0, 1.0, 1.0]}, {"translations": [1600.0, 0.0, 300.0], "angles": [0.0, 0.0, 0.0], "sizes": [1.0, 1.0, 1.0]}, {"translations": [2000.0, 0.0, 300.0], "angles": [0.0, 0.0, 0.0], "sizes": [1.0, 1.0, 1.0]}, {"translations": [2400.0, 0.0, 300.0], "angles": [0.0, 0.0, 0.0], "sizes": [1.0, 1.0, 1.0]}, {"translations": [2800.0, 0.0, 300.0], "angles": [0.0, 0.0, 0.0], "sizes": [1.0, 1.0, 1.0]}, {"translations": [0.0, 0.0, 600.0], "angles": [0.0, 0.0, 0.0], "sizes": [1.0, 1.0, 1.0]}, {"translations": [400.0, 0.0, 600.0], "angles": [0.0, 0.0, 0.0], "sizes": [1.0, 1.0, 1.0]}, {"translations": [800.0, 0.0, 600.0], "angles": [0.0, 0.0, 0.0], "sizes": [1.0, 1.0, 1.0]}, {"translations": [1200.0, 0.0, 600.0], "angles": [0.0, 0.0, 0.0], "sizes": [1.0, 1.0, 1.0]}, {"translations": [1600.0, 0.0, 600.0], "angles": [0.0, 0.0, 0.0], "sizes": [1.0, 1.0, 1.0]}, {"translations": [2000.0, 0.0, 600.0], "angles": [0.0, 0.0, 0.0], "sizes": [1.0, 1.0, 1.0]}, {"translations": [2400.0, 0.0, 600.0], "angles": [0.0, 0.0, 0.0], "sizes": [1.0, 1.0, 1.0]}, {"translations": [2800.0, 0.0, 600.0], "angles": [0.0, 0.0, 0.0], "sizes": [1.0, 1.0, 1.0]}, {"translations": [0.0, 0.0, 900.0], "angles": [0.0, 0.0, 0.0], "sizes": [1.0, 1.0, 1.0]}, {"translations": [400.0, 0.0, 900.0], "angles": [0.0, 0.0, 0.0], "sizes": [1.0, 1.0, 1.0]}, {"translations": [800.0, 0.0, 900.0], "angles": [0.0, 0.0, 0.0], "sizes": [1.0, 1.0, 1.0]}, {"translations": [1200.0, 0.0, 900.0], "angles": [0.0, 0.0, 0.0], "sizes": [1.0, 1.0, 1.0]}, {"translations": [1600.0, 0.0, 900.0], "angles": [0.0, 0.0, 0.0], "sizes": [1.0, 1.0, 1.0]}, {"translations": [2000.0, 0.0, 900.0], "angles": [0.0, 0.0, 0.0], "sizes": [1.0, 1.0, 1.0]}, {"translations": [2400.0, 0.0, 900.0], "angles": [0.0, 0.0, 0.0], "sizes": [1.0, 1.0, 1.0]}, {"translations": [2800.0, 0.0, 900.0], "angles": [0.0, 0.0, 0.0], "sizes": [1.0, 1.0, 1.0]}, {"translations": [0.0, 0.0, 1200.0], "angles": [0.0, 0.0, 0.0], "sizes": [1.0, 1.0, 1.0]}, {"translations": [400.0, 0.0, 1200.0], "angles": [0.0, 0.0, 0.0], "sizes": [1.0, 1.0, 1.0]}, {"translations": [800.0, 0.0, 1200.0], "angles": [0.0, 0.0, 0.0], "sizes": [1.0, 1.0, 1.0]}, {"translations": [1200.0, 0.0, 1200.0], "angles": [0.0, 0.0, 0.0], "sizes": [1.0, 1.0, 1.0]}, {"translations": [1600.0, 0.0, 1200.0], "angles": [0.0, 0.0, 0.0], "sizes": [1.0, 1.0, 1.0]}, {"translations": [2000.0, 0.0, 1200.0], "angles": [0.0, 0.0, 0.0], "sizes": [1.0, 1.0, 1.0]}, {"translations": [2400.0, 0.0, 1200.0], "angles": [0.0, 0.0, 0.0], "sizes": [1.0, 1.0, 1.0]}, {"translations": [2800.0, 0.0, 1200.0], "angles": [0.0, 0.0, 0.0], "sizes": [1.0, 1.0, 1.0]}, {"translations": [3200.0, 0.0, 0.0], "angles": [0.0, 0.0, 0.0], "sizes": [1.0, 1.0, 1.0]}, {"translations": [3200.0, 0.0, 300.0], "angles": [0.0, 0.0, 0.0], "sizes": [1.0, 1.0, 1.0]}, {"translations": [3200.0, 0.0, 600.0], "angles": [0.0, 0.0, 0.0], "sizes": [1.0, 1.0, 1.0]}, {"translations": [3200.0, 0.0, 900.0], "angles": [0.0, 0.0, 0.0], "sizes": [1.0, 1.0, 1.0]}, {"translations": [3200.0, 0.0, 1200.0], "angles": [0.0, 0.0, 0.0], "sizes": [1.0, 1.0, 1.0]}], "SM_PaletteA_01": [{"translations": [104.04623413085938, -1.7162489891052246, 37.0], "angles": [0.0, 0.0, -0.028720449988988463], "sizes": [0.9999999999999999, 0.9999999999999999, 1.0]}, {"translations": [77.0445785522461, -0.000858306884765625, 187.0], "angles": [0.0, 0.0, -0.004787159416379145], "sizes": [1.0, 1.0, 1.0]}, {"translations": [167.94365692138672, 0.4796934127807617, 337.0], "angles": [0.0, 0.0, -0.013053510741202649], "sizes": [1.0, 1.0, 1.0]}, {"translations": [74.09922790527344, -9.138336181640625, 487.0], "angles": [0.0, 0.0, -0.042387447100635724], "sizes": [0.9999999999999999, 0.9999999999999999, 1.0]}, {"translations": [106.05471801757812, -5.421197414398193, 637.0], "angles": [0.0, 0.0, 0.016808264627685993], "sizes": [1.0, 1.0, 1.0]}, {"translations": [115.29872131347656, 7.166991233825684, 787.0], "angles": [0.0, 0.0, 0.019542962658155347], "sizes": [0.9999999999999999, 0.9999999999999999, 1.0]}, {"translations": [132.94749450683594, -1.137080192565918, 937.0], "angles": [0.0, 0.0, 0.017676352054431903], "sizes": [1.0, 1.0, 1.0]}, {"translations": [141.91117095947266, -1.9424939155578613, 1087.0], "angles": [0.0, 0.0, -0.023563519680297424], "sizes": [1.0, 1.0, 1.0]}, {"translations": [171.65704727172852, -8.041610717773438, 1237.0], "angles": [0.0, 0.0, 0.018722832170596174], "sizes": [1.0, 1.0, 1.0]}, {"translations": [162.23725128173828, 2.0641422271728516, 1387.0], "angles": [0.0, 0.0, -0.026976704250488624], "sizes": [1.0, 1.0, 1.0]}, {"translations": [482.2792282104492, 6.109950542449951, 37.0], "angles": [0.0, 0.0, -0.03657812908272039], "sizes": [0.9999999999999999, 0.9999999999999999, 1.0]}, {"translations": [491.85707092285156, -2.9225897789001465, 187.0], "angles": [0.0, 0.0, 0.011152093985556288], "sizes": [0.9999999999999999, 0.9999999999999999, 1.0]}, {"translations": [533.3830947875977, 8.623649597167969, 337.0], "angles": [0.0, 0.0, -0.016030700438182905], "sizes": [1.0, 1.0, 1.0]}, {"translations": [494.8818664550781, 8.459146499633789, 487.0], "angles": [0.0, 0.0, 0.028118799982525537], "sizes": [1.0, 1.0, 1.0]}, {"translations": [541.5834045410156, 7.324190139770508, 637.0], "angles": [0.0, 0.0, -0.007871130592257474], "sizes": [1.0, 1.0, 1.0]}, {"translations": [533.2000122070312, 9.428579330444336, 787.0], "angles": [0.0, 0.0, -0.01123198901535642], "sizes": [0.9999999999999999, 0.9999999999999999, 1.0]}, {"translations": [479.88209533691406, -8.396973609924316, 937.0], "angles": [0.0, 0.0, 0.016826904118842707], "sizes": [1.0, 1.0, 1.0]}, {"translations": [518.589485168457, 2.799050807952881, 1087.0], "angles": [0.0, 0.0, -0.002169208025259056], "sizes": [1.0, 1.0, 1.0]}, {"translations": [505.95130920410156, 9.096426963806152, 1237.0], "angles": [0.0, 0.0, -0.01805713369977393], "sizes": [1.0, 1.0, 1.0]}, {"translations": [528.7910232543945, -7.548806667327881, 1387.0], "angles": [0.0, 0.0, 0.011109486047807808], "sizes": [1.0, 1.0, 1.0]}, {"translations": [911.4894409179688, 2.581357955932617, 37.0], "angles": [0.0, 0.0, 0.035981957103574096], "sizes": [1.0, 1.0, 1.0]}, {"translations": [962.7283554077148, 0.3313159942626953, 187.0], "angles": [0.0, 0.0, 0.020791766462360174], "sizes": [1.0, 1.0, 1.0]}, {"translations": [935.8382797241211, -4.22123908996582, 337.0], "angles": [0.0, 0.0, -0.03629601314946284], "sizes": [1.0, 1.0, 1.0]}, {"translations": [966.4827346801758, 3.2526063919067383, 487.0], "angles": [0.0, 0.0, -0.0020333845088878625], "sizes": [1.0, 1.0, 1.0]}, {"translations": [881.7578506469727, 2.102322578430176, 637.0], "angles": [0.0, 0.0, 0.02697936436242157], "sizes": [1.0, 1.0, 1.0]}, {"translations": [922.1294860839844, 5.8795952796936035, 787.0], "angles": [0.0, 0.0, -0.010560891471373133], "sizes": [1.0, 1.0, 1.0]}, {"translations": [880.4381942749023, 9.166719436645508, 937.0], "angles": [0.0, 0.0, -0.028765707101607387], "sizes": [1.0, 1.0, 1.0]}, {"translations": [910.0795974731445, 0.4271697998046875, 1087.0], "angles": [0.0, 0.0, -0.02737337910330471], "sizes": [1.0, 1.0, 1.0]}, {"translations": [953.6557540893555, 6.80105447769165, 1237.0], "angles": [0.0, 0.0, 0.025491128271116985], "sizes": [1.0, 1.0, 1.0]}, {"translations": [925.6163024902344, -3.2606863975524902, 1387.0], "angles": [0.0, 0.0, -0.03993934131770815], "sizes": [1.0, 1.0, 1.0]}, {"translations": [1312.5039825439453, 3.831033706665039, 37.0], "angles": [0.0, 0.0, 0.0002303686337407588], "sizes": [1.0, 1.0, 1.0]}, {"translations": [1367.7973022460938, 1.4619636535644531, 187.0], "angles": [0.0, 0.0, 0.021699726422882853], "sizes": [1.0, 1.0, 1.0]}, {"translations": [1278.5350646972656, 1.4052867889404297, 337.0], "angles": [0.0, 0.0, 0.03060786028461591], "sizes": [1.0, 1.0, 1.0]}, {"translations": [1300.343391418457, -2.281332015991211, 487.0], "angles": [0.0, 0.0, -0.01244367873900024], "sizes": [1.0, 1.0, 1.0]}, {"translations": [1315.598030090332, -4.324848651885986, 637.0], "angles": [0.0, 0.0, 0.03473633975324044], "sizes": [1.0, 1.0, 1.0]}, {"translations": [1286.8436584472656, 4.431722164154053, 787.0], "angles": [0.0, 0.0, -0.03528196973376278], "sizes": [1.0, 1.0, 1.0]}, {"translations": [1352.2860984802246, -4.739868640899658, 937.0], "angles": [0.0, 0.0, 0.0034768538277919056], "sizes": [1.0, 1.0, 1.0]}, {"translations": [1276.7451858520508, 9.815754890441895, 1087.0], "angles": [0.0, 0.0, -0.03401502678838616], "sizes": [1.0, 1.0, 1.0]}, {"translations": [1348.378776550293, -5.155339241027832, 1237.0], "angles": [0.0, 0.0, -0.03045346270874015], "sizes": [0.9999999999999999, 0.9999999999999999, 1.0]}, {"translations": [1334.1796646118164, 4.429993629455566, 1387.0], "angles": [0.0, 0.0, 0.034182714605472696], "sizes": [1.0, 1.0, 1.0]}, {"translations": [1713.750633239746, 9.805569648742676, 37.0], "angles": [0.0, 0.0, -0.02413062830831295], "sizes": [1.0, 1.0, 1.0]}, {"translations": [1675.6761093139648, 3.6362338066101074, 187.0], "angles": [0.0, 0.0, 0.011711342067107083], "sizes": [1.0, 1.0, 1.0]}, {"translations": [1697.231704711914, 6.969821453094482, 337.0], "angles": [0.0, 0.0, -0.0016578664332483595], "sizes": [1.0, 1.0, 1.0]}, {"translations": [1714.9520950317383, 8.078994750976562, 487.0], "angles": [0.0, 0.0, -0.01619846300163445], "sizes": [1.0, 1.0, 1.0]}, {"translations": [1734.4088516235352, 9.549428939819336, 637.0], "angles": [0.0, 0.0, -0.012174712566327558], "sizes": [1.0, 1.0, 1.0]}, {"translations": [1715.0519256591797, 4.0348219871521, 787.0], "angles": [0.0, 0.0, -0.03656748356507364], "sizes": [1.0, 1.0, 1.0]}, {"translations": [1741.4865112304688, -3.541259765625, 937.0], "angles": [0.0, 0.0, -0.013021555524299597], "sizes": [1.0, 1.0, 1.0]}, {"translations": [1760.2896919250488, -9.471297264099121, 1087.0], "angles": [0.0, 0.0, 0.01971337629220712], "sizes": [1.0, 1.0, 1.0]}, {"translations": [1707.2485885620117, 5.535857677459717, 1237.0], "angles": [0.0, 0.0, -0.0338500017281309], "sizes": [1.0, 1.0, 1.0]}, {"translations": [1703.9045791625977, -3.702082633972168, 1387.0], "angles": [0.0, 0.0, 0.01931129888915458], "sizes": [1.0, 1.0, 1.0]}, {"translations": [2079.5151443481445, 2.395656108856201, 37.0], "angles": [0.0, 0.0, -0.027583695623972778], "sizes": [1.0, 1.0, 1.0]}, {"translations": [2093.033576965332, 0.1521778106689453, 187.0], "angles": [0.0, 0.0, 0.012686012467564733], "sizes": [0.9999999999999999, 0.9999999999999999, 1.0]}, {"translations": [2094.2071533203125, 0.5452275276184082, 337.0], "angles": [0.0, 0.0, -0.03904252705741321], "sizes": [1.0, 1.0, 1.0]}, {"translations": [2138.9098052978516, 0.4858231544494629, 487.0], "angles": [0.0, 0.0, 0.038228183282314185], "sizes": [1.0, 1.0, 1.0]}, {"translations": [2166.2614097595215, -6.692960262298584, 637.0], "angles": [0.0, 0.0, -0.042382125564895526], "sizes": [0.9999999999999999, 0.9999999999999999, 1.0]}, {"translations": [2099.147735595703, -7.900900840759277, 787.0], "angles": [0.0, 0.0, 0.03704654020769752], "sizes": [1.0, 1.0, 1.0]}, {"translations": [2075.7228469848633, 4.342007637023926, 937.0], "angles": [0.0, 0.0, -0.020466919552414815], "sizes": [1.0, 1.0, 1.0]}, {"translations": [2112.7602767944336, 6.360223293304443, 1087.0], "angles": [0.0, 0.0, -0.038095118064886024], "sizes": [1.0, 1.0, 1.0]}, {"translations": [2157.669101715088, -8.731592178344727, 1237.0], "angles": [0.0, 0.0, 0.008592843583042969], "sizes": [1.0, 1.0, 1.0]}, {"translations": [2171.4077224731445, -3.7424254417419434, 1387.0], "angles": [0.0, 0.0, 0.0031546027057514445], "sizes": [1.0, 1.0, 1.0]}, {"translations": [2498.907196044922, -4.518120288848877, 37.0], "angles": [0.0, 0.0, 0.009194714981040823], "sizes": [1.0, 1.0, 1.0]}, {"translations": [2502.4140243530273, -5.466940402984619, 187.0], "angles": [0.0, 0.0, 0.018978456446589586], "sizes": [1.0, 1.0, 1.0]}, {"translations": [2532.563407897949, 9.540740966796875, 337.0], "angles": [0.0, 0.0, -0.041629091261318724], "sizes": [1.0, 1.0, 1.0]}, {"translations": [2560.399745941162, -8.810394287109375, 487.0], "angles": [0.0, 0.0, 0.03301154996927623], "sizes": [0.9999999999999999, 0.9999999999999999, 1.0]}, {"translations": [2504.8695068359375, 5.577380657196045, 637.0], "angles": [0.0, 0.0, -0.00813211982512374], "sizes": [1.0, 1.0, 1.0]}, {"translations": [2506.439613342285, 7.717952728271484, 787.0], "angles": [0.0, 0.0, 0.02682228848168102], "sizes": [0.9999999999999999, 0.9999999999999999, 1.0]}, {"translations": [2474.9809494018555, 0.40405988693237305, 937.0], "angles": [0.0, 0.0, -0.014424950747649212], "sizes": [0.9999999999999999, 0.9999999999999999, 1.0]}, {"translations": [2540.018569946289, -3.383955955505371, 1087.0], "angles": [0.0, 0.0, -0.04321495612533805], "sizes": [1.0, 1.0, 1.0]}, {"translations": [2547.6088638305664, -5.5739641189575195, 1237.0], "angles": [0.0, 0.0, -0.0067952112850145005], "sizes": [0.9999999999999999, 0.9999999999999999, 1.0]}, {"translations": [2528.8290100097656, 2.145659923553467, 1387.0], "angles": [0.0, 0.0, 0.02952706836193386], "sizes": [1.0, 1.0, 1.0]}, {"translations": [2907.6520080566406, -5.5121564865112305, 37.0], "angles": [0.0, 0.0, -0.02343039422967282], "sizes": [1.0, 1.0, 1.0]}, {"translations": [2875.525344848633, 9.49099349975586, 187.0], "angles": [0.0, 0.0, 0.015948152998549802], "sizes": [0.9999999999999999, 0.9999999999999999, 1.0]}, {"translations": [2882.421142578125, 7.635831832885742, 337.0], "angles": [0.0, 0.0, -0.020184674476584733], "sizes": [1.0, 1.0, 1.0]}, {"translations": [2919.150360107422, -5.7010817527771, 487.0], "angles": [0.0, 0.0, 0.017199703106750074], "sizes": [0.9999999999999999, 0.9999999999999999, 1.0]}, {"translations": [2953.922176361084, 1.8576598167419434, 637.0], "angles": [0.0, 0.0, -0.014219904216914752], "sizes": [1.0, 1.0, 1.0]}, {"translations": [2955.815299987793, 0.9525680541992188, 787.0], "angles": [0.0, 0.0, 0.016589905467886558], "sizes": [1.0, 1.0, 1.0]}, {"translations": [2941.3526153564453, -6.521337032318115, 937.0], "angles": [0.0, 0.0, -0.029023934183183334], "sizes": [1.0, 1.0, 1.0]}, {"translations": [2877.99112701416, -8.068273544311523, 1087.0], "angles": [0.0, 0.0, 0.005346431663392202], "sizes": [1.0, 1.0, 1.0]}, {"translations": [2956.7400665283203, 9.273529052734375, 1237.0], "angles": [0.0, 0.0, -0.03514356708130554], "sizes": [1.0, 1.0, 1.0]}, {"translations": [2898.0875244140625, -9.397635459899902, 1387.0], "angles": [0.0, 0.0, -0.02164115063758151], "sizes": [1.0, 1.0, 1.0]}, {"translations": [288.7731170654297, -1.7162489891052246, 37.0], "angles": [0.0, 0.0, -0.0215373074027854], "sizes": [0.9999999999999999, 0.9999999999999999, 1.0]}, {"translations": [275.2722930908203, -0.000858306884765625, 187.0], "angles": [0.0, 0.0, -0.035542804140225315], "sizes": [1.0, 1.0, 1.0]}, {"translations": [320.7218246459961, 0.4796934127807617, 337.0], "angles": [0.0, 0.0, 0.028443588152681505], "sizes": [1.0, 1.0, 1.0]}, {"translations": [273.7996139526367, -9.138336181640625, 487.0], "angles": [0.0, 0.0, -0.04112351150838283], "sizes": [1.0, 1.0, 1.0]}, {"translations": [289.77735900878906, -5.421197414398193, 637.0], "angles": [0.0, 0.0, -0.022727484102794238], "sizes": [1.0, 1.0, 1.0]}, {"translations": [294.3993606567383, 7.166991233825684, 787.0], "angles": [0.0, 0.0, 0.0060681625557254], "sizes": [1.0, 1.0, 1.0]}, {"translations": [303.22374725341797, -1.137080192565918, 937.0], "angles": [0.0, 0.0, 0.037783748392479284], "sizes": [0.9999999999999999, 0.9999999999999999, 1.0]}, {"translations": [307.7055892944336, -1.9424939155578613, 1087.0], "angles": [0.0, 0.0, 0.004973583673732604], "sizes": [0.9999999999999999, 0.9999999999999999, 1.0]}, {"translations": [322.5785217285156, -8.041610717773438, 1237.0], "angles": [0.0, 0.0, 0.018946504259674053], "sizes": [1.0, 1.0, 1.0]}, {"translations": [317.8686218261719, 2.0641422271728516, 1387.0], "angles": [0.0, 0.0, -0.03359713701451542], "sizes": [1.0, 1.0, 1.0]}, {"translations": [677.8896102905273, 6.109950542449951, 37.0], "angles": [0.0, 0.0, 0.031797751000991116], "sizes": [1.0, 1.0, 1.0]}, {"translations": [682.6785354614258, -2.9225897789001465, 187.0], "angles": [0.0, 0.0, 0.004733896798129564], "sizes": [1.0, 1.0, 1.0]}, {"translations": [703.4415435791016, 8.623649597167969, 337.0], "angles": [0.0, 0.0, 0.03218372002556987], "sizes": [1.0, 1.0, 1.0]}, {"translations": [684.1909332275391, 8.459146499633789, 487.0], "angles": [0.0, 0.0, 0.015412902635430903], "sizes": [1.0, 1.0, 1.0]}, {"translations": [707.5417022705078, 7.324190139770508, 637.0], "angles": [0.0, 0.0, 0.025051832475490157], "sizes": [1.0, 1.0, 1.0]}, {"translations": [703.3500061035156, 9.428579330444336, 787.0], "angles": [0.0, 0.0, 0.042632240599719755], "sizes": [1.0, 1.0, 1.0]}, {"translations": [676.691047668457, -8.396973609924316, 937.0], "angles": [0.0, 0.0, 0.03334427222967182], "sizes": [1.0, 1.0, 1.0]}, {"translations": [696.0447387695312, 2.799050807952881, 1087.0], "angles": [0.0, 0.0, 0.036242784972263145], "sizes": [1.0, 1.0, 1.0]}, {"translations": [689.7256546020508, 9.096426963806152, 1237.0], "angles": [0.0, 0.0, 0.0042838115483796926], "sizes": [1.0, 1.0, 1.0]}, {"translations": [701.1455078125, -7.548806667327881, 1387.0], "angles": [0.0, 0.0, -0.015322365851065943], "sizes": [1.0, 1.0, 1.0]}, {"translations": [1092.4947204589844, 2.581357955932617, 37.0], "angles": [0.0, 0.0, 0.029646864384214194], "sizes": [0.9999999999999999, 0.9999999999999999, 1.0]}, {"translations": [1118.1141815185547, 0.3313159942626953, 187.0], "angles": [0.0, 0.0, 0.013780512184755733], "sizes": [1.0, 1.0, 1.0]}, {"translations": [1104.6691436767578, -4.22123908996582, 337.0], "angles": [0.0, 0.0, 0.038936077455552755], "sizes": [1.0, 1.0, 1.0]}, {"translations": [1119.9913635253906, 3.2526063919067383, 487.0], "angles": [0.0, 0.0, 0.0302165400541697], "sizes": [1.0, 1.0, 1.0]}, {"translations": [1077.6289291381836, 2.102322578430176, 637.0], "angles": [0.0, 0.0, -0.011341173745572307], "sizes": [1.0, 1.0, 1.0]}, {"translations": [1097.8147430419922, 5.8795952796936035, 787.0], "angles": [0.0, 0.0, -0.037496318340228936], "sizes": [1.0, 1.0, 1.0]}, {"translations": [1076.9691009521484, 9.166719436645508, 937.0], "angles": [0.0, 0.0, 0.028523450569013], "sizes": [1.0, 1.0, 1.0]}, {"translations": [1091.789794921875, 0.4271697998046875, 1087.0], "angles": [0.0, 0.0, -0.00252874678228275], "sizes": [1.0, 1.0, 1.0]}, {"translations": [1113.577880859375, 6.80105447769165, 1237.0], "angles": [0.0, 0.0, 0.029556350348175307], "sizes": [0.9999999999999999, 0.9999999999999999, 1.0]}, {"translations": [1099.5581512451172, -3.2606863975524902, 1387.0], "angles": [0.0, 0.0, -0.025483139303309765], "sizes": [1.0, 1.0, 1.0]}, {"translations": [1493.0019912719727, 3.831033706665039, 37.0], "angles": [0.0, 0.0, -0.03791947227454922], "sizes": [1.0, 1.0, 1.0]}, {"translations": [1520.6486511230469, 1.4619636535644531, 187.0], "angles": [0.0, 0.0, 0.039329940013200046], "sizes": [1.0, 1.0, 1.0]}, {"translations": [1476.0175323486328, 1.4052867889404297, 337.0], "angles": [0.0, 0.0, -0.011988298654743997], "sizes": [0.9999999999999999, 0.9999999999999999, 1.0]}, {"translations": [1486.9216995239258, -2.281332015991211, 487.0], "angles": [0.0, 0.0, -0.0348827290033746], "sizes": [1.0, 1.0, 1.0]}, {"translations": [1494.5490188598633, -4.324848651885986, 637.0], "angles": [0.0, 0.0, 0.038076489462630474], "sizes": [1.0, 1.0, 1.0]}, {"translations": [1480.1718292236328, 4.431722164154053, 787.0], "angles": [0.0, 0.0, 0.03280925312736732], "sizes": [1.0, 1.0, 1.0]}, {"translations": [1512.893051147461, -4.739868640899658, 937.0], "angles": [0.0, 0.0, -0.006382417275763621], "sizes": [1.0, 1.0, 1.0]}, {"translations": [1475.1225967407227, 9.815754890441895, 1087.0], "angles": [0.0, 0.0, -0.041671669020853896], "sizes": [0.9999999999999999, 0.9999999999999999, 1.0]}, {"translations": [1510.9393844604492, -5.155339241027832, 1237.0], "angles": [0.0, 0.0, 0.03671918595759125], "sizes": [1.0, 1.0, 1.0]}, {"translations": [1503.839828491211, 4.429993629455566, 1387.0], "angles": [0.0, 0.0, -0.010220014852789625], "sizes": [1.0, 1.0, 1.0]}, {"translations": [1893.6253204345703, 9.805569648742676, 37.0], "angles": [0.0, 0.0, -0.009849843699899353], "sizes": [1.0, 1.0, 1.0]}, {"translations": [1874.5880508422852, 3.6362338066101074, 187.0], "angles": [0.0, 0.0, -0.03358649038212656], "sizes": [1.0, 1.0, 1.0]}, {"translations": [1885.365852355957, 6.969821453094482, 337.0], "angles": [0.0, 0.0, -0.002246442109356276], "sizes": [1.0, 1.0, 1.0]}, {"translations": [1894.2260513305664, 8.078994750976562, 487.0], "angles": [0.0, 0.0, 0.04120599952370234], "sizes": [0.9999999999999999, 0.9999999999999999, 1.0]}, {"translations": [1903.9544296264648, 9.549428939819336, 637.0], "angles": [0.0, 0.0, 0.012006937360180766], "sizes": [1.0, 1.0, 1.0]}, {"translations": [1894.2759628295898, 4.0348219871521, 787.0], "angles": [0.0, 0.0, -0.043198992080873105], "sizes": [1.0, 1.0, 1.0]}, {"translations": [1907.4932556152344, -3.541259765625, 937.0], "angles": [0.0, 0.0, 0.02528612056868985], "sizes": [0.9999999999999999, 0.9999999999999999, 1.0]}, {"translations": [1916.8948440551758, -9.471297264099121, 1087.0], "angles": [0.0, 0.0, -0.013394375954138544], "sizes": [1.0, 1.0, 1.0]}, {"translations": [1890.3742980957031, 5.535857677459717, 1237.0], "angles": [0.0, 0.0, 0.019747990646726683], "sizes": [0.9999999999999999, 0.9999999999999999, 1.0]}, {"translations": [1888.702293395996, -3.702082633972168, 1387.0], "angles": [0.0, 0.0, 0.007247953109828926], "sizes": [0.9999999999999999, 0.9999999999999999, 1.0]}, {"translations": [2276.5075759887695, 2.395656108856201, 37.0], "angles": [0.0, 0.0, -0.036083095665870396], "sizes": [0.9999999999999999, 0.9999999999999999, 1.0]}, {"translations": [2283.2667846679688, 0.1521778106689453, 187.0], "angles": [0.0, 0.0, 0.014784452670205622], "sizes": [1.0, 1.0, 1.0]}, {"translations": [2283.8535766601562, 0.5452275276184082, 337.0], "angles": [0.0, 0.0, -0.026249895926655036], "sizes": [0.9999999999999999, 0.9999999999999999, 1.0]}, {"translations": [2306.204902648926, 0.4858231544494629, 487.0], "angles": [0.0, 0.0, 0.00866475145680502], "sizes": [1.0, 1.0, 1.0]}, {"translations": [2319.8807067871094, -6.692960262298584, 637.0], "angles": [0.0, 0.0, -0.004033468769114398], "sizes": [1.0, 1.0, 1.0]}, {"translations": [2286.3238677978516, -7.900900840759277, 787.0], "angles": [0.0, 0.0, -0.029921056601230126], "sizes": [1.0, 1.0, 1.0]}, {"translations": [2274.611427307129, 4.342007637023926, 937.0], "angles": [0.0, 0.0, -0.004057439623515481], "sizes": [1.0, 1.0, 1.0]}, {"translations": [2293.130142211914, 6.360223293304443, 1087.0], "angles": [0.0, 0.0, -0.023954904245892538], "sizes": [1.0, 1.0, 1.0]}, {"translations": [2315.5845489501953, -8.731592178344727, 1237.0], "angles": [0.0, 0.0, 0.024852151342250772], "sizes": [1.0, 1.0, 1.0]}, {"translations": [2322.453857421875, -3.7424254417419434, 1387.0], "angles": [0.0, 0.0, -0.00833984714642764], "sizes": [1.0, 1.0, 1.0]}, {"translations": [2686.203598022461, -4.518120288848877, 37.0], "angles": [0.0, 0.0, -0.010243982047892968], "sizes": [1.0, 1.0, 1.0]}, {"translations": [2687.9570083618164, -5.466940402984619, 187.0], "angles": [0.0, 0.0, -0.022091129729156063], "sizes": [0.9999999999999999, 0.9999999999999999, 1.0]}, {"translations": [2703.031707763672, 9.540740966796875, 337.0], "angles": [0.0, 0.0, 0.02860331696276067], "sizes": [1.0, 1.0, 1.0]}, {"translations": [2716.9498748779297, -8.810394287109375, 487.0], "angles": [0.0, 0.0, -0.012678025707236343], "sizes": [1.0, 1.0, 1.0]}, {"translations": [2689.1847534179688, 5.577380657196045, 637.0], "angles": [0.0, 0.0, -0.0355188508245545], "sizes": [0.9999999999999999, 0.9999999999999999, 1.0]}, {"translations": [2689.9698028564453, 7.717952728271484, 787.0], "angles": [0.0, 0.0, -0.040463576553687916], "sizes": [1.0, 1.0, 1.0]}, {"translations": [2674.2404708862305, 0.40405988693237305, 937.0], "angles": [0.0, 0.0, 0.03389791319677662], "sizes": [1.0, 1.0, 1.0]}, {"translations": [2706.7592849731445, -3.383955955505371, 1087.0], "angles": [0.0, 0.0, -0.015916197041405313], "sizes": [1.0, 1.0, 1.0]}, {"translations": [2710.554428100586, -5.5739641189575195, 1237.0], "angles": [0.0, 0.0, -0.0022597604817445696], "sizes": [1.0, 1.0, 1.0]}, {"translations": [2701.164505004883, 2.145659923553467, 1387.0], "angles": [0.0, 0.0, 0.04080684889436139], "sizes": [0.9999999999999999, 0.9999999999999999, 1.0]}, {"translations": [3090.5760040283203, -5.5121564865112305, 37.0], "angles": [0.0, 0.0, -0.0249373481651202], "sizes": [1.0, 1.0, 1.0]}, {"translations": [3074.5126724243164, 9.49099349975586, 187.0], "angles": [0.0, 0.0, 0.0386114119699135], "sizes": [1.0, 1.0, 1.0]}, {"translations": [3077.9605712890625, 7.635831832885742, 337.0], "angles": [0.0, 0.0, 0.03530326174974805], "sizes": [0.9999999999999999, 0.9999999999999999, 1.0]}, {"translations": [3096.325180053711, -5.7010817527771, 487.0], "angles": [0.0, 0.0, -0.006435682004319664], "sizes": [0.9999999999999999, 0.9999999999999999, 1.0]}, {"translations": [3113.7110900878906, 1.8576598167419434, 637.0], "angles": [0.0, 0.0, 0.007884445984514927], "sizes": [1.0, 1.0, 1.0]}, {"translations": [3114.6576538085938, 0.9525680541992188, 787.0], "angles": [0.0, 0.0, 0.004646008247297785], "sizes": [1.0, 1.0, 1.0]}, {"translations": [3107.4263076782227, -6.521337032318115, 937.0], "angles": [0.0, 0.0, 0.03252177690482652], "sizes": [1.0, 1.0, 1.0]}, {"translations": [3075.745559692383, -8.068273544311523, 1087.0], "angles": [0.0, 0.0, -0.037637370402485305], "sizes": [1.0, 1.0, 1.0]}, {"translations": [3115.12003326416, 9.273529052734375, 1237.0], "angles": [0.0, 0.0, -0.027783364472878845], "sizes": [1.0, 1.0, 1.0]}, {"translations": [3085.7937622070312, -9.397635459899902, 1387.0], "angles": [0.0, 0.0, 0.021814219402723826], "sizes": [1.0, 1.0, 1.0]}], "SM_CardBoxC_02": [{"translations": [2560.399745941162, -8.810394287109375, 508.0], "angles": [0.0, 0.0, 0.4453024412537944], "sizes": [0.9999999999999999, 0.9999999999999999, 1.0]}, {"translations": [2471.29713296409, 23.372946390986623, 208.0], "angles": [0.0, 0.0, 0.9283463573925237], "sizes": [1.0000000000000004, 1.0000000000000004, 1.0]}, {"translations": [2046.9757386142423, 35.54463189088716, 958.0], "angles": [0.0, 0.0, 0.22790649433522783], "sizes": [1.0, 1.0, 1.0]}, {"translations": [2122.262821373672, 30.903621212849608, 208.0], "angles": [0.0, 0.0, 0.9902684414053471], "sizes": [0.999999999999999, 0.999999999999999, 1.0]}, {"translations": [1685.9396187061477, 39.03503160095214, 508.0], "angles": [0.0, 0.0, 0.9837999839623903], "sizes": [1.0000000000000004, 1.0000000000000004, 1.0]}, {"translations": [1366.1593214272837, -23.450134597741194, 1408.0], "angles": [0.0, 0.0, -0.039049874271520485], "sizes": [0.9999999999999999, 0.9999999999999999, 1.0]}, {"translations": [852.2130704282661, 40.84229968140257, 958.0], "angles": [0.0, 0.0, 0.019176909047193623], "sizes": [1.0, 1.0, 1.0]}, {"translations": [508.85563535123185, 22.595509011490932, 958.0], "angles": [0.0, 0.0, -0.4674177470242283], "sizes": [1.0, 1.0, 1.0]}, {"translations": [480.0860091586022, -23.80977188591852, 58.0], "angles": [0.0, 0.0, -0.04839181891277981], "sizes": [1.0, 1.0, 1.0]}, {"translations": [173.29127521633072, 26.610773092417226, 1108.0], "angles": [0.0, 0.0, 0.983932502230579], "sizes": [1.0000000000000007, 1.0000000000000007, 1.0]}, {"translations": [75.81824212426062, 29.956775294587626, 58.0], "angles": [0.0, 0.0, 0.8614673181082528], "sizes": [1.0, 1.0, 1.0]}, {"translations": [1149.93658116782, 5.0647709394966824, 508.0], "angles": [0.0, 0.0, -0.8534798096919386], "sizes": [0.9999999999999998, 0.9999999999999998, 1.0]}, {"translations": [723.7927879625958, 34.89337687938291, 1108.0], "angles": [0.0, 0.0, 0.9755232343619257], "sizes": [1.0000000000000004, 1.0000000000000004, 1.0]}, {"translations": [700.7943972577796, 39.31952885413119, 808.0], "angles": [0.0, 0.0, -0.5834471133665028], "sizes": [1.0000000000000002, 1.0000000000000002, 1.0]}, {"translations": [324.0330682510134, 37.528864927934244, 808.0], "angles": [0.0, 0.0, -0.16227961258360643], "sizes": [1.0, 1.0, 1.0]}, {"translations": [1858.2705796016767, 25.859899632794594, 1408.0], "angles": [0.0, 0.0, 0.8857309550129727], "sizes": [0.9999999999999997, 0.9999999999999997, 1.0]}, {"translations": [1866.7981875215469, -24.2893893123943, 508.0], "angles": [0.0, 0.0, 0.07300411438954636], "sizes": [1.0, 1.0, 1.0]}, {"translations": [1108.630996421231, -19.073754626388457, 958.0], "angles": [0.0, 0.0, -0.01855577072703341], "sizes": [0.9999999999999999, 0.9999999999999999, 1.0]}, {"translations": [3079.4400420625907, -38.40815149992059, 958.0], "angles": [-0.0, -0.0, 0.006582416991144245], "sizes": [1.0, 1.0, 1.0]}], "SM_CardBoxD_05": [{"translations": [2500.171806508124, -17.859699894668783, 358.0], "angles": [0.0, 0.0, 0.5688815222963824], "sizes": [1.0, 1.0, 1.0]}, {"translations": [2559.9638487594148, -22.85086042302828, 358.0], "angles": [0.0, 0.0, 0.21683250615537156], "sizes": [1.0, 1.0, 1.0]}, {"translations": [2044.520222731, -24.405100733597042, 958.0], "angles": [0.0, 0.0, -0.11181481648239026], "sizes": [1.0, 1.0, 1.0]}, {"translations": [2096.9264690383943, 22.01675239075909, 808.0], "angles": [0.0, 0.0, 0.9176971459878719], "sizes": [1.0, 1.0, 1.0]}, {"translations": [2051.2151879614926, 34.00439649049092, 58.0], "angles": [0.0, 0.0, 0.7952971578594056], "sizes": [1.0000000000000002, 1.0000000000000002, 1.0]}, {"translations": [1731.4955816838226, -40.63055295829229, 1108.0], "angles": [0.0, 0.0, -0.6934604179303341], "sizes": [1.0000000000000004, 1.0000000000000004, 1.0]}, {"translations": [1791.448947619242, -38.26540750532537, 1108.0], "angles": [0.0, 0.0, 0.8178056900437833], "sizes": [1.0000000000000004, 1.0000000000000004, 1.0]}, {"translations": [1322.495433759741, -34.94775329891124, 958.0], "angles": [0.0, 0.0, 0.10546684290422352], "sizes": [1.0, 1.0, 1.0]}, {"translations": [1254.8027473051147, -23.377988607099677, 808.0], "angles": [0.0, 0.0, -0.6000748715616473], "sizes": [1.0000000000000002, 1.0000000000000002, 1.0]}, {"translations": [925.2237126398687, -24.688928358357476, 1258.0], "angles": [0.0, 0.0, -0.7210095618027509], "sizes": [1.0000000000000002, 1.0000000000000002, 1.0]}, {"translations": [985.1457369254045, -21.63098697179508, 1258.0], "angles": [-0.0, -0.0, 0.002711608573560874], "sizes": [1.0, 1.0, 1.0]}, {"translations": [106.5323872435671, 18.21290099946061, 508.0], "angles": [0.0, 0.0, -0.7899414078720288], "sizes": [1.0000000000000002, 1.0000000000000002, 1.0]}, {"translations": [197.15028935845018, -30.293226853035282, 358.0], "angles": [0.0, 0.0, -0.20928833640843797], "sizes": [1.0, 1.0, 1.0]}, {"translations": [1047.6366464714993, 2.782749239948246, 658.0], "angles": [0.0, 0.0, -0.1492316465954874], "sizes": [0.9999999999999999, 0.9999999999999999, 1.0]}, {"translations": [2958.8473780076047, 39.19942483430248, 1258.0], "angles": [0.0, 0.0, 0.1573250045750009], "sizes": [1.0, 1.0, 1.0]}, {"translations": [728.1390648409613, -24.948998385111604, 1108.0], "angles": [0.0, 0.0, 0.9922390722188291], "sizes": [1.0, 1.0, 1.0]}, {"translations": [706.6243372390254, -6.397429790824491, 958.0], "angles": [0.0, 0.0, 0.9874441264657859], "sizes": [0.9999999999999996, 0.9999999999999996, 1.0]}, {"translations": [277.40866215698276, 27.757610562844164, 1108.0], "angles": [0.0, 0.0, -0.4240915777070184], "sizes": [0.9999999999999999, 0.9999999999999999, 1.0]}, {"translations": [2928.0594240500072, -10.695800400439644, 1408.0], "angles": [0.0, 0.0, -0.5702075713761354], "sizes": [1.0000000000000002, 1.0000000000000002, 1.0]}, {"translations": [2740.689706992259, 24.290144207277347, 1258.0], "angles": [0.0, 0.0, -0.4070230417627085], "sizes": [0.9999999999999998, 0.9999999999999998, 1.0]}, {"translations": [2676.273176811416, -29.526996001921855, 958.0], "angles": [0.0, 0.0, 0.9858653701627155], "sizes": [0.9999999999999998, 0.9999999999999998, 1.0]}, {"translations": [2721.2388444118574, 33.37189901164, 658.0], "angles": [0.0, 0.0, 0.9945228953020411], "sizes": [0.9999999999999998, 0.9999999999999998, 1.0]}, {"translations": [2734.698115599415, -18.69467322850741, 358.0], "angles": [0.0, 0.0, -0.32626801734556715], "sizes": [1.0, 1.0, 1.0]}, {"translations": [2319.8807067871094, -6.692960262298584, 658.0], "angles": [0.0, 0.0, -0.17446048958502197], "sizes": [1.0, 1.0, 1.0]}, {"translations": [2276.7292728950915, -30.029537741579098, 508.0], "angles": [0.0, 0.0, 0.9971939685187652], "sizes": [1.0000000000000004, 1.0000000000000004, 1.0]}, {"translations": [1926.5944353939374, -19.348869058042894, 508.0], "angles": [0.0, 0.0, -0.006807594697650635], "sizes": [1.0, 1.0, 1.0]}, {"translations": [1538.6568211397591, 26.96542824557573, 1258.0], "angles": [0.0, 0.0, 0.9426749301206329], "sizes": [1.0000000000000004, 1.0000000000000004, 1.0]}, {"translations": [1488.3834911981473, 29.01118242689186, 208.0], "angles": [0.0, 0.0, 0.9223544000636372], "sizes": [1.0000000000000002, 1.0000000000000002, 1.0]}, {"translations": [1145.2980724470845, -21.373924593090475, 1258.0], "angles": [0.0, 0.0, -0.7618746159471222], "sizes": [1.0000000000000002, 1.0000000000000002, 1.0]}, {"translations": [3116.7863916161655, 39.227214132248406, 1258.0], "angles": [0.0, 0.0, 0.994563248314563], "sizes": [1.0000000000000004, 1.0000000000000004, 1.0]}, {"translations": [3119.042916165413, -36.97061978939769, 58.0], "angles": [0.0, 0.0, 0.9060371595442347], "sizes": [1.0000000000000004, 1.0000000000000004, 1.0]}], "SM_CardBoxC_01": [{"translations": [2533.5309157419647, -34.306827196955865, 208.0], "angles": [0.0, 0.0, 0.6029629071439181], "sizes": [1.0000000000000002, 1.0000000000000002, 1.0]}, {"translations": [2201.4071253820507, -3.55315022119179, 1408.0], "angles": [0.0, 0.0, -0.7849891569283682], "sizes": [1.0, 1.0, 1.0]}, {"translations": [2127.6735319327386, -9.247143758892282, 1258.0], "angles": [0.0, 0.0, 0.9287071829924507], "sizes": [1.0000000000000004, 1.0000000000000004, 1.0]}, {"translations": [2107.8151007347965, -29.21308427277852, 58.0], "angles": [0.0, 0.0, -0.3515493554132593], "sizes": [1.0, 1.0, 1.0]}, {"translations": [1682.3381543646772, -18.71207700948196, 58.0], "angles": [0.0, 0.0, 0.5662133516235769], "sizes": [1.0000000000000002, 1.0000000000000002, 1.0]}, {"translations": [1276.7451858520508, 9.815754890441895, 1108.0], "angles": [0.0, 0.0, 0.34842195077042626], "sizes": [1.0, 1.0, 1.0]}, {"translations": [982.0877955388422, 38.29103731374077, 1258.0], "angles": [0.0, 0.0, 0.7763557833030916], "sizes": [1.0000000000000004, 1.0000000000000004, 1.0]}, {"translations": [559.4501460409692, -36.87487339912366, 1408.0], "angles": [0.0, 0.0, 0.9996528506869562], "sizes": [1.0000000000000016, 1.0000000000000016, 1.0]}, {"translations": [562.5185659228318, -21.237728044486108, 808.0], "angles": [0.0, 0.0, 0.8696997866762488], "sizes": [1.0, 1.0, 1.0]}, {"translations": [104.02665713137367, -32.17874840646938, 958.0], "angles": [0.0, 0.0, 0.9068626666161971], "sizes": [1.0, 1.0, 1.0]}, {"translations": [2924.7068592674677, -18.545055249549236, 1258.0], "angles": [0.0, 0.0, 0.9903418359586595], "sizes": [1.0000000000000004, 1.0000000000000004, 1.0]}, {"translations": [1147.2760351488505, 31.146674062037885, 208.0], "angles": [0.0, 0.0, 0.5093992521271916], "sizes": [0.9999999999999999, 0.9999999999999999, 1.0]}, {"translations": [684.1909332275391, 8.459146499633789, 508.0], "angles": [0.0, 0.0, 0.9086638527147011], "sizes": [0.9999999999999997, 0.9999999999999997, 1.0]}, {"translations": [652.3958494228569, 26.792035009063607, 208.0], "angles": [0.0, 0.0, -0.6150517431129864], "sizes": [1.0, 1.0, 1.0]}, {"translations": [345.78620557040506, -29.882821914725334, 1408.0], "angles": [0.0, 0.0, -0.3717313078079312], "sizes": [1.0, 1.0, 1.0]}, {"translations": [335.4034966648799, -28.786017383993634, 958.0], "angles": [-0.0, -0.0, 0.01582792853299464], "sizes": [0.9999999999999999, 0.9999999999999999, 1.0]}, {"translations": [2719.8715647947943, 5.2921264809278625, 808.0], "angles": [0.0, 0.0, 0.9839151736723214], "sizes": [1.0000000000000004, 1.0000000000000004, 1.0]}, {"translations": [2292.4580306049006, -3.242052015113157, 1408.0], "angles": [0.0, 0.0, -0.18705827087389928], "sizes": [1.0, 1.0, 1.0]}, {"translations": [2306.4294566011995, 0.23208022262475847, 58.0], "angles": [0.0, 0.0, 0.7883675812260065], "sizes": [1.0000000000000007, 1.0000000000000007, 1.0]}, {"translations": [1861.8576672671954, 35.50685855999602, 508.0], "angles": [0.0, 0.0, -0.7405674280670536], "sizes": [1.0000000000000002, 1.0000000000000002, 1.0]}, {"translations": [1513.141049864096, -35.074441323984544, 1258.0], "angles": [0.0, 0.0, -0.08838927925485736], "sizes": [1.0, 1.0, 1.0]}, {"translations": [1121.9411355700872, 30.275061804357875, 1108.0], "angles": [0.0, 0.0, 0.982192639800889], "sizes": [0.9999999999999998, 0.9999999999999998, 1.0]}], "SM_CardBoxB_02": [{"translations": [2498.907196044922, -4.518120288848877, 58.0], "angles": [0.0, 0.0, 0.5866415851743279], "sizes": [1.0, 1.0, 1.0]}, {"translations": [2166.5301072669854, 32.69015390566791, 508.0], "angles": [0.0, 0.0, -0.05621541281920995], "sizes": [1.0, 1.0, 1.0]}, {"translations": [1709.2784247492666, 35.46710832044005, 1258.0], "angles": [0.0, 0.0, 0.9994253367809521], "sizes": [1.0000000000000002, 1.0000000000000002, 1.0]}, {"translations": [1744.9716948079229, 1.842240384127587, 808.0], "angles": [0.0, 0.0, -0.48637042168620503], "sizes": [1.0, 1.0, 1.0]}, {"translations": [1667.2318696231807, 7.069293302388863, 358.0], "angles": [0.0, 0.0, -0.7440408946325223], "sizes": [1.0000000000000002, 1.0000000000000002, 1.0]}, {"translations": [1382.0767632007082, 25.46801601711192, 958.0], "angles": [0.0, 0.0, -0.8599247067950481], "sizes": [0.9999999999999999, 0.9999999999999999, 1.0]}, {"translations": [966.360731861863, -26.7471455289396, 508.0], "angles": [0.0, 0.0, -0.4584603244167873], "sizes": [0.9999999999999999, 0.9999999999999999, 1.0]}, {"translations": [967.9355615144417, 23.52339105124809, 358.0], "angles": [0.0, 0.0, 0.8806212328744376], "sizes": [1.0000000000000007, 1.0000000000000007, 1.0]}, {"translations": [130.66290265111866, -26.274180033541317, 1408.0], "angles": [0.0, 0.0, -0.8330619137683589], "sizes": [1.0000000000000004, 1.0000000000000004, 1.0]}, {"translations": [172.78022028916203, -38.02057805110414, 1258.0], "angles": [0.0, 0.0, 0.9912829579224585], "sizes": [0.9999999999999998, 0.9999999999999998, 1.0]}, {"translations": [2949.132610320204, -4.669252223198215, 508.0], "angles": [0.0, 0.0, 0.8958778167991477], "sizes": [0.9999999999999999, 0.9999999999999999, 1.0]}, {"translations": [2888.1362803650604, 23.249338930426394, 508.0], "angles": [0.0, 0.0, -0.6008534495221558], "sizes": [1.0000000000000002, 1.0000000000000002, 1.0]}, {"translations": [2528.8290100097656, 2.145659923553467, 1408.0], "angles": [0.0, 0.0, 0.9230678418740856], "sizes": [1.0000000000000002, 1.0000000000000002, 1.0]}, {"translations": [659.7267556645337, 8.839400629286281, 1258.0], "angles": [0.0, 0.0, 0.8651655560279563], "sizes": [0.9999999999999997, 0.9999999999999997, 1.0]}, {"translations": [323.71510792896953, -38.02007251635372, 1258.0], "angles": [0.0, 0.0, 0.9332770899098946], "sizes": [1.0000000000000007, 1.0000000000000007, 1.0]}, {"translations": [324.76123435084685, -22.466716360449432, 808.0], "angles": [0.0, 0.0, -0.691380553400644], "sizes": [0.9999999999999999, 0.9999999999999999, 1.0]}, {"translations": [322.4277494374089, -29.471764324799278, 358.0], "angles": [0.0, 0.0, -0.835480065054647], "sizes": [1.0000000000000007, 1.0000000000000007, 1.0]}, {"translations": [2659.2604487438025, 7.707166976918272, 658.0], "angles": [0.0, 0.0, 0.26220944218561865], "sizes": [1.0, 1.0, 1.0]}, {"translations": [2317.0752174770073, -38.69453441276444, 1258.0], "angles": [0.0, 0.0, -0.845405027151518], "sizes": [1.0, 1.0, 1.0]}, {"translations": [2264.6014542671096, 37.76267485600851, 1108.0], "angles": [0.0, 0.0, 0.6279061339904572], "sizes": [1.0000000000000004, 1.0000000000000004, 1.0]}, {"translations": [2244.422119490108, -25.362648617342415, 58.0], "angles": [0.0, 0.0, 0.9796857490695833], "sizes": [1.0000000000000018, 1.0000000000000018, 1.0]}, {"translations": [1886.1020181518645, -38.656942243923865, 1108.0], "angles": [0.0, 0.0, 0.996611538487118], "sizes": [1.0000000000000002, 1.0000000000000002, 1.0]}, {"translations": [1946.0804890350005, -40.264123167410276, 1108.0], "angles": [0.0, 0.0, 0.18833774078643775], "sizes": [1.0, 1.0, 1.0]}, {"translations": [1863.0401796473104, -19.59764723348796, 58.0], "angles": [0.0, 0.0, 0.6903591854448942], "sizes": [1.0000000000000002, 1.0000000000000002, 1.0]}, {"translations": [1445.2267884206617, 12.313883167807255, 1108.0], "angles": [0.0, 0.0, -0.5838803989486875], "sizes": [0.9999999999999999, 0.9999999999999999, 1.0]}, {"translations": [1542.890607032444, -5.1228058776850895, 958.0], "angles": [0.0, 0.0, 0.39934325692028866], "sizes": [0.9999999999999999, 0.9999999999999999, 1.0]}, {"translations": [1484.8300095354625, -32.20832372902784, 508.0], "angles": [0.0, 0.0, 0.9905071717092465], "sizes": [1.0000000000000004, 1.0000000000000004, 1.0]}, {"translations": [1085.4029017885928, -24.919137110017733, 1258.0], "angles": [0.0, 0.0, 0.8873359176847012], "sizes": [1.0000000000000002, 1.0000000000000002, 1.0]}, {"translations": [3143.4073599916687, -22.346514378785177, 1258.0], "angles": [0.0, 0.0, -0.43347669449830933], "sizes": [1.0, 1.0, 1.0]}, {"translations": [3103.403923216989, -40.239921421607704, 1108.0], "angles": [0.0, 0.0, 0.9061370098536623], "sizes": [0.9999999999999999, 0.9999999999999999, 1.0]}, {"translations": [3105.7689167533445, 39.67792793378307, 358.0], "angles": [0.0, 0.0, 0.05161728046167824], "sizes": [1.0, 1.0, 1.0]}], "SM_CardBoxD_04": [{"translations": [2141.4083195642384, -3.931700662292097, 1408.0], "angles": [0.0, 0.0, -0.2701687893032768], "sizes": [1.0, 1.0, 1.0]}, {"translations": [2196.1536350854776, -9.233602909793422, 658.0], "angles": [0.0, 0.0, 0.35185558744510675], "sizes": [1.0, 1.0, 1.0]}, {"translations": [1682.9395749074122, -23.692365558566472, 808.0], "angles": [0.0, 0.0, 0.08556059045089094], "sizes": [1.0, 1.0, 1.0]}, {"translations": [1764.3999582059707, 8.81900032524723, 658.0], "angles": [0.0, 0.0, 0.9665223983610662], "sizes": [1.0000000000000009, 1.0000000000000009, 1.0]}, {"translations": [1329.5875377932168, -33.01860422436427, 508.0], "angles": [0.0, 0.0, -0.5362618300862269], "sizes": [1.0, 1.0, 1.0]}, {"translations": [925.6163024902344, -3.2606863975524902, 1408.0], "angles": [0.0, 0.0, 0.7677268095484471], "sizes": [1.0, 1.0, 1.0]}, {"translations": [518.7196373437583, 32.79876848014547, 1108.0], "angles": [0.0, 0.0, 0.9326569096642322], "sizes": [1.0, 1.0, 1.0]}, {"translations": [464.9293064698256, 6.772685610716716, 508.0], "angles": [0.0, 0.0, -0.3993636474364834], "sizes": [1.0, 1.0, 1.0]}, {"translations": [491.1879868943223, 27.06994806908409, 208.0], "angles": [0.0, 0.0, -0.37855340518389835], "sizes": [1.0, 1.0, 1.0]}, {"translations": [193.8115999123579, 30.40246448788702, 1408.0], "angles": [0.0, 0.0, -0.17596513853824683], "sizes": [1.0, 1.0, 1.0]}, {"translations": [144.10345185178542, 38.31642940878186, 808.0], "angles": [0.0, 0.0, 0.5739617953398347], "sizes": [1.0000000000000002, 1.0000000000000002, 1.0]}, {"translations": [2953.922176361084, 1.8576598167419434, 658.0], "angles": [0.0, 0.0, -0.4968720038963757], "sizes": [0.9999999999999999, 0.9999999999999999, 1.0]}, {"translations": [2548.0165670945134, 24.423265387258002, 1258.0], "angles": [0.0, 0.0, -0.23185888095420581], "sizes": [1.0, 1.0, 1.0]}, {"translations": [2474.9809494018555, 0.40405988693237305, 958.0], "angles": [0.0, 0.0, 0.5539154905857664], "sizes": [1.0, 1.0, 1.0]}, {"translations": [2504.3815957803445, -24.418651460432944, 658.0], "angles": [0.0, 0.0, 0.42529379554903773], "sizes": [0.9999999999999999, 0.9999999999999999, 1.0]}, {"translations": [703.4415435791016, 8.623649597167969, 358.0], "angles": [0.0, 0.0, 0.8944220257368726], "sizes": [1.0000000000000002, 1.0000000000000002, 1.0]}, {"translations": [351.420397326642, 23.07343728126076, 1258.0], "angles": [0.0, 0.0, 0.17847306885549444], "sizes": [1.0, 1.0, 1.0]}, {"translations": [273.30940395197314, -3.402486302583033, 958.0], "angles": [0.0, 0.0, -0.5161912439144954], "sizes": [1.0, 1.0, 1.0]}, {"translations": [243.21686975072532, -27.793840055651724, 208.0], "angles": [0.0, 0.0, 0.606309907959867], "sizes": [1.0000000000000004, 1.0000000000000004, 1.0]}, {"translations": [2274.854871680625, 34.34101986804602, 958.0], "angles": [0.0, 0.0, 0.6744043273377818], "sizes": [1.0000000000000002, 1.0000000000000002, 1.0]}, {"translations": [1097.8147430419922, 5.8795952796936035, 808.0], "angles": [0.0, 0.0, 0.3914797838718717], "sizes": [1.0, 1.0, 1.0]}, {"translations": [1879.0483010162245, -35.019578619405394, 958.0], "angles": [0.0, 0.0, 0.8115139009486578], "sizes": [1.0000000000000007, 1.0000000000000007, 1.0]}, {"translations": [1903.9544296264648, 9.549428939819336, 658.0], "angles": [0.0, 0.0, 0.9180928801581352], "sizes": [0.9999999999999998, 0.9999999999999998, 1.0]}, {"translations": [1915.5003357522887, 36.83473247650474, 358.0], "angles": [0.0, 0.0, 0.09648357154187887], "sizes": [1.0, 1.0, 1.0]}, {"translations": [1473.2329265471144, -24.950570582016905, 1408.0], "angles": [0.0, 0.0, -0.1088444180018367], "sizes": [1.0, 1.0, 1.0]}, {"translations": [1129.519187821792, -4.789178219954427, 1408.0], "angles": [0.0, 0.0, 0.9182038611408952], "sizes": [1.0, 1.0, 1.0]}, {"translations": [3042.287165722732, 37.08658586205425, 208.0], "angles": [0.0, 0.0, 0.9079171999264688], "sizes": [0.9999999999999999, 0.9999999999999999, 1.0]}, {"translations": [2731.0645930698815, 4.592031462244673, 1408.0], "angles": [0.0, 0.0, 0.8634216458474955], "sizes": [1.0000000000000004, 1.0000000000000004, 1.0]}], "SM_CardBoxB_01": [{"translations": [2142.673202513211, 4.076175364098724, 1108.0], "angles": [0.0, 0.0, 0.9684350343165731], "sizes": [1.0000000000000004, 1.0000000000000004, 1.0]}, {"translations": [1380.149492024349, 22.962655678001926, 1258.0], "angles": [0.0, 0.0, 0.8863200382587414], "sizes": [1.0, 1.0, 1.0]}, {"translations": [1310.3144654050434, -26.702891569937407, 358.0], "angles": [0.0, 0.0, 0.9036683404005362], "sizes": [1.0, 1.0, 1.0]}, {"translations": [1306.6432430561435, 33.18468749671828, 358.0], "angles": [0.0, 0.0, 0.63388224305704], "sizes": [1.0000000000000002, 1.0000000000000002, 1.0]}, {"translations": [1312.517804661603, -26.168963109152518, 58.0], "angles": [0.0, 0.0, 0.8828527436718583], "sizes": [0.9999999999999992, 0.9999999999999992, 1.0]}, {"translations": [941.6764266632854, 28.740424383639798, 1108.0], "angles": [0.0, 0.0, -0.27128105080390835], "sizes": [1.0, 1.0, 1.0]}, {"translations": [891.5025598788637, -23.48009462374539, 808.0], "angles": [0.0, 0.0, 0.9194294675378855], "sizes": [1.0, 1.0, 1.0]}, {"translations": [879.4096035951598, 30.34615648468321, 58.0], "angles": [0.0, 0.0, 0.9529556857245971], "sizes": [1.000000000000001, 1.000000000000001, 1.0]}, {"translations": [563.3676757862054, 7.661931167514263, 358.0], "angles": [0.0, 0.0, 0.27161100276036837], "sizes": [1.0, 1.0, 1.0]}, {"translations": [522.5186927993651, -32.24604359835513, 208.0], "angles": [0.0, 0.0, 0.7746454613210041], "sizes": [1.0000000000000002, 1.0000000000000002, 1.0]}, {"translations": [484.4724472622962, 36.029672970818424, 58.0], "angles": [0.0, 0.0, -0.24257746322975912], "sizes": [1.0, 1.0, 1.0]}, {"translations": [46.7479907241722, 23.294823156653038, 508.0], "angles": [0.0, 0.0, 0.9976919663599452], "sizes": [0.9999999999999997, 0.9999999999999997, 1.0]}, {"translations": [1090.0461458829614, 1.4404418443167946, 508.0], "angles": [0.0, 0.0, 0.983431056941782], "sizes": [1.0000000000000002, 1.0000000000000002, 1.0]}, {"translations": [2907.6686306392226, 22.250792710842113, 1108.0], "angles": [0.0, 0.0, 0.04670424869075834], "sizes": [1.0, 1.0, 1.0]}, {"translations": [2936.213631340317, -36.88465519798403, 58.0], "angles": [0.0, 0.0, 0.9867478002671533], "sizes": [0.9999999999999993, 0.9999999999999993, 1.0]}, {"translations": [2569.906518000314, -5.97443103160567, 1108.0], "angles": [0.0, 0.0, -0.5968304852103864], "sizes": [1.0, 1.0, 1.0]}, {"translations": [652.963910673462, -33.20527581746896, 208.0], "angles": [0.0, 0.0, 0.7778939965004976], "sizes": [1.0000000000000002, 1.0000000000000002, 1.0]}, {"translations": [712.3931602493896, 27.360096259668662, 208.0], "angles": [0.0, 0.0, -0.6413137672545903], "sizes": [1.0, 1.0, 1.0]}, {"translations": [2687.7201392249967, 21.940582179657522, 508.0], "angles": [0.0, 0.0, 0.5361904300934817], "sizes": [1.0000000000000002, 1.0000000000000002, 1.0]}, {"translations": [2731.267121958976, 41.20714880253993, 358.0], "angles": [0.0, 0.0, 0.6193127994755626], "sizes": [1.0000000000000004, 1.0000000000000004, 1.0]}, {"translations": [2659.3114337607826, 25.828922834456183, 208.0], "angles": [0.0, 0.0, 0.9005792698232379], "sizes": [1.0000000000000007, 1.0000000000000007, 1.0]}, {"translations": [2258.172043569272, 23.839842575284745, 808.0], "angles": [0.0, 0.0, -0.03631365119813087], "sizes": [1.0, 1.0, 1.0]}, {"translations": [1876.014936761454, 24.903694833384886, 958.0], "angles": [0.0, 0.0, -0.47936150105979414], "sizes": [1.0, 1.0, 1.0]}, {"translations": [1533.2203927026835, -26.176908314641015, 1408.0], "angles": [0.0, 0.0, -0.4528875093708323], "sizes": [1.0, 1.0, 1.0]}, {"translations": [1526.7449623633358, -31.95492686243779, 658.0], "angles": [0.0, 0.0, 0.9940669924633054], "sizes": [1.0, 1.0, 1.0]}, {"translations": [1462.3530753563907, 23.30522955866582, 658.0], "angles": [0.0, 0.0, 0.9997829728611987], "sizes": [1.0000000000000007, 1.0000000000000007, 1.0]}, {"translations": [1047.0179161860901, 7.45600873362125, 958.0], "angles": [0.0, 0.0, -0.18872521682675555], "sizes": [1.0, 1.0, 1.0]}], "SM_CardBoxA_02": [{"translations": [2104.469955355484, -26.860616616839305, 958.0], "angles": [0.0, 0.0, -0.504959735633048], "sizes": [1.0000000000000002, 1.0000000000000002, 1.0]}, {"translations": [2063.804332556992, -30.599265591511717, 208.0], "angles": [0.0, 0.0, 0.9782006442576145], "sizes": [1.0000000000000002, 1.0000000000000002, 1.0]}, {"translations": [1702.7461173001118, 26.275541790140657, 1408.0], "angles": [0.0, 0.0, -0.4916772009643749], "sizes": [1.0, 1.0, 1.0]}, {"translations": [1376.4967714693228, -36.926054715083765, 1258.0], "angles": [0.0, 0.0, -0.06332472094913877], "sizes": [1.0, 1.0, 1.0]}, {"translations": [1318.4344213537502, -3.3289789635147473, 1258.0], "angles": [0.0, 0.0, 0.9980902320960231], "sizes": [1.000000000000001, 1.000000000000001, 1.0]}, {"translations": [1283.5875042825182, 23.519831944365915, 658.0], "angles": [0.0, 0.0, 0.6818486610134916], "sizes": [1.0000000000000002, 1.0000000000000002, 1.0]}, {"translations": [1270.3526821268906, -1.5347690991845901, 508.0], "angles": [0.0, 0.0, 0.06896697467335607], "sizes": [0.9999999999999999, 0.9999999999999999, 1.0]}, {"translations": [1248.5912751639378, -0.4303243855095793, 358.0], "angles": [0.0, 0.0, 0.5625400808547887], "sizes": [0.9999999999999999, 0.9999999999999999, 1.0]}, {"translations": [1397.769049558484, 2.763640665047519, 208.0], "angles": [0.0, 0.0, -0.3250558096374085], "sizes": [1.0, 1.0, 1.0]}, {"translations": [848.7626140301453, -19.05840440999077, 958.0], "angles": [0.0, 0.0, -0.2017260765201314], "sizes": [1.0, 1.0, 1.0]}, {"translations": [913.3323500982584, -26.235831638116046, 658.0], "angles": [0.0, 0.0, 0.85365352551399], "sizes": [1.0000000000000002, 1.0000000000000002, 1.0]}, {"translations": [498.1319004678199, 21.7772600644679, 1408.0], "angles": [0.0, 0.0, -0.11523479991023945], "sizes": [0.9999999999999999, 0.9999999999999999, 1.0]}, {"translations": [534.8484942231809, -21.96726080782036, 1258.0], "angles": [0.0, 0.0, -0.8010165781823986], "sizes": [1.0000000000000004, 1.0000000000000004, 1.0]}, {"translations": [511.11486861712007, -22.1998393727179, 658.0], "angles": [0.0, 0.0, 0.5800730734030934], "sizes": [1.0, 1.0, 1.0]}, {"translations": [111.94448532705609, -0.5290752911163736, 1108.0], "angles": [0.0, 0.0, 0.4626424727132544], "sizes": [0.9999999999999999, 0.9999999999999999, 1.0]}, {"translations": [137.95388056994696, 1.2628373271570474, 358.0], "angles": [0.0, 0.0, -0.8186433606256437], "sizes": [1.0000000000000002, 1.0000000000000002, 1.0]}, {"translations": [2847.992842074052, -8.389054859357037, 1108.0], "angles": [0.0, 0.0, 0.9181283165070134], "sizes": [1.0000000000000002, 1.0000000000000002, 1.0]}, {"translations": [2971.302072031117, -8.262039445700683, 958.0], "angles": [0.0, 0.0, -0.01859766667140608], "sizes": [1.0, 1.0, 1.0]}, {"translations": [2881.2103088445224, -22.339722902090717, 358.0], "angles": [0.0, 0.0, 0.5672155495463271], "sizes": [1.0000000000000002, 1.0000000000000002, 1.0]}, {"translations": [2507.5401468161635, -30.681428933430176, 1108.0], "angles": [0.0, 0.0, 0.9519030807152381], "sizes": [1.0000000000000007, 1.0000000000000007, 1.0]}, {"translations": [731.1314213187836, -8.468040692851773, 1408.0], "angles": [0.0, 0.0, -0.6588107933547527], "sizes": [1.0, 1.0, 1.0]}, {"translations": [736.0014084090092, 38.78917268402349, 658.0], "angles": [0.0, 0.0, -0.7898730234976455], "sizes": [1.0000000000000002, 1.0000000000000002, 1.0]}, {"translations": [675.9827099926861, 36.04928472432669, 58.0], "angles": [0.0, 0.0, 0.3475061310487053], "sizes": [1.0000000000000002, 1.0000000000000002, 1.0]}, {"translations": [338.00251643188443, -31.642598393959886, 1108.0], "angles": [0.0, 0.0, 0.660671855437292], "sizes": [1.0, 1.0, 1.0]}, {"translations": [305.19649563525127, -2.132079102548783, 208.0], "angles": [0.0, 0.0, 0.6030923928357268], "sizes": [1.0000000000000002, 1.0000000000000002, 1.0]}, {"translations": [2673.0807967481483, 7.825244146577487, 358.0], "angles": [0.0, 0.0, -0.6016971267929502], "sizes": [1.0000000000000002, 1.0000000000000002, 1.0]}, {"translations": [2275.689541752897, 29.961452908283917, 508.0], "angles": [0.0, 0.0, 0.9233869293481279], "sizes": [1.0000000000000004, 1.0000000000000004, 1.0]}, {"translations": [2282.3798144606426, 30.13906300822349, 208.0], "angles": [0.0, 0.0, 0.9249580896706237], "sizes": [0.9999999999999997, 0.9999999999999997, 1.0]}, {"translations": [2248.749271262571, 34.4811126075177, 58.0], "angles": [0.0, 0.0, 0.579085881947342], "sizes": [1.0000000000000004, 1.0000000000000004, 1.0]}, {"translations": [1525.189250120595, 31.47122849273296, 58.0], "angles": [0.0, 0.0, 0.9998868808914313], "sizes": [1.000000000000002, 1.000000000000002, 1.0]}, {"translations": [3095.9390471301276, -35.69859667260546, 508.0], "angles": [0.0, 0.0, 0.5404054345106659], "sizes": [1.0, 1.0, 1.0]}, {"translations": [3106.738179125901, -18.104598862542534, 208.0], "angles": [0.0, 0.0, 0.19807343255201454], "sizes": [1.0, 1.0, 1.0]}, {"translations": [2671.264416939884, -0.30071161513774003, 1408.0], "angles": [0.0, 0.0, 0.9938173542214633], "sizes": [1.0000000000000002, 1.0000000000000002, 1.0]}], "SM_CardBoxD_02": [{"translations": [2141.201819688894, -29.426493205726565, 508.0], "angles": [0.0, 0.0, 0.7801712598640651], "sizes": [1.0000000000000009, 1.0000000000000009, 1.0]}, {"translations": [2061.9578469107864, -27.022547792572272, 358.0], "angles": [0.0, 0.0, 0.9891812951119145], "sizes": [1.0000000000000007, 1.0000000000000007, 1.0]}, {"translations": [2121.7749286405033, -31.70407888190745, 358.0], "angles": [0.0, 0.0, 0.018254722242126247], "sizes": [1.0, 1.0, 1.0]}, {"translations": [2066.6393780001217, 32.794533937144266, 358.0], "angles": [0.0, 0.0, 0.9728908545765925], "sizes": [1.000000000000001, 1.000000000000001, 1.0]}, {"translations": [1789.083802166275, 21.68795843009405, 1108.0], "angles": [0.0, 0.0, 0.699355717216778], "sizes": [1.0000000000000004, 1.0000000000000004, 1.0]}, {"translations": [1687.324738113461, 36.1471727389197, 808.0], "angles": [0.0, 0.0, 0.999994207295346], "sizes": [1.0000000000000004, 1.0000000000000004, 1.0]}, {"translations": [1706.3705123160971, -25.65290452729604, 208.0], "angles": [0.0, 0.0, 0.22539627691312103], "sizes": [1.0, 1.0, 1.0]}, {"translations": [851.8015238130566, 0.48414996106041897, 658.0], "angles": [0.0, 0.0, 0.9943258399083524], "sizes": [1.0, 1.0, 1.0]}, {"translations": [474.88762143247504, -19.800758055273157, 1258.0], "angles": [0.0, 0.0, 0.5911886041649704], "sizes": [1.0000000000000002, 1.0000000000000002, 1.0]}, {"translations": [477.05412418502226, 40.160114735432664, 1258.0], "angles": [0.0, 0.0, 0.6469847203660847], "sizes": [1.0000000000000004, 1.0000000000000004, 1.0]}, {"translations": [1108.301638466386, 31.41417858359647, 658.0], "angles": [0.0, 0.0, 0.9262264359975579], "sizes": [1.0, 1.0, 1.0]}, {"translations": [2984.5586508306037, -22.759678208118224, 1258.0], "angles": [0.0, 0.0, 0.8913697959607542], "sizes": [1.0, 1.0, 1.0]}, {"translations": [1072.4257116227227, 23.353406680684092, 358.0], "angles": [0.0, 0.0, 0.5425014901472296], "sizes": [0.9999999999999999, 0.9999999999999999, 1.0]}, {"translations": [1088.125575669519, -0.49543622447694813, 208.0], "angles": [0.0, 0.0, 0.6814296326945782], "sizes": [1.0000000000000007, 1.0000000000000007, 1.0]}, {"translations": [648.7573019169885, -40.329806999592556, 958.0], "angles": [0.0, 0.0, 0.9936916840011902], "sizes": [0.9999999999999996, 0.9999999999999996, 1.0]}, {"translations": [705.9056149492517, -20.46237019324252, 808.0], "angles": [0.0, 0.0, 0.8167589481886334], "sizes": [1.0000000000000004, 1.0000000000000004, 1.0]}, {"translations": [2686.203598022461, -4.518120288848877, 58.0], "angles": [0.0, 0.0, -0.8068375114233132], "sizes": [1.0, 1.0, 1.0]}, {"translations": [2344.056822657803, 22.72201858288686, 1258.0], "angles": [0.0, 0.0, 0.9827697734544384], "sizes": [1.0000000000000002, 1.0000000000000002, 1.0]}, {"translations": [1859.1403111292293, -34.13379642829153, 1408.0], "angles": [0.0, 0.0, -0.08123962555096975], "sizes": [0.9999999999999999, 0.9999999999999999, 1.0]}, {"translations": [1891.5589464704778, -24.440743334465292, 1258.0], "angles": [0.0, 0.0, -0.803565404489536], "sizes": [1.0000000000000002, 1.0000000000000002, 1.0]}, {"translations": [1505.0184050607836, 7.317626613076534, 1108.0], "angles": [0.0, 0.0, -0.8185721257348676], "sizes": [0.9999999999999999, 0.9999999999999999, 1.0]}, {"translations": [1459.0863977993522, 29.737349685508576, 508.0], "angles": [0.0, 0.0, 0.3713251995026327], "sizes": [0.9999999999999999, 0.9999999999999999, 1.0]}, {"translations": [1505.2896629614258, -29.305336281710407, 358.0], "angles": [0.0, 0.0, 0.20739288289407104], "sizes": [1.0, 1.0, 1.0]}, {"translations": [1490.7284592406954, -26.082693110680143, 58.0], "angles": [0.0, 0.0, -0.21498526502381055], "sizes": [1.0, 1.0, 1.0]}, {"translations": [1091.6380706000455, -29.572446526577977, 1108.0], "angles": [0.0, 0.0, -0.6736688652439267], "sizes": [1.0, 1.0, 1.0]}, {"translations": [3115.7652105969423, -8.089093748336245, 1408.0], "angles": [0.0, 0.0, -0.5820932818842576], "sizes": [1.0000000000000004, 1.0000000000000004, 1.0]}, {"translations": [3144.93511617128, -28.767379335998477, 808.0], "angles": [0.0, 0.0, 0.5142754593386718], "sizes": [0.9999999999999999, 0.9999999999999999, 1.0]}], "SM_CardBoxD_01": [{"translations": [2062.2821335631515, 29.381422219009018, 208.0], "angles": [0.0, 0.0, 0.9982788260682282], "sizes": [1.0000000000000016, 1.0000000000000016, 1.0]}, {"translations": [1745.163112114815, 38.32321630696731, 58.0], "angles": [0.0, 0.0, 0.25723279844199026], "sizes": [1.0, 1.0, 1.0]}, {"translations": [1332.1299003176812, 34.35988615078762, 1408.0], "angles": [0.0, 0.0, -0.8087622454943989], "sizes": [1.0000000000000004, 1.0000000000000004, 1.0]}, {"translations": [1316.768969403968, 2.3161219787054326, 808.0], "angles": [0.0, 0.0, 0.9628263708628899], "sizes": [1.0000000000000013, 1.0000000000000013, 1.0]}, {"translations": [1339.1272319451864, -29.811460670308936, 208.0], "angles": [0.0, 0.0, 0.9969944088655187], "sizes": [1.0000000000000016, 1.0000000000000016, 1.0]}, {"translations": [910.3885463205991, 7.441491237585113, 958.0], "angles": [0.0, 0.0, 0.43095241897193637], "sizes": [1.0, 1.0, 1.0]}, {"translations": [993.949653866258, -28.395509840879093, 208.0], "angles": [0.0, 0.0, 0.3962360613048325], "sizes": [1.0, 1.0, 1.0]}, {"translations": [572.0519404649111, 36.84821965225892, 658.0], "angles": [0.0, 0.0, 0.16016080494046891], "sizes": [0.9999999999999999, 0.9999999999999999, 1.0]}, {"translations": [524.8344264403307, 10.145607388550863, 508.0], "angles": [0.0, 0.0, -0.0730285251714732], "sizes": [1.0, 1.0, 1.0]}, {"translations": [462.5336171033966, -33.58421165541364, 208.0], "angles": [0.0, 0.0, -0.5752869735466578], "sizes": [1.0, 1.0, 1.0]}, {"translations": [190.57557354245245, -29.510206403446784, 1408.0], "angles": [0.0, 0.0, 0.6274366337788408], "sizes": [1.0000000000000004, 1.0000000000000004, 1.0]}, {"translations": [76.07166908316579, -6.429550822998073, 658.0], "angles": [0.0, 0.0, 0.920415034006873], "sizes": [1.0000000000000007, 1.0000000000000007, 1.0]}, {"translations": [77.0445785522461, -0.000858306884765625, 208.0], "angles": [0.0, 0.0, 0.43205262946935424], "sizes": [0.9999999999999999, 0.9999999999999999, 1.0]}, {"translations": [2911.4031586817737, -4.780634618935547, 958.0], "angles": [0.0, 0.0, 0.5202073851583294], "sizes": [1.0, 1.0, 1.0]}, {"translations": [2879.090384772964, 25.86034222496157, 58.0], "angles": [0.0, 0.0, 0.9352406730251275], "sizes": [1.0000000000000002, 1.0000000000000002, 1.0]}, {"translations": [2534.7876889349013, 39.28354491652803, 808.0], "angles": [0.0, 0.0, -0.6340611523062821], "sizes": [1.0000000000000004, 1.0000000000000004, 1.0]}, {"translations": [672.0788283317403, 23.356340864479577, 1408.0], "angles": [0.0, 0.0, 0.8981150620146375], "sizes": [0.9999999999999997, 0.9999999999999997, 1.0]}, {"translations": [273.7996139526367, -9.138336181640625, 508.0], "angles": [0.0, 0.0, 0.8556681717107988], "sizes": [0.9999999999999999, 0.9999999999999999, 1.0]}, {"translations": [2735.789234597901, -34.32360729135735, 1108.0], "angles": [0.0, 0.0, 0.9054109075335522], "sizes": [1.0000000000000002, 1.0000000000000002, 1.0]}, {"translations": [2672.207764961045, 30.3351157757866, 958.0], "angles": [0.0, 0.0, 0.8789292460268071], "sizes": [1.0000000000000002, 1.0000000000000002, 1.0]}, {"translations": [2261.72769064921, -22.168464651499903, 1108.0], "angles": [0.0, 0.0, 0.17511302819004138], "sizes": [1.0, 1.0, 1.0]}, {"translations": [2323.095711965668, 4.923341484354583, 1108.0], "angles": [0.0, 0.0, -0.820652504955891], "sizes": [1.0000000000000007, 1.0000000000000007, 1.0]}, {"translations": [2244.3689707026106, -25.41356022050198, 958.0], "angles": [0.0, 0.0, 0.3178857626912405], "sizes": [1.0, 1.0, 1.0]}, {"translations": [2314.4756920264313, -39.6416442568033, 808.0], "angles": [0.0, 0.0, -0.8051555594018321], "sizes": [1.0000000000000002, 1.0000000000000002, 1.0]}, {"translations": [2312.23778220616, -30.987880082038657, 358.0], "angles": [0.0, 0.0, -0.16914031393094697], "sizes": [1.0, 1.0, 1.0]}, {"translations": [1894.2759628295898, 4.0348219871521, 808.0], "angles": [0.0, 0.0, 0.28103767544845254], "sizes": [1.0, 1.0, 1.0]}, {"translations": [1885.2310661694964, -23.029875756776477, 358.0], "angles": [0.0, 0.0, -0.6639448636846387], "sizes": [1.0, 1.0, 1.0]}, {"translations": [1504.452997357523, 34.42372670724009, 1408.0], "angles": [0.0, 0.0, -0.6976525582353446], "sizes": [1.0000000000000004, 1.0000000000000004, 1.0]}, {"translations": [1450.2364160490793, 2.4642267845480106, 808.0], "angles": [0.0, 0.0, -0.77427943943683], "sizes": [1.0000000000000004, 1.0000000000000004, 1.0]}, {"translations": [3050.1522258247805, -24.406264268011583, 358.0], "angles": [0.0, 0.0, 0.9994558871399531], "sizes": [1.0, 1.0, 1.0]}, {"translations": [3045.9184751881653, 35.44417729716787, 358.0], "angles": [0.0, 0.0, 0.39318007165194235], "sizes": [1.0, 1.0, 1.0]}], "SM_CardBoxA_01": [{"translations": [1735.1500030177372, -26.4252291527755, 1258.0], "angles": [0.0, 0.0, -0.11387181186617495], "sizes": [1.0, 1.0, 1.0]}, {"translations": [1770.695110485726, -34.312313201375076, 958.0], "angles": [0.0, 0.0, -0.20603039083401203], "sizes": [1.0, 1.0, 1.0]}, {"translations": [1306.2995363846196, -27.549663186011767, 1408.0], "angles": [0.0, 0.0, 0.35722882546391793], "sizes": [1.0, 1.0, 1.0]}, {"translations": [1342.4901572421052, 33.844852640140275, 58.0], "angles": [0.0, 0.0, 0.7269512164748149], "sizes": [1.0000000000000002, 1.0000000000000002, 1.0]}, {"translations": [908.0936495829072, 27.876042700354752, 358.0], "angles": [0.0, 0.0, -0.062515837525455], "sizes": [1.0, 1.0, 1.0]}, {"translations": [499.46495652259875, -38.20792945390252, 1408.0], "angles": [0.0, 0.0, 0.557693022793284], "sizes": [1.0000000000000002, 1.0000000000000002, 1.0]}, {"translations": [537.0149969757281, 37.99361198288546, 1258.0], "angles": [0.0, 0.0, 0.8417246043878032], "sizes": [1.0000000000000002, 1.0000000000000002, 1.0]}, {"translations": [86.4939907751677, -23.982446941130487, 808.0], "angles": [0.0, 0.0, 0.9924110423310356], "sizes": [1.0, 1.0, 1.0]}, {"translations": [2984.8035291500237, 31.93131189635635, 808.0], "angles": [0.0, 0.0, -0.7563314727865542], "sizes": [1.0000000000000007, 1.0000000000000007, 1.0]}, {"translations": [2853.656421576751, 38.82222030146497, 358.0], "angles": [0.0, 0.0, 0.1536556661659333], "sizes": [1.0, 1.0, 1.0]}, {"translations": [2906.4668517164514, -19.536978402337738, 208.0], "angles": [0.0, 0.0, 0.15178825954666242], "sizes": [1.0, 1.0, 1.0]}, {"translations": [2508.0483716401054, -22.238881162164844, 808.0], "angles": [0.0, 0.0, 0.9193219039642343], "sizes": [0.9999999999999999, 0.9999999999999999, 1.0]}, {"translations": [649.8571764064919, -25.736283937268063, 58.0], "angles": [0.0, 0.0, 0.6887136410272734], "sizes": [1.0000000000000002, 1.0000000000000002, 1.0]}, {"translations": [285.92165768427367, -25.853441517060315, 1408.0], "angles": [0.0, 0.0, 0.6312998194758961], "sizes": [1.0000000000000002, 1.0000000000000002, 1.0]}, {"translations": [289.9510380819387, 34.01110636907104, 1408.0], "angles": [0.0, 0.0, -0.6830966549291453], "sizes": [1.0000000000000004, 1.0000000000000004, 1.0]}, {"translations": [259.8083513208076, -4.057900602361395, 658.0], "angles": [0.0, 0.0, -0.2821626669004756], "sizes": [1.0000000000000002, 1.0000000000000002, 1.0]}, {"translations": [247.47931134205336, 32.05456503321023, 208.0], "angles": [0.0, 0.0, 0.7276164812832386], "sizes": [1.0000000000000009, 1.0000000000000009, 1.0]}, {"translations": [290.06505576880767, 28.25591967428505, 58.0], "angles": [0.0, 0.0, 0.925200953487534], "sizes": [0.9999999999999999, 0.9999999999999999, 1.0]}, {"translations": [2677.729335348388, 27.55569538034661, 1108.0], "angles": [0.0, 0.0, -0.7703002283226559], "sizes": [1.0000000000000007, 1.0000000000000007, 1.0]}, {"translations": [2716.60258296285, -36.76280364042542, 208.0], "angles": [0.0, 0.0, 0.999958522431002], "sizes": [1.000000000000002, 1.000000000000002, 1.0]}, {"translations": [1889.1896497209284, 35.51245868938473, 1258.0], "angles": [0.0, 0.0, 0.992189971945008], "sizes": [1.0, 1.0, 1.0]}, {"translations": [1938.9715744690147, -31.986214364634886, 958.0], "angles": [0.0, 0.0, 0.9860385842871907], "sizes": [1.0000000000000004, 1.0000000000000004, 1.0]}, {"translations": [1894.216282387085, 39.79974848348793, 58.0], "angles": [0.0, 0.0, 0.3337323285469332], "sizes": [1.0, 1.0, 1.0]}, {"translations": [1512.0747377777923, -23.536195630793365, 808.0], "angles": [0.0, 0.0, 0.9214338947300512], "sizes": [0.9999999999999998, 0.9999999999999998, 1.0]}, {"translations": [1466.9189406493115, -36.52079215535844, 658.0], "angles": [0.0, 0.0, 0.9936904986221765], "sizes": [1.0000000000000004, 1.0000000000000004, 1.0]}, {"translations": [1506.7281554192837, 30.677417401733354, 358.0], "angles": [0.0, 0.0, 0.7307679343569476], "sizes": [1.0000000000000004, 1.0000000000000004, 1.0]}, {"translations": [3105.4760332522374, 23.415203009299045, 958.0], "angles": [0.0, 0.0, 0.8669769439119323], "sizes": [1.0000000000000002, 1.0000000000000002, 1.0]}, {"translations": [3113.7110900878906, 1.8576598167419434, 658.0], "angles": [0.0, 0.0, -0.4643524419290033], "sizes": [0.9999999999999999, 0.9999999999999999, 1.0]}, {"translations": [3122.0344673312065, 22.954755650581305, 58.0], "angles": [0.0, 0.0, 0.999958187292806], "sizes": [1.0000000000000018, 1.0000000000000018, 1.0]}], "SM_CardBoxD_03": [{"translations": [1703.6873164265273, -19.711249028044197, 658.0], "angles": [0.0, 0.0, 0.2182583770273709], "sizes": [1.0, 1.0, 1.0]}, {"translations": [1713.9803147695459, -21.905261836806517, 508.0], "angles": [0.0, 0.0, 0.9569497555682267], "sizes": [1.0000000000000007, 1.0000000000000007, 1.0]}, {"translations": [952.1227941382642, 5.245977128852803, 808.0], "angles": [0.0, 0.0, -0.7466742177887818], "sizes": [1.0000000000000002, 1.0000000000000002, 1.0]}, {"translations": [502.5337048321008, -19.889974385356293, 808.0], "angles": [0.0, 0.0, 0.9980873978561667], "sizes": [1.0, 1.0, 1.0]}, {"translations": [133.89892902102412, 33.63849085779249, 1408.0], "angles": [0.0, 0.0, 0.21289943233563588], "sizes": [1.0, 1.0, 1.0]}, {"translations": [2845.540605463677, 8.534226016893365, 208.0], "angles": [0.0, 0.0, -0.183287342010835], "sizes": [1.0, 1.0, 1.0]}, {"translations": [1062.5474566530534, 0.8033279961252249, 58.0], "angles": [0.0, 0.0, 0.277756685404507], "sizes": [1.0, 1.0, 1.0]}, {"translations": [719.467527205048, 39.3523522358431, 1258.0], "angles": [0.0, 0.0, 0.9955932723098908], "sizes": [0.9999999999999997, 0.9999999999999997, 1.0]}, {"translations": [739.0066848147608, -21.13551599873091, 658.0], "angles": [0.0, 0.0, -0.29168580991032494], "sizes": [1.0, 1.0, 1.0]}, {"translations": [2255.4693711141526, 32.078335137275474, 358.0], "angles": [0.0, 0.0, 0.9707981815549029], "sizes": [1.000000000000001, 1.000000000000001, 1.0]}, {"translations": [1508.1397470185802, 36.334630718313555, 808.0], "angles": [0.0, 0.0, -0.7872326629108608], "sizes": [1.0000000000000002, 1.0000000000000002, 1.0]}, {"translations": [3057.1308555286837, -40.677625561374555, 1408.0], "angles": [0.0, 0.0, -0.5724221636746522], "sizes": [1.0000000000000004, 1.0000000000000004, 1.0]}]}