{"SM_RackShelf_01": [{"translations": [200.0, 0.0, 37.0], "angles": [0.0, 0.0, 0.0], "sizes": [1.0, 1.0, 1.0]}, {"translations": [200.0, 0.0, 187.0], "angles": [0.0, 0.0, 0.0], "sizes": [1.0, 1.0, 1.0]}, {"translations": [200.0, 0.0, 337.0], "angles": [0.0, 0.0, 0.0], "sizes": [1.0, 1.0, 1.0]}, {"translations": [200.0, 0.0, 487.0], "angles": [0.0, 0.0, 0.0], "sizes": [1.0, 1.0, 1.0]}, {"translations": [200.0, 0.0, 637.0], "angles": [0.0, 0.0, 0.0], "sizes": [1.0, 1.0, 1.0]}, {"translations": [200.0, 0.0, 787.0], "angles": [0.0, 0.0, 0.0], "sizes": [1.0, 1.0, 1.0]}, {"translations": [200.0, 0.0, 937.0], "angles": [0.0, 0.0, 0.0], "sizes": [1.0, 1.0, 1.0]}, {"translations": [600.0, 0.0, 37.0], "angles": [0.0, 0.0, 0.0], "sizes": [1.0, 1.0, 1.0]}, {"translations": [600.0, 0.0, 187.0], "angles": [0.0, 0.0, 0.0], "sizes": [1.0, 1.0, 1.0]}, {"translations": [600.0, 0.0, 337.0], "angles": [0.0, 0.0, 0.0], "sizes": [1.0, 1.0, 1.0]}, {"translations": [600.0, 0.0, 487.0], "angles": [0.0, 0.0, 0.0], "sizes": [1.0, 1.0, 1.0]}, {"translations": [600.0, 0.0, 637.0], "angles": [0.0, 0.0, 0.0], "sizes": [1.0, 1.0, 1.0]}, {"translations": [600.0, 0.0, 787.0], "angles": [0.0, 0.0, 0.0], "sizes": [1.0, 1.0, 1.0]}, {"translations": [600.0, 0.0, 937.0], "angles": [0.0, 0.0, 0.0], "sizes": [1.0, 1.0, 1.0]}, {"translations": [1000.0, 0.0, 37.0], "angles": [0.0, 0.0, 0.0], "sizes": [1.0, 1.0, 1.0]}, {"translations": [1000.0, 0.0, 187.0], "angles": [0.0, 0.0, 0.0], "sizes": [1.0, 1.0, 1.0]}, {"translations": [1000.0, 0.0, 337.0], "angles": [0.0, 0.0, 0.0], "sizes": [1.0, 1.0, 1.0]}, {"translations": [1000.0, 0.0, 487.0], "angles": [0.0, 0.0, 0.0], "sizes": [1.0, 1.0, 1.0]}, {"translations": [1000.0, 0.0, 637.0], "angles": [0.0, 0.0, 0.0], "sizes": [1.0, 1.0, 1.0]}, {"translations": [1000.0, 0.0, 787.0], "angles": [0.0, 0.0, 0.0], "sizes": [1.0, 1.0, 1.0]}, {"translations": [1000.0, 0.0, 937.0], "angles": [0.0, 0.0, 0.0], "sizes": [1.0, 1.0, 1.0]}, {"translations": [1400.0, 0.0, 37.0], "angles": [0.0, 0.0, 0.0], "sizes": [1.0, 1.0, 1.0]}, {"translations": [1400.0, 0.0, 187.0], "angles": [0.0, 0.0, 0.0], "sizes": [1.0, 1.0, 1.0]}, {"translations": [1400.0, 0.0, 337.0], "angles": [0.0, 0.0, 0.0], "sizes": [1.0, 1.0, 1.0]}, {"translations": [1400.0, 0.0, 487.0], "angles": [0.0, 0.0, 0.0], "sizes": [1.0, 1.0, 1.0]}, {"translations": [1400.0, 0.0, 637.0], "angles": [0.0, 0.0, 0.0], "sizes": [1.0, 1.0, 1.0]}, {"translations": [1400.0, 0.0, 787.0], "angles": [0.0, 0.0, 0.0], "sizes": [1.0, 1.0, 1.0]}, {"translations": [1400.0, 0.0, 937.0], "angles": [0.0, 0.0, 0.0], "sizes": [1.0, 1.0, 1.0]}], "SM_RackFrame_03": [{"translations": [0.0, 0.0, 0.0], "angles": [0.0, 0.0, 0.0], "sizes": [1.0, 1.0, 1.0]}, {"translations": [400.0, 0.0, 0.0], "angles": [0.0, 0.0, 0.0], "sizes": [1.0, 1.0, 1.0]}, {"translations": [800.0, 0.0, 0.0], "angles": [0.0, 0.0, 0.0], "sizes": [1.0, 1.0, 1.0]}, {"translations": [1200.0, 0.0, 0.0], "angles": [0.0, 0.0, 0.0], "sizes": [1.0, 1.0, 1.0]}, {"translations": [0.0, 0.0, 300.0], "angles": [0.0, 0.0, 0.0], "sizes": [1.0, 1.0, 1.0]}, {"translations": [400.0, 0.0, 300.0], "angles": [0.0, 0.0, 0.0], "sizes": [1.0, 1.0, 1.0]}, {"translations": [800.0, 0.0, 300.0], "angles": [0.0, 0.0, 0.0], "sizes": [1.0, 1.0, 1.0]}, {"translations": [1200.0, 0.0, 300.0], "angles": [0.0, 0.0, 0.0], "sizes": [1.0, 1.0, 1.0]}, {"translations": [0.0, 0.0, 600.0], "angles": [0.0, 0.0, 0.0], "sizes": [1.0, 1.0, 1.0]}, {"translations": [400.0, 0.0, 600.0], "angles": [0.0, 0.0, 0.0], "sizes": [1.0, 1.0, 1.0]}, {"translations": [800.0, 0.0, 600.0], "angles": [0.0, 0.0, 0.0], "sizes": [1.0, 1.0, 1.0]}, {"translations": [1200.0, 0.0, 600.0], "angles": [0.0, 0.0, 0.0], "sizes": [1.0, 1.0, 1.0]}, {"translations": [0.0, 0.0, 900.0], "angles": [0.0, 0.0, 0.0], "sizes": [1.0, 1.0, 1.0]}, {"translations": [400.0, 0.0, 900.0], "angles": [0.0, 0.0, 0.0], "sizes": [1.0, 1.0, 1.0]}, {"translations": [800.0, 0.0, 900.0], "angles": [0.0, 0.0, 0.0], "sizes": [1.0, 1.0, 1.0]}, {"translations": [1200.0, 0.0, 900.0], "angles": [0.0, 0.0, 0.0], "sizes": [1.0, 1.0, 1.0]}, {"translations": [1600.0, 0.0, 0.0], "angles": [0.0, 0.0, 0.0], "sizes": [1.0, 1.0, 1.0]}, {"translations": [1600.0, 0.0, 300.0], "angles": [0.0, 0.0, 0.0], "sizes": [1.0, 1.0, 1.0]}, {"translations": [1600.0, 0.0, 600.0], "angles": [0.0, 0.0, 0.0], "sizes": [1.0, 1.0, 1.0]}, {"translations": [1600.0, 0.0, 900.0], "angles": [0.0, 0.0, 0.0], "sizes": [1.0, 1.0, 1.0]}], "SM_PaletteA_01": [{"translations": [104.04623413085938, -1.7162489891052246, 37.0], "angles": [0.0, 0.0, -0.025107741266880396], "sizes": [1.0, 1.0, 1.0]}, {"translations": [77.0445785522461, -0.000858306884765625, 187.0], "angles": [0.0, 0.0, -0.010318548697667898], "sizes": [0.9999999999999999, 0.9999999999999999, 1.0]}, {"translations": [167.94365692138672, 0.4796934127807617, 337.0], "angles": [0.0, 0.0, 0.041623769555757535], "sizes": [1.0, 1.0, 1.0]}, {"translations": [74.09922790527344, -9.138336181640625, 487.0], "angles": [0.0, 0.0, 0.0407562909285675], "sizes": [0.9999999999999999, 0.9999999999999999, 1.0]}, {"translations": [106.05471801757812, -5.421197414398193, 637.0], "angles": [0.0, 0.0, 0.03548690888001958], "sizes": [1.0, 1.0, 1.0]}, {"translations": [115.29872131347656, 7.166991233825684, 787.0], "angles": [0.0, 0.0, -0.03093528229318357], "sizes": [1.0, 1.0, 1.0]}, {"translations": [132.94749450683594, -1.137080192565918, 937.0], "angles": [0.0, 0.0, -0.008994980959268602], "sizes": [1.0, 1.0, 1.0]}, {"translations": [482.2792282104492, 6.109950542449951, 37.0], "angles": [0.0, 0.0, 0.027841931351691166], "sizes": [1.0, 1.0, 1.0]}, {"translations": [491.85707092285156, -2.9225897789001465, 187.0], "angles": [0.0, 0.0, -0.018832004604105744], "sizes": [0.9999999999999999, 0.9999999999999999, 1.0]}, {"translations": [533.3830947875977, 8.623649597167969, 337.0], "angles": [0.0, 0.0, -0.007807216690036091], "sizes": [1.0, 1.0, 1.0]}, {"translations": [494.8818664550781, 8.459146499633789, 487.0], "angles": [0.0, 0.0, 0.027703500393564798], "sizes": [1.0, 1.0, 1.0]}, {"translations": [541.5834045410156, 7.324190139770508, 637.0], "angles": [0.0, 0.0, 0.01617183487915861], "sizes": [0.9999999999999999, 0.9999999999999999, 1.0]}, {"translations": [533.2000122070312, 9.428579330444336, 787.0], "angles": [0.0, 0.0, 0.04147475716356071], "sizes": [0.9999999999999999, 0.9999999999999999, 1.0]}, {"translations": [479.88209533691406, -8.396973609924316, 937.0], "angles": [0.0, 0.0, -0.00476052810894254], "sizes": [1.0, 1.0, 1.0]}, {"translations": [911.4894409179688, 2.581357955932617, 37.0], "angles": [0.0, 0.0, -0.004230548809246803], "sizes": [1.0, 1.0, 1.0]}, {"translations": [962.7283554077148, 0.3313159942626953, 187.0], "angles": [0.0, 0.0, -0.011040248105979813], "sizes": [1.0, 1.0, 1.0]}, {"translations": [935.8382797241211, -4.22123908996582, 337.0], "angles": [0.0, 0.0, 0.019215442879901852], "sizes": [1.0, 1.0, 1.0]}, {"translations": [966.4827346801758, 3.2526063919067383, 487.0], "angles": [0.0, 0.0, -0.039880798453443764], "sizes": [1.0, 1.0, 1.0]}, {"translations": [881.7578506469727, 2.102322578430176, 637.0], "angles": [0.0, 0.0, -0.010092184512193656], "sizes": [0.9999999999999999, 0.9999999999999999, 1.0]}, {"translations": [922.1294860839844, 5.8795952796936035, 787.0], "angles": [0.0, 0.0, 0.020719876603172704], "sizes": [1.0, 1.0, 1.0]}, {"translations": [880.4381942749023, 9.166719436645508, 937.0], "angles": [0.0, 0.0, -0.03250846606069848], "sizes": [1.0, 1.0, 1.0]}, {"translations": [1312.5039825439453, 3.831033706665039, 37.0], "angles": [0.0, 0.0, -0.011769927572876494], "sizes": [1.0, 1.0, 1.0]}, {"translations": [1367.7973022460938, 1.4619636535644531, 187.0], "angles": [0.0, 0.0, 0.014217238204464543], "sizes": [0.9999999999999999, 0.9999999999999999, 1.0]}, {"translations": [1278.5350646972656, 1.4052867889404297, 337.0], "angles": [0.0, 0.0, 0.003080034557563675], "sizes": [0.9999999999999999, 0.9999999999999999, 1.0]}, {"translations": [1300.343391418457, -2.281332015991211, 487.0], "angles": [0.0, 0.0, 0.01970538836088398], "sizes": [0.9999999999999999, 0.9999999999999999, 1.0]}, {"translations": [1315.598030090332, -4.324848651885986, 637.0], "angles": [0.0, 0.0, 0.03631730439151937], "sizes": [1.0, 1.0, 1.0]}, {"translations": [1286.8436584472656, 4.431722164154053, 787.0], "angles": [0.0, 0.0, -0.043286798346115075], "sizes": [0.9999999999999999, 0.9999999999999999, 1.0]}, {"translations": [1352.2860984802246, -4.739868640899658, 937.0], "angles": [0.0, 0.0, -0.006094793674144097], "sizes": [1.0, 1.0, 1.0]}, {"translations": [288.7731170654297, -1.7162489891052246, 37.0], "angles": [0.0, 0.0, 0.007610143423879773], "sizes": [1.0, 1.0, 1.0]}, {"translations": [275.2722930908203, -0.000858306884765625, 187.0], "angles": [0.0, 0.0, 0.02597833573555145], "sizes": [1.0, 1.0, 1.0]}, {"translations": [320.7218246459961, 0.4796934127807617, 337.0], "angles": [0.0, 0.0, 0.013263890573161864], "sizes": [0.9999999999999999, 0.9999999999999999, 1.0]}, {"translations": [273.7996139526367, -9.138336181640625, 487.0], "angles": [0.0, 0.0, 0.0034448960861034423], "sizes": [0.9999999999999999, 0.9999999999999999, 1.0]}, {"translations": [289.77735900878906, -5.421197414398193, 637.0], "angles": [0.0, 0.0, -0.01718106373378419], "sizes": [0.9999999999999999, 0.9999999999999999, 1.0]}, {"translations": [294.3993606567383, 7.166991233825684, 787.0], "angles": [0.0, 0.0, 0.03519413999864621], "sizes": [1.0, 1.0, 1.0]}, {"translations": [303.22374725341797, -1.137080192565918, 937.0], "angles": [0.0, 0.0, -0.006925705708052491], "sizes": [1.0, 1.0, 1.0]}, {"translations": [677.8896102905273, 6.109950542449951, 37.0], "angles": [0.0, 0.0, -0.0052798535759049576], "sizes": [1.0, 1.0, 1.0]}, {"translations": [682.6785354614258, -2.9225897789001465, 187.0], "angles": [0.0, 0.0, 0.008403760772700516], "sizes": [1.0, 1.0, 1.0]}, {"translations": [703.4415435791016, 8.623649597167969, 337.0], "angles": [0.0, 0.0, -0.02531008342736953], "sizes": [0.9999999999999999, 0.9999999999999999, 1.0]}, {"translations": [684.1909332275391, 8.459146499633789, 487.0], "angles": [0.0, 0.0, -0.004840424621760481], "sizes": [1.0, 1.0, 1.0]}, {"translations": [707.5417022705078, 7.324190139770508, 637.0], "angles": [0.0, 0.0, -0.04089466400741928], "sizes": [1.0, 1.0, 1.0]}, {"translations": [703.3500061035156, 9.428579330444336, 787.0], "angles": [0.0, 0.0, -0.01324791093017469], "sizes": [1.0, 1.0, 1.0]}, {"translations": [676.691047668457, -8.396973609924316, 937.0], "angles": [0.0, 0.0, 0.027895178045432376], "sizes": [1.0, 1.0, 1.0]}, {"translations": [1092.4947204589844, 2.581357955932617, 37.0], "angles": [0.0, 0.0, 0.015444861965351928], "sizes": [1.0, 1.0, 1.0]}, {"translations": [1118.1141815185547, 0.3313159942626953, 187.0], "angles": [0.0, 0.0, -0.02844891231942447], "sizes": [0.9999999999999999, 0.9999999999999999, 1.0]}, {"translations": [1104.6691436767578, -4.22123908996582, 337.0], "angles": [0.0, 0.0, -0.01538893910865587], "sizes": [1.0, 1.0, 1.0]}, {"translations": [1119.9913635253906, 3.2526063919067383, 487.0], "angles": [0.0, 0.0, 0.03588880666875406], "sizes": [1.0, 1.0, 1.0]}, {"translations": [1077.6289291381836, 2.102322578430176, 637.0], "angles": [0.0, 0.0, 0.014193272173064462], "sizes": [0.9999999999999999, 0.9999999999999999, 1.0]}, {"translations": [1097.8147430419922, 5.8795952796936035, 787.0], "angles": [0.0, 0.0, -0.0006884478933486362], "sizes": [1.0, 1.0, 1.0]}, {"translations": [1076.9691009521484, 9.166719436645508, 937.0], "angles": [0.0, 0.0, -0.010984321993603625], "sizes": [1.0, 1.0, 1.0]}, {"translations": [1493.0019912719727, 3.831033706665039, 37.0], "angles": [0.0, 0.0, -0.02137222526155337], "sizes": [1.0, 1.0, 1.0]}, {"translations": [1520.6486511230469, 1.4619636535644531, 187.0], "angles": [0.0, 0.0, 0.01016675439822615], "sizes": [1.0, 1.0, 1.0]}, {"translations": [1476.0175323486328, 1.4052867889404297, 337.0], "angles": [0.0, 0.0, -0.020687923440086225], "sizes": [0.9999999999999999, 0.9999999999999999, 1.0]}, {"translations": [1486.9216995239258, -2.281332015991211, 487.0], "angles": [0.0, 0.0, -0.008662088395658388], "sizes": [1.0, 1.0, 1.0]}, {"translations": [1494.5490188598633, -4.324848651885986, 637.0], "angles": [0.0, 0.0, -0.0044622468364970014], "sizes": [0.9999999999999999, 0.9999999999999999, 1.0]}, {"translations": [1480.1718292236328, 4.431722164154053, 787.0], "angles": [0.0, 0.0, -0.01386040250750839], "sizes": [0.9999999999999999, 0.9999999999999999, 1.0]}, {"translations": [1512.893051147461, -4.739868640899658, 937.0], "angles": [0.0, 0.0, 0.025312747815150204], "sizes": [1.0, 1.0, 1.0]}], "SM_CardBoxD_02": [{"translations": [1484.449773487465, -36.21970275666946, 958.0], "angles": [0.0, 0.0, 0.43220032112073015], "sizes": [1.0, 1.0, 1.0]}, {"translations": [1494.8167510045193, 25.673956649304223, 658.0], "angles": [0.0, 0.0, 0.3926626218187165], "sizes": [1.0, 1.0, 1.0]}, {"translations": [677.6420446831646, 9.775817387055294, 658.0], "angles": [0.0, 0.0, 0.4670072179860083], "sizes": [1.0, 1.0, 1.0]}, {"translations": [739.8929871051358, 34.77222047982894, 658.0], "angles": [0.0, 0.0, 0.9923985133169028], "sizes": [0.9999999999999993, 0.9999999999999993, 1.0]}, {"translations": [712.1700902286838, 27.57738067042692, 208.0], "angles": [0.0, 0.0, 0.9981647234038135], "sizes": [1.0000000000000007, 1.0000000000000007, 1.0]}, {"translations": [333.6364017059811, 28.444509506924412, 958.0], "angles": [0.0, 0.0, 0.9999255127203006], "sizes": [1.000000000000001, 1.000000000000001, 1.0]}, {"translations": [1248.7204350909171, -28.778945211165897, 358.0], "angles": [0.0, 0.0, 0.9893822769067169], "sizes": [0.9999999999999991, 0.9999999999999991, 1.0]}, {"translations": [850.5016022968396, 11.116196479081381, 958.0], "angles": [0.0, 0.0, 0.7708013038382969], "sizes": [1.0000000000000002, 1.0000000000000002, 1.0]}, {"translations": [911.1462392830649, -28.497066522890204, 658.0], "angles": [0.0, 0.0, 0.1056287658939723], "sizes": [0.9999999999999999, 0.9999999999999999, 1.0]}, {"translations": [881.7443454276141, 32.83411476039071, 58.0], "angles": [0.0, 0.0, 0.9797100071194341], "sizes": [1.0000000000000002, 1.0000000000000002, 1.0]}], "SM_CardBoxC_01": [{"translations": [1544.3728852632307, -33.183146300895444, 958.0], "angles": [0.0, 0.0, 0.745141383587292], "sizes": [1.0000000000000007, 1.0000000000000007, 1.0]}, {"translations": [676.691047668457, -8.396973609924316, 958.0], "angles": [0.0, 0.0, 0.9705999047097786], "sizes": [1.0000000000000013, 1.0000000000000013, 1.0]}, {"translations": [732.5446707752154, -21.35569514057416, 808.0], "angles": [0.0, 0.0, 0.9991702039379456], "sizes": [1.0000000000000009, 1.0000000000000009, 1.0]}, {"translations": [322.21470278549566, 39.20301380623901, 808.0], "angles": [0.0, 0.0, 0.9422601759894902], "sizes": [1.0, 1.0, 1.0]}, {"translations": [318.7289360087359, -36.43419774032846, 658.0], "angles": [0.0, 0.0, 0.8611479257431559], "sizes": [1.0, 1.0, 1.0]}, {"translations": [303.67362656284564, 31.516823349779234, 208.0], "angles": [0.0, 0.0, -0.4571947625343482], "sizes": [1.0000000000000002, 1.0000000000000002, 1.0]}, {"translations": [319.22623759161513, -31.256178748967944, 58.0], "angles": [0.0, 0.0, 0.6629205055239272], "sizes": [1.0000000000000007, 1.0000000000000007, 1.0]}, {"translations": [1329.1379995487114, 28.877463574099966, 508.0], "angles": [0.0, 0.0, -0.039067612358676555], "sizes": [1.0, 1.0, 1.0]}, {"translations": [1397.785174454364, 2.3149117296234296, 208.0], "angles": [0.0, 0.0, -0.14814743275903366], "sizes": [1.0, 1.0, 1.0]}, {"translations": [1336.9564819617644, 30.596887785775728, 208.0], "angles": [0.0, 0.0, 0.9463388171369448], "sizes": [1.0000000000000002, 1.0000000000000002, 1.0]}, {"translations": [893.3981705891645, -25.3375716311124, 808.0], "angles": [0.0, 0.0, -0.12421563030051187], "sizes": [1.0, 1.0, 1.0]}, {"translations": [102.41267206410052, -30.592548587935593, 958.0], "angles": [0.0, 0.0, 0.8953010007677596], "sizes": [1.0, 1.0, 1.0]}], "SM_CardBoxD_01": [{"translations": [1456.4064956250306, -31.757124304051132, 508.0], "angles": [0.0, 0.0, -0.6147803078675902], "sizes": [1.0000000000000002, 1.0000000000000002, 1.0]}, {"translations": [1494.2840318871845, 33.803627385907205, 58.0], "angles": [0.0, 0.0, 0.5825725728500922], "sizes": [1.0000000000000002, 1.0000000000000002, 1.0]}, {"translations": [1097.8147430419922, 5.8795952796936035, 808.0], "angles": [0.0, 0.0, 0.8151141920962257], "sizes": [0.9999999999999999, 0.9999999999999999, 1.0]}, {"translations": [1076.777418588724, 32.09023563993145, 658.0], "angles": [0.0, 0.0, 0.9599648076172408], "sizes": [1.0000000000000016, 1.0000000000000016, 1.0]}, {"translations": [674.1553414318158, 40.21285380146283, 808.0], "angles": [0.0, 0.0, 0.9277098877407648], "sizes": [1.0, 1.0, 1.0]}, {"translations": [258.7765919224056, -2.1728443722665864, 58.0], "angles": [0.0, 0.0, 0.8935600839682767], "sizes": [1.0000000000000002, 1.0000000000000002, 1.0]}, {"translations": [1351.9204176518485, -34.737639850303836, 958.0], "angles": [0.0, 0.0, 0.9814403390016593], "sizes": [1.0000000000000002, 1.0000000000000002, 1.0]}, {"translations": [934.1872191013921, -24.261020659075445, 508.0], "angles": [0.0, 0.0, -0.3889596188850774], "sizes": [1.0, 1.0, 1.0]}, {"translations": [511.59909623561714, 6.354006937064901, 658.0], "angles": [0.0, 0.0, 0.4146696401846246], "sizes": [1.0, 1.0, 1.0]}, {"translations": [76.13027725968965, -7.549070842876319, 658.0], "angles": [0.0, 0.0, 0.9129499036558283], "sizes": [1.0000000000000007, 1.0000000000000007, 1.0]}, {"translations": [77.0445785522461, -0.000858306884765625, 208.0], "angles": [0.0, 0.0, 0.42705742174248457], "sizes": [1.0000000000000002, 1.0000000000000002, 1.0]}], "SM_CardBoxD_04": [{"translations": [1516.3974918119857, -32.796535914886384, 508.0], "angles": [0.0, 0.0, -0.08241699837243588], "sizes": [0.9999999999999999, 0.9999999999999999, 1.0]}, {"translations": [1490.6548528967464, 0.8519899164405984, 208.0], "angles": [0.0, 0.0, 0.611363189792583], "sizes": [1.0000000000000002, 1.0000000000000002, 1.0]}, {"translations": [1278.3502635003867, 31.40471759216788, 358.0], "angles": [0.0, 0.0, -0.8128563251443947], "sizes": [0.9999999999999999, 0.9999999999999999, 1.0]}, {"translations": [480.16772378685, 21.60166663240312, 958.0], "angles": [0.0, 0.0, 0.933501948664055], "sizes": [1.0000000000000002, 1.0000000000000002, 1.0]}, {"translations": [147.09653039280266, 35.254343151632526, 808.0], "angles": [0.0, 0.0, 0.531907296290838], "sizes": [1.0000000000000002, 1.0000000000000002, 1.0]}], "SM_CardBoxB_02": [{"translations": [1457.445907235866, 28.233871882903962, 508.0], "angles": [0.0, 0.0, 0.40009015592337244], "sizes": [0.9999999999999999, 0.9999999999999999, 1.0]}, {"translations": [1550.0324756122234, 32.065735616988675, 208.0], "angles": [0.0, 0.0, 0.9168758556975113], "sizes": [0.9999999999999998, 0.9999999999999998, 1.0]}, {"translations": [1135.5781615179885, 24.841324735176624, 358.0], "angles": [0.0, 0.0, -0.6883479623069232], "sizes": [1.0000000000000002, 1.0000000000000002, 1.0]}, {"translations": [647.574496102802, -23.57159004737073, 58.0], "angles": [0.0, 0.0, 0.6512837908149673], "sizes": [1.0, 1.0, 1.0]}, {"translations": [273.22662517739127, -0.7215478160295197, 958.0], "angles": [0.0, 0.0, 0.4470400319211234], "sizes": [0.9999999999999999, 0.9999999999999999, 1.0]}, {"translations": [290.8080706717808, 24.561091248540347, 658.0], "angles": [0.0, 0.0, 0.9809109375397236], "sizes": [1.0000000000000004, 1.0000000000000004, 1.0]}, {"translations": [276.83046718313966, -29.960365871229424, 208.0], "angles": [0.0, 0.0, 0.9999078928776176], "sizes": [1.0000000000000009, 1.0000000000000009, 1.0]}, {"translations": [1382.6495505180048, 24.892221740128363, 958.0], "angles": [0.0, 0.0, -0.8092308799533522], "sizes": [0.9999999999999998, 0.9999999999999998, 1.0]}, {"translations": [479.59646688697813, -38.395613852251756, 958.0], "angles": [0.0, 0.0, 0.09929636435367166], "sizes": [1.0, 1.0, 1.0]}, {"translations": [524.8358174190347, 10.120718541069838, 508.0], "angles": [0.0, 0.0, 0.18447585561866298], "sizes": [1.0, 1.0, 1.0]}, {"translations": [460.7486296881648, -31.771591216524286, 208.0], "angles": [0.0, 0.0, 0.29732473039318935], "sizes": [1.0, 1.0, 1.0]}], "SM_CardBoxD_05": [{"translations": [1477.2585420997705, 31.379607378364657, 358.0], "angles": [0.0, 0.0, 0.9541776134345752], "sizes": [1.0000000000000007, 1.0000000000000007, 1.0]}, {"translations": [1491.7199506567608, -26.141559972577127, 58.0], "angles": [0.0, 0.0, -0.625543824251976], "sizes": [1.0000000000000002, 1.0000000000000002, 1.0]}, {"translations": [351.5070322239146, -28.713987314124292, 358.0], "angles": [0.0, 0.0, 0.1707936150267543], "sizes": [1.0, 1.0, 1.0]}, {"translations": [319.9260612204894, 30.469137565192554, 358.0], "angles": [0.0, 0.0, -0.7000510336414089], "sizes": [1.0000000000000002, 1.0000000000000002, 1.0]}, {"translations": [1347.6964940662247, -32.068111084201504, 658.0], "angles": [0.0, 0.0, -0.6767332916292261], "sizes": [1.0000000000000002, 1.0000000000000002, 1.0]}, {"translations": [1270.3666895582842, -3.4634257459095856, 508.0], "angles": [0.0, 0.0, 0.11744868792298303], "sizes": [1.0, 1.0, 1.0]}, {"translations": [908.4253092105293, -22.71934958385319, 958.0], "angles": [0.0, 0.0, -0.12683424046497396], "sizes": [1.0, 1.0, 1.0]}, {"translations": [998.7782502589595, 30.76623344288892, 508.0], "angles": [0.0, 0.0, -0.748102694185515], "sizes": [1.0000000000000002, 1.0000000000000002, 1.0]}, {"translations": [905.8604337188253, -5.373952793698633, 358.0], "angles": [0.0, 0.0, 0.9065187387603206], "sizes": [1.0000000000000007, 1.0000000000000007, 1.0]}, {"translations": [941.2345364083234, -27.671398848525477, 58.0], "angles": [0.0, 0.0, -0.23771395641391027], "sizes": [1.0, 1.0, 1.0]}, {"translations": [101.55621775663178, 23.205344936970555, 508.0], "angles": [0.0, 0.0, -0.7362728057504707], "sizes": [1.0, 1.0, 1.0]}, {"translations": [200.33496642222218, -26.92109250334007, 358.0], "angles": [0.0, 0.0, -0.1555235620754987], "sizes": [1.0, 1.0, 1.0]}, {"translations": [1449.3518116044522, -24.72520692574497, 808.0], "angles": [0.0, 0.0, 0.5686776862966385], "sizes": [1.0000000000000002, 1.0000000000000002, 1.0]}], "SM_CardBoxB_01": [{"translations": [1106.3028420734618, -21.48506080248205, 958.0], "angles": [0.0, 0.0, 0.2946826344218285], "sizes": [1.0, 1.0, 1.0]}, {"translations": [1074.6833528435711, -3.2980120819216587, 358.0], "angles": [0.0, 0.0, 0.9765635907817422], "sizes": [1.0000000000000009, 1.0000000000000009, 1.0]}, {"translations": [1088.1627419552842, 2.037559847806064, 208.0], "angles": [0.0, 0.0, 0.5520593959659182], "sizes": [1.0000000000000002, 1.0000000000000002, 1.0]}, {"translations": [653.9019169351769, -21.249025642741806, 508.0], "angles": [0.0, 0.0, 0.9897469295375141], "sizes": [0.9999999999999998, 0.9999999999999998, 1.0]}, {"translations": [713.1785059107528, -32.414144546158106, 208.0], "angles": [0.0, 0.0, 0.9946036805846097], "sizes": [0.9999999999999994, 0.9999999999999994, 1.0]}, {"translations": [258.7643586828588, -34.372774414345, 658.0], "angles": [0.0, 0.0, -0.8233520439102755], "sizes": [1.0, 1.0, 1.0]}, {"translations": [1254.3613097571981, -22.86107951645153, 808.0], "angles": [0.0, 0.0, 0.39116469348171945], "sizes": [1.0, 1.0, 1.0]}, {"translations": [463.26634344968545, 36.751525422154366, 508.0], "angles": [0.0, 0.0, 0.337489120675888], "sizes": [1.0000000000000002, 1.0000000000000002, 1.0]}, {"translations": [41.75554678666226, 18.318653669717712, 508.0], "angles": [0.0, 0.0, 0.9886027177527649], "sizes": [0.9999999999999993, 0.9999999999999993, 1.0]}, {"translations": [1510.9918468428134, 33.588651254053076, 808.0], "angles": [0.0, 0.0, 0.9942187632780348], "sizes": [1.0, 1.0, 1.0]}], "SM_CardBoxC_02": [{"translations": [1046.976340271928, 9.825738995552618, 958.0], "angles": [0.0, 0.0, -0.6398278026352759], "sizes": [1.0000000000000002, 1.0000000000000002, 1.0]}, {"translations": [673.4799795984876, 10.141768115458031, 358.0], "angles": [0.0, 0.0, 0.9604334046276248], "sizes": [1.000000000000001, 1.000000000000001, 1.0]}, {"translations": [707.571150880348, -24.20516364527541, 58.0], "angles": [0.0, 0.0, 0.5962023814629629], "sizes": [1.0, 1.0, 1.0]}, {"translations": [502.91833322047205, -20.904274519812983, 358.0], "angles": [0.0, 0.0, -0.023594722002441938], "sizes": [1.0, 1.0, 1.0]}, {"translations": [563.8478563547233, 38.151573714148924, 358.0], "angles": [0.0, 0.0, 0.9970617617359924], "sizes": [0.9999999999999999, 0.9999999999999999, 1.0]}, {"translations": [75.5900476157038, 29.751916655156247, 58.0], "angles": [0.0, 0.0, 0.8632969345794773], "sizes": [0.9999999999999999, 0.9999999999999999, 1.0]}], "SM_CardBoxD_03": [{"translations": [1048.4925266261419, -28.737101032530706, 658.0], "angles": [0.0, 0.0, -0.6855978692296728], "sizes": [1.0000000000000002, 1.0000000000000002, 1.0]}, {"translations": [1087.9167027091632, 31.023384802386555, 508.0], "angles": [0.0, 0.0, 0.8783252315325895], "sizes": [1.0, 1.0, 1.0]}, {"translations": [1063.435614267717, -28.330910601464627, 58.0], "angles": [0.0, 0.0, 0.9781837550229608], "sizes": [1.0000000000000009, 1.0000000000000009, 1.0]}, {"translations": [653.1869806941678, -33.42256022822721, 208.0], "angles": [0.0, 0.0, -0.05214235426411694], "sizes": [1.0, 1.0, 1.0]}, {"translations": [273.7996139526367, -9.138336181640625, 508.0], "angles": [0.0, 0.0, 0.9630309250621412], "sizes": [0.9999999999999998, 0.9999999999999998, 1.0]}, {"translations": [1331.5021870085482, -31.07594014624564, 508.0], "angles": [0.0, 0.0, 0.2399554885814483], "sizes": [1.0, 1.0, 1.0]}, {"translations": [890.9123191731784, 34.61091077451351, 808.0], "angles": [0.0, 0.0, 0.8406513035120603], "sizes": [1.0000000000000002, 1.0000000000000002, 1.0]}, {"translations": [993.3834166982414, 29.661628254347168, 208.0], "angles": [0.0, 0.0, 0.850918172310509], "sizes": [1.0000000000000004, 1.0000000000000004, 1.0]}, {"translations": [463.00806948522745, 28.185851455786626, 208.0], "angles": [0.0, 0.0, 0.9991995325815133], "sizes": [1.0000000000000007, 1.0000000000000007, 1.0]}, {"translations": [522.9655121575383, 25.926411658723993, 208.0], "angles": [0.0, 0.0, 0.14379222559825253], "sizes": [0.9999999999999999, 0.9999999999999999, 1.0]}], "SM_CardBoxA_02": [{"translations": [1092.2205851149108, -28.822054424320577, 508.0], "angles": [0.0, 0.0, 0.08728190177098152], "sizes": [0.9999999999999999, 0.9999999999999999, 1.0]}, {"translations": [1149.7718649353685, 28.576511703989826, 208.0], "angles": [0.0, 0.0, 0.23893914355628323], "sizes": [1.0, 1.0, 1.0]}, {"translations": [652.1785650120987, 26.568964988357813, 208.0], "angles": [0.0, 0.0, 0.9923315311229224], "sizes": [0.9999999999999994, 0.9999999999999994, 1.0]}, {"translations": [678.2063970894797, 36.10827793122297, 58.0], "angles": [0.0, 0.0, 0.9980963732530189], "sizes": [1.0000000000000002, 1.0000000000000002, 1.0]}, {"translations": [318.3130468252924, 28.736871537080216, 58.0], "angles": [0.0, 0.0, 0.024217235829701006], "sizes": [1.0, 1.0, 1.0]}, {"translations": [1316.7312336326022, 1.8369486594230673, 808.0], "angles": [0.0, 0.0, 0.08782077080947455], "sizes": [1.0, 1.0, 1.0]}, {"translations": [530.713667989345, 39.325370001537756, 808.0], "angles": [0.0, 0.0, -0.5026224008408189], "sizes": [1.0000000000000002, 1.0000000000000002, 1.0]}, {"translations": [570.5975296437085, 38.27868164787459, 658.0], "angles": [0.0, 0.0, -0.005066947099307459], "sizes": [0.9999999999999999, 0.9999999999999999, 1.0]}, {"translations": [562.9110189045786, -21.841111969957655, 358.0], "angles": [0.0, 0.0, -0.1291593824925751], "sizes": [1.0, 1.0, 1.0]}, {"translations": [503.8551706706167, 39.08841116429359, 358.0], "angles": [0.0, 0.0, -0.05655370069793141], "sizes": [1.0, 1.0, 1.0]}, {"translations": [480.6093599243933, 36.06344015396641, 58.0], "angles": [0.0, 0.0, 0.9096050238153108], "sizes": [1.0000000000000002, 1.0000000000000002, 1.0]}, {"translations": [138.04760921290858, -2.015568379576558, 358.0], "angles": [0.0, 0.0, -0.7860266503196254], "sizes": [1.0000000000000002, 1.0000000000000002, 1.0]}], "SM_CardBoxA_01": [{"translations": [1091.5681392759193, 32.56704533026489, 58.0], "angles": [0.0, 0.0, -0.511395668843955], "sizes": [1.0000000000000002, 1.0000000000000002, 1.0]}, {"translations": [714.189527444908, 8.16872442464052, 508.0], "angles": [0.0, 0.0, 0.1435472132042159], "sizes": [0.9999999999999999, 0.9999999999999999, 1.0]}, {"translations": [1312.5039825439453, 3.831033706665039, 58.0], "angles": [0.0, 0.0, 0.21542315084013733], "sizes": [1.0, 1.0, 1.0]}, {"translations": [932.7356686324093, 0.9936905094837255, 208.0], "angles": [0.0, 0.0, 0.5839004408968395], "sizes": [1.0000000000000002, 1.0000000000000002, 1.0]}, {"translations": [83.50091223415048, -20.920360683981155, 808.0], "angles": [0.0, 0.0, 0.9849414764396803], "sizes": [1.0000000000000002, 1.0000000000000002, 1.0]}]}