{"SM_RackShelf_01": [{"translations": [200.0, 0.0, 37.0], "angles": [0.0, 0.0, 0.0], "sizes": [1.0, 1.0, 1.0]}, {"translations": [200.0, 0.0, 187.0], "angles": [0.0, 0.0, 0.0], "sizes": [1.0, 1.0, 1.0]}, {"translations": [200.0, 0.0, 337.0], "angles": [0.0, 0.0, 0.0], "sizes": [1.0, 1.0, 1.0]}, {"translations": [200.0, 0.0, 487.0], "angles": [0.0, 0.0, 0.0], "sizes": [1.0, 1.0, 1.0]}, {"translations": [600.0, 0.0, 37.0], "angles": [0.0, 0.0, 0.0], "sizes": [1.0, 1.0, 1.0]}, {"translations": [600.0, 0.0, 187.0], "angles": [0.0, 0.0, 0.0], "sizes": [1.0, 1.0, 1.0]}, {"translations": [600.0, 0.0, 337.0], "angles": [0.0, 0.0, 0.0], "sizes": [1.0, 1.0, 1.0]}, {"translations": [600.0, 0.0, 487.0], "angles": [0.0, 0.0, 0.0], "sizes": [1.0, 1.0, 1.0]}, {"translations": [1000.0, 0.0, 37.0], "angles": [0.0, 0.0, 0.0], "sizes": [1.0, 1.0, 1.0]}, {"translations": [1000.0, 0.0, 187.0], "angles": [0.0, 0.0, 0.0], "sizes": [1.0, 1.0, 1.0]}, {"translations": [1000.0, 0.0, 337.0], "angles": [0.0, 0.0, 0.0], "sizes": [1.0, 1.0, 1.0]}, {"translations": [1000.0, 0.0, 487.0], "angles": [0.0, 0.0, 0.0], "sizes": [1.0, 1.0, 1.0]}, {"translations": [1400.0, 0.0, 37.0], "angles": [0.0, 0.0, 0.0], "sizes": [1.0, 1.0, 1.0]}, {"translations": [1400.0, 0.0, 187.0], "angles": [0.0, 0.0, 0.0], "sizes": [1.0, 1.0, 1.0]}, {"translations": [1400.0, 0.0, 337.0], "angles": [0.0, 0.0, 0.0], "sizes": [1.0, 1.0, 1.0]}, {"translations": [1400.0, 0.0, 487.0], "angles": [0.0, 0.0, 0.0], "sizes": [1.0, 1.0, 1.0]}, {"translations": [1800.0, 0.0, 37.0], "angles": [0.0, 0.0, 0.0], "sizes": [1.0, 1.0, 1.0]}, {"translations": [1800.0, 0.0, 187.0], "angles": [0.0, 0.0, 0.0], "sizes": [1.0, 1.0, 1.0]}, {"translations": [1800.0, 0.0, 337.0], "angles": [0.0, 0.0, 0.0], "sizes": [1.0, 1.0, 1.0]}, {"translations": [1800.0, 0.0, 487.0], "angles": [0.0, 0.0, 0.0], "sizes": [1.0, 1.0, 1.0]}, {"translations": [2200.0, 0.0, 37.0], "angles": [0.0, 0.0, 0.0], "sizes": [1.0, 1.0, 1.0]}, {"translations": [2200.0, 0.0, 187.0], "angles": [0.0, 0.0, 0.0], "sizes": [1.0, 1.0, 1.0]}, {"translations": [2200.0, 0.0, 337.0], "angles": [0.0, 0.0, 0.0], "sizes": [1.0, 1.0, 1.0]}, {"translations": [2200.0, 0.0, 487.0], "angles": [0.0, 0.0, 0.0], "sizes": [1.0, 1.0, 1.0]}, {"translations": [2600.0, 0.0, 37.0], "angles": [0.0, 0.0, 0.0], "sizes": [1.0, 1.0, 1.0]}, {"translations": [2600.0, 0.0, 187.0], "angles": [0.0, 0.0, 0.0], "sizes": [1.0, 1.0, 1.0]}, {"translations": [2600.0, 0.0, 337.0], "angles": [0.0, 0.0, 0.0], "sizes": [1.0, 1.0, 1.0]}, {"translations": [2600.0, 0.0, 487.0], "angles": [0.0, 0.0, 0.0], "sizes": [1.0, 1.0, 1.0]}], "SM_RackFrame_03": [{"translations": [0.0, 0.0, 0.0], "angles": [0.0, 0.0, 0.0], "sizes": [1.0, 1.0, 1.0]}, {"translations": [400.0, 0.0, 0.0], "angles": [0.0, 0.0, 0.0], "sizes": [1.0, 1.0, 1.0]}, {"translations": [800.0, 0.0, 0.0], "angles": [0.0, 0.0, 0.0], "sizes": [1.0, 1.0, 1.0]}, {"translations": [1200.0, 0.0, 0.0], "angles": [0.0, 0.0, 0.0], "sizes": [1.0, 1.0, 1.0]}, {"translations": [1600.0, 0.0, 0.0], "angles": [0.0, 0.0, 0.0], "sizes": [1.0, 1.0, 1.0]}, {"translations": [2000.0, 0.0, 0.0], "angles": [0.0, 0.0, 0.0], "sizes": [1.0, 1.0, 1.0]}, {"translations": [2400.0, 0.0, 0.0], "angles": [0.0, 0.0, 0.0], "sizes": [1.0, 1.0, 1.0]}, {"translations": [0.0, 0.0, 300.0], "angles": [0.0, 0.0, 0.0], "sizes": [1.0, 1.0, 1.0]}, {"translations": [400.0, 0.0, 300.0], "angles": [0.0, 0.0, 0.0], "sizes": [1.0, 1.0, 1.0]}, {"translations": [800.0, 0.0, 300.0], "angles": [0.0, 0.0, 0.0], "sizes": [1.0, 1.0, 1.0]}, {"translations": [1200.0, 0.0, 300.0], "angles": [0.0, 0.0, 0.0], "sizes": [1.0, 1.0, 1.0]}, {"translations": [1600.0, 0.0, 300.0], "angles": [0.0, 0.0, 0.0], "sizes": [1.0, 1.0, 1.0]}, {"translations": [2000.0, 0.0, 300.0], "angles": [0.0, 0.0, 0.0], "sizes": [1.0, 1.0, 1.0]}, {"translations": [2400.0, 0.0, 300.0], "angles": [0.0, 0.0, 0.0], "sizes": [1.0, 1.0, 1.0]}, {"translations": [2800.0, 0.0, 0.0], "angles": [0.0, 0.0, 0.0], "sizes": [1.0, 1.0, 1.0]}, {"translations": [2800.0, 0.0, 300.0], "angles": [0.0, 0.0, 0.0], "sizes": [1.0, 1.0, 1.0]}], "SM_PaletteA_01": [{"translations": [104.04623413085938, -1.7162489891052246, 37.0], "angles": [0.0, 0.0, 0.04055405386541022], "sizes": [1.0, 1.0, 1.0]}, {"translations": [77.0445785522461, -0.000858306884765625, 187.0], "angles": [0.0, 0.0, 0.02310024332114278], "sizes": [1.0, 1.0, 1.0]}, {"translations": [167.94365692138672, 0.4796934127807617, 337.0], "angles": [0.0, 0.0, -0.00012383959111539756], "sizes": [0.9999999999999999, 0.9999999999999999, 1.0]}, {"translations": [74.09922790527344, -9.138336181640625, 487.0], "angles": [0.0, 0.0, -0.03360778364309173], "sizes": [0.9999999999999999, 0.9999999999999999, 1.0]}, {"translations": [482.2792282104492, 6.109950542449951, 37.0], "angles": [0.0, 0.0, 0.01378317509291443], "sizes": [0.9999999999999999, 0.9999999999999999, 1.0]}, {"translations": [491.85707092285156, -2.9225897789001465, 187.0], "angles": [0.0, 0.0, 0.027690183457082497], "sizes": [1.0, 1.0, 1.0]}, {"translations": [533.3830947875977, 8.623649597167969, 337.0], "angles": [0.0, 0.0, 0.006955002375171612], "sizes": [1.0, 1.0, 1.0]}, {"translations": [494.8818664550781, 8.459146499633789, 487.0], "angles": [0.0, 0.0, -0.021787594121305816], "sizes": [1.0, 1.0, 1.0]}, {"translations": [911.4894409179688, 2.581357955932617, 37.0], "angles": [0.0, 0.0, 0.02860331696276067], "sizes": [1.0, 1.0, 1.0]}, {"translations": [962.7283554077148, 0.3313159942626953, 187.0], "angles": [0.0, 0.0, -0.005239906712159634], "sizes": [0.9999999999999999, 0.9999999999999999, 1.0]}, {"translations": [935.8382797241211, -4.22123908996582, 337.0], "angles": [0.0, 0.0, 0.02017668454020709], "sizes": [1.0, 1.0, 1.0]}, {"translations": [966.4827346801758, 3.2526063919067383, 487.0], "angles": [0.0, 0.0, -0.0009174874749870872], "sizes": [1.0, 1.0, 1.0]}, {"translations": [1312.5039825439453, 3.831033706665039, 37.0], "angles": [0.0, 0.0, 0.0238191197050001], "sizes": [1.0, 1.0, 1.0]}, {"translations": [1367.7973022460938, 1.4619636535644531, 187.0], "angles": [0.0, 0.0, -0.010129469982373419], "sizes": [1.0, 1.0, 1.0]}, {"translations": [1278.5350646972656, 1.4052867889404297, 337.0], "angles": [0.0, 0.0, -0.021100635771071772], "sizes": [1.0, 1.0, 1.0]}, {"translations": [1300.343391418457, -2.281332015991211, 487.0], "angles": [0.0, 0.0, 0.02095419013642163], "sizes": [1.0, 1.0, 1.0]}, {"translations": [1713.750633239746, 9.805569648742676, 37.0], "angles": [0.0, 0.0, 0.026340418334038784], "sizes": [0.9999999999999999, 0.9999999999999999, 1.0]}, {"translations": [1675.6761093139648, 3.6362338066101074, 187.0], "angles": [0.0, 0.0, -0.032394006288145545], "sizes": [1.0, 1.0, 1.0]}, {"translations": [1697.231704711914, 6.969821453094482, 337.0], "angles": [0.0, 0.0, -0.04294355755744025], "sizes": [1.0, 1.0, 1.0]}, {"translations": [1714.9520950317383, 8.078994750976562, 487.0], "angles": [0.0, 0.0, -0.03457397826949868], "sizes": [0.9999999999999999, 0.9999999999999999, 1.0]}, {"translations": [2079.5151443481445, 2.395656108856201, 37.0], "angles": [0.0, 0.0, -0.02786323045463337], "sizes": [0.9999999999999999, 0.9999999999999999, 1.0]}, {"translations": [2093.033576965332, 0.1521778106689453, 187.0], "angles": [0.0, 0.0, 0.014259849663290997], "sizes": [1.0, 1.0, 1.0]}, {"translations": [2094.2071533203125, 0.5452275276184082, 337.0], "angles": [0.0, 0.0, -0.03052267478813369], "sizes": [0.9999999999999999, 0.9999999999999999, 1.0]}, {"translations": [2138.9098052978516, 0.4858231544494629, 487.0], "angles": [0.0, 0.0, -0.029843857340117356], "sizes": [1.0, 1.0, 1.0]}, {"translations": [2498.907196044922, -4.518120288848877, 37.0], "angles": [0.0, 0.0, -0.007735310911260897], "sizes": [1.0, 1.0, 1.0]}, {"translations": [2502.4140243530273, -5.466940402984619, 187.0], "angles": [0.0, 0.0, -0.019415148939448228], "sizes": [0.9999999999999999, 0.9999999999999999, 1.0]}, {"translations": [2532.563407897949, 9.540740966796875, 337.0], "angles": [0.0, 0.0, 0.03754954405229748], "sizes": [0.9999999999999999, 0.9999999999999999, 1.0]}, {"translations": [2560.399745941162, -8.810394287109375, 487.0], "angles": [0.0, 0.0, -0.015111992164522903], "sizes": [1.0, 1.0, 1.0]}, {"translations": [288.7731170654297, -1.7162489891052246, 37.0], "angles": [0.0, 0.0, -0.02217899667268749], "sizes": [1.0, 1.0, 1.0]}, {"translations": [275.2722930908203, -0.000858306884765625, 187.0], "angles": [0.0, 0.0, -0.03110564673649693], "sizes": [1.0, 1.0, 1.0]}, {"translations": [320.7218246459961, 0.4796934127807617, 337.0], "angles": [0.0, 0.0, -0.03957742531301681], "sizes": [0.9999999999999999, 0.9999999999999999, 1.0]}, {"translations": [273.7996139526367, -9.138336181640625, 487.0], "angles": [0.0, 0.0, -0.011341173745572307], "sizes": [1.0, 1.0, 1.0]}, {"translations": [677.8896102905273, 6.109950542449951, 37.0], "angles": [0.0, 0.0, -0.013708610506989233], "sizes": [1.0, 1.0, 1.0]}, {"translations": [682.6785354614258, -2.9225897789001465, 187.0], "angles": [0.0, 0.0, 0.04109423734238507], "sizes": [0.9999999999999999, 0.9999999999999999, 1.0]}, {"translations": [703.4415435791016, 8.623649597167969, 337.0], "angles": [0.0, 0.0, 0.027157737013676343], "sizes": [1.0, 1.0, 1.0]}, {"translations": [684.1909332275391, 8.459146499633789, 487.0], "angles": [0.0, 0.0, 0.0019907740177035776], "sizes": [1.0, 1.0, 1.0]}, {"translations": [1092.4947204589844, 2.581357955932617, 37.0], "angles": [0.0, 0.0, 0.04134969596879502], "sizes": [1.0, 1.0, 1.0]}, {"translations": [1118.1141815185547, 0.3313159942626953, 187.0], "angles": [0.0, 0.0, 0.0012876796430907613], "sizes": [1.0, 1.0, 1.0]}, {"translations": [1104.6691436767578, -4.22123908996582, 337.0], "angles": [0.0, 0.0, 0.022176332086531372], "sizes": [1.0, 1.0, 1.0]}, {"translations": [1119.9913635253906, 3.2526063919067383, 487.0], "angles": [0.0, 0.0, -0.01594016245054191], "sizes": [1.0, 1.0, 1.0]}, {"translations": [1493.0019912719727, 3.831033706665039, 37.0], "angles": [0.0, 0.0, 0.016025374800207427], "sizes": [1.0, 1.0, 1.0]}, {"translations": [1520.6486511230469, 1.4619636535644531, 187.0], "angles": [0.0, 0.0, -0.024660456271808448], "sizes": [1.0, 1.0, 1.0]}, {"translations": [1476.0175323486328, 1.4052867889404297, 337.0], "angles": [0.0, 0.0, 0.027684859176869962], "sizes": [0.9999999999999999, 0.9999999999999999, 1.0]}, {"translations": [1486.9216995239258, -2.281332015991211, 487.0], "angles": [0.0, 0.0, 0.010204036719458066], "sizes": [1.0, 1.0, 1.0]}, {"translations": [1893.6253204345703, 9.805569648742676, 37.0], "angles": [0.0, 0.0, -0.0163981787534856], "sizes": [1.0, 1.0, 1.0]}, {"translations": [1874.5880508422852, 3.6362338066101074, 187.0], "angles": [0.0, 0.0, 0.02339045360132552], "sizes": [1.0, 1.0, 1.0]}, {"translations": [1885.365852355957, 6.969821453094482, 337.0], "angles": [0.0, 0.0, 0.026588009729513952], "sizes": [1.0, 1.0, 1.0]}, {"translations": [1894.2260513305664, 8.078994750976562, 487.0], "angles": [0.0, 0.0, 0.034430249033364654], "sizes": [1.0, 1.0, 1.0]}, {"translations": [2276.5075759887695, 2.395656108856201, 37.0], "angles": [0.0, 0.0, -0.018810703089348298], "sizes": [1.0, 1.0, 1.0]}, {"translations": [2283.2667846679688, 0.1521778106689453, 187.0], "angles": [0.0, 0.0, 0.03127601443528256], "sizes": [0.9999999999999999, 0.9999999999999999, 1.0]}, {"translations": [2283.8535766601562, 0.5452275276184082, 337.0], "angles": [0.0, 0.0, -0.02273547360169131], "sizes": [0.9999999999999999, 0.9999999999999999, 1.0]}, {"translations": [2306.204902648926, 0.4858231544494629, 487.0], "angles": [0.0, 0.0, -0.01859501645225709], "sizes": [1.0, 1.0, 1.0]}, {"translations": [2686.203598022461, -4.518120288848877, 37.0], "angles": [0.0, 0.0, 0.006504922743227091], "sizes": [1.0, 1.0, 1.0]}, {"translations": [2687.9570083618164, -5.466940402984619, 187.0], "angles": [0.0, 0.0, 0.036413123093491755], "sizes": [1.0, 1.0, 1.0]}, {"translations": [2703.031707763672, 9.540740966796875, 337.0], "angles": [0.0, 0.0, -0.018760109877368127], "sizes": [1.0, 1.0, 1.0]}, {"translations": [2716.9498748779297, -8.810394287109375, 487.0], "angles": [0.0, 0.0, -0.003990858534638707], "sizes": [1.0, 1.0, 1.0]}], "SM_CardBoxD_04": [{"translations": [2716.7104252727254, -38.80943866999877, 508.0], "angles": [0.0, 0.0, 0.039748193474461055], "sizes": [1.0, 1.0, 1.0]}, {"translations": [1922.6254279865084, -21.162054767347495, 58.0], "angles": [0.0, 0.0, -0.4934143445873122], "sizes": [1.0, 1.0, 1.0]}, {"translations": [1549.132985437842, -29.980725459216252, 208.0], "angles": [0.0, 0.0, -0.23414004341046626], "sizes": [1.0, 1.0, 1.0]}, {"translations": [714.1906954366677, 8.578592704001824, 508.0], "angles": [0.0, 0.0, 0.8958575542038996], "sizes": [0.9999999999999997, 0.9999999999999997, 1.0]}, {"translations": [680.2149640205414, 26.976086040534717, 208.0], "angles": [0.0, 0.0, -0.7746861370727589], "sizes": [1.0000000000000002, 1.0000000000000002, 1.0]}, {"translations": [2471.271951872907, -34.279634161863115, 208.0], "angles": [0.0, 0.0, 0.06840786413386249], "sizes": [1.0, 1.0, 1.0]}, {"translations": [2077.8439996034745, -27.55776231446172, 58.0], "angles": [0.0, 0.0, 0.6128120406086691], "sizes": [1.0000000000000002, 1.0000000000000002, 1.0]}, {"translations": [1270.3697361035133, -3.538307378101858, 508.0], "angles": [0.0, 0.0, 0.8143734579320755], "sizes": [1.0000000000000007, 1.0000000000000007, 1.0]}, {"translations": [1247.2960226355822, -27.302242729782826, 358.0], "angles": [0.0, 0.0, 0.9706660352390211], "sizes": [1.0000000000000013, 1.0000000000000013, 1.0]}, {"translations": [936.4277359618424, -26.692293875767806, 508.0], "angles": [0.0, 0.0, 0.7382841870509572], "sizes": [1.0000000000000002, 1.0000000000000002, 1.0]}, {"translations": [967.024208438507, -32.98645854369569, 358.0], "angles": [0.0, 0.0, 0.8415917746164865], "sizes": [0.9999999999999999, 0.9999999999999999, 1.0]}], "SM_CardBoxC_01": [{"translations": [2747.1883688660237, 20.949200490575638, 508.0], "angles": [0.0, 0.0, -0.47718882492623527], "sizes": [1.0, 1.0, 1.0]}, {"translations": [1862.2325877265173, 35.943278101107495, 508.0], "angles": [0.0, 0.0, 0.9628703046791734], "sizes": [1.0000000000000009, 1.0000000000000009, 1.0]}, {"translations": [1886.9605689703608, -22.987763211222912, 358.0], "angles": [0.0, 0.0, -0.19957173523346697], "sizes": [1.0, 1.0, 1.0]}, {"translations": [1905.9582672897968, -24.927896147517252, 208.0], "angles": [0.0, 0.0, 0.735255461056885], "sizes": [1.0000000000000004, 1.0000000000000004, 1.0]}, {"translations": [1118.036920804023, 30.3312165071309, 208.0], "angles": [0.0, 0.0, 0.02337884289817067], "sizes": [1.0, 1.0, 1.0]}, {"translations": [307.0796751024068, 28.075652330461267, 208.0], "angles": [0.0, 0.0, -0.5071979253004834], "sizes": [1.0, 1.0, 1.0]}, {"translations": [317.4131901324303, -33.01714697489576, 58.0], "angles": [0.0, 0.0, 0.6403254117449851], "sizes": [1.0000000000000007, 1.0000000000000007, 1.0]}, {"translations": [2066.0935585508405, 32.31983671699969, 358.0], "angles": [0.0, 0.0, 0.4554571624492811], "sizes": [1.0000000000000002, 1.0000000000000002, 1.0]}, {"translations": [2111.1397075161326, 30.677929787503977, 58.0], "angles": [0.0, 0.0, -0.7402602406041383], "sizes": [1.0000000000000004, 1.0000000000000004, 1.0]}, {"translations": [936.5378344125012, 33.30760511024019, 508.0], "angles": [0.0, 0.0, 0.9888104164974756], "sizes": [1.0, 1.0, 1.0]}], "SM_CardBoxD_02": [{"translations": [2655.853224810418, 22.270166181606264, 208.0], "angles": [0.0, 0.0, 0.9066901768934028], "sizes": [1.0000000000000002, 1.0000000000000002, 1.0]}, {"translations": [1862.6576960184802, -19.1945379031954, 58.0], "angles": [0.0, 0.0, 0.9908516029494235], "sizes": [0.9999999999999997, 0.9999999999999997, 1.0]}, {"translations": [1076.0289037612479, -35.521984409878485, 358.0], "angles": [0.0, 0.0, 0.8882452010616361], "sizes": [1.0000000000000002, 1.0000000000000002, 1.0]}, {"translations": [1065.076168163098, -29.7949140653755, 58.0], "angles": [0.0, 0.0, -0.8362234715906351], "sizes": [1.0000000000000002, 1.0000000000000002, 1.0]}, {"translations": [2093.889080951355, -29.835621590585877, 208.0], "angles": [0.0, 0.0, -0.07244486645015359], "sizes": [1.0, 1.0, 1.0]}, {"translations": [1703.6705267062987, -28.243424203848488, 208.0], "angles": [0.0, 0.0, -0.45786792767860585], "sizes": [1.0, 1.0, 1.0]}, {"translations": [1329.06007137129, 28.94929866106304, 508.0], "angles": [0.0, 0.0, 0.9979558287501867], "sizes": [1.0000000000000007, 1.0000000000000007, 1.0]}, {"translations": [996.5377333985092, 33.19750665958128, 508.0], "angles": [0.0, 0.0, 0.9136257169901872], "sizes": [0.9999999999999994, 0.9999999999999994, 1.0]}, {"translations": [881.5385299024451, 0.8658611357132289, 58.0], "angles": [0.0, 0.0, -0.19892314807183978], "sizes": [1.0, 1.0, 1.0]}], "SM_CardBoxD_03": [{"translations": [2686.203598022461, -4.518120288848877, 58.0], "angles": [0.0, 0.0, 0.8795192973318265], "sizes": [0.9999999999999999, 0.9999999999999999, 1.0]}, {"translations": [2313.2080933232314, 2.0278206365541225, 208.0], "angles": [0.0, 0.0, 0.0500211619202384], "sizes": [0.9999999999999999, 0.9999999999999999, 1.0]}, {"translations": [1913.7287204058707, 38.522122731815564, 358.0], "angles": [0.0, 0.0, -0.10589951680481964], "sizes": [0.9999999999999999, 0.9999999999999999, 1.0]}, {"translations": [1843.2178343947735, 32.20036376073747, 208.0], "angles": [0.0, 0.0, -0.22843646476415122], "sizes": [1.0, 1.0, 1.0]}, {"translations": [1090.0158605962736, 32.47877011452991, 58.0], "angles": [0.0, 0.0, 0.14990171905500532], "sizes": [1.0, 1.0, 1.0]}, {"translations": [731.7684278080409, 40.20826024666418, 358.0], "angles": [0.0, 0.0, 0.472392192516821], "sizes": [1.0, 1.0, 1.0]}, {"translations": [273.7996139526367, -9.138336181640625, 508.0], "angles": [0.0, 0.0, 0.9589424964174286], "sizes": [1.0000000000000007, 1.0000000000000007, 1.0]}, {"translations": [2564.730193575356, -18.12327716477194, 358.0], "angles": [0.0, 0.0, 0.5591133178689254], "sizes": [1.0, 1.0, 1.0]}, {"translations": [1667.3423536600553, 9.54405798044706, 358.0], "angles": [0.0, 0.0, 0.9768032739757121], "sizes": [1.0000000000000007, 1.0000000000000007, 1.0]}, {"translations": [1281.109281860634, 32.36825096773115, 58.0], "angles": [0.0, 0.0, -0.6617943378279579], "sizes": [1.0000000000000002, 1.0000000000000002, 1.0]}, {"translations": [526.1603298334273, 37.123719210373146, 508.0], "angles": [0.0, 0.0, 0.9994200108914999], "sizes": [1.0000000000000007, 1.0000000000000007, 1.0]}], "SM_CardBoxA_01": [{"translations": [2306.204902648926, 0.4858231544494629, 508.0], "angles": [0.0, 0.0, -0.8202477861181748], "sizes": [1.0000000000000002, 1.0000000000000002, 1.0]}, {"translations": [2285.2173524704967, 30.514213422024817, 358.0], "angles": [0.0, 0.0, -0.8119664598932105], "sizes": [1.0, 1.0, 1.0]}, {"translations": [1119.03507529257, -26.73214828135628, 508.0], "angles": [0.0, 0.0, 0.553091961030413], "sizes": [1.0000000000000002, 1.0000000000000002, 1.0]}, {"translations": [2107.173410802494, -27.67090365168043, 508.0], "angles": [0.0, 0.0, -0.5334774382828756], "sizes": [1.0000000000000002, 1.0000000000000002, 1.0]}, {"translations": [2062.432544130931, -27.568367241853654, 358.0], "angles": [0.0, 0.0, 0.9900175816173491], "sizes": [0.9999999999999992, 0.9999999999999992, 1.0]}, {"translations": [466.21729374433875, 39.73760987798306, 508.0], "angles": [0.0, 0.0, 0.9416374266805349], "sizes": [1.0000000000000002, 1.0000000000000002, 1.0]}, {"translations": [562.9629024145604, 39.03803732324054, 358.0], "angles": [0.0, 0.0, 0.9890790778493805], "sizes": [0.9999999999999999, 0.9999999999999999, 1.0]}, {"translations": [463.56384964339196, -34.53735894825411, 208.0], "angles": [0.0, 0.0, -0.2036523985100153], "sizes": [1.0, 1.0, 1.0]}], "SM_CardBoxD_05": [{"translations": [2255.2011188385914, -31.66477367047887, 208.0], "angles": [0.0, 0.0, -0.25947299839678434], "sizes": [1.0, 1.0, 1.0]}, {"translations": [1446.0635194342915, -0.2551680666542244, 358.0], "angles": [0.0, 0.0, 0.8668881510331262], "sizes": [1.0000000000000004, 1.0000000000000004, 1.0]}, {"translations": [1492.1643168082517, 32.90465276634516, 208.0], "angles": [0.0, 0.0, 0.2749351197845015], "sizes": [1.0, 1.0, 1.0]}, {"translations": [348.25505729023354, -31.799109231652885, 358.0], "angles": [0.0, 0.0, 0.11850388903776758], "sizes": [1.0, 1.0, 1.0]}, {"translations": [323.09460964609417, 30.385711057116318, 358.0], "angles": [0.0, 0.0, -0.7367972183566429], "sizes": [0.9999999999999999, 0.9999999999999999, 1.0]}, {"translations": [1687.0970151050801, 40.08047162751285, 508.0], "angles": [0.0, 0.0, -0.702054699881012], "sizes": [1.0, 1.0, 1.0]}, {"translations": [1647.681691921631, 35.515891817068706, 208.0], "angles": [0.0, 0.0, -0.206113839877073], "sizes": [1.0, 1.0, 1.0]}, {"translations": [992.7267080103737, 0.016925907666936857, 208.0], "angles": [0.0, 0.0, -0.02058653997640897], "sizes": [1.0, 1.0, 1.0]}, {"translations": [106.04678683210302, 18.77856691696169, 508.0], "angles": [0.0, 0.0, -0.7845235452845908], "sizes": [1.0, 1.0, 1.0]}, {"translations": [197.9362256258021, -29.527736042454524, 358.0], "angles": [0.0, 0.0, -0.19662750109244348], "sizes": [1.0, 1.0, 1.0]}], "SM_CardBoxD_01": [{"translations": [2246.5288065418126, 3.524098595735224, 58.0], "angles": [0.0, 0.0, 0.8532242465983434], "sizes": [1.0000000000000002, 1.0000000000000002, 1.0]}, {"translations": [1088.191541720218, -29.745845233137153, 208.0], "angles": [0.0, 0.0, 0.9434290067102892], "sizes": [1.0000000000000002, 1.0000000000000002, 1.0]}, {"translations": [708.7007740710624, 35.27623564167099, 58.0], "angles": [0.0, 0.0, 0.8935904564678987], "sizes": [1.0, 1.0, 1.0]}, {"translations": [258.8026315390341, -0.38583652971026283, 58.0], "angles": [0.0, 0.0, 0.8797910777758811], "sizes": [1.0000000000000004, 1.0000000000000004, 1.0]}, {"translations": [2499.3713008141117, 25.47828960905749, 58.0], "angles": [0.0, 0.0, -0.4147928138430854], "sizes": [1.0, 1.0, 1.0]}, {"translations": [2092.178072979309, 30.139977211923767, 208.0], "angles": [0.0, 0.0, 0.9991052512250135], "sizes": [1.0000000000000009, 1.0000000000000009, 1.0]}, {"translations": [1341.0411998050115, 35.225734389976395, 58.0], "angles": [0.0, 0.0, 0.9984344908250113], "sizes": [0.9999999999999996, 0.9999999999999996, 1.0]}, {"translations": [932.730002805056, 0.6457060808584538, 208.0], "angles": [0.0, 0.0, -0.43965407122361855], "sizes": [0.9999999999999999, 0.9999999999999999, 1.0]}, {"translations": [77.0445785522461, -0.000858306884765625, 208.0], "angles": [0.0, 0.0, 0.4570334287506147], "sizes": [1.0, 1.0, 1.0]}], "SM_CardBoxA_02": [{"translations": [1926.2195149346155, -19.785288599154374, 508.0], "angles": [0.0, 0.0, 0.9399356772994225], "sizes": [1.0000000000000013, 1.0000000000000013, 1.0]}, {"translations": [1894.6090788666463, 39.7894356327568, 58.0], "angles": [0.0, 0.0, 0.9999674752404213], "sizes": [1.000000000000001, 1.000000000000001, 1.0]}, {"translations": [1457.5401571941327, -32.88729500235344, 508.0], "angles": [0.0, 0.0, 0.38675871054270355], "sizes": [1.0, 1.0, 1.0]}, {"translations": [1150.9324064314744, 32.28107283234898, 508.0], "angles": [0.0, 0.0, 0.8234412002314583], "sizes": [1.0000000000000004, 1.0000000000000004, 1.0]}, {"translations": [1124.8709924802924, -24.837194339953847, 58.0], "angles": [0.0, 0.0, -0.8188857464003093], "sizes": [1.0, 1.0, 1.0]}, {"translations": [320.0740150512202, 26.92382407789539, 58.0], "angles": [0.0, 0.0, -0.005571399884224899], "sizes": [0.9999999999999999, 0.9999999999999999, 1.0]}, {"translations": [481.45231626274483, 36.098551987511435, 58.0], "angles": [0.0, 0.0, -0.42575115039075717], "sizes": [1.0, 1.0, 1.0]}, {"translations": [137.9436578415614, 0.48712378819070856, 358.0], "angles": [0.0, 0.0, -0.8111493837916578], "sizes": [0.9999999999999998, 0.9999999999999998, 1.0]}, {"translations": [2671.9274157657787, -19.312734028596672, 358.0], "angles": [0.0, 0.0, 0.5377678013614215], "sizes": [1.0, 1.0, 1.0]}], "SM_CardBoxB_02": [{"translations": [1516.3032418537189, 28.32463097037102, 508.0], "angles": [-0.0, -0.0, 0.007946568512471953], "sizes": [1.0, 1.0, 1.0]}, {"translations": [1552.0913402358276, 29.946297968359694, 208.0], "angles": [0.0, 0.0, -0.8184297664242046], "sizes": [1.0000000000000004, 1.0000000000000004, 1.0]}, {"translations": [655.2434310828753, -35.28483703921936, 208.0], "angles": [0.0, 0.0, 0.9839008478446633], "sizes": [1.0000000000000004, 1.0000000000000004, 1.0]}, {"translations": [273.4068574037001, -29.94280463135102, 208.0], "angles": [0.0, 0.0, 0.9990531862492782], "sizes": [1.0000000000000009, 1.0000000000000009, 1.0]}, {"translations": [2560.399745941162, -8.810394287109375, 508.0], "angles": [0.0, 0.0, 0.9885248025564202], "sizes": [0.9999999999999996, 0.9999999999999996, 1.0]}, {"translations": [2502.6480059934615, 7.289357193877814, 358.0], "angles": [0.0, 0.0, -0.5951536405184108], "sizes": [1.0000000000000002, 1.0000000000000002, 1.0]}, {"translations": [1744.8803734333355, 6.005796276037488, 508.0], "angles": [0.0, 0.0, 0.2925771068302079], "sizes": [1.0, 1.0, 1.0]}, {"translations": [1729.6952922911253, 34.284935977600554, 358.0], "angles": [0.0, 0.0, 0.9710837477798826], "sizes": [1.0000000000000004, 1.0000000000000004, 1.0]}, {"translations": [1683.7922622980268, 8.225692907237043, 58.0], "angles": [0.0, 0.0, 0.9675481679657649], "sizes": [1.0000000000000013, 1.0000000000000013, 1.0]}, {"translations": [502.9687070615251, 38.203457224130766, 358.0], "angles": [0.0, 0.0, 0.826600885465034], "sizes": [1.0000000000000004, 1.0000000000000004, 1.0]}], "SM_CardBoxC_02": [{"translations": [1507.6320001185688, -26.888271269806328, 358.0], "angles": [0.0, 0.0, 0.9990443881739746], "sizes": [1.0000000000000009, 1.0000000000000009, 1.0]}, {"translations": [2473.6013305941487, 25.675132077135974, 208.0], "angles": [0.0, 0.0, -0.4097748583949552], "sizes": [1.0, 1.0, 1.0]}, {"translations": [1682.950618155202, -19.776085175681576, 508.0], "angles": [0.0, 0.0, 0.990058639579304], "sizes": [1.0000000000000004, 1.0000000000000004, 1.0]}, {"translations": [1279.8008209687457, 31.378572579143825, 358.0], "angles": [0.0, 0.0, -0.7477075585217896], "sizes": [1.0000000000000002, 1.0000000000000002, 1.0]}, {"translations": [1397.183408858605, -29.13961699446948, 208.0], "angles": [0.0, 0.0, -0.207266959697857], "sizes": [1.0, 1.0, 1.0]}, {"translations": [934.627925093793, 25.754334994092076, 358.0], "angles": [0.0, 0.0, 0.6108024713296759], "sizes": [1.0000000000000002, 1.0000000000000002, 1.0]}, {"translations": [533.8003848371526, -21.373448079349714, 358.0], "angles": [0.0, 0.0, -0.8392712295747164], "sizes": [1.0000000000000004, 1.0000000000000004, 1.0]}, {"translations": [490.1962969779044, 27.03140544550664, 208.0], "angles": [0.0, 0.0, -0.2310578066609119], "sizes": [1.0, 1.0, 1.0]}, {"translations": [71.7136704933618, 25.753831619206974, 58.0], "angles": [0.0, 0.0, 0.8945581747477883], "sizes": [1.0000000000000002, 1.0000000000000002, 1.0]}], "SM_CardBoxB_01": [{"translations": [1523.947981528245, -25.192158520564263, 58.0], "angles": [0.0, 0.0, 0.9464102481252863], "sizes": [1.0000000000000004, 1.0000000000000004, 1.0]}, {"translations": [1134.639636294469, -2.8909863877644293, 358.0], "angles": [0.0, 0.0, -0.6604846417090505], "sizes": [1.0000000000000002, 1.0000000000000002, 1.0]}, {"translations": [675.1146593501622, -22.960961052328244, 358.0], "angles": [0.0, 0.0, 0.9109034005447245], "sizes": [0.9999999999999999, 0.9999999999999999, 1.0]}, {"translations": [2168.8563659485953, -1.3040106901644064, 508.0], "angles": [0.0, 0.0, -0.8336280467495332], "sizes": [1.0000000000000004, 1.0000000000000004, 1.0]}, {"translations": [2051.2328706694966, 34.020219276844266, 58.0], "angles": [0.0, 0.0, 0.9833375873570337], "sizes": [1.0000000000000016, 1.0000000000000016, 1.0]}, {"translations": [1338.4111956335826, 32.063544301598384, 208.0], "angles": [0.0, 0.0, 0.9564709688354578], "sizes": [1.000000000000001, 1.000000000000001, 1.0]}, {"translations": [46.18232480667112, 22.809222745188958, 508.0], "angles": [0.0, 0.0, 0.9970568728774163], "sizes": [0.9999999999999994, 0.9999999999999994, 1.0]}]}