{"SM_RackShelf_01": [{"translations": [200.0, 0.0, 37.0], "angles": [0.0, 0.0, 0.0], "sizes": [1.0, 1.0, 1.0]}, {"translations": [200.0, 0.0, 187.0], "angles": [0.0, 0.0, 0.0], "sizes": [1.0, 1.0, 1.0]}, {"translations": [200.0, 0.0, 337.0], "angles": [0.0, 0.0, 0.0], "sizes": [1.0, 1.0, 1.0]}, {"translations": [200.0, 0.0, 487.0], "angles": [0.0, 0.0, 0.0], "sizes": [1.0, 1.0, 1.0]}, {"translations": [200.0, 0.0, 637.0], "angles": [0.0, 0.0, 0.0], "sizes": [1.0, 1.0, 1.0]}, {"translations": [200.0, 0.0, 787.0], "angles": [0.0, 0.0, 0.0], "sizes": [1.0, 1.0, 1.0]}, {"translations": [200.0, 0.0, 937.0], "angles": [0.0, 0.0, 0.0], "sizes": [1.0, 1.0, 1.0]}, {"translations": [200.0, 0.0, 1087.0], "angles": [0.0, 0.0, 0.0], "sizes": [1.0, 1.0, 1.0]}, {"translations": [200.0, 0.0, 1237.0], "angles": [0.0, 0.0, 0.0], "sizes": [1.0, 1.0, 1.0]}, {"translations": [200.0, 0.0, 1387.0], "angles": [0.0, 0.0, 0.0], "sizes": [1.0, 1.0, 1.0]}, {"translations": [600.0, 0.0, 37.0], "angles": [0.0, 0.0, 0.0], "sizes": [1.0, 1.0, 1.0]}, {"translations": [600.0, 0.0, 187.0], "angles": [0.0, 0.0, 0.0], "sizes": [1.0, 1.0, 1.0]}, {"translations": [600.0, 0.0, 337.0], "angles": [0.0, 0.0, 0.0], "sizes": [1.0, 1.0, 1.0]}, {"translations": [600.0, 0.0, 487.0], "angles": [0.0, 0.0, 0.0], "sizes": [1.0, 1.0, 1.0]}, {"translations": [600.0, 0.0, 637.0], "angles": [0.0, 0.0, 0.0], "sizes": [1.0, 1.0, 1.0]}, {"translations": [600.0, 0.0, 787.0], "angles": [0.0, 0.0, 0.0], "sizes": [1.0, 1.0, 1.0]}, {"translations": [600.0, 0.0, 937.0], "angles": [0.0, 0.0, 0.0], "sizes": [1.0, 1.0, 1.0]}, {"translations": [600.0, 0.0, 1087.0], "angles": [0.0, 0.0, 0.0], "sizes": [1.0, 1.0, 1.0]}, {"translations": [600.0, 0.0, 1237.0], "angles": [0.0, 0.0, 0.0], "sizes": [1.0, 1.0, 1.0]}, {"translations": [600.0, 0.0, 1387.0], "angles": [0.0, 0.0, 0.0], "sizes": [1.0, 1.0, 1.0]}, {"translations": [1000.0, 0.0, 37.0], "angles": [0.0, 0.0, 0.0], "sizes": [1.0, 1.0, 1.0]}, {"translations": [1000.0, 0.0, 187.0], "angles": [0.0, 0.0, 0.0], "sizes": [1.0, 1.0, 1.0]}, {"translations": [1000.0, 0.0, 337.0], "angles": [0.0, 0.0, 0.0], "sizes": [1.0, 1.0, 1.0]}, {"translations": [1000.0, 0.0, 487.0], "angles": [0.0, 0.0, 0.0], "sizes": [1.0, 1.0, 1.0]}, {"translations": [1000.0, 0.0, 637.0], "angles": [0.0, 0.0, 0.0], "sizes": [1.0, 1.0, 1.0]}, {"translations": [1000.0, 0.0, 787.0], "angles": [0.0, 0.0, 0.0], "sizes": [1.0, 1.0, 1.0]}, {"translations": [1000.0, 0.0, 937.0], "angles": [0.0, 0.0, 0.0], "sizes": [1.0, 1.0, 1.0]}, {"translations": [1000.0, 0.0, 1087.0], "angles": [0.0, 0.0, 0.0], "sizes": [1.0, 1.0, 1.0]}, {"translations": [1000.0, 0.0, 1237.0], "angles": [0.0, 0.0, 0.0], "sizes": [1.0, 1.0, 1.0]}, {"translations": [1000.0, 0.0, 1387.0], "angles": [0.0, 0.0, 0.0], "sizes": [1.0, 1.0, 1.0]}, {"translations": [1400.0, 0.0, 37.0], "angles": [0.0, 0.0, 0.0], "sizes": [1.0, 1.0, 1.0]}, {"translations": [1400.0, 0.0, 187.0], "angles": [0.0, 0.0, 0.0], "sizes": [1.0, 1.0, 1.0]}, {"translations": [1400.0, 0.0, 337.0], "angles": [0.0, 0.0, 0.0], "sizes": [1.0, 1.0, 1.0]}, {"translations": [1400.0, 0.0, 487.0], "angles": [0.0, 0.0, 0.0], "sizes": [1.0, 1.0, 1.0]}, {"translations": [1400.0, 0.0, 637.0], "angles": [0.0, 0.0, 0.0], "sizes": [1.0, 1.0, 1.0]}, {"translations": [1400.0, 0.0, 787.0], "angles": [0.0, 0.0, 0.0], "sizes": [1.0, 1.0, 1.0]}, {"translations": [1400.0, 0.0, 937.0], "angles": [0.0, 0.0, 0.0], "sizes": [1.0, 1.0, 1.0]}, {"translations": [1400.0, 0.0, 1087.0], "angles": [0.0, 0.0, 0.0], "sizes": [1.0, 1.0, 1.0]}, {"translations": [1400.0, 0.0, 1237.0], "angles": [0.0, 0.0, 0.0], "sizes": [1.0, 1.0, 1.0]}, {"translations": [1400.0, 0.0, 1387.0], "angles": [0.0, 0.0, 0.0], "sizes": [1.0, 1.0, 1.0]}, {"translations": [1800.0, 0.0, 37.0], "angles": [0.0, 0.0, 0.0], "sizes": [1.0, 1.0, 1.0]}, {"translations": [1800.0, 0.0, 187.0], "angles": [0.0, 0.0, 0.0], "sizes": [1.0, 1.0, 1.0]}, {"translations": [1800.0, 0.0, 337.0], "angles": [0.0, 0.0, 0.0], "sizes": [1.0, 1.0, 1.0]}, {"translations": [1800.0, 0.0, 487.0], "angles": [0.0, 0.0, 0.0], "sizes": [1.0, 1.0, 1.0]}, {"translations": [1800.0, 0.0, 637.0], "angles": [0.0, 0.0, 0.0], "sizes": [1.0, 1.0, 1.0]}, {"translations": [1800.0, 0.0, 787.0], "angles": [0.0, 0.0, 0.0], "sizes": [1.0, 1.0, 1.0]}, {"translations": [1800.0, 0.0, 937.0], "angles": [0.0, 0.0, 0.0], "sizes": [1.0, 1.0, 1.0]}, {"translations": [1800.0, 0.0, 1087.0], "angles": [0.0, 0.0, 0.0], "sizes": [1.0, 1.0, 1.0]}, {"translations": [1800.0, 0.0, 1237.0], "angles": [0.0, 0.0, 0.0], "sizes": [1.0, 1.0, 1.0]}, {"translations": [1800.0, 0.0, 1387.0], "angles": [0.0, 0.0, 0.0], "sizes": [1.0, 1.0, 1.0]}, {"translations": [2200.0, 0.0, 37.0], "angles": [0.0, 0.0, 0.0], "sizes": [1.0, 1.0, 1.0]}, {"translations": [2200.0, 0.0, 187.0], "angles": [0.0, 0.0, 0.0], "sizes": [1.0, 1.0, 1.0]}, {"translations": [2200.0, 0.0, 337.0], "angles": [0.0, 0.0, 0.0], "sizes": [1.0, 1.0, 1.0]}, {"translations": [2200.0, 0.0, 487.0], "angles": [0.0, 0.0, 0.0], "sizes": [1.0, 1.0, 1.0]}, {"translations": [2200.0, 0.0, 637.0], "angles": [0.0, 0.0, 0.0], "sizes": [1.0, 1.0, 1.0]}, {"translations": [2200.0, 0.0, 787.0], "angles": [0.0, 0.0, 0.0], "sizes": [1.0, 1.0, 1.0]}, {"translations": [2200.0, 0.0, 937.0], "angles": [0.0, 0.0, 0.0], "sizes": [1.0, 1.0, 1.0]}, {"translations": [2200.0, 0.0, 1087.0], "angles": [0.0, 0.0, 0.0], "sizes": [1.0, 1.0, 1.0]}, {"translations": [2200.0, 0.0, 1237.0], "angles": [0.0, 0.0, 0.0], "sizes": [1.0, 1.0, 1.0]}, {"translations": [2200.0, 0.0, 1387.0], "angles": [0.0, 0.0, 0.0], "sizes": [1.0, 1.0, 1.0]}], "SM_RackFrame_03": [{"translations": [0.0, 0.0, 0.0], "angles": [0.0, 0.0, 0.0], "sizes": [1.0, 1.0, 1.0]}, {"translations": [400.0, 0.0, 0.0], "angles": [0.0, 0.0, 0.0], "sizes": [1.0, 1.0, 1.0]}, {"translations": [800.0, 0.0, 0.0], "angles": [0.0, 0.0, 0.0], "sizes": [1.0, 1.0, 1.0]}, {"translations": [1200.0, 0.0, 0.0], "angles": [0.0, 0.0, 0.0], "sizes": [1.0, 1.0, 1.0]}, {"translations": [1600.0, 0.0, 0.0], "angles": [0.0, 0.0, 0.0], "sizes": [1.0, 1.0, 1.0]}, {"translations": [2000.0, 0.0, 0.0], "angles": [0.0, 0.0, 0.0], "sizes": [1.0, 1.0, 1.0]}, {"translations": [0.0, 0.0, 300.0], "angles": [0.0, 0.0, 0.0], "sizes": [1.0, 1.0, 1.0]}, {"translations": [400.0, 0.0, 300.0], "angles": [0.0, 0.0, 0.0], "sizes": [1.0, 1.0, 1.0]}, {"translations": [800.0, 0.0, 300.0], "angles": [0.0, 0.0, 0.0], "sizes": [1.0, 1.0, 1.0]}, {"translations": [1200.0, 0.0, 300.0], "angles": [0.0, 0.0, 0.0], "sizes": [1.0, 1.0, 1.0]}, {"translations": [1600.0, 0.0, 300.0], "angles": [0.0, 0.0, 0.0], "sizes": [1.0, 1.0, 1.0]}, {"translations": [2000.0, 0.0, 300.0], "angles": [0.0, 0.0, 0.0], "sizes": [1.0, 1.0, 1.0]}, {"translations": [0.0, 0.0, 600.0], "angles": [0.0, 0.0, 0.0], "sizes": [1.0, 1.0, 1.0]}, {"translations": [400.0, 0.0, 600.0], "angles": [0.0, 0.0, 0.0], "sizes": [1.0, 1.0, 1.0]}, {"translations": [800.0, 0.0, 600.0], "angles": [0.0, 0.0, 0.0], "sizes": [1.0, 1.0, 1.0]}, {"translations": [1200.0, 0.0, 600.0], "angles": [0.0, 0.0, 0.0], "sizes": [1.0, 1.0, 1.0]}, {"translations": [1600.0, 0.0, 600.0], "angles": [0.0, 0.0, 0.0], "sizes": [1.0, 1.0, 1.0]}, {"translations": [2000.0, 0.0, 600.0], "angles": [0.0, 0.0, 0.0], "sizes": [1.0, 1.0, 1.0]}, {"translations": [0.0, 0.0, 900.0], "angles": [0.0, 0.0, 0.0], "sizes": [1.0, 1.0, 1.0]}, {"translations": [400.0, 0.0, 900.0], "angles": [0.0, 0.0, 0.0], "sizes": [1.0, 1.0, 1.0]}, {"translations": [800.0, 0.0, 900.0], "angles": [0.0, 0.0, 0.0], "sizes": [1.0, 1.0, 1.0]}, {"translations": [1200.0, 0.0, 900.0], "angles": [0.0, 0.0, 0.0], "sizes": [1.0, 1.0, 1.0]}, {"translations": [1600.0, 0.0, 900.0], "angles": [0.0, 0.0, 0.0], "sizes": [1.0, 1.0, 1.0]}, {"translations": [2000.0, 0.0, 900.0], "angles": [0.0, 0.0, 0.0], "sizes": [1.0, 1.0, 1.0]}, {"translations": [0.0, 0.0, 1200.0], "angles": [0.0, 0.0, 0.0], "sizes": [1.0, 1.0, 1.0]}, {"translations": [400.0, 0.0, 1200.0], "angles": [0.0, 0.0, 0.0], "sizes": [1.0, 1.0, 1.0]}, {"translations": [800.0, 0.0, 1200.0], "angles": [0.0, 0.0, 0.0], "sizes": [1.0, 1.0, 1.0]}, {"translations": [1200.0, 0.0, 1200.0], "angles": [0.0, 0.0, 0.0], "sizes": [1.0, 1.0, 1.0]}, {"translations": [1600.0, 0.0, 1200.0], "angles": [0.0, 0.0, 0.0], "sizes": [1.0, 1.0, 1.0]}, {"translations": [2000.0, 0.0, 1200.0], "angles": [0.0, 0.0, 0.0], "sizes": [1.0, 1.0, 1.0]}, {"translations": [2400.0, 0.0, 0.0], "angles": [0.0, 0.0, 0.0], "sizes": [1.0, 1.0, 1.0]}, {"translations": [2400.0, 0.0, 300.0], "angles": [0.0, 0.0, 0.0], "sizes": [1.0, 1.0, 1.0]}, {"translations": [2400.0, 0.0, 600.0], "angles": [0.0, 0.0, 0.0], "sizes": [1.0, 1.0, 1.0]}, {"translations": [2400.0, 0.0, 900.0], "angles": [0.0, 0.0, 0.0], "sizes": [1.0, 1.0, 1.0]}, {"translations": [2400.0, 0.0, 1200.0], "angles": [0.0, 0.0, 0.0], "sizes": [1.0, 1.0, 1.0]}], "SM_PaletteA_01": [{"translations": [104.04623413085938, -1.7162489891052246, 37.0], "angles": [0.0, 0.0, -0.010899103859813956], "sizes": [1.0, 1.0, 1.0]}, {"translations": [77.0445785522461, -0.000858306884765625, 187.0], "angles": [0.0, 0.0, 0.0035434376463205856], "sizes": [1.0, 1.0, 1.0]}, {"translations": [167.94365692138672, 0.4796934127807617, 337.0], "angles": [0.0, 0.0, 0.008361151692317081], "sizes": [1.0, 1.0, 1.0]}, {"translations": [74.09922790527344, -9.138336181640625, 487.0], "angles": [0.0, 0.0, 0.01866158392658152], "sizes": [1.0, 1.0, 1.0]}, {"translations": [106.05471801757812, -5.421197414398193, 637.0], "angles": [0.0, 0.0, -0.02688618545689922], "sizes": [1.0, 1.0, 1.0]}, {"translations": [115.29872131347656, 7.166991233825684, 787.0], "angles": [0.0, 0.0, 0.018512472669652433], "sizes": [1.0, 1.0, 1.0]}, {"translations": [132.94749450683594, -1.137080192565918, 937.0], "angles": [0.0, 0.0, -0.005559489184745637], "sizes": [0.9999999999999999, 0.9999999999999999, 1.0]}, {"translations": [141.91117095947266, -1.9424939155578613, 1087.0], "angles": [0.0, 0.0, -0.003032097881801674], "sizes": [0.9999999999999999, 0.9999999999999999, 1.0]}, {"translations": [171.65704727172852, -8.041610717773438, 1237.0], "angles": [0.0, 0.0, -0.03440895636866866], "sizes": [1.0, 1.0, 1.0]}, {"translations": [162.23725128173828, 2.0641422271728516, 1387.0], "angles": [0.0, 0.0, 0.0006964373747034666], "sizes": [1.0, 1.0, 1.0]}, {"translations": [482.2792282104492, 6.109950542449951, 37.0], "angles": [0.0, 0.0, -0.01619313737805777], "sizes": [1.0, 1.0, 1.0]}, {"translations": [491.85707092285156, -2.9225897789001465, 187.0], "angles": [0.0, 0.0, -0.008480994893250528], "sizes": [1.0, 1.0, 1.0]}, {"translations": [533.3830947875977, 8.623649597167969, 337.0], "angles": [0.0, 0.0, -0.0026592438373000175], "sizes": [1.0, 1.0, 1.0]}, {"translations": [494.8818664550781, 8.459146499633789, 487.0], "angles": [0.0, 0.0, -0.025400603873457352], "sizes": [0.9999999999999999, 0.9999999999999999, 1.0]}, {"translations": [541.5834045410156, 7.324190139770508, 637.0], "angles": [0.0, 0.0, 0.03202933215663084], "sizes": [1.0, 1.0, 1.0]}, {"translations": [533.2000122070312, 9.428579330444336, 787.0], "angles": [0.0, 0.0, 0.015628603101137742], "sizes": [0.9999999999999999, 0.9999999999999999, 1.0]}, {"translations": [479.88209533691406, -8.396973609924316, 937.0], "angles": [0.0, 0.0, -0.031685948359176846], "sizes": [0.9999999999999999, 0.9999999999999999, 1.0]}, {"translations": [518.589485168457, 2.799050807952881, 1087.0], "angles": [0.0, 0.0, 0.028086854671629486], "sizes": [1.0, 1.0, 1.0]}, {"translations": [505.95130920410156, 9.096426963806152, 1237.0], "angles": [0.0, 0.0, 0.03250580638657501], "sizes": [1.0, 1.0, 1.0]}, {"translations": [528.7910232543945, -7.548806667327881, 1387.0], "angles": [0.0, 0.0, -0.038286734091930626], "sizes": [1.0, 1.0, 1.0]}, {"translations": [911.4894409179688, 2.581357955932617, 37.0], "angles": [0.0, 0.0, -0.04359810234463122], "sizes": [1.0, 1.0, 1.0]}, {"translations": [962.7283554077148, 0.3313159942626953, 187.0], "angles": [0.0, 0.0, 0.007644763510940614], "sizes": [0.9999999999999999, 0.9999999999999999, 1.0]}, {"translations": [935.8382797241211, -4.22123908996582, 337.0], "angles": [0.0, 0.0, -0.012797861353948073], "sizes": [1.0, 1.0, 1.0]}, {"translations": [966.4827346801758, 3.2526063919067383, 487.0], "angles": [0.0, 0.0, 0.021611862717060157], "sizes": [1.0, 1.0, 1.0]}, {"translations": [881.7578506469727, 2.102322578430176, 637.0], "angles": [0.0, 0.0, -0.0291889843732125], "sizes": [0.9999999999999999, 0.9999999999999999, 1.0]}, {"translations": [922.1294860839844, 5.8795952796936035, 787.0], "angles": [0.0, 0.0, 0.007303878012351791], "sizes": [1.0, 1.0, 1.0]}, {"translations": [880.4381942749023, 9.166719436645508, 937.0], "angles": [0.0, 0.0, -0.009453038699061406], "sizes": [1.0, 1.0, 1.0]}, {"translations": [910.0795974731445, 0.4271697998046875, 1087.0], "angles": [0.0, 0.0, -0.039516220524817756], "sizes": [1.0, 1.0, 1.0]}, {"translations": [953.6557540893555, 6.80105447769165, 1237.0], "angles": [0.0, 0.0, 0.003631321396758645], "sizes": [0.9999999999999999, 0.9999999999999999, 1.0]}, {"translations": [925.6163024902344, -3.2606863975524902, 1387.0], "angles": [0.0, 0.0, -0.03667660408240869], "sizes": [0.9999999999999999, 0.9999999999999999, 1.0]}, {"translations": [1312.5039825439453, 3.831033706665039, 37.0], "angles": [0.0, 0.0, 0.01651268437564724], "sizes": [0.9999999999999999, 0.9999999999999999, 1.0]}, {"translations": [1367.7973022460938, 1.4619636535644531, 187.0], "angles": [0.0, 0.0, 0.028243925079346283], "sizes": [1.0, 1.0, 1.0]}, {"translations": [1278.5350646972656, 1.4052867889404297, 337.0], "angles": [0.0, 0.0, -0.03245789062304244], "sizes": [1.0, 1.0, 1.0]}, {"translations": [1300.343391418457, -2.281332015991211, 487.0], "angles": [0.0, 0.0, 0.02620197551536654], "sizes": [1.0, 1.0, 1.0]}, {"translations": [1315.598030090332, -4.324848651885986, 637.0], "angles": [0.0, 0.0, -0.00854224537946448], "sizes": [1.0, 1.0, 1.0]}, {"translations": [1286.8436584472656, 4.431722164154053, 787.0], "angles": [0.0, 0.0, -0.03339484411025355], "sizes": [0.9999999999999999, 0.9999999999999999, 1.0]}, {"translations": [1352.2860984802246, -4.739868640899658, 937.0], "angles": [0.0, 0.0, 0.024466100010771125], "sizes": [0.9999999999999999, 0.9999999999999999, 1.0]}, {"translations": [1276.7451858520508, 9.815754890441895, 1087.0], "angles": [0.0, 0.0, 0.022112431893630453], "sizes": [1.0, 1.0, 1.0]}, {"translations": [1348.378776550293, -5.155339241027832, 1237.0], "angles": [0.0, 0.0, -0.018957154990797528], "sizes": [1.0, 1.0, 1.0]}, {"translations": [1334.1796646118164, 4.429993629455566, 1387.0], "angles": [0.0, 0.0, 0.029937030489268816], "sizes": [0.9999999999999999, 0.9999999999999999, 1.0]}, {"translations": [1713.750633239746, 9.805569648742676, 37.0], "angles": [0.0, 0.0, 0.02059472850064454], "sizes": [1.0, 1.0, 1.0]}, {"translations": [1675.6761093139648, 3.6362338066101074, 187.0], "angles": [0.0, 0.0, 0.024290379456385822], "sizes": [1.0, 1.0, 1.0]}, {"translations": [1697.231704711914, 6.969821453094482, 337.0], "angles": [0.0, 0.0, 0.013908336866761352], "sizes": [1.0, 1.0, 1.0]}, {"translations": [1714.9520950317383, 8.078994750976562, 487.0], "angles": [0.0, 0.0, 0.04169029494792094], "sizes": [1.0, 1.0, 1.0]}, {"translations": [1734.4088516235352, 9.549428939819336, 637.0], "angles": [0.0, 0.0, 0.015743104938988044], "sizes": [1.0, 1.0, 1.0]}, {"translations": [1715.0519256591797, 4.0348219871521, 787.0], "angles": [0.0, 0.0, -0.002496786349359405], "sizes": [1.0, 1.0, 1.0]}, {"translations": [1741.4865112304688, -3.541259765625, 937.0], "angles": [0.0, 0.0, -0.018778748720977824], "sizes": [0.9999999999999999, 0.9999999999999999, 1.0]}, {"translations": [1760.2896919250488, -9.471297264099121, 1087.0], "angles": [0.0, 0.0, -0.031539541469456284], "sizes": [1.0, 1.0, 1.0]}, {"translations": [1707.2485885620117, 5.535857677459717, 1237.0], "angles": [0.0, 0.0, 0.011884440691155148], "sizes": [0.9999999999999999, 0.9999999999999999, 1.0]}, {"translations": [1703.9045791625977, -3.702082633972168, 1387.0], "angles": [0.0, 0.0, 0.012582157474763087], "sizes": [1.0, 1.0, 1.0]}, {"translations": [2079.5151443481445, 2.395656108856201, 37.0], "angles": [0.0, 0.0, 0.007474320870219511], "sizes": [1.0, 1.0, 1.0]}, {"translations": [2093.033576965332, 0.1521778106689453, 187.0], "angles": [0.0, 0.0, 0.04013094350224437], "sizes": [0.9999999999999999, 0.9999999999999999, 1.0]}, {"translations": [2094.2071533203125, 0.5452275276184082, 337.0], "angles": [0.0, 0.0, -0.00391362486551266], "sizes": [0.9999999999999999, 0.9999999999999999, 1.0]}, {"translations": [2138.9098052978516, 0.4858231544494629, 487.0], "angles": [0.0, 0.0, 0.04119003412328377], "sizes": [0.9999999999999999, 0.9999999999999999, 1.0]}, {"translations": [2166.2614097595215, -6.692960262298584, 637.0], "angles": [0.0, 0.0, -0.013703284685115377], "sizes": [1.0, 1.0, 1.0]}, {"translations": [2099.147735595703, -7.900900840759277, 787.0], "angles": [0.0, 0.0, -0.02814276102662369], "sizes": [1.0, 1.0, 1.0]}, {"translations": [2075.7228469848633, 4.342007637023926, 937.0], "angles": [0.0, 0.0, -0.02656138544423059], "sizes": [1.0, 1.0, 1.0]}, {"translations": [2112.7602767944336, 6.360223293304443, 1087.0], "angles": [0.0, 0.0, 0.042565722009499415], "sizes": [1.0, 1.0, 1.0]}, {"translations": [2157.669101715088, -8.731592178344727, 1237.0], "angles": [0.0, 0.0, -0.014302455895265603], "sizes": [1.0, 1.0, 1.0]}, {"translations": [2171.4077224731445, -3.7424254417419434, 1387.0], "angles": [0.0, 0.0, 0.027988352289705157], "sizes": [1.0, 1.0, 1.0]}, {"translations": [288.7731170654297, -1.7162489891052246, 37.0], "angles": [0.0, 0.0, -0.02920495860726828], "sizes": [1.0, 1.0, 1.0]}, {"translations": [275.2722930908203, -0.000858306884765625, 187.0], "angles": [0.0, 0.0, -0.03687621020388998], "sizes": [1.0, 1.0, 1.0]}, {"translations": [320.7218246459961, 0.4796934127807617, 337.0], "angles": [0.0, 0.0, 0.04190849161366688], "sizes": [1.0, 1.0, 1.0]}, {"translations": [273.7996139526367, -9.138336181640625, 487.0], "angles": [0.0, 0.0, -0.006494270323878381], "sizes": [1.0, 1.0, 1.0]}, {"translations": [289.77735900878906, -5.421197414398193, 637.0], "angles": [0.0, 0.0, 0.03593405120466113], "sizes": [1.0, 1.0, 1.0]}, {"translations": [294.3993606567383, 7.166991233825684, 787.0], "angles": [0.0, 0.0, 0.011631447475174299], "sizes": [0.9999999999999999, 0.9999999999999999, 1.0]}, {"translations": [303.22374725341797, -1.137080192565918, 937.0], "angles": [0.0, 0.0, -0.0008429163926260875], "sizes": [1.0, 1.0, 1.0]}, {"translations": [307.7055892944336, -1.9424939155578613, 1087.0], "angles": [0.0, 0.0, 0.014747172479696813], "sizes": [1.0, 1.0, 1.0]}, {"translations": [322.5785217285156, -8.041610717773438, 1237.0], "angles": [0.0, 0.0, 0.03852358472395414], "sizes": [1.0, 1.0, 1.0]}, {"translations": [317.8686218261719, 2.0641422271728516, 1387.0], "angles": [0.0, 0.0, -0.041533300380670025], "sizes": [0.9999999999999999, 0.9999999999999999, 1.0]}, {"translations": [677.8896102905273, 6.109950542449951, 37.0], "angles": [0.0, 0.0, 0.008699371246112038], "sizes": [1.0, 1.0, 1.0]}, {"translations": [682.6785354614258, -2.9225897789001465, 187.0], "angles": [0.0, 0.0, -0.014403647672365412], "sizes": [1.0, 1.0, 1.0]}, {"translations": [703.4415435791016, 8.623649597167969, 337.0], "angles": [0.0, 0.0, -0.0045288277916739885], "sizes": [1.0, 1.0, 1.0]}, {"translations": [684.1909332275391, 8.459146499633789, 487.0], "angles": [0.0, 0.0, 0.0027977302991228003], "sizes": [1.0, 1.0, 1.0]}, {"translations": [707.5417022705078, 7.324190139770508, 637.0], "angles": [0.0, 0.0, -0.011445033407636359], "sizes": [1.0, 1.0, 1.0]}, {"translations": [703.3500061035156, 9.428579330444336, 787.0], "angles": [0.0, 0.0, -0.04223045713395866], "sizes": [1.0, 1.0, 1.0]}, {"translations": [676.691047668457, -8.396973609924316, 937.0], "angles": [0.0, 0.0, 0.0289866635352645], "sizes": [1.0, 1.0, 1.0]}, {"translations": [696.0447387695312, 2.799050807952881, 1087.0], "angles": [0.0, 0.0, 0.03672451284568512], "sizes": [0.9999999999999999, 0.9999999999999999, 1.0]}, {"translations": [689.7256546020508, 9.096426963806152, 1237.0], "angles": [0.0, 0.0, -0.0338500017281309], "sizes": [1.0, 1.0, 1.0]}, {"translations": [701.1455078125, -7.548806667327881, 1387.0], "angles": [0.0, 0.0, -0.0037138840352056437], "sizes": [1.0, 1.0, 1.0]}, {"translations": [1092.4947204589844, 2.581357955932617, 37.0], "angles": [0.0, 0.0, -0.01802518096800529], "sizes": [1.0, 1.0, 1.0]}, {"translations": [1118.1141815185547, 0.3313159942626953, 187.0], "angles": [0.0, 0.0, 0.02474565141998115], "sizes": [0.9999999999999999, 0.9999999999999999, 1.0]}, {"translations": [1104.6691436767578, -4.22123908996582, 337.0], "angles": [0.0, 0.0, 0.04138694830741022], "sizes": [0.9999999999999999, 0.9999999999999999, 1.0]}, {"translations": [1119.9913635253906, 3.2526063919067383, 487.0], "angles": [0.0, 0.0, 0.03935388990680834], "sizes": [1.0, 1.0, 1.0]}, {"translations": [1077.6289291381836, 2.102322578430176, 637.0], "angles": [0.0, 0.0, -0.019564263873513746], "sizes": [1.0, 1.0, 1.0]}, {"translations": [1097.8147430419922, 5.8795952796936035, 787.0], "angles": [0.0, 0.0, -0.01469657270173], "sizes": [0.9999999999999999, 0.9999999999999999, 1.0]}, {"translations": [1076.9691009521484, 9.166719436645508, 937.0], "angles": [0.0, 0.0, -0.026974042058527103], "sizes": [1.0, 1.0, 1.0]}, {"translations": [1091.789794921875, 0.4271697998046875, 1087.0], "angles": [0.0, 0.0, 0.015958804287203008], "sizes": [1.0, 1.0, 1.0]}, {"translations": [1113.577880859375, 6.80105447769165, 1237.0], "angles": [0.0, 0.0, -0.039455011430408936], "sizes": [0.9999999999999999, 0.9999999999999999, 1.0]}, {"translations": [1099.5581512451172, -3.2606863975524902, 1387.0], "angles": [0.0, 0.0, 0.024378237747751205], "sizes": [1.0, 1.0, 1.0]}, {"translations": [1493.0019912719727, 3.831033706665039, 37.0], "angles": [0.0, 0.0, 0.005082777099485188], "sizes": [1.0, 1.0, 1.0]}, {"translations": [1520.6486511230469, 1.4619636535644531, 187.0], "angles": [0.0, 0.0, -0.004984236186054956], "sizes": [1.0, 1.0, 1.0]}, {"translations": [1476.0175323486328, 1.4052867889404297, 337.0], "angles": [0.0, 0.0, -0.026287169395835114], "sizes": [1.0, 1.0, 1.0]}, {"translations": [1486.9216995239258, -2.281332015991211, 487.0], "angles": [0.0, 0.0, 0.041921795716843784], "sizes": [1.0, 1.0, 1.0]}, {"translations": [1494.5490188598633, -4.324848651885986, 637.0], "angles": [0.0, 0.0, -0.030466772335429892], "sizes": [0.9999999999999999, 0.9999999999999999, 1.0]}, {"translations": [1480.1718292236328, 4.431722164154053, 787.0], "angles": [0.0, 0.0, 0.008936388568881527], "sizes": [0.9999999999999999, 0.9999999999999999, 1.0]}, {"translations": [1512.893051147461, -4.739868640899658, 937.0], "angles": [0.0, 0.0, -0.014637989460254557], "sizes": [1.0, 1.0, 1.0]}, {"translations": [1475.1225967407227, 9.815754890441895, 1087.0], "angles": [0.0, 0.0, -0.0024009102368890306], "sizes": [1.0, 1.0, 1.0]}, {"translations": [1510.9393844604492, -5.155339241027832, 1237.0], "angles": [0.0, 0.0, 0.02721897123500227], "sizes": [0.9999999999999999, 0.9999999999999999, 1.0]}, {"translations": [1503.839828491211, 4.429993629455566, 1387.0], "angles": [0.0, 0.0, 0.02310556822168627], "sizes": [1.0, 1.0, 1.0]}, {"translations": [1893.6253204345703, 9.805569648742676, 37.0], "angles": [0.0, 0.0, 0.020781116119625295], "sizes": [1.0, 1.0, 1.0]}, {"translations": [1874.5880508422852, 3.6362338066101074, 187.0], "angles": [0.0, 0.0, 0.007458342349068006], "sizes": [1.0, 1.0, 1.0]}, {"translations": [1885.365852355957, 6.969821453094482, 337.0], "angles": [0.0, 0.0, -0.004209241109504431], "sizes": [1.0, 1.0, 1.0]}, {"translations": [1894.2260513305664, 8.078994750976562, 487.0], "angles": [0.0, 0.0, 0.04333735092330877], "sizes": [1.0, 1.0, 1.0]}, {"translations": [1903.9544296264648, 9.549428939819336, 637.0], "angles": [0.0, 0.0, -0.015338342939809424], "sizes": [1.0, 1.0, 1.0]}, {"translations": [1894.2759628295898, 4.0348219871521, 787.0], "angles": [0.0, 0.0, 0.023755217764133973], "sizes": [0.9999999999999999, 0.9999999999999999, 1.0]}, {"translations": [1907.4932556152344, -3.541259765625, 937.0], "angles": [0.0, 0.0, 0.015998746603513553], "sizes": [0.9999999999999999, 0.9999999999999999, 1.0]}, {"translations": [1916.8948440551758, -9.471297264099121, 1087.0], "angles": [0.0, 0.0, -0.039641295178563754], "sizes": [0.9999999999999999, 0.9999999999999999, 1.0]}, {"translations": [1890.3742980957031, 5.535857677459717, 1237.0], "angles": [0.0, 0.0, 0.007783248968466291], "sizes": [1.0, 1.0, 1.0]}, {"translations": [1888.702293395996, -3.702082633972168, 1387.0], "angles": [0.0, 0.0, 0.027453245990084297], "sizes": [1.0, 1.0, 1.0]}, {"translations": [2276.5075759887695, 2.395656108856201, 37.0], "angles": [0.0, 0.0, 0.02857669623827169], "sizes": [0.9999999999999999, 0.9999999999999999, 1.0]}, {"translations": [2283.2667846679688, 0.1521778106689453, 187.0], "angles": [0.0, 0.0, -0.004406321003452035], "sizes": [1.0, 1.0, 1.0]}, {"translations": [2283.8535766601562, 0.5452275276184082, 337.0], "angles": [0.0, 0.0, 0.03642909145848914], "sizes": [1.0, 1.0, 1.0]}, {"translations": [2306.204902648926, 0.4858231544494629, 487.0], "angles": [0.0, 0.0, -0.03807382823265647], "sizes": [1.0, 1.0, 1.0]}, {"translations": [2319.8807067871094, -6.692960262298584, 637.0], "angles": [0.0, 0.0, 0.027770053805295118], "sizes": [1.0, 1.0, 1.0]}, {"translations": [2286.3238677978516, -7.900900840759277, 787.0], "angles": [0.0, 0.0, 0.038893499154231743], "sizes": [1.0, 1.0, 1.0]}, {"translations": [2274.611427307129, 4.342007637023926, 937.0], "angles": [0.0, 0.0, 0.04170892086049936], "sizes": [1.0, 1.0, 1.0]}, {"translations": [2293.130142211914, 6.360223293304443, 1087.0], "angles": [0.0, 0.0, -0.011479655348065738], "sizes": [1.0, 1.0, 1.0]}, {"translations": [2315.5845489501953, -8.731592178344727, 1237.0], "angles": [0.0, 0.0, -0.04014424857731269], "sizes": [1.0, 1.0, 1.0]}, {"translations": [2322.453857421875, -3.7424254417419434, 1387.0], "angles": [0.0, 0.0, -0.03617624544772563], "sizes": [1.0, 1.0, 1.0]}], "SM_CardBoxD_05": [{"translations": [243.1428166719436, -27.70819930252788, 208.0], "angles": [0.0, 0.0, 0.8436079865626731], "sizes": [1.0, 1.0, 1.0]}, {"translations": [2044.17205656666, -24.022541081166843, 958.0], "angles": [0.0, 0.0, -0.11787063352528697], "sizes": [1.0, 1.0, 1.0]}, {"translations": [2100.835632440181, 22.051578259348624, 808.0], "angles": [0.0, 0.0, 0.8898622175980131], "sizes": [1.0, 1.0, 1.0]}, {"translations": [2049.0700495511487, 31.943857455163734, 58.0], "angles": [0.0, 0.0, 0.8160590447978169], "sizes": [1.0000000000000004, 1.0000000000000004, 1.0]}, {"translations": [1728.4579454434665, -37.52018166138445, 1108.0], "angles": [0.0, 0.0, -0.7294655486608638], "sizes": [1.0000000000000002, 1.0000000000000002, 1.0]}, {"translations": [1788.3385763223341, -41.303043745681364, 1108.0], "angles": [0.0, 0.0, 0.7872449232115688], "sizes": [1.0000000000000004, 1.0000000000000004, 1.0]}, {"translations": [1323.7895404631663, -36.17147981787298, 958.0], "angles": [0.0, 0.0, 0.126316680021974], "sizes": [1.0, 1.0, 1.0]}, {"translations": [1254.9079983226598, -23.4987918376624, 808.0], "angles": [0.0, 0.0, -0.5985633171578982], "sizes": [1.0000000000000002, 1.0000000000000002, 1.0]}, {"translations": [923.8744231263294, -23.416032179871888, 1258.0], "angles": [0.0, 0.0, -0.7359851679744076], "sizes": [1.0, 1.0, 1.0]}, {"translations": [983.872840746919, -22.980276485334425, 1258.0], "angles": [0.0, 0.0, -0.01914977787521602], "sizes": [1.0, 1.0, 1.0]}, {"translations": [995.158301425189, 34.52099093368136, 508.0], "angles": [0.0, 0.0, 0.5485477098975655], "sizes": [1.0, 1.0, 1.0]}, {"translations": [102.9588325733149, 21.960268584560055, 508.0], "angles": [0.0, 0.0, -0.7510497742692633], "sizes": [1.0, 1.0, 1.0]}, {"translations": [198.44111395560503, -29.01446049008628, 358.0], "angles": [0.0, 0.0, -0.18830107765142973], "sizes": [1.0, 1.0, 1.0]}, {"translations": [1512.5719176489235, -35.11088689732232, 1258.0], "angles": [0.0, 0.0, 0.9798507358467861], "sizes": [1.0000000000000013, 1.0000000000000013, 1.0]}, {"translations": [277.71863804020234, -2.8272280430556087, 1108.0], "angles": [0.0, 0.0, 0.4996018856875801], "sizes": [1.0, 1.0, 1.0]}, {"translations": [1083.6712827349934, 9.166511859834959, 1258.0], "angles": [0.0, 0.0, -0.6236989043433608], "sizes": [1.0000000000000002, 1.0000000000000002, 1.0]}, {"translations": [673.7145010768318, 38.89414586115818, 358.0], "angles": [0.0, 0.0, -0.015099421085988716], "sizes": [0.9999999999999999, 0.9999999999999999, 1.0]}, {"translations": [1505.2257924759006, -25.537974333573615, 1408.0], "angles": [0.0, 0.0, 0.9458120007345154], "sizes": [1.0000000000000009, 1.0000000000000009, 1.0]}, {"translations": [2343.081142023298, -41.041611821981725, 1258.0], "angles": [0.0, 0.0, -0.12927629509162344], "sizes": [1.0, 1.0, 1.0]}, {"translations": [2274.0091063126083, -27.144426541678406, 508.0], "angles": [0.0, 0.0, 0.7368248316302903], "sizes": [1.0000000000000004, 1.0000000000000004, 1.0]}, {"translations": [2274.7936744529993, 32.346658454782535, 58.0], "angles": [0.0, 0.0, 0.5320905905264756], "sizes": [1.0, 1.0, 1.0]}, {"translations": [1886.989129992182, -7.094689096469175, 1108.0], "angles": [0.0, 0.0, 0.9338469634501491], "sizes": [1.0000000000000004, 1.0000000000000004, 1.0]}, {"translations": [1876.5488112715827, 25.483580703577434, 958.0], "angles": [0.0, 0.0, 0.9833196197087256], "sizes": [1.0000000000000004, 1.0000000000000004, 1.0]}], "SM_CardBoxD_02": [{"translations": [302.9796340864634, -32.13033472576147, 208.0], "angles": [0.0, 0.0, -0.5416606217355286], "sizes": [1.0, 1.0, 1.0]}, {"translations": [2141.379109941522, -29.4123797108859, 508.0], "angles": [0.0, 0.0, 0.7820221260397833], "sizes": [1.0000000000000004, 1.0000000000000004, 1.0]}, {"translations": [2063.97325661425, -29.219037791168752, 358.0], "angles": [0.0, 0.0, 0.9834169277922822], "sizes": [1.0000000000000002, 1.0000000000000002, 1.0]}, {"translations": [2123.9714186390997, -29.688669178443874, 358.0], "angles": [0.0, 0.0, 0.053369186630520656], "sizes": [1.0, 1.0, 1.0]}, {"translations": [2064.4428880015253, 30.77912423368069, 358.0], "angles": [0.0, 0.0, 0.9641655866869138], "sizes": [1.000000000000001, 1.000000000000001, 1.0]}, {"translations": [1685.2021064097203, 34.18425466464383, 808.0], "angles": [0.0, 0.0, 0.9992976101387437], "sizes": [1.0000000000000007, 1.0000000000000007, 1.0]}, {"translations": [1707.0977007097229, -24.87137209353556, 208.0], "angles": [0.0, 0.0, 0.23763552541558156], "sizes": [1.0, 1.0, 1.0]}, {"translations": [851.808970455497, 3.8529154141972906, 658.0], "angles": [0.0, 0.0, 0.9987300295475672], "sizes": [1.0, 1.0, 1.0]}, {"translations": [477.9640245660783, -22.789493104309596, 1258.0], "angles": [0.0, 0.0, 0.6312015714717483], "sizes": [1.0000000000000002, 1.0000000000000002, 1.0]}, {"translations": [474.0653891359858, 37.08371160182942, 1258.0], "angles": [0.0, 0.0, 0.6847007075813176], "sizes": [1.0000000000000002, 1.0000000000000002, 1.0]}, {"translations": [350.17977843403895, 24.179044587105196, 1258.0], "angles": [0.0, 0.0, 0.9999858681899012], "sizes": [1.0000000000000007, 1.0000000000000007, 1.0]}, {"translations": [333.1731296573447, -31.187612527673817, 958.0], "angles": [0.0, 0.0, -0.8329697536997503], "sizes": [0.9999999999999999, 0.9999999999999999, 1.0]}, {"translations": [304.1867314221783, 20.469485283173043, 508.0], "angles": [0.0, 0.0, 0.9511956039179785], "sizes": [1.0000000000000013, 1.0000000000000013, 1.0]}, {"translations": [1466.4318700561373, 27.446615638403273, 658.0], "angles": [0.0, 0.0, 0.9564978808218842], "sizes": [1.0000000000000009, 1.0000000000000009, 1.0]}, {"translations": [1550.3481101099283, -28.835596246311148, 208.0], "angles": [0.0, 0.0, 0.4125282259738586], "sizes": [0.9999999999999999, 0.9999999999999999, 1.0]}, {"translations": [1130.9847528983596, -31.76276892722771, 1408.0], "angles": [0.0, 0.0, 0.9397947952220773], "sizes": [1.0000000000000009, 1.0000000000000009, 1.0]}, {"translations": [1047.012756888847, 10.784573064481368, 958.0], "angles": [0.0, 0.0, 0.17528365905882334], "sizes": [1.0, 1.0, 1.0]}, {"translations": [677.5495615978899, 8.010847167623558, 658.0], "angles": [0.0, 0.0, 0.9886086252757635], "sizes": [0.9999999999999997, 0.9999999999999997, 1.0]}, {"translations": [684.0230700665528, 38.45867686194419, 508.0], "angles": [0.0, 0.0, 0.8908707458511095], "sizes": [1.0, 1.0, 1.0]}, {"translations": [711.8019583493694, -33.77427108300416, 208.0], "angles": [0.0, 0.0, 0.9915567266424671], "sizes": [1.0, 1.0, 1.0]}, {"translations": [1502.4538645065213, 34.39796159248475, 1408.0], "angles": [0.0, 0.0, 0.7288205061701101], "sizes": [1.0000000000000004, 1.0000000000000004, 1.0]}, {"translations": [1915.6173415225308, 36.71620616123454, 358.0], "angles": [0.0, 0.0, 0.9242469182869307], "sizes": [0.9999999999999998, 0.9999999999999998, 1.0]}, {"translations": [2242.2154477955746, 31.73727203594788, 958.0], "angles": [0.0, 0.0, 0.7332594696848233], "sizes": [1.0000000000000004, 1.0000000000000004, 1.0]}, {"translations": [2348.16887559728, 24.926329820929084, 658.0], "angles": [0.0, 0.0, 0.9957989994068839], "sizes": [1.0000000000000009, 1.0000000000000009, 1.0]}, {"translations": [2256.1174960602957, -31.559442427982084, 358.0], "angles": [0.0, 0.0, -0.5651367221782684], "sizes": [1.0, 1.0, 1.0]}], "SM_CardBoxA_01": [{"translations": [316.9703912251898, -33.41662327647482, 58.0], "angles": [0.0, 0.0, 0.6224045629414259], "sizes": [1.0000000000000002, 1.0000000000000002, 1.0]}, {"translations": [1737.953130249143, -23.742651843744035, 1258.0], "angles": [0.0, 0.0, -0.0683248890388877], "sizes": [1.0, 1.0, 1.0]}, {"translations": [1770.3388265054452, -34.646627522225515, 958.0], "angles": [0.0, 0.0, -0.21166134046507082], "sizes": [1.0, 1.0, 1.0]}, {"translations": [1306.0288548982492, -27.31164956163539, 1408.0], "angles": [0.0, 0.0, 0.3532580311741479], "sizes": [1.0, 1.0, 1.0]}, {"translations": [1341.496996440686, 34.805299560489665, 58.0], "angles": [0.0, 0.0, 0.7380357574334061], "sizes": [1.0000000000000002, 1.0000000000000002, 1.0]}, {"translations": [910.9999896581518, 38.59420086051854, 958.0], "angles": [0.0, 0.0, 0.9560126890604675], "sizes": [1.000000000000001, 1.000000000000001, 1.0]}, {"translations": [906.6159156350674, 26.536742590352283, 358.0], "angles": [0.0, 0.0, -0.039040929339521836], "sizes": [1.0, 1.0, 1.0]}, {"translations": [496.58345597265213, -35.16533450469433, 1408.0], "angles": [0.0, 0.0, 0.5160200393781634], "sizes": [1.0, 1.0, 1.0]}, {"translations": [533.9385938421249, 40.982347031921904, 1258.0], "angles": [0.0, 0.0, 0.8679398446181089], "sizes": [1.0, 1.0, 1.0]}, {"translations": [86.42984202280775, -23.923004078184157, 808.0], "angles": [0.0, 0.0, 0.9922837783709157], "sizes": [0.9999999999999994, 0.9999999999999994, 1.0]}, {"translations": [708.4070120705086, -23.363566190359535, 58.0], "angles": [0.0, 0.0, 0.7830458439753554], "sizes": [1.0000000000000009, 1.0000000000000009, 1.0]}, {"translations": [647.894151034132, 5.588008018864099, 58.0], "angles": [0.0, 0.0, 0.9238436548536327], "sizes": [1.0000000000000002, 1.0000000000000002, 1.0]}, {"translations": [323.6934035843575, 37.85671343776235, 808.0], "angles": [0.0, 0.0, 0.9982496472542023], "sizes": [1.0000000000000007, 1.0000000000000007, 1.0]}, {"translations": [1489.4347960475977, -32.175885798623725, 508.0], "angles": [0.0, 0.0, 0.9362751918863973], "sizes": [0.9999999999999997, 0.9999999999999997, 1.0]}, {"translations": [1504.3993863076334, -30.129937419077525, 358.0], "angles": [0.0, 0.0, 0.9722995918766464], "sizes": [1.0000000000000007, 1.0000000000000007, 1.0]}, {"translations": [1550.9462110229224, 31.16142264044585, 208.0], "angles": [0.0, 0.0, 0.9993627481157338], "sizes": [1.0, 1.0, 1.0]}, {"translations": [1127.8017836870415, 4.997896151783571, 808.0], "angles": [0.0, 0.0, -0.7898360381542959], "sizes": [1.0000000000000004, 1.0000000000000004, 1.0]}, {"translations": [1122.3507677564007, -26.65446988904543, 508.0], "angles": [0.0, 0.0, 0.5949572775493395], "sizes": [1.0000000000000002, 1.0000000000000002, 1.0]}, {"translations": [1149.5617251103304, -28.147658742257658, 208.0], "angles": [0.0, 0.0, 0.9006376997144528], "sizes": [1.0000000000000002, 1.0000000000000002, 1.0]}, {"translations": [701.3683393178462, 22.4503657565945, 1408.0], "angles": [0.0, 0.0, 0.06119710073845178], "sizes": [1.0, 1.0, 1.0]}, {"translations": [700.8184391122495, -20.464415978971076, 808.0], "angles": [0.0, 0.0, 0.7813583270039716], "sizes": [1.0000000000000002, 1.0000000000000002, 1.0]}, {"translations": [705.8815730947817, 39.32157463985975, 808.0], "angles": [0.0, 0.0, 0.324790598776583], "sizes": [1.0, 1.0, 1.0]}, {"translations": [684.3587963885253, -21.540383862676613, 508.0], "angles": [0.0, 0.0, -0.06773186305848451], "sizes": [1.0, 1.0, 1.0]}, {"translations": [2292.5323806659567, -1.5732715179648378, 1408.0], "angles": [0.0, 0.0, 0.8329036964313329], "sizes": [1.0000000000000004, 1.0000000000000004, 1.0]}, {"translations": [2347.8945685938324, 18.765000894757826, 1258.0], "angles": [0.0, 0.0, 0.8776517538242375], "sizes": [0.9999999999999994, 0.9999999999999994, 1.0]}, {"translations": [1887.0557194830553, 26.25269652310431, 1408.0], "angles": [0.0, 0.0, 0.9896057991574224], "sizes": [1.0000000000000009, 1.0000000000000009, 1.0]}, {"translations": [1859.9109520407146, 35.065242146730554, 1258.0], "angles": [0.0, 0.0, 0.14934161435024723], "sizes": [0.9999999999999999, 0.9999999999999999, 1.0]}], "SM_CardBoxC_02": [{"translations": [260.57584290566956, 29.984125298264377, 58.0], "angles": [0.0, 0.0, 0.8927043207698269], "sizes": [1.0, 1.0, 1.0]}, {"translations": [2047.3582982666726, 35.89279805522712, 958.0], "angles": [0.0, 0.0, 0.22196656786511396], "sizes": [1.0, 1.0, 1.0]}, {"translations": [2120.531030496555, 32.46146516428038, 208.0], "angles": [0.0, 0.0, 0.9860747377811806], "sizes": [0.9999999999999993, 0.9999999999999993, 1.0]}, {"translations": [1682.5571369547315, 35.47546699082848, 508.0], "angles": [0.0, 0.0, 0.971777116222761], "sizes": [1.0000000000000007, 1.0000000000000007, 1.0]}, {"translations": [1365.9213078029074, -23.720816084111625, 1408.0], "angles": [0.0, 0.0, -0.043294140117086585], "sizes": [1.0, 1.0, 1.0]}, {"translations": [851.0107128510293, 39.72851481989497, 958.0], "angles": [0.0, 0.0, 0.0384850744492797], "sizes": [1.0, 1.0, 1.0]}, {"translations": [511.72205765926844, 19.64258414891086, 958.0], "angles": [0.0, 0.0, -0.5097433836889538], "sizes": [1.0, 1.0, 1.0]}, {"translations": [462.3702279521349, 27.581935977457636, 208.0], "angles": [0.0, 0.0, -0.4117507982273689], "sizes": [0.9999999999999999, 0.9999999999999999, 1.0]}, {"translations": [481.3077673599337, -23.87431639566137, 58.0], "angles": [0.0, 0.0, -0.02801461469602384], "sizes": [1.0, 1.0, 1.0]}, {"translations": [74.70726894790302, 28.93053097214478, 58.0], "angles": [0.0, 0.0, 0.8703817916425912], "sizes": [0.9999999999999998, 0.9999999999999998, 1.0]}, {"translations": [1539.2623989282695, 26.43274160374089, 1258.0], "angles": [0.0, 0.0, 0.42961456380367213], "sizes": [1.0, 1.0, 1.0]}, {"translations": [350.2549686518233, 29.470793596660112, 1408.0], "angles": [0.0, 0.0, 0.859016828805241], "sizes": [1.0, 1.0, 1.0]}, {"translations": [1449.640458861909, 33.890768717551914, 808.0], "angles": [0.0, 0.0, 0.12604054207449916], "sizes": [1.0, 1.0, 1.0]}, {"translations": [1092.7472012380501, -29.557549194138677, 1108.0], "angles": [0.0, 0.0, 0.5432057398501727], "sizes": [1.0000000000000002, 1.0000000000000002, 1.0]}, {"translations": [730.9218487310761, -37.77081059659651, 1408.0], "angles": [0.0, 0.0, -0.5766847764988927], "sizes": [1.0, 1.0, 1.0]}, {"translations": [1885.1133001267401, -23.02911548426244, 358.0], "angles": [0.0, 0.0, 0.9936603959913753], "sizes": [0.9999999999999996, 0.9999999999999996, 1.0]}], "SM_CardBoxD_04": [{"translations": [2141.454723344978, -5.421068711784868, 1408.0], "angles": [0.0, 0.0, -0.2461741484071881], "sizes": [1.0000000000000002, 1.0000000000000002, 1.0]}, {"translations": [2080.3173586334397, 33.699884249487894, 1108.0], "angles": [0.0, 0.0, -0.8536381339240511], "sizes": [0.9999999999999997, 0.9999999999999997, 1.0]}, {"translations": [2196.250142958852, -7.515080143692662, 658.0], "angles": [0.0, 0.0, 0.3785635298213611], "sizes": [1.0, 1.0, 1.0]}, {"translations": [1684.902492981688, -25.814997262307244, 808.0], "angles": [0.0, 0.0, 0.11945822071252288], "sizes": [1.0, 1.0, 1.0]}, {"translations": [1764.393980902348, 10.493898173242709, 658.0], "angles": [0.0, 0.0, 0.9733082712419054], "sizes": [1.0000000000000016, 1.0000000000000016, 1.0]}, {"translations": [1331.8737775815714, -30.668560630367995, 508.0], "angles": [0.0, 0.0, -0.5032477499188345], "sizes": [1.0, 1.0, 1.0]}, {"translations": [925.6163024902344, -3.2606863975524902, 1408.0], "angles": [0.0, 0.0, 0.7698149380423903], "sizes": [1.0000000000000007, 1.0000000000000007, 1.0]}, {"translations": [516.9049387267987, 32.751718523632164, 1108.0], "angles": [0.0, 0.0, 0.9431449306582691], "sizes": [1.0, 1.0, 1.0]}, {"translations": [464.9205778957063, 9.982691005729741, 508.0], "angles": [0.0, 0.0, -0.44784036045350195], "sizes": [1.0, 1.0, 1.0]}, {"translations": [192.19543594788874, 32.10589935802036, 1408.0], "angles": [0.0, 0.0, -0.1486566645903068], "sizes": [1.0, 1.0, 1.0]}, {"translations": [144.16760060414538, 38.256986545835524, 808.0], "angles": [0.0, 0.0, 0.5731174880095814], "sizes": [0.9999999999999999, 0.9999999999999999, 1.0]}, {"translations": [291.93200962960526, -35.34372205223944, 658.0], "angles": [0.0, 0.0, -0.16880534607736755], "sizes": [1.0, 1.0, 1.0]}, {"translations": [287.62270838797286, 24.501327223443056, 658.0], "angles": [0.0, 0.0, -0.7744200877294797], "sizes": [1.0000000000000004, 1.0000000000000004, 1.0]}, {"translations": [348.10414496317964, 32.886614495277264, 358.0], "angles": [0.0, 0.0, 0.20770008142117735], "sizes": [1.0, 1.0, 1.0]}, {"translations": [1542.8801949033345, -5.618053908690943, 958.0], "angles": [0.0, 0.0, -0.4961133040717235], "sizes": [0.9999999999999999, 0.9999999999999999, 1.0]}, {"translations": [1522.6661676635892, -36.096312942175246, 658.0], "angles": [0.0, 0.0, 0.9962274479617788], "sizes": [1.0000000000000009, 1.0000000000000009, 1.0]}, {"translations": [713.5302167655298, 26.200833109043487, 208.0], "angles": [0.0, 0.0, 0.961964956452547], "sizes": [1.0000000000000009, 1.0000000000000009, 1.0]}, {"translations": [2336.1179256651485, -1.7969501656452787, 508.0], "angles": [0.0, 0.0, 0.7731357800652225], "sizes": [1.0000000000000007, 1.0000000000000007, 1.0]}, {"translations": [2278.574652952798, 32.68161949076681, 508.0], "angles": [0.0, 0.0, 0.10545184684726774], "sizes": [1.0, 1.0, 1.0]}, {"translations": [2313.0012430344364, -30.111033943089044, 208.0], "angles": [0.0, 0.0, 0.9927404035995849], "sizes": [0.9999999999999997, 0.9999999999999997, 1.0]}], "SM_CardBoxC_01": [{"translations": [2201.360721601311, -2.0637821716990183, 1408.0], "angles": [0.0, 0.0, -0.7693616177008219], "sizes": [1.0000000000000007, 1.0000000000000007, 1.0]}, {"translations": [2127.681375329766, -7.87353260053419, 1258.0], "angles": [0.0, 0.0, 0.9369531434831637], "sizes": [1.0000000000000007, 1.0000000000000007, 1.0]}, {"translations": [2109.9602391451403, -27.15254523745133, 58.0], "angles": [0.0, 0.0, -0.3185164384329737], "sizes": [1.0, 1.0, 1.0]}, {"translations": [1685.0115034393125, -21.404403409781885, 58.0], "angles": [0.0, 0.0, 0.602503139196283], "sizes": [1.0000000000000002, 1.0000000000000002, 1.0]}, {"translations": [1712.5152116107006, 39.78012107822176, 58.0], "angles": [0.0, 0.0, 0.891934792528478], "sizes": [1.0000000000000002, 1.0000000000000002, 1.0]}, {"translations": [1276.7451858520508, 9.815754890441895, 1108.0], "angles": [0.0, 0.0, 0.40046371436351264], "sizes": [0.9999999999999999, 0.9999999999999999, 1.0]}, {"translations": [983.4370850523816, 37.01814113525519, 1258.0], "angles": [0.0, 0.0, 0.7623914894637661], "sizes": [1.0, 1.0, 1.0]}, {"translations": [556.407551091761, -39.756373949070294, 1408.0], "angles": [0.0, 0.0, 0.9971318773573905], "sizes": [1.0000000000000016, 1.0000000000000016, 1.0]}, {"translations": [564.1229586719062, -19.619163816493586, 808.0], "angles": [0.0, 0.0, -0.856129328374358], "sizes": [1.0, 1.0, 1.0]}, {"translations": [563.542224559016, 38.46367123641528, 358.0], "angles": [0.0, 0.0, 0.012738264979247063], "sizes": [1.0, 1.0, 1.0]}, {"translations": [102.61578478595816, -30.801661521288704, 958.0], "angles": [0.0, 0.0, 0.896826135288078], "sizes": [0.9999999999999997, 0.9999999999999997, 1.0]}, {"translations": [1526.3204831501525, 23.792300151840088, 658.0], "angles": [0.0, 0.0, -0.7596112571108771], "sizes": [1.0000000000000004, 1.0000000000000004, 1.0]}, {"translations": [1522.6954785079954, 34.13444631587721, 58.0], "angles": [0.0, 0.0, 0.9890152891932141], "sizes": [0.9999999999999998, 0.9999999999999998, 1.0]}, {"translations": [1128.0602337747923, 28.16591525568998, 1408.0], "angles": [0.0, 0.0, 0.9917660273770023], "sizes": [1.0000000000000007, 1.0000000000000007, 1.0]}, {"translations": [663.9236757900825, 30.51614504725382, 1108.0], "angles": [0.0, 0.0, 0.7665829296635402], "sizes": [1.0000000000000007, 1.0000000000000007, 1.0]}, {"translations": [676.691047668457, -8.396973609924316, 958.0], "angles": [0.0, 0.0, 0.6338098507160065], "sizes": [1.0000000000000004, 1.0000000000000004, 1.0]}, {"translations": [738.2204999709787, 36.62967378453534, 658.0], "angles": [0.0, 0.0, -0.690188207661603], "sizes": [1.0000000000000002, 1.0000000000000002, 1.0]}, {"translations": [703.1698166982413, -21.37511978596203, 358.0], "angles": [0.0, 0.0, -0.19397083182295496], "sizes": [1.0, 1.0, 1.0]}, {"translations": [1863.651231721801, 8.558971943373173, 58.0], "angles": [0.0, 0.0, 0.8684737677107512], "sizes": [1.0000000000000007, 1.0000000000000007, 1.0]}, {"translations": [2262.4493152262658, -22.94313582261823, 1108.0], "angles": [0.0, 0.0, 0.9816864975883158], "sizes": [1.0, 1.0, 1.0]}, {"translations": [2318.564949791645, -35.478294333790444, 808.0], "angles": [0.0, 0.0, 0.7324566190193132], "sizes": [1.0000000000000004, 1.0000000000000004, 1.0]}, {"translations": [2288.261416703882, 21.59520854787187, 658.0], "angles": [0.0, 0.0, 0.2896207108474912], "sizes": [1.0, 1.0, 1.0]}, {"translations": [2253.267949607856, 0.4165545043140633, 208.0], "angles": [0.0, 0.0, 0.6079347175036001], "sizes": [1.0000000000000002, 1.0000000000000002, 1.0]}, {"translations": [2313.5299964217265, 29.886636177136698, 208.0], "angles": [0.0, 0.0, 0.8870748301501195], "sizes": [1.0000000000000002, 1.0000000000000002, 1.0]}], "SM_CardBoxB_01": [{"translations": [2142.651566353022, 8.911851895709598, 1108.0], "angles": [0.0, 0.0, 0.9853743207457626], "sizes": [1.0000000000000002, 1.0000000000000002, 1.0]}, {"translations": [2097.459838751225, -37.85337994086718, 808.0], "angles": [0.0, 0.0, -0.6338402148174306], "sizes": [1.0000000000000002, 1.0000000000000002, 1.0]}, {"translations": [1379.4944390267522, 23.68587343547154, 1258.0], "angles": [0.0, 0.0, 0.8915866016334397], "sizes": [1.0000000000000002, 1.0000000000000002, 1.0]}, {"translations": [1306.5254064963012, -30.477949652380207, 358.0], "angles": [0.0, 0.0, 0.8748778445650296], "sizes": [0.9999999999999999, 0.9999999999999999, 1.0]}, {"translations": [1310.4183011385862, 29.39562858797611, 358.0], "angles": [0.0, 0.0, 0.5838689940252608], "sizes": [1.0000000000000002, 1.0000000000000002, 1.0]}, {"translations": [1313.4946085224874, -26.152606168617577, 58.0], "angles": [0.0, 0.0, 0.8903827098258298], "sizes": [0.9999999999999997, 0.9999999999999997, 1.0]}, {"translations": [942.3550269054157, 27.964356565385632, 1108.0], "angles": [0.0, 0.0, -0.2829548419237446], "sizes": [1.0, 1.0, 1.0]}, {"translations": [892.5709078734915, -24.55542491373123, 808.0], "angles": [0.0, 0.0, 0.9263078872331766], "sizes": [0.9999999999999998, 0.9999999999999998, 1.0]}, {"translations": [884.2168874167685, 35.080709111366005, 58.0], "angles": [0.0, 0.0, 0.9740406706369786], "sizes": [1.0000000000000013, 1.0000000000000013, 1.0]}, {"translations": [521.3439138935682, -33.427115535257926, 208.0], "angles": [0.0, 0.0, 0.7620808691588004], "sizes": [1.0000000000000002, 1.0000000000000002, 1.0]}, {"translations": [483.25068906096476, 36.09421748056127, 58.0], "angles": [0.0, 0.0, -0.22274503319603978], "sizes": [1.0, 1.0, 1.0]}, {"translations": [43.00062313907276, 19.72126848640083, 508.0], "angles": [0.0, 0.0, 0.9916887757585281], "sizes": [1.0000000000000002, 1.0000000000000002, 1.0]}, {"translations": [285.4822750005205, -25.34250914231441, 1408.0], "angles": [0.0, 0.0, 0.46908702613961], "sizes": [1.0, 1.0, 1.0]}, {"translations": [1475.1225967407227, 9.815754890441895, 1108.0], "angles": [0.0, 0.0, -0.3218117311425967], "sizes": [1.0, 1.0, 1.0]}, {"translations": [1068.7094015248529, 36.748335052653005, 808.0], "angles": [0.0, 0.0, -0.8254673050126162], "sizes": [1.0000000000000002, 1.0000000000000002, 1.0]}, {"translations": [1093.5760556074865, 32.56186352699686, 58.0], "angles": [0.0, 0.0, -0.486993891551959], "sizes": [1.0, 1.0, 1.0]}, {"translations": [719.6569052450311, 7.066590776551266, 1258.0], "angles": [0.0, 0.0, 0.9551098424300614], "sizes": [1.0000000000000004, 1.0000000000000004, 1.0]}, {"translations": [736.8471859152727, -23.35460756070043, 658.0], "angles": [0.0, 0.0, -0.010439916766644467], "sizes": [1.0, 1.0, 1.0]}, {"translations": [2323.8109691975624, 35.66358240922712, 1108.0], "angles": [0.0, 0.0, 0.9907748963923311], "sizes": [1.0000000000000004, 1.0000000000000004, 1.0]}, {"translations": [2247.2161629082048, -28.053971874530433, 958.0], "angles": [0.0, 0.0, -0.4477732846567864], "sizes": [1.0, 1.0, 1.0]}, {"translations": [1860.8449136264323, -24.927488377528835, 1258.0], "angles": [0.0, 0.0, 0.5988750288892016], "sizes": [1.0, 1.0, 1.0]}, {"translations": [1937.4778980216613, -2.581457828400441, 958.0], "angles": [0.0, 0.0, 0.6871854024321122], "sizes": [1.0000000000000002, 1.0000000000000002, 1.0]}], "SM_CardBoxA_02": [{"translations": [2104.087395703054, -27.208782781179266, 958.0], "angles": [0.0, 0.0, -0.5102121781202877], "sizes": [1.0, 1.0, 1.0]}, {"translations": [2065.536123434109, -32.15710954294249, 208.0], "angles": [0.0, 0.0, 0.9721312644759417], "sizes": [1.0000000000000002, 1.0000000000000002, 1.0]}, {"translations": [1703.1497094731767, 26.28841872482465, 1408.0], "angles": [0.0, 0.0, -0.4975263634727815], "sizes": [1.0, 1.0, 1.0]}, {"translations": [1377.2199892267924, -36.27100171748705, 1258.0], "angles": [0.0, 0.0, -0.05184398602813636], "sizes": [1.0, 1.0, 1.0]}, {"translations": [1318.4003389738136, -4.01811434104791, 1258.0], "angles": [0.0, 0.0, 0.9987346005843997], "sizes": [1.0000000000000009, 1.0000000000000009, 1.0]}, {"translations": [1286.114924310308, 26.18328917335524, 658.0], "angles": [0.0, 0.0, 0.6495566921805939], "sizes": [1.0000000000000004, 1.0000000000000004, 1.0]}, {"translations": [1270.3845840297115, -3.8529107903599544, 508.0], "angles": [0.0, 0.0, 0.10746282238008112], "sizes": [0.9999999999999999, 0.9999999999999999, 1.0]}, {"translations": [1397.7494390878605, 3.155923101744884, 208.0], "angles": [0.0, 0.0, -0.3188581325096251], "sizes": [1.0, 1.0, 1.0]}, {"translations": [849.8763988916529, -20.26076198722752, 958.0], "angles": [0.0, 0.0, -0.1827702322402671], "sizes": [1.0, 1.0, 1.0]}, {"translations": [909.9561380026812, -29.59715044881256, 658.0], "angles": [0.0, 0.0, 0.8230636608644571], "sizes": [1.0000000000000004, 1.0000000000000004, 1.0]}, {"translations": [501.1744954170281, 24.658760614414533, 1408.0], "angles": [0.0, 0.0, -0.16415090636324595], "sizes": [1.0, 1.0, 1.0]}, {"translations": [537.8372292722173, -18.89085767421712, 1258.0], "angles": [0.0, 0.0, -0.7697323581026863], "sizes": [1.0, 1.0, 1.0]}, {"translations": [513.5657311588437, -24.535031103849658, 658.0], "angles": [0.0, 0.0, 0.6121086545910923], "sizes": [1.0000000000000002, 1.0000000000000002, 1.0]}, {"translations": [503.2239650161793, -21.216372042079342, 358.0], "angles": [0.0, 0.0, -0.4971487786610522], "sizes": [1.0, 1.0, 1.0]}, {"translations": [111.91172257652654, -1.7605688789301333, 1108.0], "angles": [0.0, 0.0, 0.4807476230634322], "sizes": [0.9999999999999998, 0.9999999999999998, 1.0]}, {"translations": [137.94785145284402, -0.02195815289488323, 358.0], "angles": [0.0, 0.0, -0.8061578325128892], "sizes": [1.0000000000000004, 1.0000000000000004, 1.0]}, {"translations": [273.2237898839007, -1.0865052269753221, 958.0], "angles": [0.0, 0.0, -0.5959497816251378], "sizes": [0.9999999999999999, 0.9999999999999999, 1.0]}, {"translations": [295.097200294897, -22.82489133195225, 808.0], "angles": [0.0, 0.0, -0.551194511795186], "sizes": [1.0, 1.0, 1.0]}, {"translations": [1493.3069539585674, -26.16741621595238, 58.0], "angles": [0.0, 0.0, -0.41196494820076013], "sizes": [1.0, 1.0, 1.0]}, {"translations": [1068.1315495918748, 25.24139613212273, 1408.0], "angles": [0.0, 0.0, -0.5470251660992008], "sizes": [1.0, 1.0, 1.0]}, {"translations": [1141.1190216016132, -25.471001028833243, 1258.0], "angles": [0.0, 0.0, 0.029508663123236047], "sizes": [1.0, 1.0, 1.0]}, {"translations": [1047.6518947634383, 3.2759537365635856, 658.0], "angles": [0.0, 0.0, 0.20265934380041592], "sizes": [1.0, 1.0, 1.0]}, {"translations": [1072.2908271848598, 23.19489887931207, 358.0], "angles": [0.0, 0.0, -0.7324902599364065], "sizes": [1.0000000000000004, 1.0000000000000004, 1.0]}, {"translations": [1146.593156255075, 31.77885958603844, 208.0], "angles": [0.0, 0.0, 0.14181610465940953], "sizes": [1.0, 1.0, 1.0]}], "SM_CardBoxB_02": [{"translations": [2166.3387035195165, 32.85333066345524, 508.0], "angles": [0.0, 0.0, -0.05325566772969816], "sizes": [1.0, 1.0, 1.0]}, {"translations": [1706.535572479048, 35.52738328162722, 1258.0], "angles": [0.0, 0.0, 0.9999299334857341], "sizes": [1.0, 1.0, 1.0]}, {"translations": [1745.0515516226553, 3.8850152731359073, 808.0], "angles": [0.0, 0.0, -0.4563172977206825], "sizes": [0.9999999999999999, 0.9999999999999999, 1.0]}, {"translations": [1667.243311221978, 6.135401958618435, 358.0], "angles": [0.0, 0.0, -0.7335505572193424], "sizes": [1.0000000000000004, 1.0000000000000004, 1.0]}, {"translations": [1380.782656497283, 26.69174253607366, 958.0], "angles": [0.0, 0.0, -0.8490214448142148], "sizes": [1.0, 1.0, 1.0]}, {"translations": [1246.651828255945, -26.58505501009525, 358.0], "angles": [0.0, 0.0, 0.9999216075515149], "sizes": [1.0000000000000007, 1.0000000000000007, 1.0]}, {"translations": [967.7791435785565, -26.719369251487198, 508.0], "angles": [0.0, 0.0, -0.4373187288933811], "sizes": [1.0, 1.0, 1.0]}, {"translations": [966.5962614044392, 25.001124999087892, 358.0], "angles": [0.0, 0.0, 0.8915144655591851], "sizes": [1.0000000000000002, 1.0000000000000002, 1.0]}, {"translations": [132.27906661558782, -27.977614903674656, 1408.0], "angles": [0.0, 0.0, -0.8174348000738472], "sizes": [1.0000000000000002, 1.0000000000000002, 1.0]}, {"translations": [169.59373243322435, -37.970572141070576, 1258.0], "angles": [0.0, 0.0, 0.9828858175516152], "sizes": [0.9999999999999996, 0.9999999999999996, 1.0]}, {"translations": [293.33950432881255, -31.92722766971574, 358.0], "angles": [0.0, 0.0, 0.9119067049364414], "sizes": [1.0, 1.0, 1.0]}, {"translations": [1510.1670376811935, 4.96788406831695, 808.0], "angles": [0.0, 0.0, 0.9777896608615878], "sizes": [1.0000000000000004, 1.0000000000000004, 1.0]}, {"translations": [1447.6356783896322, 32.94051099695838, 358.0], "angles": [0.0, 0.0, 0.8878729703926302], "sizes": [0.9999999999999998, 0.9999999999999998, 1.0]}, {"translations": [651.8268541573218, -32.04601266684378, 208.0], "angles": [0.0, 0.0, 0.8129916765584555], "sizes": [1.0000000000000002, 1.0000000000000002, 1.0]}, {"translations": [1905.032201324293, -25.912940486910493, 208.0], "angles": [0.0, 0.0, 0.0804399771725413], "sizes": [1.0, 1.0, 1.0]}, {"translations": [2263.8267830959912, 37.041050278952525, 1108.0], "angles": [0.0, 0.0, -0.8167547141460203], "sizes": [1.0, 1.0, 1.0]}, {"translations": [2281.6692819822865, 30.46560280534895, 358.0], "angles": [0.0, 0.0, 0.9976607276153322], "sizes": [0.9999999999999994, 0.9999999999999994, 1.0]}, {"translations": [2248.270475178613, -29.269247772840288, 58.0], "angles": [0.0, 0.0, 0.637963598026752], "sizes": [1.0000000000000004, 1.0000000000000004, 1.0]}, {"translations": [1920.8376441506916, -23.993526791811117, 1258.0], "angles": [0.0, 0.0, 0.3426286669823553], "sizes": [1.0, 1.0, 1.0]}, {"translations": [1903.9544296264648, 9.549428939819336, 658.0], "angles": [0.0, 0.0, 0.9465526699816771], "sizes": [1.0000000000000009, 1.0000000000000009, 1.0]}, {"translations": [1921.515565653787, 40.56410530955004, 508.0], "angles": [0.0, 0.0, 0.6349679292067714], "sizes": [1.0000000000000002, 1.0000000000000002, 1.0]}], "SM_CardBoxD_01": [{"translations": [2060.7242896117205, 27.649631341891865, 208.0], "angles": [0.0, 0.0, 0.9962926468482813], "sizes": [1.0000000000000018, 1.0000000000000018, 1.0]}, {"translations": [1332.3842478730546, 34.37622008178464, 1408.0], "angles": [0.0, 0.0, -0.8112532658237974], "sizes": [1.0000000000000007, 1.0000000000000007, 1.0]}, {"translations": [1316.7767455104768, 2.429149102759394, 808.0], "angles": [0.0, 0.0, 0.9623146014917943], "sizes": [1.0000000000000009, 1.0000000000000009, 1.0]}, {"translations": [1339.5391248525075, -30.184132636382717, 208.0], "angles": [0.0, 0.0, 0.9964658889888783], "sizes": [1.0000000000000007, 1.0000000000000007, 1.0]}, {"translations": [993.1835212702753, -29.206505054080317, 208.0], "angles": [0.0, 0.0, 0.38412994815067675], "sizes": [0.9999999999999999, 0.9999999999999999, 1.0]}, {"translations": [569.6010779231875, 39.18341138339068, 658.0], "angles": [0.0, 0.0, 0.19941371399975266], "sizes": [1.0, 1.0, 1.0]}, {"translations": [524.84315501445, 6.935601993537837, 508.0], "angles": [0.0, 0.0, -0.12628137024510727], "sizes": [0.9999999999999999, 0.9999999999999999, 1.0]}, {"translations": [461.35254516649377, -32.40943274961684, 208.0], "angles": [0.0, 0.0, -0.5912342567608921], "sizes": [1.0, 1.0, 1.0]}, {"translations": [192.2790084125858, -27.894042438977614, 1408.0], "angles": [0.0, 0.0, 0.6487443229438818], "sizes": [1.0, 1.0, 1.0]}, {"translations": [76.0980900356835, -3.8086094464511815, 658.0], "angles": [0.0, 0.0, 0.9366145455462405], "sizes": [1.0000000000000002, 1.0000000000000002, 1.0]}, {"translations": [77.0445785522461, -0.000858306884765625, 208.0], "angles": [0.0, 0.0, 0.43955050934528755], "sizes": [0.9999999999999999, 0.9999999999999999, 1.0]}, {"translations": [324.8882210281933, -37.95256672297442, 1258.0], "angles": [0.0, 0.0, -0.8542249759550691], "sizes": [0.9999999999999994, 0.9999999999999994, 1.0]}, {"translations": [1482.9059073915873, -3.8616833731083737, 958.0], "angles": [0.0, 0.0, 0.09512998676044683], "sizes": [0.9999999999999999, 0.9999999999999999, 1.0]}, {"translations": [1844.1439003602773, 33.18540810013071, 208.0], "angles": [0.0, 0.0, 0.9232339837898274], "sizes": [1.0000000000000002, 1.0000000000000002, 1.0]}, {"translations": [2283.99202354747, 22.00833690265311, 808.0], "angles": [0.0, 0.0, -0.5287917083605321], "sizes": [0.9999999999999999, 0.9999999999999999, 1.0]}, {"translations": [1890.3488673089369, -33.65686179104864, 1408.0], "angles": [0.0, 0.0, 0.5954141588803457], "sizes": [1.0000000000000004, 1.0000000000000004, 1.0]}, {"translations": [1861.7409407719929, 35.368509074197085, 508.0], "angles": [0.0, 0.0, 0.6692585400016037], "sizes": [1.0000000000000002, 1.0000000000000002, 1.0]}], "SM_CardBoxD_03": [{"translations": [1762.1811229671973, 20.469018175334664, 1108.0], "angles": [0.0, 0.0, 0.9112997273701606], "sizes": [1.0000000000000004, 1.0000000000000004, 1.0]}, {"translations": [952.1262852859433, 6.317816271159596, 808.0], "angles": [0.0, 0.0, -0.7346720609139963], "sizes": [1.0000000000000002, 1.0000000000000002, 1.0]}, {"translations": [504.1522690600933, -21.494367134430593, 808.0], "angles": [0.0, 0.0, 0.9960670004162094], "sizes": [1.0000000000000002, 1.0000000000000002, 1.0]}, {"translations": [132.19549415089077, 32.02232689332332, 1408.0], "angles": [0.0, 0.0, 0.23985635516747383], "sizes": [1.0, 1.0, 1.0]}, {"translations": [1514.3031567828864, 30.126318290313264, 508.0], "angles": [0.0, 0.0, 0.05077981326233025], "sizes": [0.9999999999999999, 0.9999999999999999, 1.0]}, {"translations": [1120.8171075996434, 31.36929510992316, 1108.0], "angles": [0.0, 0.0, 0.568227415191059], "sizes": [1.0000000000000002, 1.0000000000000002, 1.0]}, {"translations": [1077.2530057074798, -36.5995555818639, 358.0], "angles": [0.0, 0.0, 0.9100856124197354], "sizes": [1.0000000000000002, 1.0000000000000002, 1.0]}, {"translations": [1088.1509223544067, -1.1529684333649994, 208.0], "angles": [0.0, 0.0, 0.7742837529002515], "sizes": [1.0000000000000007, 1.0000000000000007, 1.0]}, {"translations": [2285.6812425918256, -6.324878893077504, 1258.0], "angles": [0.0, 0.0, -0.764356775091476], "sizes": [1.0000000000000002, 1.0000000000000002, 1.0]}, {"translations": [1925.6670150569523, -24.506408540962788, 808.0], "angles": [0.0, 0.0, -0.30459550158220067], "sizes": [1.0, 1.0, 1.0]}, {"translations": [1862.8849106022274, 32.57605251526699, 808.0], "angles": [0.0, 0.0, -0.03768872462722822], "sizes": [1.0, 1.0, 1.0]}]}