{"SM_RackShelf_01": [{"translations": [200.0, 0.0, 37.0], "angles": [0.0, 0.0, 0.0], "sizes": [1.0, 1.0, 1.0]}, {"translations": [200.0, 0.0, 187.0], "angles": [0.0, 0.0, 0.0], "sizes": [1.0, 1.0, 1.0]}, {"translations": [200.0, 0.0, 337.0], "angles": [0.0, 0.0, 0.0], "sizes": [1.0, 1.0, 1.0]}, {"translations": [200.0, 0.0, 487.0], "angles": [0.0, 0.0, 0.0], "sizes": [1.0, 1.0, 1.0]}, {"translations": [200.0, 0.0, 637.0], "angles": [0.0, 0.0, 0.0], "sizes": [1.0, 1.0, 1.0]}, {"translations": [200.0, 0.0, 787.0], "angles": [0.0, 0.0, 0.0], "sizes": [1.0, 1.0, 1.0]}, {"translations": [200.0, 0.0, 937.0], "angles": [0.0, 0.0, 0.0], "sizes": [1.0, 1.0, 1.0]}, {"translations": [200.0, 0.0, 1087.0], "angles": [0.0, 0.0, 0.0], "sizes": [1.0, 1.0, 1.0]}, {"translations": [200.0, 0.0, 1237.0], "angles": [0.0, 0.0, 0.0], "sizes": [1.0, 1.0, 1.0]}, {"translations": [600.0, 0.0, 37.0], "angles": [0.0, 0.0, 0.0], "sizes": [1.0, 1.0, 1.0]}, {"translations": [600.0, 0.0, 187.0], "angles": [0.0, 0.0, 0.0], "sizes": [1.0, 1.0, 1.0]}, {"translations": [600.0, 0.0, 337.0], "angles": [0.0, 0.0, 0.0], "sizes": [1.0, 1.0, 1.0]}, {"translations": [600.0, 0.0, 487.0], "angles": [0.0, 0.0, 0.0], "sizes": [1.0, 1.0, 1.0]}, {"translations": [600.0, 0.0, 637.0], "angles": [0.0, 0.0, 0.0], "sizes": [1.0, 1.0, 1.0]}, {"translations": [600.0, 0.0, 787.0], "angles": [0.0, 0.0, 0.0], "sizes": [1.0, 1.0, 1.0]}, {"translations": [600.0, 0.0, 937.0], "angles": [0.0, 0.0, 0.0], "sizes": [1.0, 1.0, 1.0]}, {"translations": [600.0, 0.0, 1087.0], "angles": [0.0, 0.0, 0.0], "sizes": [1.0, 1.0, 1.0]}, {"translations": [600.0, 0.0, 1237.0], "angles": [0.0, 0.0, 0.0], "sizes": [1.0, 1.0, 1.0]}, {"translations": [1000.0, 0.0, 37.0], "angles": [0.0, 0.0, 0.0], "sizes": [1.0, 1.0, 1.0]}, {"translations": [1000.0, 0.0, 187.0], "angles": [0.0, 0.0, 0.0], "sizes": [1.0, 1.0, 1.0]}, {"translations": [1000.0, 0.0, 337.0], "angles": [0.0, 0.0, 0.0], "sizes": [1.0, 1.0, 1.0]}, {"translations": [1000.0, 0.0, 487.0], "angles": [0.0, 0.0, 0.0], "sizes": [1.0, 1.0, 1.0]}, {"translations": [1000.0, 0.0, 637.0], "angles": [0.0, 0.0, 0.0], "sizes": [1.0, 1.0, 1.0]}, {"translations": [1000.0, 0.0, 787.0], "angles": [0.0, 0.0, 0.0], "sizes": [1.0, 1.0, 1.0]}, {"translations": [1000.0, 0.0, 937.0], "angles": [0.0, 0.0, 0.0], "sizes": [1.0, 1.0, 1.0]}, {"translations": [1000.0, 0.0, 1087.0], "angles": [0.0, 0.0, 0.0], "sizes": [1.0, 1.0, 1.0]}, {"translations": [1000.0, 0.0, 1237.0], "angles": [0.0, 0.0, 0.0], "sizes": [1.0, 1.0, 1.0]}, {"translations": [1400.0, 0.0, 37.0], "angles": [0.0, 0.0, 0.0], "sizes": [1.0, 1.0, 1.0]}, {"translations": [1400.0, 0.0, 187.0], "angles": [0.0, 0.0, 0.0], "sizes": [1.0, 1.0, 1.0]}, {"translations": [1400.0, 0.0, 337.0], "angles": [0.0, 0.0, 0.0], "sizes": [1.0, 1.0, 1.0]}, {"translations": [1400.0, 0.0, 487.0], "angles": [0.0, 0.0, 0.0], "sizes": [1.0, 1.0, 1.0]}, {"translations": [1400.0, 0.0, 637.0], "angles": [0.0, 0.0, 0.0], "sizes": [1.0, 1.0, 1.0]}, {"translations": [1400.0, 0.0, 787.0], "angles": [0.0, 0.0, 0.0], "sizes": [1.0, 1.0, 1.0]}, {"translations": [1400.0, 0.0, 937.0], "angles": [0.0, 0.0, 0.0], "sizes": [1.0, 1.0, 1.0]}, {"translations": [1400.0, 0.0, 1087.0], "angles": [0.0, 0.0, 0.0], "sizes": [1.0, 1.0, 1.0]}, {"translations": [1400.0, 0.0, 1237.0], "angles": [0.0, 0.0, 0.0], "sizes": [1.0, 1.0, 1.0]}, {"translations": [1800.0, 0.0, 37.0], "angles": [0.0, 0.0, 0.0], "sizes": [1.0, 1.0, 1.0]}, {"translations": [1800.0, 0.0, 187.0], "angles": [0.0, 0.0, 0.0], "sizes": [1.0, 1.0, 1.0]}, {"translations": [1800.0, 0.0, 337.0], "angles": [0.0, 0.0, 0.0], "sizes": [1.0, 1.0, 1.0]}, {"translations": [1800.0, 0.0, 487.0], "angles": [0.0, 0.0, 0.0], "sizes": [1.0, 1.0, 1.0]}, {"translations": [1800.0, 0.0, 637.0], "angles": [0.0, 0.0, 0.0], "sizes": [1.0, 1.0, 1.0]}, {"translations": [1800.0, 0.0, 787.0], "angles": [0.0, 0.0, 0.0], "sizes": [1.0, 1.0, 1.0]}, {"translations": [1800.0, 0.0, 937.0], "angles": [0.0, 0.0, 0.0], "sizes": [1.0, 1.0, 1.0]}, {"translations": [1800.0, 0.0, 1087.0], "angles": [0.0, 0.0, 0.0], "sizes": [1.0, 1.0, 1.0]}, {"translations": [1800.0, 0.0, 1237.0], "angles": [0.0, 0.0, 0.0], "sizes": [1.0, 1.0, 1.0]}, {"translations": [2200.0, 0.0, 37.0], "angles": [0.0, 0.0, 0.0], "sizes": [1.0, 1.0, 1.0]}, {"translations": [2200.0, 0.0, 187.0], "angles": [0.0, 0.0, 0.0], "sizes": [1.0, 1.0, 1.0]}, {"translations": [2200.0, 0.0, 337.0], "angles": [0.0, 0.0, 0.0], "sizes": [1.0, 1.0, 1.0]}, {"translations": [2200.0, 0.0, 487.0], "angles": [0.0, 0.0, 0.0], "sizes": [1.0, 1.0, 1.0]}, {"translations": [2200.0, 0.0, 637.0], "angles": [0.0, 0.0, 0.0], "sizes": [1.0, 1.0, 1.0]}, {"translations": [2200.0, 0.0, 787.0], "angles": [0.0, 0.0, 0.0], "sizes": [1.0, 1.0, 1.0]}, {"translations": [2200.0, 0.0, 937.0], "angles": [0.0, 0.0, 0.0], "sizes": [1.0, 1.0, 1.0]}, {"translations": [2200.0, 0.0, 1087.0], "angles": [0.0, 0.0, 0.0], "sizes": [1.0, 1.0, 1.0]}, {"translations": [2200.0, 0.0, 1237.0], "angles": [0.0, 0.0, 0.0], "sizes": [1.0, 1.0, 1.0]}, {"translations": [2600.0, 0.0, 37.0], "angles": [0.0, 0.0, 0.0], "sizes": [1.0, 1.0, 1.0]}, {"translations": [2600.0, 0.0, 187.0], "angles": [0.0, 0.0, 0.0], "sizes": [1.0, 1.0, 1.0]}, {"translations": [2600.0, 0.0, 337.0], "angles": [0.0, 0.0, 0.0], "sizes": [1.0, 1.0, 1.0]}, {"translations": [2600.0, 0.0, 487.0], "angles": [0.0, 0.0, 0.0], "sizes": [1.0, 1.0, 1.0]}, {"translations": [2600.0, 0.0, 637.0], "angles": [0.0, 0.0, 0.0], "sizes": [1.0, 1.0, 1.0]}, {"translations": [2600.0, 0.0, 787.0], "angles": [0.0, 0.0, 0.0], "sizes": [1.0, 1.0, 1.0]}, {"translations": [2600.0, 0.0, 937.0], "angles": [0.0, 0.0, 0.0], "sizes": [1.0, 1.0, 1.0]}, {"translations": [2600.0, 0.0, 1087.0], "angles": [0.0, 0.0, 0.0], "sizes": [1.0, 1.0, 1.0]}, {"translations": [2600.0, 0.0, 1237.0], "angles": [0.0, 0.0, 0.0], "sizes": [1.0, 1.0, 1.0]}, {"translations": [3000.0, 0.0, 37.0], "angles": [0.0, 0.0, 0.0], "sizes": [1.0, 1.0, 1.0]}, {"translations": [3000.0, 0.0, 187.0], "angles": [0.0, 0.0, 0.0], "sizes": [1.0, 1.0, 1.0]}, {"translations": [3000.0, 0.0, 337.0], "angles": [0.0, 0.0, 0.0], "sizes": [1.0, 1.0, 1.0]}, {"translations": [3000.0, 0.0, 487.0], "angles": [0.0, 0.0, 0.0], "sizes": [1.0, 1.0, 1.0]}, {"translations": [3000.0, 0.0, 637.0], "angles": [0.0, 0.0, 0.0], "sizes": [1.0, 1.0, 1.0]}, {"translations": [3000.0, 0.0, 787.0], "angles": [0.0, 0.0, 0.0], "sizes": [1.0, 1.0, 1.0]}, {"translations": [3000.0, 0.0, 937.0], "angles": [0.0, 0.0, 0.0], "sizes": [1.0, 1.0, 1.0]}, {"translations": [3000.0, 0.0, 1087.0], "angles": [0.0, 0.0, 0.0], "sizes": [1.0, 1.0, 1.0]}, {"translations": [3000.0, 0.0, 1237.0], "angles": [0.0, 0.0, 0.0], "sizes": [1.0, 1.0, 1.0]}], "SM_RackFrame_03": [{"translations": [0.0, 0.0, 0.0], "angles": [0.0, 0.0, 0.0], "sizes": [1.0, 1.0, 1.0]}, {"translations": [400.0, 0.0, 0.0], "angles": [0.0, 0.0, 0.0], "sizes": [1.0, 1.0, 1.0]}, {"translations": [800.0, 0.0, 0.0], "angles": [0.0, 0.0, 0.0], "sizes": [1.0, 1.0, 1.0]}, {"translations": [1200.0, 0.0, 0.0], "angles": [0.0, 0.0, 0.0], "sizes": [1.0, 1.0, 1.0]}, {"translations": [1600.0, 0.0, 0.0], "angles": [0.0, 0.0, 0.0], "sizes": [1.0, 1.0, 1.0]}, {"translations": [2000.0, 0.0, 0.0], "angles": [0.0, 0.0, 0.0], "sizes": [1.0, 1.0, 1.0]}, {"translations": [2400.0, 0.0, 0.0], "angles": [0.0, 0.0, 0.0], "sizes": [1.0, 1.0, 1.0]}, {"translations": [2800.0, 0.0, 0.0], "angles": [0.0, 0.0, 0.0], "sizes": [1.0, 1.0, 1.0]}, {"translations": [0.0, 0.0, 300.0], "angles": [0.0, 0.0, 0.0], "sizes": [1.0, 1.0, 1.0]}, {"translations": [400.0, 0.0, 300.0], "angles": [0.0, 0.0, 0.0], "sizes": [1.0, 1.0, 1.0]}, {"translations": [800.0, 0.0, 300.0], "angles": [0.0, 0.0, 0.0], "sizes": [1.0, 1.0, 1.0]}, {"translations": [1200.0, 0.0, 300.0], "angles": [0.0, 0.0, 0.0], "sizes": [1.0, 1.0, 1.0]}, {"translations": [1600.0, 0.0, 300.0], "angles": [0.0, 0.0, 0.0], "sizes": [1.0, 1.0, 1.0]}, {"translations": [2000.0, 0.0, 300.0], "angles": [0.0, 0.0, 0.0], "sizes": [1.0, 1.0, 1.0]}, {"translations": [2400.0, 0.0, 300.0], "angles": [0.0, 0.0, 0.0], "sizes": [1.0, 1.0, 1.0]}, {"translations": [2800.0, 0.0, 300.0], "angles": [0.0, 0.0, 0.0], "sizes": [1.0, 1.0, 1.0]}, {"translations": [0.0, 0.0, 600.0], "angles": [0.0, 0.0, 0.0], "sizes": [1.0, 1.0, 1.0]}, {"translations": [400.0, 0.0, 600.0], "angles": [0.0, 0.0, 0.0], "sizes": [1.0, 1.0, 1.0]}, {"translations": [800.0, 0.0, 600.0], "angles": [0.0, 0.0, 0.0], "sizes": [1.0, 1.0, 1.0]}, {"translations": [1200.0, 0.0, 600.0], "angles": [0.0, 0.0, 0.0], "sizes": [1.0, 1.0, 1.0]}, {"translations": [1600.0, 0.0, 600.0], "angles": [0.0, 0.0, 0.0], "sizes": [1.0, 1.0, 1.0]}, {"translations": [2000.0, 0.0, 600.0], "angles": [0.0, 0.0, 0.0], "sizes": [1.0, 1.0, 1.0]}, {"translations": [2400.0, 0.0, 600.0], "angles": [0.0, 0.0, 0.0], "sizes": [1.0, 1.0, 1.0]}, {"translations": [2800.0, 0.0, 600.0], "angles": [0.0, 0.0, 0.0], "sizes": [1.0, 1.0, 1.0]}, {"translations": [0.0, 0.0, 900.0], "angles": [0.0, 0.0, 0.0], "sizes": [1.0, 1.0, 1.0]}, {"translations": [400.0, 0.0, 900.0], "angles": [0.0, 0.0, 0.0], "sizes": [1.0, 1.0, 1.0]}, {"translations": [800.0, 0.0, 900.0], "angles": [0.0, 0.0, 0.0], "sizes": [1.0, 1.0, 1.0]}, {"translations": [1200.0, 0.0, 900.0], "angles": [0.0, 0.0, 0.0], "sizes": [1.0, 1.0, 1.0]}, {"translations": [1600.0, 0.0, 900.0], "angles": [0.0, 0.0, 0.0], "sizes": [1.0, 1.0, 1.0]}, {"translations": [2000.0, 0.0, 900.0], "angles": [0.0, 0.0, 0.0], "sizes": [1.0, 1.0, 1.0]}, {"translations": [2400.0, 0.0, 900.0], "angles": [0.0, 0.0, 0.0], "sizes": [1.0, 1.0, 1.0]}, {"translations": [2800.0, 0.0, 900.0], "angles": [0.0, 0.0, 0.0], "sizes": [1.0, 1.0, 1.0]}, {"translations": [0.0, 0.0, 1200.0], "angles": [0.0, 0.0, 0.0], "sizes": [1.0, 1.0, 1.0]}, {"translations": [400.0, 0.0, 1200.0], "angles": [0.0, 0.0, 0.0], "sizes": [1.0, 1.0, 1.0]}, {"translations": [800.0, 0.0, 1200.0], "angles": [0.0, 0.0, 0.0], "sizes": [1.0, 1.0, 1.0]}, {"translations": [1200.0, 0.0, 1200.0], "angles": [0.0, 0.0, 0.0], "sizes": [1.0, 1.0, 1.0]}, {"translations": [1600.0, 0.0, 1200.0], "angles": [0.0, 0.0, 0.0], "sizes": [1.0, 1.0, 1.0]}, {"translations": [2000.0, 0.0, 1200.0], "angles": [0.0, 0.0, 0.0], "sizes": [1.0, 1.0, 1.0]}, {"translations": [2400.0, 0.0, 1200.0], "angles": [0.0, 0.0, 0.0], "sizes": [1.0, 1.0, 1.0]}, {"translations": [2800.0, 0.0, 1200.0], "angles": [0.0, 0.0, 0.0], "sizes": [1.0, 1.0, 1.0]}, {"translations": [3200.0, 0.0, 0.0], "angles": [0.0, 0.0, 0.0], "sizes": [1.0, 1.0, 1.0]}, {"translations": [3200.0, 0.0, 300.0], "angles": [0.0, 0.0, 0.0], "sizes": [1.0, 1.0, 1.0]}, {"translations": [3200.0, 0.0, 600.0], "angles": [0.0, 0.0, 0.0], "sizes": [1.0, 1.0, 1.0]}, {"translations": [3200.0, 0.0, 900.0], "angles": [0.0, 0.0, 0.0], "sizes": [1.0, 1.0, 1.0]}, {"translations": [3200.0, 0.0, 1200.0], "angles": [0.0, 0.0, 0.0], "sizes": [1.0, 1.0, 1.0]}], "SM_PaletteA_01": [{"translations": [104.04623413085938, -1.7162489891052246, 37.0], "angles": [0.0, 0.0, 0.032990256285081045], "sizes": [1.0, 1.0, 1.0]}, {"translations": [77.0445785522461, -0.000858306884765625, 187.0], "angles": [0.0, 0.0, -0.01605200298553543], "sizes": [1.0, 1.0, 1.0]}, {"translations": [167.94365692138672, 0.4796934127807617, 337.0], "angles": [0.0, 0.0, 0.019976981477249044], "sizes": [1.0, 1.0, 1.0]}, {"translations": [74.09922790527344, -9.138336181640625, 487.0], "angles": [0.0, 0.0, -0.00024901336157870905], "sizes": [1.0, 1.0, 1.0]}, {"translations": [106.05471801757812, -5.421197414398193, 637.0], "angles": [0.0, 0.0, -0.033945822508124494], "sizes": [1.0, 1.0, 1.0]}, {"translations": [115.29872131347656, 7.166991233825684, 787.0], "angles": [0.0, 0.0, -0.026412298666385902], "sizes": [1.0, 1.0, 1.0]}, {"translations": [132.94749450683594, -1.137080192565918, 937.0], "angles": [0.0, 0.0, 0.009205367174567615], "sizes": [0.9999999999999999, 0.9999999999999999, 1.0]}, {"translations": [141.91117095947266, -1.9424939155578613, 1087.0], "angles": [0.0, 0.0, 0.002379605009030975], "sizes": [1.0, 1.0, 1.0]}, {"translations": [171.65704727172852, -8.041610717773438, 1237.0], "angles": [0.0, 0.0, -0.010528935315127292], "sizes": [0.9999999999999999, 0.9999999999999999, 1.0]}, {"translations": [482.2792282104492, 6.109950542449951, 37.0], "angles": [0.0, 0.0, -0.017244970130483185], "sizes": [1.0, 1.0, 1.0]}, {"translations": [491.85707092285156, -2.9225897789001465, 187.0], "angles": [0.0, 0.0, 0.00880057269466275], "sizes": [0.9999999999999999, 0.9999999999999999, 1.0]}, {"translations": [533.3830947875977, 8.623649597167969, 337.0], "angles": [0.0, 0.0, -0.00117315860148202], "sizes": [0.9999999999999999, 0.9999999999999999, 1.0]}, {"translations": [494.8818664550781, 8.459146499633789, 487.0], "angles": [0.0, 0.0, -0.04062057803122515], "sizes": [1.0, 1.0, 1.0]}, {"translations": [541.5834045410156, 7.324190139770508, 637.0], "angles": [0.0, 0.0, 0.011423729511742493], "sizes": [1.0, 1.0, 1.0]}, {"translations": [533.2000122070312, 9.428579330444336, 787.0], "angles": [0.0, 0.0, -0.038709875263764314], "sizes": [1.0, 1.0, 1.0]}, {"translations": [479.88209533691406, -8.396973609924316, 937.0], "angles": [0.0, 0.0, 0.028810962075528593], "sizes": [0.9999999999999999, 0.9999999999999999, 1.0]}, {"translations": [518.589485168457, 2.799050807952881, 1087.0], "angles": [0.0, 0.0, 0.023883017388544522], "sizes": [1.0, 1.0, 1.0]}, {"translations": [505.95130920410156, 9.096426963806152, 1237.0], "angles": [0.0, 0.0, -0.008603498434275828], "sizes": [1.0, 1.0, 1.0]}, {"translations": [911.4894409179688, 2.581357955932617, 37.0], "angles": [0.0, 0.0, 0.033437430890746356], "sizes": [0.9999999999999999, 0.9999999999999999, 1.0]}, {"translations": [962.7283554077148, 0.3313159942626953, 187.0], "angles": [0.0, 0.0, 0.010784589462444058], "sizes": [1.0, 1.0, 1.0]}, {"translations": [935.8382797241211, -4.22123908996582, 337.0], "angles": [0.0, 0.0, 0.0002543370828470059], "sizes": [1.0, 1.0, 1.0]}, {"translations": [966.4827346801758, 3.2526063919067383, 487.0], "angles": [0.0, 0.0, -0.03572911116701075], "sizes": [1.0, 1.0, 1.0]}, {"translations": [881.7578506469727, 2.102322578430176, 637.0], "angles": [0.0, 0.0, 0.006132077232663924], "sizes": [1.0, 1.0, 1.0]}, {"translations": [922.1294860839844, 5.8795952796936035, 787.0], "angles": [0.0, 0.0, -0.030967224915063367], "sizes": [1.0, 1.0, 1.0]}, {"translations": [880.4381942749023, 9.166719436645508, 937.0], "angles": [0.0, 0.0, 0.013365081723990929], "sizes": [1.0, 1.0, 1.0]}, {"translations": [910.0795974731445, 0.4271697998046875, 1087.0], "angles": [0.0, 0.0, -0.03431579661837075], "sizes": [1.0, 1.0, 1.0]}, {"translations": [953.6557540893555, 6.80105447769165, 1237.0], "angles": [0.0, 0.0, -0.018597679152814628], "sizes": [0.9999999999999999, 0.9999999999999999, 1.0]}, {"translations": [1312.5039825439453, 3.831033706665039, 37.0], "angles": [0.0, 0.0, -0.026039571879213977], "sizes": [0.9999999999999999, 0.9999999999999999, 1.0]}, {"translations": [1367.7973022460938, 1.4619636535644531, 187.0], "angles": [0.0, 0.0, -0.012299873845486507], "sizes": [1.0, 1.0, 1.0]}, {"translations": [1278.5350646972656, 1.4052867889404297, 337.0], "angles": [0.0, 0.0, 0.03320319868991503], "sizes": [1.0, 1.0, 1.0]}, {"translations": [1300.343391418457, -2.281332015991211, 487.0], "angles": [0.0, 0.0, 0.020775790947373446], "sizes": [0.9999999999999999, 0.9999999999999999, 1.0]}, {"translations": [1315.598030090332, -4.324848651885986, 637.0], "angles": [0.0, 0.0, -0.02722163132945817], "sizes": [0.9999999999999999, 0.9999999999999999, 1.0]}, {"translations": [1286.8436584472656, 4.431722164154053, 787.0], "angles": [0.0, 0.0, -0.00830789032049854], "sizes": [1.0, 1.0, 1.0]}, {"translations": [1352.2860984802246, -4.739868640899658, 937.0], "angles": [0.0, 0.0, 0.013237261300323818], "sizes": [1.0, 1.0, 1.0]}, {"translations": [1276.7451858520508, 9.815754890441895, 1087.0], "angles": [0.0, 0.0, 0.03734195901592799], "sizes": [0.9999999999999999, 0.9999999999999999, 1.0]}, {"translations": [1348.378776550293, -5.155339241027832, 1237.0], "angles": [0.0, 0.0, -0.0067419466826411185], "sizes": [0.9999999999999999, 0.9999999999999999, 1.0]}, {"translations": [1713.750633239746, 9.805569648742676, 37.0], "angles": [0.0, 0.0, -0.013620732316049936], "sizes": [1.0, 1.0, 1.0]}, {"translations": [1675.6761093139648, 3.6362338066101074, 187.0], "angles": [0.0, 0.0, 0.020482895169238208], "sizes": [0.9999999999999999, 0.9999999999999999, 1.0]}, {"translations": [1697.231704711914, 6.969821453094482, 337.0], "angles": [0.0, 0.0, -0.0010905980598559697], "sizes": [0.9999999999999999, 0.9999999999999999, 1.0]}, {"translations": [1714.9520950317383, 8.078994750976562, 487.0], "angles": [0.0, 0.0, 0.025214238145330865], "sizes": [1.0, 1.0, 1.0]}, {"translations": [1734.4088516235352, 9.549428939819336, 637.0], "angles": [0.0, 0.0, 0.01736479963490656], "sizes": [1.0, 1.0, 1.0]}, {"translations": [1715.0519256591797, 4.0348219871521, 787.0], "angles": [0.0, 0.0, 0.0039056354433031322], "sizes": [0.9999999999999999, 0.9999999999999999, 1.0]}, {"translations": [1741.4865112304688, -3.541259765625, 937.0], "angles": [0.0, 0.0, 0.019436450207889283], "sizes": [1.0, 1.0, 1.0]}, {"translations": [1760.2896919250488, -9.471297264099121, 1087.0], "angles": [0.0, 0.0, -0.024913387161953623], "sizes": [1.0, 1.0, 1.0]}, {"translations": [1707.2485885620117, 5.535857677459717, 1237.0], "angles": [0.0, 0.0, 0.01291237301931497], "sizes": [1.0, 1.0, 1.0]}, {"translations": [2079.5151443481445, 2.395656108856201, 37.0], "angles": [0.0, 0.0, -0.029340725777140416], "sizes": [1.0, 1.0, 1.0]}, {"translations": [2093.033576965332, 0.1521778106689453, 187.0], "angles": [0.0, 0.0, -0.04009634611592854], "sizes": [0.9999999999999999, 0.9999999999999999, 1.0]}, {"translations": [2094.2071533203125, 0.5452275276184082, 337.0], "angles": [0.0, 0.0, -0.04182866268109345], "sizes": [1.0, 1.0, 1.0]}, {"translations": [2138.9098052978516, 0.4858231544494629, 487.0], "angles": [0.0, 0.0, -0.034664473549451215], "sizes": [1.0, 1.0, 1.0]}, {"translations": [2166.2614097595215, -6.692960262298584, 637.0], "angles": [0.0, 0.0, 0.02002757765515832], "sizes": [0.9999999999999999, 0.9999999999999999, 1.0]}, {"translations": [2099.147735595703, -7.900900840759277, 787.0], "angles": [0.0, 0.0, 0.03547892442786246], "sizes": [1.0, 1.0, 1.0]}, {"translations": [2075.7228469848633, 4.342007637023926, 937.0], "angles": [0.0, 0.0, 0.01490694457975302], "sizes": [1.0, 1.0, 1.0]}, {"translations": [2112.7602767944336, 6.360223293304443, 1087.0], "angles": [0.0, 0.0, 0.007570191956909367], "sizes": [1.0, 1.0, 1.0]}, {"translations": [2157.669101715088, -8.731592178344727, 1237.0], "angles": [0.0, 0.0, -0.006291869016224505], "sizes": [1.0, 1.0, 1.0]}, {"translations": [2498.907196044922, -4.518120288848877, 37.0], "angles": [0.0, 0.0, 0.0431643991227216], "sizes": [0.9999999999999999, 0.9999999999999999, 1.0]}, {"translations": [2502.4140243530273, -5.466940402984619, 187.0], "angles": [0.0, 0.0, 0.03946033776262557], "sizes": [1.0, 1.0, 1.0]}, {"translations": [2532.563407897949, 9.540740966796875, 337.0], "angles": [0.0, 0.0, 0.02772745963595004], "sizes": [1.0, 1.0, 1.0]}, {"translations": [2560.399745941162, -8.810394287109375, 487.0], "angles": [0.0, 0.0, -0.011351825704183508], "sizes": [1.0, 1.0, 1.0]}, {"translations": [2504.8695068359375, 5.577380657196045, 637.0], "angles": [0.0, 0.0, 0.01564724294921248], "sizes": [1.0, 1.0, 1.0]}, {"translations": [2506.439613342285, 7.717952728271484, 787.0], "angles": [0.0, 0.0, -0.03325643249641328], "sizes": [1.0, 1.0, 1.0]}, {"translations": [2474.9809494018555, 0.40405988693237305, 937.0], "angles": [0.0, 0.0, -0.008576867805983823], "sizes": [1.0, 1.0, 1.0]}, {"translations": [2540.018569946289, -3.383955955505371, 1087.0], "angles": [0.0, 0.0, -0.03186429629027919], "sizes": [1.0, 1.0, 1.0]}, {"translations": [2547.6088638305664, -5.5739641189575195, 1237.0], "angles": [0.0, 0.0, 0.002760446187843459], "sizes": [1.0, 1.0, 1.0]}, {"translations": [2907.6520080566406, -5.5121564865112305, 37.0], "angles": [0.0, 0.0, -0.04107561095508521], "sizes": [1.0, 1.0, 1.0]}, {"translations": [2875.525344848633, 9.49099349975586, 187.0], "angles": [0.0, 0.0, 0.003863025187320967], "sizes": [0.9999999999999999, 0.9999999999999999, 1.0]}, {"translations": [2882.421142578125, 7.635831832885742, 337.0], "angles": [0.0, 0.0, -0.020908922156595688], "sizes": [1.0, 1.0, 1.0]}, {"translations": [2919.150360107422, -5.7010817527771, 487.0], "angles": [0.0, 0.0, 0.04133905243291642], "sizes": [0.9999999999999999, 0.9999999999999999, 1.0]}, {"translations": [2953.922176361084, 1.8576598167419434, 637.0], "angles": [0.0, 0.0, 0.027048587520731703], "sizes": [1.0, 1.0, 1.0]}, {"translations": [2955.815299987793, 0.9525680541992188, 787.0], "angles": [0.0, 0.0, -0.027389354158507247], "sizes": [1.0, 1.0, 1.0]}, {"translations": [2941.3526153564453, -6.521337032318115, 937.0], "angles": [0.0, 0.0, -0.0033143993373134432], "sizes": [1.0, 1.0, 1.0]}, {"translations": [2877.99112701416, -8.068273544311523, 1087.0], "angles": [0.0, 0.0, 0.021574587155030366], "sizes": [1.0, 1.0, 1.0]}, {"translations": [2956.7400665283203, 9.273529052734375, 1237.0], "angles": [0.0, 0.0, -0.037011947015619814], "sizes": [0.9999999999999999, 0.9999999999999999, 1.0]}, {"translations": [288.7731170654297, -1.7162489891052246, 37.0], "angles": [0.0, 0.0, -0.0027364778285628457], "sizes": [1.0, 1.0, 1.0]}, {"translations": [275.2722930908203, -0.000858306884765625, 187.0], "angles": [0.0, 0.0, 0.031502275741015884], "sizes": [0.9999999999999999, 0.9999999999999999, 1.0]}, {"translations": [320.7218246459961, 0.4796934127807617, 337.0], "angles": [0.0, 0.0, -0.012970957656598137], "sizes": [0.9999999999999999, 0.9999999999999999, 1.0]}, {"translations": [273.7996139526367, -9.138336181640625, 487.0], "angles": [0.0, 0.0, -0.02298042664580747], "sizes": [0.9999999999999999, 0.9999999999999999, 1.0]}, {"translations": [289.77735900878906, -5.421197414398193, 637.0], "angles": [0.0, 0.0, 0.03799665244602098], "sizes": [1.0, 1.0, 1.0]}, {"translations": [294.3993606567383, 7.166991233825684, 787.0], "angles": [0.0, 0.0, -0.04321229545202669], "sizes": [1.0, 1.0, 1.0]}, {"translations": [303.22374725341797, -1.137080192565918, 937.0], "angles": [0.0, 0.0, -0.03402567326636049], "sizes": [1.0, 1.0, 1.0]}, {"translations": [307.7055892944336, -1.9424939155578613, 1087.0], "angles": [0.0, 0.0, 0.03708912565941916], "sizes": [1.0, 1.0, 1.0]}, {"translations": [322.5785217285156, -8.041610717773438, 1237.0], "angles": [0.0, 0.0, -0.01072600330728247], "sizes": [1.0, 1.0, 1.0]}, {"translations": [677.8896102905273, 6.109950542449951, 37.0], "angles": [0.0, 0.0, 0.039939337159839126], "sizes": [0.9999999999999999, 0.9999999999999999, 1.0]}, {"translations": [682.6785354614258, -2.9225897789001465, 187.0], "angles": [0.0, 0.0, -0.04182600185065762], "sizes": [0.9999999999999999, 0.9999999999999999, 1.0]}, {"translations": [703.4415435791016, 8.623649597167969, 337.0], "angles": [0.0, 0.0, -0.03721953460948793], "sizes": [0.9999999999999999, 0.9999999999999999, 1.0]}, {"translations": [684.1909332275391, 8.459146499633789, 487.0], "angles": [0.0, 0.0, 0.019524324087439548], "sizes": [1.0, 1.0, 1.0]}, {"translations": [707.5417022705078, 7.324190139770508, 637.0], "angles": [0.0, 0.0, -0.021968649889437957], "sizes": [1.0, 1.0, 1.0]}, {"translations": [703.3500061035156, 9.428579330444336, 787.0], "angles": [0.0, 0.0, -0.039902086783572], "sizes": [1.0, 1.0, 1.0]}, {"translations": [676.691047668457, -8.396973609924316, 937.0], "angles": [0.0, 0.0, 0.015048081485901097], "sizes": [1.0, 1.0, 1.0]}, {"translations": [696.0447387695312, 2.799050807952881, 1087.0], "angles": [0.0, 0.0, 0.03436903258027387], "sizes": [1.0, 1.0, 1.0]}, {"translations": [689.7256546020508, 9.096426963806152, 1237.0], "angles": [0.0, 0.0, 0.03903454366447948], "sizes": [1.0, 1.0, 1.0]}, {"translations": [1092.4947204589844, 2.581357955932617, 37.0], "angles": [0.0, 0.0, 0.04208677013544607], "sizes": [1.0, 1.0, 1.0]}, {"translations": [1118.1141815185547, 0.3313159942626953, 187.0], "angles": [0.0, 0.0, 0.021249743512810896], "sizes": [1.0, 1.0, 1.0]}, {"translations": [1104.6691436767578, -4.22123908996582, 337.0], "angles": [0.0, 0.0, -0.04329211967525159], "sizes": [1.0, 1.0, 1.0]}, {"translations": [1119.9913635253906, 3.2526063919067383, 487.0], "angles": [0.0, 0.0, 0.014486200173148122], "sizes": [0.9999999999999999, 0.9999999999999999, 1.0]}, {"translations": [1077.6289291381836, 2.102322578430176, 637.0], "angles": [0.0, 0.0, 0.011261281934586531], "sizes": [0.9999999999999999, 0.9999999999999999, 1.0]}, {"translations": [1097.8147430419922, 5.8795952796936035, 787.0], "angles": [0.0, 0.0, 0.00474188619172685], "sizes": [1.0, 1.0, 1.0]}, {"translations": [1076.9691009521484, 9.166719436645508, 937.0], "angles": [0.0, 0.0, 0.03006480468075652], "sizes": [0.9999999999999999, 0.9999999999999999, 1.0]}, {"translations": [1091.789794921875, 0.4271697998046875, 1087.0], "angles": [0.0, 0.0, 0.021633163024734677], "sizes": [1.0, 1.0, 1.0]}, {"translations": [1113.577880859375, 6.80105447769165, 1237.0], "angles": [0.0, 0.0, -0.017513920216306506], "sizes": [1.0, 1.0, 1.0]}, {"translations": [1493.0019912719727, 3.831033706665039, 37.0], "angles": [0.0, 0.0, 0.009623475335663921], "sizes": [1.0, 1.0, 1.0]}, {"translations": [1520.6486511230469, 1.4619636535644531, 187.0], "angles": [0.0, 0.0, -0.04071637667132906], "sizes": [1.0, 1.0, 1.0]}, {"translations": [1476.0175323486328, 1.4052867889404297, 337.0], "angles": [0.0, 0.0, -0.005072124592441091], "sizes": [1.0, 1.0, 1.0]}, {"translations": [1486.9216995239258, -2.281332015991211, 487.0], "angles": [0.0, 0.0, -0.0046779684338014585], "sizes": [1.0, 1.0, 1.0]}, {"translations": [1494.5490188598633, -4.324848651885986, 637.0], "angles": [0.0, 0.0, -0.004147988939205857], "sizes": [0.9999999999999999, 0.9999999999999999, 1.0]}, {"translations": [1480.1718292236328, 4.431722164154053, 787.0], "angles": [0.0, 0.0, 0.021302994677540505], "sizes": [0.9999999999999999, 0.9999999999999999, 1.0]}, {"translations": [1512.893051147461, -4.739868640899658, 937.0], "angles": [0.0, 0.0, -0.014526143386227685], "sizes": [1.0, 1.0, 1.0]}, {"translations": [1475.1225967407227, 9.815754890441895, 1087.0], "angles": [0.0, 0.0, -0.0008828637941026076], "sizes": [1.0, 1.0, 1.0]}, {"translations": [1510.9393844604492, -5.155339241027832, 1237.0], "angles": [0.0, 0.0, 0.025610931393898462], "sizes": [1.0, 1.0, 1.0]}, {"translations": [1893.6253204345703, 9.805569648742676, 37.0], "angles": [0.0, 0.0, -0.006491607218926004], "sizes": [1.0, 1.0, 1.0]}, {"translations": [1874.5880508422852, 3.6362338066101074, 187.0], "angles": [0.0, 0.0, 0.027748756726920374], "sizes": [1.0, 1.0, 1.0]}, {"translations": [1885.365852355957, 6.969821453094482, 337.0], "angles": [0.0, 0.0, 0.0019375056971725568], "sizes": [1.0, 1.0, 1.0]}, {"translations": [1894.2260513305664, 8.078994750976562, 487.0], "angles": [0.0, 0.0, -0.04165038222933019], "sizes": [0.9999999999999999, 0.9999999999999999, 1.0]}, {"translations": [1903.9544296264648, 9.549428939819336, 637.0], "angles": [0.0, 0.0, -0.007799227450010495], "sizes": [1.0, 1.0, 1.0]}, {"translations": [1894.2759628295898, 4.0348219871521, 787.0], "angles": [0.0, 0.0, 0.03446484958015887], "sizes": [0.9999999999999999, 0.9999999999999999, 1.0]}, {"translations": [1907.4932556152344, -3.541259765625, 937.0], "angles": [0.0, 0.0, -0.03938316196829228], "sizes": [1.0, 1.0, 1.0]}, {"translations": [1916.8948440551758, -9.471297264099121, 1087.0], "angles": [0.0, 0.0, 0.009671415205652957], "sizes": [1.0, 1.0, 1.0]}, {"translations": [1890.3742980957031, 5.535857677459717, 1237.0], "angles": [0.0, 0.0, 0.02839034644089535], "sizes": [0.9999999999999999, 0.9999999999999999, 1.0]}, {"translations": [2276.5075759887695, 2.395656108856201, 37.0], "angles": [0.0, 0.0, -0.037743825312649575], "sizes": [1.0, 1.0, 1.0]}, {"translations": [2283.2667846679688, 0.1521778106689453, 187.0], "angles": [0.0, 0.0, -0.007298551832140628], "sizes": [1.0, 1.0, 1.0]}, {"translations": [2283.8535766601562, 0.5452275276184082, 337.0], "angles": [0.0, 0.0, -0.004504859586365776], "sizes": [1.0, 1.0, 1.0]}, {"translations": [2306.204902648926, 0.4858231544494629, 487.0], "angles": [0.0, 0.0, 0.017721618701312235], "sizes": [1.0, 1.0, 1.0]}, {"translations": [2319.8807067871094, -6.692960262298584, 637.0], "angles": [0.0, 0.0, 0.01086981082317203], "sizes": [0.9999999999999999, 0.9999999999999999, 1.0]}, {"translations": [2286.3238677978516, -7.900900840759277, 787.0], "angles": [0.0, 0.0, -0.03577169450563837], "sizes": [1.0, 1.0, 1.0]}, {"translations": [2274.611427307129, 4.342007637023926, 937.0], "angles": [0.0, 0.0, 0.012584820424996769], "sizes": [0.9999999999999999, 0.9999999999999999, 1.0]}, {"translations": [2293.130142211914, 6.360223293304443, 1087.0], "angles": [0.0, 0.0, 0.018272820395946333], "sizes": [1.0, 1.0, 1.0]}, {"translations": [2315.5845489501953, -8.731592178344727, 1237.0], "angles": [0.0, 0.0, -0.035633294259481745], "sizes": [0.9999999999999999, 0.9999999999999999, 1.0]}, {"translations": [2686.203598022461, -4.518120288848877, 37.0], "angles": [0.0, 0.0, -0.006275890365169189], "sizes": [1.0, 1.0, 1.0]}, {"translations": [2687.9570083618164, -5.466940402984619, 187.0], "angles": [0.0, 0.0, 0.02795640686187884], "sizes": [0.9999999999999999, 0.9999999999999999, 1.0]}, {"translations": [2703.031707763672, 9.540740966796875, 337.0], "angles": [0.0, 0.0, -0.010033597934736141], "sizes": [1.0, 1.0, 1.0]}, {"translations": [2716.9498748779297, -8.810394287109375, 487.0], "angles": [0.0, 0.0, -0.032617601919302595], "sizes": [1.0, 1.0, 1.0]}, {"translations": [2689.1847534179688, 5.577380657196045, 637.0], "angles": [0.0, 0.0, -0.03328571104978133], "sizes": [0.9999999999999999, 0.9999999999999999, 1.0]}, {"translations": [2689.9698028564453, 7.717952728271484, 787.0], "angles": [0.0, 0.0, -0.005996253313157913], "sizes": [1.0, 1.0, 1.0]}, {"translations": [2674.2404708862305, 0.40405988693237305, 937.0], "angles": [0.0, 0.0, -0.01636356230461757], "sizes": [1.0, 1.0, 1.0]}, {"translations": [2706.7592849731445, -3.383955955505371, 1087.0], "angles": [0.0, 0.0, 0.012510252583704095], "sizes": [0.9999999999999999, 0.9999999999999999, 1.0]}, {"translations": [2710.554428100586, -5.5739641189575195, 1237.0], "angles": [0.0, 0.0, 0.0373472816227128], "sizes": [0.9999999999999999, 0.9999999999999999, 1.0]}, {"translations": [3090.5760040283203, -5.5121564865112305, 37.0], "angles": [0.0, 0.0, -0.03141709468922522], "sizes": [1.0, 1.0, 1.0]}, {"translations": [3074.5126724243164, 9.49099349975586, 187.0], "angles": [0.0, 0.0, -0.033794105262965585], "sizes": [1.0, 1.0, 1.0]}, {"translations": [3077.9605712890625, 7.635831832885742, 337.0], "angles": [0.0, 0.0, -0.00429446409475274], "sizes": [1.0, 1.0, 1.0]}, {"translations": [3096.325180053711, -5.7010817527771, 487.0], "angles": [0.0, 0.0, 0.03688685560066852], "sizes": [0.9999999999999999, 0.9999999999999999, 1.0]}, {"translations": [3113.7110900878906, 1.8576598167419434, 637.0], "angles": [0.0, 0.0, 0.024588568566271746], "sizes": [1.0, 1.0, 1.0]}, {"translations": [3114.6576538085938, 0.9525680541992188, 787.0], "angles": [0.0, 0.0, 0.015540724257734641], "sizes": [1.0, 1.0, 1.0]}, {"translations": [3107.4263076782227, -6.521337032318115, 937.0], "angles": [0.0, 0.0, -0.028419627312600323], "sizes": [1.0, 1.0, 1.0]}, {"translations": [3075.745559692383, -8.068273544311523, 1087.0], "angles": [0.0, 0.0, 0.02751447555677487], "sizes": [1.0, 1.0, 1.0]}, {"translations": [3115.12003326416, 9.273529052734375, 1237.0], "angles": [0.0, 0.0, 0.039085105110957516], "sizes": [1.0, 1.0, 1.0]}], "SM_CardBoxA_01": [{"translations": [1072.1865042480233, -31.513694746114247, 358.0], "angles": [0.0, 0.0, 0.9620799343001027], "sizes": [1.0000000000000007, 1.0000000000000007, 1.0]}, {"translations": [659.8170763379965, 6.756139327011127, 1258.0], "angles": [-0.0, -0.0, 0.032345763868298336], "sizes": [1.0, 1.0, 1.0]}, {"translations": [714.1680612736748, 9.630382643877711, 508.0], "angles": [0.0, 0.0, 0.8812479407777272], "sizes": [1.0000000000000004, 1.0000000000000004, 1.0]}, {"translations": [685.1858994812397, 26.972445355251182, 208.0], "angles": [0.0, 0.0, -0.1683330789397174], "sizes": [0.9999999999999999, 0.9999999999999999, 1.0]}, {"translations": [280.0119419041482, -34.08377413621088, 1108.0], "angles": [0.0, 0.0, 0.8576558659372523], "sizes": [1.0000000000000004, 1.0000000000000004, 1.0]}, {"translations": [349.93353791405445, -30.28840383005734, 358.0], "angles": [0.0, 0.0, 0.10070333152835535], "sizes": [1.0, 1.0, 1.0]}, {"translations": [2921.6285829965723, -35.59854671741401, 508.0], "angles": [0.0, 0.0, -0.04277096451125996], "sizes": [1.0, 1.0, 1.0]}, {"translations": [2564.1802871159443, -18.750122373064308, 358.0], "angles": [0.0, 0.0, -0.20829690010968746], "sizes": [1.0, 1.0, 1.0]}, {"translations": [2112.7602767944336, 6.360223293304443, 1108.0], "angles": [0.0, 0.0, 0.838236956756549], "sizes": [1.0000000000000002, 1.0000000000000002, 1.0]}, {"translations": [2168.837707754264, -1.592795271204173, 508.0], "angles": [0.0, 0.0, 0.4007126070663905], "sizes": [0.9999999999999999, 0.9999999999999999, 1.0]}, {"translations": [1742.652477943637, -33.51859322982398, 958.0], "angles": [0.0, 0.0, 0.8042183207988829], "sizes": [1.0000000000000004, 1.0000000000000004, 1.0]}, {"translations": [1734.4088516235352, 9.549428939819336, 658.0], "angles": [0.0, 0.0, -0.773407164954233], "sizes": [1.0000000000000004, 1.0000000000000004, 1.0]}, {"translations": [1683.4778671922536, 36.52847597486187, 508.0], "angles": [0.0, 0.0, 0.9981379656500552], "sizes": [1.0000000000000002, 1.0000000000000002, 1.0]}, {"translations": [1744.5566699049384, 38.9772700616914, 58.0], "angles": [0.0, 0.0, 0.08373938196464348], "sizes": [0.9999999999999999, 0.9999999999999999, 1.0]}, {"translations": [1271.615567829818, -33.50171240861357, 508.0], "angles": [0.0, 0.0, -0.5936418408173906], "sizes": [1.0000000000000002, 1.0000000000000002, 1.0]}, {"translations": [1329.071215007096, 28.939048376631145, 508.0], "angles": [0.0, 0.0, -0.1674488108700677], "sizes": [1.0, 1.0, 1.0]}, {"translations": [83.75639282531148, -21.20696713550815, 808.0], "angles": [0.0, 0.0, 0.9857136831007541], "sizes": [0.9999999999999999, 0.9999999999999999, 1.0]}, {"translations": [1909.854412084155, 26.365678227577757, 958.0], "angles": [0.0, 0.0, 0.9826265489545761], "sizes": [1.0000000000000002, 1.0000000000000002, 1.0]}, {"translations": [1842.9699661629697, 31.925749907308017, 208.0], "angles": [0.0, 0.0, -0.7451250711840666], "sizes": [1.0000000000000004, 1.0000000000000004, 1.0]}, {"translations": [1924.0122802028848, 39.41355296471413, 58.0], "angles": [0.0, 0.0, -0.7686477891645978], "sizes": [1.0000000000000002, 1.0000000000000002, 1.0]}, {"translations": [1480.1718292236328, 4.431722164154053, 808.0], "angles": [0.0, 0.0, -0.5283592359766313], "sizes": [1.0, 1.0, 1.0]}, {"translations": [1446.3233994963946, 31.708066762956374, 358.0], "angles": [0.0, 0.0, 0.946529330870863], "sizes": [1.0000000000000002, 1.0000000000000002, 1.0]}, {"translations": [1108.7179402393276, -18.975974178516203, 958.0], "angles": [0.0, 0.0, 0.7320984697156386], "sizes": [1.0000000000000009, 1.0000000000000009, 1.0]}], "SM_CardBoxD_02": [{"translations": [1124.9114114585495, -24.789395498050045, 58.0], "angles": [0.0, 0.0, -0.5035322108325533], "sizes": [1.0000000000000002, 1.0000000000000002, 1.0]}, {"translations": [701.2099188382641, -21.29323277743922, 358.0], "angles": [0.0, 0.0, -0.7606422224805854], "sizes": [1.0, 1.0, 1.0]}, {"translations": [291.51011137793773, 31.247790655618864, 358.0], "angles": [0.0, 0.0, -0.7743103228309837], "sizes": [1.0, 1.0, 1.0]}, {"translations": [2909.257373174703, -36.746171846459625, 1108.0], "angles": [0.0, 0.0, -0.1391877417663585], "sizes": [1.0, 1.0, 1.0]}, {"translations": [2517.6093210343556, -5.7395902591836965, 1258.0], "angles": [0.0, 0.0, -0.7871336992435508], "sizes": [0.9999999999999998, 0.9999999999999998, 1.0]}, {"translations": [1683.7617647006757, 10.622737774864424, 58.0], "angles": [0.0, 0.0, 0.988479572284292], "sizes": [0.9999999999999998, 0.9999999999999998, 1.0]}, {"translations": [883.5616486114114, -29.356682323361287, 58.0], "angles": [0.0, 0.0, -0.7212486976953136], "sizes": [1.0000000000000002, 1.0000000000000002, 1.0]}, {"translations": [909.4843169316005, 32.514274248858214, 58.0], "angles": [-0.0, -0.0, 0.020353355232142663], "sizes": [1.0, 1.0, 1.0]}, {"translations": [505.6107711875235, 41.65952377778422, 808.0], "angles": [0.0, 0.0, -0.6926571073668708], "sizes": [1.0000000000000002, 1.0000000000000002, 1.0]}, {"translations": [2312.8256870902305, -30.282527504007557, 208.0], "angles": [0.0, 0.0, -0.8334060770529875], "sizes": [1.0, 1.0, 1.0]}, {"translations": [1862.125392961431, -26.118515775744257, 1258.0], "angles": [0.0, 0.0, -0.1741220100770603], "sizes": [1.0, 1.0, 1.0]}, {"translations": [1893.235832208399, -20.191901893400235, 58.0], "angles": [0.0, 0.0, 0.9988444574007588], "sizes": [1.0000000000000004, 1.0000000000000004, 1.0]}, {"translations": [1543.751867260942, 24.37599418461805, 958.0], "angles": [0.0, 0.0, 0.24399915176779788], "sizes": [1.0, 1.0, 1.0]}, {"translations": [1505.711665200871, -28.897493185075515, 358.0], "angles": [0.0, 0.0, 0.9990751749683687], "sizes": [1.0000000000000004, 1.0000000000000004, 1.0]}, {"translations": [1120.4640292769352, 31.69677619565, 1108.0], "angles": [0.0, 0.0, -0.5599507419752734], "sizes": [1.0, 1.0, 1.0]}, {"translations": [1097.8147430419922, 5.8795952796936035, 808.0], "angles": [0.0, 0.0, 0.9884977799777112], "sizes": [0.9999999999999993, 0.9999999999999993, 1.0]}, {"translations": [3098.5368851851613, -35.61944334581082, 508.0], "angles": [0.0, 0.0, -0.22742606710601443], "sizes": [1.0, 1.0, 1.0]}, {"translations": [2706.008728558466, 26.606653659312144, 1108.0], "angles": [0.0, 0.0, -0.7569554436343987], "sizes": [1.0000000000000002, 1.0000000000000002, 1.0]}], "SM_CardBoxD_05": [{"translations": [1062.6009982322105, 0.05838918314131236, 58.0], "angles": [0.0, 0.0, -0.6361565463175461], "sizes": [1.0000000000000002, 1.0000000000000002, 1.0]}, {"translations": [728.0347886080566, -25.069151705461312, 1108.0], "angles": [0.0, 0.0, 0.5442865819277812], "sizes": [1.0, 1.0, 1.0]}, {"translations": [655.3850413256473, -22.689217690745853, 508.0], "angles": [0.0, 0.0, -0.06689674669788223], "sizes": [0.9999999999999999, 0.9999999999999999, 1.0]}, {"translations": [273.2932120398917, 0.903278068099346, 958.0], "angles": [0.0, 0.0, 0.6664243230209671], "sizes": [1.0000000000000002, 1.0000000000000002, 1.0]}, {"translations": [2875.525344848633, 9.49099349975586, 208.0], "angles": [0.0, 0.0, -0.45483185598860776], "sizes": [0.9999999999999999, 0.9999999999999999, 1.0]}, {"translations": [2104.815196673091, 35.2229919091918, 958.0], "angles": [0.0, 0.0, 0.505606985953921], "sizes": [1.0, 1.0, 1.0]}, {"translations": [2067.0958655738477, 19.89617864795836, 808.0], "angles": [0.0, 0.0, 0.34488120639367986], "sizes": [1.0, 1.0, 1.0]}, {"translations": [2061.8046082912465, -26.84227100071314, 358.0], "angles": [0.0, 0.0, 0.9998127266311149], "sizes": [1.0, 1.0, 1.0]}, {"translations": [2049.5667970394925, 4.155341728602581, 58.0], "angles": [0.0, 0.0, 0.9999516627833146], "sizes": [1.000000000000002, 1.000000000000002, 1.0]}, {"translations": [1715.2862619984755, -25.964262773554942, 808.0], "angles": [0.0, 0.0, 0.9275251647856314], "sizes": [0.9999999999999999, 0.9999999999999999, 1.0]}, {"translations": [570.8901954004609, 38.00173908881037, 658.0], "angles": [0.0, 0.0, 0.7092614793613616], "sizes": [1.0000000000000002, 1.0000000000000002, 1.0]}, {"translations": [494.8818664550781, 8.459146499633789, 508.0], "angles": [0.0, 0.0, 0.8746703588911533], "sizes": [1.0000000000000007, 1.0000000000000007, 1.0]}, {"translations": [104.11416498604568, 20.84671929666862, 508.0], "angles": [0.0, 0.0, -0.7634010805859346], "sizes": [0.9999999999999997, 0.9999999999999997, 1.0]}, {"translations": [199.1180918265316, -28.29798210740127, 358.0], "angles": [0.0, 0.0, -0.17687938043280602], "sizes": [1.0, 1.0, 1.0]}, {"translations": [2273.856397878646, 34.33250497471616, 958.0], "angles": [0.0, 0.0, -0.6531548055028003], "sizes": [1.0000000000000004, 1.0000000000000004, 1.0]}, {"translations": [1946.3089741059903, 21.10334833243688, 1108.0], "angles": [0.0, 0.0, 0.8091176533274046], "sizes": [1.0000000000000004, 1.0000000000000004, 1.0]}, {"translations": [1846.2985347415872, -27.98185087270521, 208.0], "angles": [0.0, 0.0, 0.955572421004701], "sizes": [1.0000000000000007, 1.0000000000000007, 1.0]}, {"translations": [1539.3638774325855, 26.341457410012396, 1258.0], "angles": [0.0, 0.0, 0.6661867796971359], "sizes": [1.0000000000000002, 1.0000000000000002, 1.0]}, {"translations": [3082.8683776140942, 36.83855594968452, 1258.0], "angles": [0.0, 0.0, 0.7256567543679705], "sizes": [1.0, 1.0, 1.0]}, {"translations": [2716.233385926007, 26.162894750669743, 208.0], "angles": [-0.0, -0.0, 0.020487650410423355], "sizes": [1.0, 1.0, 1.0]}, {"translations": [3109.130796563019, 23.430202454686658, 958.0], "angles": [0.0, 0.0, 0.8606168861511935], "sizes": [1.0000000000000004, 1.0000000000000004, 1.0]}, {"translations": [3143.6748142256424, 3.332527877524274, 658.0], "angles": [0.0, 0.0, -0.4133575633602882], "sizes": [1.0, 1.0, 1.0]}, {"translations": [3118.632686838382, -37.33702961580407, 58.0], "angles": [0.0, 0.0, 0.17670601802493985], "sizes": [1.0, 1.0, 1.0]}], "SM_CardBoxC_02": [{"translations": [719.6342328661051, 11.436714600601178, 1258.0], "angles": [0.0, 0.0, -0.6080260159428652], "sizes": [1.0000000000000002, 1.0000000000000002, 1.0]}, {"translations": [677.5938303250489, -38.383386924539934, 958.0], "angles": [0.0, 0.0, 0.976860370257753], "sizes": [1.000000000000001, 1.000000000000001, 1.0]}, {"translations": [675.4951621015317, 36.01424150328391, 58.0], "angles": [0.0, 0.0, 0.949633432586305], "sizes": [1.0000000000000007, 1.0000000000000007, 1.0]}, {"translations": [259.86398374461527, -7.69935024173801, 658.0], "angles": [0.0, 0.0, 0.9647935130872795], "sizes": [1.0000000000000002, 1.0000000000000002, 1.0]}, {"translations": [318.7726677667753, -1.8804370440699414, 58.0], "angles": [0.0, 0.0, 0.49719118226519726], "sizes": [0.9999999999999998, 0.9999999999999998, 1.0]}, {"translations": [2941.5514782243968, 23.478003853103854, 958.0], "angles": [0.0, 0.0, 0.964416219009654], "sizes": [1.0000000000000007, 1.0000000000000007, 1.0]}, {"translations": [2911.1406505279388, -23.592198254210544, 358.0], "angles": [0.0, 0.0, 0.9105751852673084], "sizes": [1.0000000000000004, 1.0000000000000004, 1.0]}, {"translations": [2046.6304972966357, -26.538976635143946, 958.0], "angles": [0.0, 0.0, 0.9786456791932131], "sizes": [1.0, 1.0, 1.0]}, {"translations": [2096.71467657068, 30.440249306317085, 358.0], "angles": [0.0, 0.0, 0.9947151889331127], "sizes": [0.9999999999999997, 0.9999999999999997, 1.0]}, {"translations": [1318.7860113884292, 25.246441135699868, 1258.0], "angles": [0.0, 0.0, 0.19390364518758058], "sizes": [1.0, 1.0, 1.0]}, {"translations": [1316.839517184771, 3.9332659477982825, 808.0], "angles": [0.0, 0.0, -0.7306718637494598], "sizes": [1.0, 1.0, 1.0]}, {"translations": [922.560838750494, -22.062525343062394, 1258.0], "angles": [0.0, 0.0, 0.9617711279733359], "sizes": [1.000000000000001, 1.000000000000001, 1.0]}, {"translations": [909.625643470388, 39.957835192021165, 958.0], "angles": [0.0, 0.0, -0.6574538863814645], "sizes": [1.0000000000000002, 1.0000000000000002, 1.0]}, {"translations": [922.1294860839844, 5.8795952796936035, 808.0], "angles": [0.0, 0.0, -0.5346710057103352], "sizes": [1.0000000000000002, 1.0000000000000002, 1.0]}, {"translations": [993.3684147023578, -29.014667826709537, 208.0], "angles": [0.0, 0.0, 0.12361014967100672], "sizes": [0.9999999999999999, 0.9999999999999999, 1.0]}, {"translations": [563.4534016771818, 38.5531775514514, 358.0], "angles": [0.0, 0.0, 0.984159300271557], "sizes": [1.0000000000000002, 1.0000000000000002, 1.0]}, {"translations": [72.13319762288225, 26.240111661747015, 58.0], "angles": [0.0, 0.0, 0.891149636111855], "sizes": [1.0000000000000004, 1.0000000000000004, 1.0]}, {"translations": [2288.468795809641, 22.022322311572438, 808.0], "angles": [0.0, 0.0, -0.20439863003665268], "sizes": [1.0, 1.0, 1.0]}, {"translations": [1506.3203123226488, 31.099419641178738, 358.0], "angles": [0.0, 0.0, 0.7834608301405734], "sizes": [1.0000000000000002, 1.0000000000000002, 1.0]}, {"translations": [1463.5849297308753, -26.7407913989332, 58.0], "angles": [0.0, 0.0, 0.9999139946679053], "sizes": [1.0000000000000009, 1.0000000000000009, 1.0]}, {"translations": [2658.003902002894, -7.143669197716595, 208.0], "angles": [0.0, 0.0, 0.2561355551037082], "sizes": [1.0, 1.0, 1.0]}, {"translations": [3047.441225997375, -39.67309428548401, 1108.0], "angles": [0.0, 0.0, 0.9727354096161329], "sizes": [1.0000000000000016, 1.0000000000000016, 1.0]}, {"translations": [2689.6100341255824, -22.279889968500783, 808.0], "angles": [0.0, 0.0, -0.6493690024871132], "sizes": [1.0000000000000002, 1.0000000000000002, 1.0]}], "SM_CardBoxD_01": [{"translations": [664.0546889310059, 30.667253321367074, 1108.0], "angles": [0.0, 0.0, 0.8347673105625169], "sizes": [1.0000000000000004, 1.0000000000000004, 1.0]}, {"translations": [723.9129412829454, 34.78910064647821, 1108.0], "angles": [0.0, 0.0, 0.6610777156420773], "sizes": [1.0000000000000004, 1.0000000000000004, 1.0]}, {"translations": [653.0425690371594, 37.26503840152559, 508.0], "angles": [0.0, 0.0, 0.9996421103855826], "sizes": [1.0000000000000018, 1.0000000000000018, 1.0]}, {"translations": [735.5900506945462, 36.30890723093771, 358.0], "angles": [0.0, 0.0, -0.823512719805813], "sizes": [1.0, 1.0, 1.0]}, {"translations": [2508.168603004557, -31.412149008404278, 1108.0], "angles": [0.0, 0.0, 0.9730615842476646], "sizes": [1.0000000000000007, 1.0000000000000007, 1.0]}, {"translations": [2498.907196044922, -4.518120288848877, 58.0], "angles": [0.0, 0.0, 0.6728544522508074], "sizes": [1.0000000000000002, 1.0000000000000002, 1.0]}, {"translations": [1686.5026138078529, -23.395233088508192, 508.0], "angles": [0.0, 0.0, -0.5069375234887307], "sizes": [1.0, 1.0, 1.0]}, {"translations": [1256.3493434934046, -25.065680356995532, 808.0], "angles": [0.0, 0.0, -0.6724125323079172], "sizes": [0.9999999999999999, 0.9999999999999999, 1.0]}, {"translations": [1250.5923053116383, -30.519659537043193, 358.0], "angles": [0.0, 0.0, -0.06220778623661081], "sizes": [0.9999999999999999, 0.9999999999999999, 1.0]}, {"translations": [491.32905700971946, 27.072763216314613, 208.0], "angles": [0.0, 0.0, 0.9132005097314487], "sizes": [0.9999999999999998, 0.9999999999999998, 1.0]}, {"translations": [76.1238571495233, -3.3856218945156726, 658.0], "angles": [0.0, 0.0, 0.9390657388670305], "sizes": [1.0000000000000002, 1.0000000000000002, 1.0]}, {"translations": [77.0445785522461, -0.000858306884765625, 208.0], "angles": [0.0, 0.0, 0.4218656420187341], "sizes": [1.0, 1.0, 1.0]}, {"translations": [2306.204902648926, 0.4858231544494629, 508.0], "angles": [0.0, 0.0, -0.8518339576600138], "sizes": [1.0000000000000004, 1.0000000000000004, 1.0]}, {"translations": [2244.3300359173477, -25.25585225781395, 58.0], "angles": [0.0, 0.0, 0.9031807611128063], "sizes": [1.0, 1.0, 1.0]}, {"translations": [1894.2759628295898, 4.0348219871521, 808.0], "angles": [0.0, 0.0, -0.46113054883337945], "sizes": [1.0, 1.0, 1.0]}, {"translations": [1084.646959138842, 37.83332426899747, 1258.0], "angles": [0.0, 0.0, 0.9960093410197794], "sizes": [1.0000000000000002, 1.0000000000000002, 1.0]}, {"translations": [3104.0498933873905, 23.53654719686097, 1108.0], "angles": [0.0, 0.0, -0.6132365477909514], "sizes": [1.0000000000000002, 1.0000000000000002, 1.0]}, {"translations": [3143.7108321124274, 31.87040805711076, 808.0], "angles": [0.0, 0.0, 0.057734520432465394], "sizes": [1.0, 1.0, 1.0]}], "SM_CardBoxD_04": [{"translations": [673.4455366952966, 11.820797843226002, 808.0], "angles": [0.0, 0.0, 0.959740639447273], "sizes": [1.0000000000000007, 1.0000000000000007, 1.0]}, {"translations": [275.17807542439954, 20.829977817829974, 508.0], "angles": [0.0, 0.0, 0.9674495347017334], "sizes": [1.0000000000000013, 1.0000000000000013, 1.0]}, {"translations": [2849.313228712012, -39.33451970485422, 1108.0], "angles": [0.0, 0.0, -0.6700597745752466], "sizes": [1.0000000000000004, 1.0000000000000004, 1.0]}, {"translations": [2940.0132323970315, 21.924154475257698, 58.0], "angles": [0.0, 0.0, -0.6933569818186789], "sizes": [1.0000000000000004, 1.0000000000000004, 1.0]}, {"translations": [2590.392014104353, -9.491459942714574, 508.0], "angles": [0.0, 0.0, 0.6342108603428938], "sizes": [1.0000000000000002, 1.0000000000000002, 1.0]}, {"translations": [2188.0442311266415, 20.8885278962155, 1258.0], "angles": [0.0, 0.0, 0.23168313711605296], "sizes": [1.0, 1.0, 1.0]}, {"translations": [905.8535438298394, -34.236495433201966, 358.0], "angles": [0.0, 0.0, 0.996124852164609], "sizes": [1.0000000000000002, 1.0000000000000002, 1.0]}, {"translations": [932.7353338499073, -0.31572174257266183, 208.0], "angles": [0.0, 0.0, -0.3120048880770003], "sizes": [1.0, 1.0, 1.0]}, {"translations": [475.43955961449353, -20.38294102434879, 1258.0], "angles": [0.0, 0.0, -0.23678763631992894], "sizes": [1.0, 1.0, 1.0]}, {"translations": [535.946867992983, 8.580236163079606, 1258.0], "angles": [0.0, 0.0, 0.9974135512561246], "sizes": [1.000000000000001, 1.000000000000001, 1.0]}, {"translations": [488.6237090796319, 1.366478508068032, 1108.0], "angles": [0.0, 0.0, 0.9975484439768068], "sizes": [1.0000000000000009, 1.0000000000000009, 1.0]}, {"translations": [146.84104980164165, 35.54094960315952, 808.0], "angles": [0.0, 0.0, 0.5357334910436666], "sizes": [1.0, 1.0, 1.0]}, {"translations": [1494.7978960551209, 25.674118999379626, 658.0], "angles": [0.0, 0.0, 0.7049949518913664], "sizes": [1.0000000000000004, 1.0000000000000004, 1.0]}, {"translations": [1522.41905281307, 34.402858812263275, 58.0], "angles": [0.0, 0.0, 0.9397352955523443], "sizes": [0.9999999999999997, 0.9999999999999997, 1.0]}, {"translations": [2733.627652950344, 38.93271500962297, 358.0], "angles": [0.0, 0.0, -0.7563715503541099], "sizes": [1.0000000000000002, 1.0000000000000002, 1.0]}, {"translations": [2656.5825072366733, 25.85606250937858, 58.0], "angles": [0.0, 0.0, -0.10908414479809472], "sizes": [1.0, 1.0, 1.0]}, {"translations": [3107.3503804335555, -36.37260723931931, 1108.0], "angles": [0.0, 0.0, -0.13865693646143284], "sizes": [0.9999999999999999, 0.9999999999999999, 1.0]}, {"translations": [3044.14073895121, 20.236060150696257, 1108.0], "angles": [0.0, 0.0, 0.7192764150505387], "sizes": [1.0000000000000004, 1.0000000000000004, 1.0]}, {"translations": [2687.1887174172784, -24.356143029198584, 658.0], "angles": [0.0, 0.0, 0.12997200615473697], "sizes": [0.9999999999999999, 0.9999999999999999, 1.0]}, {"translations": [2721.1143131050535, 33.514868342900364, 658.0], "angles": [0.0, 0.0, -0.029058087296581752], "sizes": [1.0, 1.0, 1.0]}, {"translations": [3102.4176617744392, -22.46697216405855, 208.0], "angles": [0.0, 0.0, 0.905198499605027], "sizes": [1.0000000000000002, 1.0000000000000002, 1.0]}, {"translations": [2644.2565368565083, 1.3857421681560875, 958.0], "angles": [0.0, 0.0, 0.9945292733365546], "sizes": [1.0000000000000004, 1.0000000000000004, 1.0]}], "SM_CardBoxD_03": [{"translations": [708.8595031491529, 37.29523284509263, 658.0], "angles": [0.0, 0.0, 0.9037788166964718], "sizes": [0.9999999999999999, 0.9999999999999999, 1.0]}, {"translations": [324.28732250804427, 4.576675350602768, 808.0], "angles": [0.0, 0.0, 0.9052797844417887], "sizes": [1.0, 1.0, 1.0]}, {"translations": [258.93775441904876, 28.44748976720512, 58.0], "angles": [0.0, 0.0, 0.019413640792666807], "sizes": [1.0, 1.0, 1.0]}, {"translations": [2876.696953084963, 21.903798687033877, 1108.0], "angles": [0.0, 0.0, -0.10119161176186102], "sizes": [1.0, 1.0, 1.0]}, {"translations": [2957.4580447159797, 30.90755745092601, 808.0], "angles": [0.0, 0.0, 0.10332616310311654], "sizes": [1.0, 1.0, 1.0]}, {"translations": [2985.5006002549203, -26.476121158997785, 658.0], "angles": [0.0, 0.0, -0.6309517369484724], "sizes": [1.0000000000000002, 1.0000000000000002, 1.0]}, {"translations": [2935.0883190184095, -37.87338082690228, 58.0], "angles": [0.0, 0.0, -0.015137749059683637], "sizes": [1.0, 1.0, 1.0]}, {"translations": [2577.774032767003, -35.40788077494199, 1258.0], "angles": [0.0, 0.0, -0.41973730634021833], "sizes": [0.9999999999999999, 0.9999999999999999, 1.0]}, {"translations": [2533.916097023656, 36.50141012404774, 658.0], "angles": [0.0, 0.0, 0.15851265030641803], "sizes": [1.0, 1.0, 1.0]}, {"translations": [2502.609536619021, 7.877733027729854, 358.0], "angles": [0.0, 0.0, 0.9807355952284653], "sizes": [1.0000000000000002, 1.0000000000000002, 1.0]}, {"translations": [2122.9371139470213, -2.251668271082623, 208.0], "angles": [0.0, 0.0, 0.9987065724999938], "sizes": [0.9999999999999998, 0.9999999999999998, 1.0]}, {"translations": [1667.2317760761619, 7.035257297770974, 358.0], "angles": [0.0, 0.0, -0.3973470110139321], "sizes": [0.9999999999999999, 0.9999999999999999, 1.0]}, {"translations": [1674.447393438199, 33.61106086693927, 208.0], "angles": [0.0, 0.0, -0.20351702825266163], "sizes": [1.0, 1.0, 1.0]}, {"translations": [1249.0678060488872, -22.339534678016925, 1108.0], "angles": [0.0, 0.0, -0.4155530444108383], "sizes": [1.0, 1.0, 1.0]}, {"translations": [1338.544316064216, 32.19082304409294, 208.0], "angles": [0.0, 0.0, 0.4422859061022224], "sizes": [0.9999999999999998, 0.9999999999999998, 1.0]}, {"translations": [924.7921742686015, 37.89596981655308, 1258.0], "angles": [0.0, 0.0, 0.9977535322266765], "sizes": [1.0000000000000016, 1.0000000000000016, 1.0]}, {"translations": [908.0218623147315, -29.50217576634211, 1108.0], "angles": [0.0, 0.0, 0.9858061365835814], "sizes": [1.0000000000000004, 1.0000000000000004, 1.0]}, {"translations": [911.229310030278, -20.02072975884016, 958.0], "angles": [0.0, 0.0, -0.6215665888599881], "sizes": [1.0000000000000002, 1.0000000000000002, 1.0]}, {"translations": [560.789253226539, -22.80236511689555, 808.0], "angles": [0.0, 0.0, -0.8376395235026073], "sizes": [1.0000000000000002, 1.0000000000000002, 1.0]}, {"translations": [492.38508483598366, -32.917942774114906, 208.0], "angles": [0.0, 0.0, 0.9984479691420108], "sizes": [1.0000000000000002, 1.0000000000000002, 1.0]}, {"translations": [2245.3759593979194, -26.403519129151043, 958.0], "angles": [0.0, 0.0, 0.10278085983362613], "sizes": [1.0, 1.0, 1.0]}, {"translations": [2252.832079353292, -29.40672461159298, 208.0], "angles": [0.0, 0.0, 0.5578392730785037], "sizes": [1.0000000000000002, 1.0000000000000002, 1.0]}, {"translations": [1935.0390371395165, -35.809354227748344, 958.0], "angles": [0.0, 0.0, 0.9764603205932832], "sizes": [1.0000000000000009, 1.0000000000000009, 1.0]}, {"translations": [1464.3011740133402, -34.074939107894025, 658.0], "angles": [0.0, 0.0, 0.12337147650001982], "sizes": [1.0, 1.0, 1.0]}, {"translations": [1456.6423374923286, -31.999343977753906, 508.0], "angles": [0.0, 0.0, -0.6323164037027533], "sizes": [0.9999999999999999, 0.9999999999999999, 1.0]}, {"translations": [1517.201061555523, 27.436679945771484, 508.0], "angles": [0.0, 0.0, -0.8477469427530314], "sizes": [1.0, 1.0, 1.0]}, {"translations": [3147.371688914226, -18.291497844215765, 1258.0], "angles": [0.0, 0.0, 0.9919119710207055], "sizes": [0.9999999999999999, 0.9999999999999999, 1.0]}, {"translations": [2716.2012348144685, -4.8946662950688715, 58.0], "angles": [0.0, 0.0, 0.9743304338134309], "sizes": [1.0000000000000009, 1.0000000000000009, 1.0]}, {"translations": [3107.701799274086, -22.620727091467245, 358.0], "angles": [0.0, 0.0, 0.9875223099805672], "sizes": [0.9999999999999989, 0.9999999999999989, 1.0]}, {"translations": [2708.3151545299916, 24.34234671436611, 1258.0], "angles": [0.0, 0.0, -0.6347563023695981], "sizes": [1.0, 1.0, 1.0]}], "SM_CardBoxC_01": [{"translations": [321.93499855102584, -38.03470788895657, 1258.0], "angles": [0.0, 0.0, 0.2651575146966354], "sizes": [1.0, 1.0, 1.0]}, {"translations": [2577.442780486551, 24.591204817479298, 1258.0], "angles": [0.0, 0.0, 0.9982345975350733], "sizes": [1.0000000000000002, 1.0000000000000002, 1.0]}, {"translations": [2060.7261939018913, -27.34751308926859, 208.0], "angles": [0.0, 0.0, -0.6260120698750983], "sizes": [1.0, 1.0, 1.0]}, {"translations": [1676.4839145323217, 34.75117612253102, 1258.0], "angles": [0.0, 0.0, 0.9900402784123413], "sizes": [0.9999999999999997, 0.9999999999999997, 1.0]}, {"translations": [1306.6615205378619, 12.054709773089549, 1108.0], "angles": [0.0, 0.0, -0.7365748381894794], "sizes": [1.0000000000000004, 1.0000000000000004, 1.0]}, {"translations": [1343.9208764408995, -35.91308023585009, 658.0], "angles": [0.0, 0.0, 0.9392133101396187], "sizes": [1.0000000000000007, 1.0000000000000007, 1.0]}, {"translations": [1310.4600110232493, -26.537472596686914, 358.0], "angles": [0.0, 0.0, 0.9423845802652691], "sizes": [1.0000000000000002, 1.0000000000000002, 1.0]}, {"translations": [1246.610118371282, 29.348046174567774, 358.0], "angles": [0.0, 0.0, -0.34103700055934627], "sizes": [0.9999999999999999, 0.9999999999999999, 1.0]}, {"translations": [850.4489117994717, 8.364886156700512, 958.0], "angles": [0.0, 0.0, 0.3653470773210853], "sizes": [1.0, 1.0, 1.0]}, {"translations": [852.1280245057194, -28.26333899577406, 658.0], "angles": [0.0, 0.0, -0.559697802959788], "sizes": [1.0, 1.0, 1.0]}, {"translations": [881.3899329304971, 32.10006643615893, 658.0], "angles": [0.0, 0.0, -0.6159559281478977], "sizes": [1.0, 1.0, 1.0]}, {"translations": [934.4169509308941, -24.52842153263741, 508.0], "angles": [0.0, 0.0, -0.1643780626278432], "sizes": [1.0, 1.0, 1.0]}, {"translations": [448.203959508258, 19.825281977133507, 958.0], "angles": [0.0, 0.0, -0.45882085986687615], "sizes": [1.0000000000000002, 1.0000000000000002, 1.0]}, {"translations": [565.4309566543711, 37.0178203499521, 808.0], "angles": [0.0, 0.0, -0.5514435303014111], "sizes": [1.0, 1.0, 1.0]}, {"translations": [511.5912346367731, 6.638811094973199, 658.0], "angles": [0.0, 0.0, -0.10407387567325097], "sizes": [0.9999999999999999, 0.9999999999999999, 1.0]}, {"translations": [103.50487746235449, -31.68429449390624, 958.0], "angles": [0.0, 0.0, 0.903259937527235], "sizes": [0.9999999999999994, 0.9999999999999994, 1.0]}, {"translations": [2253.707882245707, 30.586883125345448, 208.0], "angles": [0.0, 0.0, 0.667440778054056], "sizes": [1.0000000000000002, 1.0000000000000002, 1.0]}, {"translations": [1119.122282717658, 33.240015392179345, 508.0], "angles": [0.0, 0.0, -0.7060984598025425], "sizes": [1.0000000000000002, 1.0000000000000002, 1.0]}, {"translations": [2283.524092967008, -36.51876839598344, 1258.0], "angles": [0.0, 0.0, -0.2785601220636828], "sizes": [1.0000000000000002, 1.0000000000000002, 1.0]}, {"translations": [2264.2463621416728, -24.715929120627536, 1108.0], "angles": [0.0, 0.0, 0.35896345600266016], "sizes": [1.0, 1.0, 1.0]}], "SM_CardBoxA_02": [{"translations": [272.4211524808739, -39.10665018111122, 508.0], "angles": [0.0, 0.0, 0.9984492348018892], "sizes": [1.000000000000001, 1.000000000000001, 1.0]}, {"translations": [277.16149152298533, -29.941314704272987, 208.0], "angles": [0.0, 0.0, -0.5455750720147319], "sizes": [1.0, 1.0, 1.0]}, {"translations": [2529.726412122366, -38.12159679469509, 508.0], "angles": [0.0, 0.0, 0.9870287437273552], "sizes": [1.0000000000000007, 1.0000000000000007, 1.0]}, {"translations": [2472.5074514484077, -7.83271661824137, 208.0], "angles": [0.0, 0.0, 0.9984096778324955], "sizes": [1.0000000000000002, 1.0000000000000002, 1.0]}, {"translations": [2127.671476972031, -8.354087509847995, 1258.0], "angles": [0.0, 0.0, -0.6443886439422535], "sizes": [1.0, 1.0, 1.0]}, {"translations": [2065.5338860653947, 32.45956087410961, 208.0], "angles": [0.0, 0.0, 0.9942625080672031], "sizes": [0.9999999999999996, 0.9999999999999996, 1.0]}, {"translations": [1738.0132625917017, -23.679460767611587, 1258.0], "angles": [0.0, 0.0, -0.4865789783842647], "sizes": [1.0, 1.0, 1.0]}, {"translations": [1742.9223336526948, -21.00046701644954, 58.0], "angles": [0.0, 0.0, 0.9977056096669906], "sizes": [1.0000000000000002, 1.0000000000000002, 1.0]}, {"translations": [1367.0593656417684, -28.528959132638654, 208.0], "angles": [0.0, 0.0, 0.9927868585104183], "sizes": [0.9999999999999994, 0.9999999999999994, 1.0]}, {"translations": [1314.0658270756578, 33.790350148445874, 58.0], "angles": [0.0, 0.0, 0.9999929887128778], "sizes": [1.0000000000000018, 1.0000000000000018, 1.0]}, {"translations": [548.5552612572822, 4.23162310783773, 1108.0], "angles": [0.0, 0.0, 0.28388651450919694], "sizes": [1.0, 1.0, 1.0]}, {"translations": [111.9115107106726, -2.085269811862319, 1108.0], "angles": [0.0, 0.0, 0.48548586666683946], "sizes": [0.9999999999999997, 0.9999999999999997, 1.0]}, {"translations": [137.96760170872327, -0.7186862797006626, 358.0], "angles": [0.0, 0.0, -0.7992297681078295], "sizes": [1.0000000000000004, 1.0000000000000004, 1.0]}, {"translations": [2349.8736176198695, -6.040810142999801, 658.0], "angles": [0.0, 0.0, 0.05958915135388079], "sizes": [1.0, 1.0, 1.0]}, {"translations": [2278.7705918411457, 32.310180327902295, 58.0], "angles": [0.0, 0.0, -0.05016496246704846], "sizes": [1.0, 1.0, 1.0]}, {"translations": [1903.9544296264648, 9.549428939819336, 658.0], "angles": [0.0, 0.0, 0.9434952825115689], "sizes": [1.0000000000000004, 1.0000000000000004, 1.0]}, {"translations": [1902.877566942983, 35.254318485925424, 208.0], "angles": [0.0, 0.0, 0.9734745602289113], "sizes": [1.0000000000000009, 1.0000000000000009, 1.0]}, {"translations": [1445.1226435076314, 9.868726697443641, 1108.0], "angles": [0.0, 0.0, 0.2947367539152388], "sizes": [1.0, 1.0, 1.0]}, {"translations": [1548.108224979763, -30.87952369021054, 208.0], "angles": [0.0, 0.0, 0.9940766689632855], "sizes": [1.0000000000000004, 1.0000000000000004, 1.0]}, {"translations": [1048.3121721976681, -28.56570250455705, 658.0], "angles": [0.0, 0.0, 0.5980773184707995], "sizes": [1.0, 1.0, 1.0]}, {"translations": [1046.9609040551964, 31.419079518945725, 658.0], "angles": [0.0, 0.0, 0.297887496622379], "sizes": [1.0, 1.0, 1.0]}, {"translations": [2716.9498748779297, -8.810394287109375, 508.0], "angles": [0.0, 0.0, 0.7834041173396303], "sizes": [1.0000000000000004, 1.0000000000000004, 1.0]}, {"translations": [2702.429722191749, -20.45321864795217, 358.0], "angles": [0.0, 0.0, -0.6705822246484343], "sizes": [0.9999999999999999, 0.9999999999999999, 1.0]}, {"translations": [2719.5868435154707, -33.74331796717503, 208.0], "angles": [0.0, 0.0, -0.5381604323849906], "sizes": [1.0, 1.0, 1.0]}, {"translations": [3047.9616778343743, 7.893497302550396, 358.0], "angles": [0.0, 0.0, 0.9670317993692416], "sizes": [1.0000000000000004, 1.0000000000000004, 1.0]}, {"translations": [2704.2244049159526, -0.5776223942913414, 958.0], "angles": [0.0, 0.0, 0.25054224214989906], "sizes": [1.0, 1.0, 1.0]}], "SM_CardBoxB_01": [{"translations": [2929.0414548188264, 41.410531236614226, 1258.0], "angles": [0.0, 0.0, 0.9991635606657191], "sizes": [1.0, 1.0, 1.0]}, {"translations": [2982.2559573368235, 33.43608371057822, 658.0], "angles": [0.0, 0.0, -0.1719355254030428], "sizes": [1.0, 1.0, 1.0]}, {"translations": [2569.957649943605, -5.29484289992198, 1108.0], "angles": [0.0, 0.0, -0.24729341581452965], "sizes": [1.0, 1.0, 1.0]}, {"translations": [2474.9809494018555, 0.40405988693237305, 958.0], "angles": [0.0, 0.0, 0.843698741867648], "sizes": [0.9999999999999999, 0.9999999999999999, 1.0]}, {"translations": [2505.808226475504, -24.407929170089254, 658.0], "angles": [0.0, 0.0, 0.06829605501005087], "sizes": [0.9999999999999999, 0.9999999999999999, 1.0]}, {"translations": [2129.0722103509897, -5.773505574190397, 808.0], "angles": [0.0, 0.0, -0.5540263130879595], "sizes": [0.9999999999999999, 0.9999999999999999, 1.0]}, {"translations": [1744.9139495634233, 9.591368058776288, 508.0], "angles": [0.0, 0.0, 0.9996905877480028], "sizes": [1.0000000000000013, 1.0000000000000013, 1.0]}, {"translations": [1347.974268942861, -35.15261201032354, 1258.0], "angles": [0.0, 0.0, -0.5087512216346699], "sizes": [0.9999999999999998, 0.9999999999999998, 1.0]}, {"translations": [1353.0802645701876, -34.72935513569568, 958.0], "angles": [0.0, 0.0, 0.962997096754021], "sizes": [1.000000000000001, 1.000000000000001, 1.0]}, {"translations": [905.8230233808849, 25.763496804315828, 358.0], "angles": [0.0, 0.0, -0.0026319938650206692], "sizes": [1.0, 1.0, 1.0]}, {"translations": [483.3137725529079, 36.09210720276188, 58.0], "angles": [0.0, 0.0, -0.2868012697526956], "sizes": [1.0000000000000002, 1.0000000000000002, 1.0]}, {"translations": [44.11417242696419, 20.87660089913162, 508.0], "angles": [0.0, 0.0, 0.9939444715351452], "sizes": [0.9999999999999988, 0.9999999999999988, 1.0]}, {"translations": [1896.7229057280088, 37.9749094905856, 508.0], "angles": [0.0, 0.0, 0.4659920402899907], "sizes": [1.0, 1.0, 1.0]}, {"translations": [1512.4755362999013, -35.11598405261606, 1258.0], "angles": [0.0, 0.0, -0.5149123045369841], "sizes": [1.0, 1.0, 1.0]}, {"translations": [1488.3071637792718, -25.99761020315157, 208.0], "angles": [0.0, 0.0, 0.9617403412304802], "sizes": [1.0000000000000007, 1.0000000000000007, 1.0]}, {"translations": [1082.545611068069, -22.129867242841353, 1258.0], "angles": [0.0, 0.0, -0.12377574122571719], "sizes": [1.0, 1.0, 1.0]}, {"translations": [1120.8604443331233, -26.73480260836587, 508.0], "angles": [0.0, 0.0, 0.9264227325916028], "sizes": [1.0000000000000004, 1.0000000000000004, 1.0]}, {"translations": [2317.72118883297, 21.192223922068305, 1258.0], "angles": [0.0, 0.0, -0.6608484160137259], "sizes": [1.0000000000000002, 1.0000000000000002, 1.0]}, {"translations": [3076.5391605811624, 39.42247100672439, 208.0], "angles": [0.0, 0.0, -0.2198856094240093], "sizes": [1.0, 1.0, 1.0]}, {"translations": [2660.331728890536, 38.075564155906775, 808.0], "angles": [0.0, 0.0, 0.9701198934451032], "sizes": [1.000000000000001, 1.000000000000001, 1.0]}], "SM_CardBoxB_02": [{"translations": [2988.8770687122, 36.97214076222808, 1258.0], "angles": [0.0, 0.0, 0.9128454156808999], "sizes": [1.0, 1.0, 1.0]}, {"translations": [2506.439613342285, 7.717952728271484, 808.0], "angles": [0.0, 0.0, 0.29484571274075994], "sizes": [1.0, 1.0, 1.0]}, {"translations": [2166.2614097595215, -6.692960262298584, 658.0], "angles": [0.0, 0.0, -0.8597285032266909], "sizes": [1.0, 1.0, 1.0]}, {"translations": [2107.7038060370505, -29.31237681954242, 58.0], "angles": [0.0, 0.0, -0.6058120366471609], "sizes": [1.0000000000000004, 1.0000000000000004, 1.0]}, {"translations": [1788.7581120506306, -40.92839591533152, 1108.0], "angles": [0.0, 0.0, 0.9953462293244191], "sizes": [1.0000000000000002, 1.0000000000000002, 1.0]}, {"translations": [1740.3205445173005, 26.436073698573974, 958.0], "angles": [0.0, 0.0, 0.3180690278550682], "sizes": [1.0000000000000002, 1.0000000000000002, 1.0]}, {"translations": [1744.816674080591, 34.268243087155, 808.0], "angles": [0.0, 0.0, -0.10906450948829888], "sizes": [1.0, 1.0, 1.0]}, {"translations": [1317.2307227070303, 25.6306903153798, 658.0], "angles": [0.0, 0.0, 0.983611170674703], "sizes": [1.0, 1.0, 1.0]}, {"translations": [1310.9421380122328, -26.128282735115796, 58.0], "angles": [0.0, 0.0, 0.9807394536192291], "sizes": [1.0000000000000009, 1.0000000000000009, 1.0]}, {"translations": [965.8535360673573, -34.20597498424747, 358.0], "angles": [0.0, 0.0, 0.9095109731081334], "sizes": [0.9999999999999992, 0.9999999999999992, 1.0]}, {"translations": [509.832291044771, -6.669033489125191, 958.0], "angles": [0.0, 0.0, 0.04096335340816278], "sizes": [1.0, 1.0, 1.0]}, {"translations": [171.025346170444, -38.03495920904123, 1258.0], "angles": [0.0, 0.0, 0.9870053029464866], "sizes": [0.9999999999999994, 0.9999999999999994, 1.0]}, {"translations": [1088.1412746145163, -0.9433807233325568, 208.0], "angles": [0.0, 0.0, 0.42358889213273193], "sizes": [1.0, 1.0, 1.0]}, {"translations": [2314.102162938394, -39.96905200488046, 808.0], "angles": [0.0, 0.0, 0.9281338063821548], "sizes": [0.9999999999999999, 0.9999999999999999, 1.0]}, {"translations": [2284.1238654927083, 30.544009902024836, 358.0], "angles": [0.0, 0.0, 0.4651900502546789], "sizes": [0.9999999999999999, 0.9999999999999999, 1.0]}, {"translations": [1922.0286715489071, -22.71304745681222, 1258.0], "angles": [0.0, 0.0, -0.041646378481077564], "sizes": [1.0, 1.0, 1.0]}, {"translations": [1885.4821024795895, -23.029953311205922, 358.0], "angles": [0.0, 0.0, 0.8714978431121705], "sizes": [0.9999999999999998, 0.9999999999999998, 1.0]}, {"translations": [1524.2991093158714, -34.57269349840917, 658.0], "angles": [0.0, 0.0, 0.5802028822467159], "sizes": [1.0000000000000002, 1.0000000000000002, 1.0]}, {"translations": [1445.7147523746169, -28.28884606329788, 358.0], "angles": [0.0, 0.0, -0.6489905831670733], "sizes": [1.0, 1.0, 1.0]}, {"translations": [1047.0233345009779, 7.363646600636742, 958.0], "angles": [0.0, 0.0, 0.055534567412736505], "sizes": [1.0, 1.0, 1.0]}, {"translations": [3083.7398138056824, 30.005746358033083, 808.0], "angles": [0.0, 0.0, -0.32320020871440913], "sizes": [1.0, 1.0, 1.0]}, {"translations": [2712.7937016711803, -35.49027495228115, 1258.0], "angles": [0.0, 0.0, 0.9355330991133719], "sizes": [1.0, 1.0, 1.0]}, {"translations": [2707.509841387823, -33.374565570322886, 1108.0], "angles": [0.0, 0.0, 0.25728592666349165], "sizes": [1.0, 1.0, 1.0]}, {"translations": [2323.1101084540005, 7.456409465149771, 1108.0], "angles": [0.0, 0.0, 0.9953688099160363], "sizes": [0.9999999999999998, 0.9999999999999998, 1.0]}]}