{"SM_RackShelf_01": [{"translations": [200.0, 0.0, 37.0], "angles": [0.0, 0.0, 0.0], "sizes": [1.0, 1.0, 1.0]}, {"translations": [200.0, 0.0, 187.0], "angles": [0.0, 0.0, 0.0], "sizes": [1.0, 1.0, 1.0]}, {"translations": [200.0, 0.0, 337.0], "angles": [0.0, 0.0, 0.0], "sizes": [1.0, 1.0, 1.0]}, {"translations": [600.0, 0.0, 37.0], "angles": [0.0, 0.0, 0.0], "sizes": [1.0, 1.0, 1.0]}, {"translations": [600.0, 0.0, 187.0], "angles": [0.0, 0.0, 0.0], "sizes": [1.0, 1.0, 1.0]}, {"translations": [600.0, 0.0, 337.0], "angles": [0.0, 0.0, 0.0], "sizes": [1.0, 1.0, 1.0]}, {"translations": [1000.0, 0.0, 37.0], "angles": [0.0, 0.0, 0.0], "sizes": [1.0, 1.0, 1.0]}, {"translations": [1000.0, 0.0, 187.0], "angles": [0.0, 0.0, 0.0], "sizes": [1.0, 1.0, 1.0]}, {"translations": [1000.0, 0.0, 337.0], "angles": [0.0, 0.0, 0.0], "sizes": [1.0, 1.0, 1.0]}, {"translations": [1400.0, 0.0, 37.0], "angles": [0.0, 0.0, 0.0], "sizes": [1.0, 1.0, 1.0]}, {"translations": [1400.0, 0.0, 187.0], "angles": [0.0, 0.0, 0.0], "sizes": [1.0, 1.0, 1.0]}, {"translations": [1400.0, 0.0, 337.0], "angles": [0.0, 0.0, 0.0], "sizes": [1.0, 1.0, 1.0]}, {"translations": [1800.0, 0.0, 37.0], "angles": [0.0, 0.0, 0.0], "sizes": [1.0, 1.0, 1.0]}, {"translations": [1800.0, 0.0, 187.0], "angles": [0.0, 0.0, 0.0], "sizes": [1.0, 1.0, 1.0]}, {"translations": [1800.0, 0.0, 337.0], "angles": [0.0, 0.0, 0.0], "sizes": [1.0, 1.0, 1.0]}, {"translations": [2200.0, 0.0, 37.0], "angles": [0.0, 0.0, 0.0], "sizes": [1.0, 1.0, 1.0]}, {"translations": [2200.0, 0.0, 187.0], "angles": [0.0, 0.0, 0.0], "sizes": [1.0, 1.0, 1.0]}, {"translations": [2200.0, 0.0, 337.0], "angles": [0.0, 0.0, 0.0], "sizes": [1.0, 1.0, 1.0]}, {"translations": [2600.0, 0.0, 37.0], "angles": [0.0, 0.0, 0.0], "sizes": [1.0, 1.0, 1.0]}, {"translations": [2600.0, 0.0, 187.0], "angles": [0.0, 0.0, 0.0], "sizes": [1.0, 1.0, 1.0]}, {"translations": [2600.0, 0.0, 337.0], "angles": [0.0, 0.0, 0.0], "sizes": [1.0, 1.0, 1.0]}, {"translations": [3000.0, 0.0, 37.0], "angles": [0.0, 0.0, 0.0], "sizes": [1.0, 1.0, 1.0]}, {"translations": [3000.0, 0.0, 187.0], "angles": [0.0, 0.0, 0.0], "sizes": [1.0, 1.0, 1.0]}, {"translations": [3000.0, 0.0, 337.0], "angles": [0.0, 0.0, 0.0], "sizes": [1.0, 1.0, 1.0]}, {"translations": [3400.0, 0.0, 37.0], "angles": [0.0, 0.0, 0.0], "sizes": [1.0, 1.0, 1.0]}, {"translations": [3400.0, 0.0, 187.0], "angles": [0.0, 0.0, 0.0], "sizes": [1.0, 1.0, 1.0]}, {"translations": [3400.0, 0.0, 337.0], "angles": [0.0, 0.0, 0.0], "sizes": [1.0, 1.0, 1.0]}], "SM_RackFrame_03": [{"translations": [0.0, 0.0, 0.0], "angles": [0.0, 0.0, 0.0], "sizes": [1.0, 1.0, 1.0]}, {"translations": [400.0, 0.0, 0.0], "angles": [0.0, 0.0, 0.0], "sizes": [1.0, 1.0, 1.0]}, {"translations": [800.0, 0.0, 0.0], "angles": [0.0, 0.0, 0.0], "sizes": [1.0, 1.0, 1.0]}, {"translations": [1200.0, 0.0, 0.0], "angles": [0.0, 0.0, 0.0], "sizes": [1.0, 1.0, 1.0]}, {"translations": [1600.0, 0.0, 0.0], "angles": [0.0, 0.0, 0.0], "sizes": [1.0, 1.0, 1.0]}, {"translations": [2000.0, 0.0, 0.0], "angles": [0.0, 0.0, 0.0], "sizes": [1.0, 1.0, 1.0]}, {"translations": [2400.0, 0.0, 0.0], "angles": [0.0, 0.0, 0.0], "sizes": [1.0, 1.0, 1.0]}, {"translations": [2800.0, 0.0, 0.0], "angles": [0.0, 0.0, 0.0], "sizes": [1.0, 1.0, 1.0]}, {"translations": [3200.0, 0.0, 0.0], "angles": [0.0, 0.0, 0.0], "sizes": [1.0, 1.0, 1.0]}, {"translations": [0.0, 0.0, 300.0], "angles": [0.0, 0.0, 0.0], "sizes": [1.0, 1.0, 1.0]}, {"translations": [400.0, 0.0, 300.0], "angles": [0.0, 0.0, 0.0], "sizes": [1.0, 1.0, 1.0]}, {"translations": [800.0, 0.0, 300.0], "angles": [0.0, 0.0, 0.0], "sizes": [1.0, 1.0, 1.0]}, {"translations": [1200.0, 0.0, 300.0], "angles": [0.0, 0.0, 0.0], "sizes": [1.0, 1.0, 1.0]}, {"translations": [1600.0, 0.0, 300.0], "angles": [0.0, 0.0, 0.0], "sizes": [1.0, 1.0, 1.0]}, {"translations": [2000.0, 0.0, 300.0], "angles": [0.0, 0.0, 0.0], "sizes": [1.0, 1.0, 1.0]}, {"translations": [2400.0, 0.0, 300.0], "angles": [0.0, 0.0, 0.0], "sizes": [1.0, 1.0, 1.0]}, {"translations": [2800.0, 0.0, 300.0], "angles": [0.0, 0.0, 0.0], "sizes": [1.0, 1.0, 1.0]}, {"translations": [3200.0, 0.0, 300.0], "angles": [0.0, 0.0, 0.0], "sizes": [1.0, 1.0, 1.0]}, {"translations": [3600.0, 0.0, 0.0], "angles": [0.0, 0.0, 0.0], "sizes": [1.0, 1.0, 1.0]}, {"translations": [3600.0, 0.0, 300.0], "angles": [0.0, 0.0, 0.0], "sizes": [1.0, 1.0, 1.0]}], "SM_PaletteA_01": [{"translations": [104.04623413085938, -1.7162489891052246, 37.0], "angles": [0.0, 0.0, -0.010220014852789625], "sizes": [1.0, 1.0, 1.0]}, {"translations": [77.0445785522461, -0.000858306884765625, 187.0], "angles": [0.0, 0.0, -0.016898799244182087], "sizes": [0.9999999999999999, 0.9999999999999999, 1.0]}, {"translations": [167.94365692138672, 0.4796934127807617, 337.0], "angles": [0.0, 0.0, -0.04062856091902863], "sizes": [0.9999999999999999, 0.9999999999999999, 1.0]}, {"translations": [482.2792282104492, 6.109950542449951, 37.0], "angles": [0.0, 0.0, -0.01028392944046515], "sizes": [0.9999999999999999, 0.9999999999999999, 1.0]}, {"translations": [491.85707092285156, -2.9225897789001465, 187.0], "angles": [0.0, 0.0, -0.029428574222394224], "sizes": [0.9999999999999999, 0.9999999999999999, 1.0]}, {"translations": [533.3830947875977, 8.623649597167969, 337.0], "angles": [0.0, 0.0, 0.007900424453378308], "sizes": [0.9999999999999999, 0.9999999999999999, 1.0]}, {"translations": [911.4894409179688, 2.581357955932617, 37.0], "angles": [0.0, 0.0, 0.023867042976795212], "sizes": [0.9999999999999999, 0.9999999999999999, 1.0]}, {"translations": [962.7283554077148, 0.3313159942626953, 187.0], "angles": [0.0, 0.0, -0.04356351414378222], "sizes": [1.0, 1.0, 1.0]}, {"translations": [935.8382797241211, -4.22123908996582, 337.0], "angles": [0.0, 0.0, 0.04057268064997156], "sizes": [1.0, 1.0, 1.0]}, {"translations": [1312.5039825439453, 3.831033706665039, 37.0], "angles": [0.0, 0.0, 0.018507147259984234], "sizes": [1.0, 1.0, 1.0]}, {"translations": [1367.7973022460938, 1.4619636535644531, 187.0], "angles": [0.0, 0.0, -0.01593217398184653], "sizes": [0.9999999999999999, 0.9999999999999999, 1.0]}, {"translations": [1278.5350646972656, 1.4052867889404297, 337.0], "angles": [0.0, 0.0, -0.02959362245334319], "sizes": [1.0, 1.0, 1.0]}, {"translations": [1713.750633239746, 9.805569648742676, 37.0], "angles": [0.0, 0.0, 0.004885700425649434], "sizes": [1.0, 1.0, 1.0]}, {"translations": [1675.6761093139648, 3.6362338066101074, 187.0], "angles": [0.0, 0.0, -0.010220014852789625], "sizes": [1.0, 1.0, 1.0]}, {"translations": [1697.231704711914, 6.969821453094482, 337.0], "angles": [0.0, 0.0, 0.04358213856611502], "sizes": [0.9999999999999999, 0.9999999999999999, 1.0]}, {"translations": [2079.5151443481445, 2.395656108856201, 37.0], "angles": [0.0, 0.0, 0.03965460051394257], "sizes": [0.9999999999999999, 0.9999999999999999, 1.0]}, {"translations": [2093.033576965332, 0.1521778106689453, 187.0], "angles": [0.0, 0.0, 0.03345606258812575], "sizes": [1.0, 1.0, 1.0]}, {"translations": [2094.2071533203125, 0.5452275276184082, 337.0], "angles": [0.0, 0.0, 0.007828521327666595], "sizes": [1.0, 1.0, 1.0]}, {"translations": [2498.907196044922, -4.518120288848877, 37.0], "angles": [0.0, 0.0, 0.032111847683090444], "sizes": [0.9999999999999999, 0.9999999999999999, 1.0]}, {"translations": [2502.4140243530273, -5.466940402984619, 187.0], "angles": [0.0, 0.0, 0.018528448895505274], "sizes": [1.0, 1.0, 1.0]}, {"translations": [2532.563407897949, 9.540740966796875, 337.0], "angles": [0.0, 0.0, -0.041003766184696526], "sizes": [0.9999999999999999, 0.9999999999999999, 1.0]}, {"translations": [2907.6520080566406, -5.5121564865112305, 37.0], "angles": [0.0, 0.0, -0.012148082924902617], "sizes": [1.0, 1.0, 1.0]}, {"translations": [2875.525344848633, 9.49099349975586, 187.0], "angles": [0.0, 0.0, 0.0009094953943081827], "sizes": [1.0, 1.0, 1.0]}, {"translations": [2882.421142578125, 7.635831832885742, 337.0], "angles": [0.0, 0.0, -0.03014466746038505], "sizes": [1.0, 1.0, 1.0]}, {"translations": [3281.321846008301, 1.9383478164672852, 37.0], "angles": [0.0, 0.0, 0.033700945639145496], "sizes": [0.9999999999999999, 0.9999999999999999, 1.0]}, {"translations": [3335.089340209961, 3.0927324295043945, 187.0], "angles": [0.0, 0.0, -0.011295902907131415], "sizes": [0.9999999999999999, 0.9999999999999999, 1.0]}, {"translations": [3325.660598754883, 5.971324443817139, 337.0], "angles": [0.0, 0.0, -0.011788568407157939], "sizes": [1.0, 1.0, 1.0]}, {"translations": [288.7731170654297, -1.7162489891052246, 37.0], "angles": [0.0, 0.0, -0.03643973287156133], "sizes": [1.0, 1.0, 1.0]}, {"translations": [275.2722930908203, -0.000858306884765625, 187.0], "angles": [0.0, 0.0, -0.026074181218204432], "sizes": [1.0, 1.0, 1.0]}, {"translations": [320.7218246459961, 0.4796934127807617, 337.0], "angles": [0.0, 0.0, -0.007559542218032876], "sizes": [1.0, 1.0, 1.0]}, {"translations": [677.8896102905273, 6.109950542449951, 37.0], "angles": [0.0, 0.0, -0.006640746226174688], "sizes": [1.0, 1.0, 1.0]}, {"translations": [682.6785354614258, -2.9225897789001465, 187.0], "angles": [0.0, 0.0, 0.03419868422954452], "sizes": [1.0, 1.0, 1.0]}, {"translations": [703.4415435791016, 8.623649597167969, 337.0], "angles": [0.0, 0.0, -0.02914106786546636], "sizes": [0.9999999999999999, 0.9999999999999999, 1.0]}, {"translations": [1092.4947204589844, 2.581357955932617, 37.0], "angles": [0.0, 0.0, -0.019409823620960574], "sizes": [1.0, 1.0, 1.0]}, {"translations": [1118.1141815185547, 0.3313159942626953, 187.0], "angles": [0.0, 0.0, 0.02066928113831238], "sizes": [1.0, 1.0, 1.0]}, {"translations": [1104.6691436767578, -4.22123908996582, 337.0], "angles": [0.0, 0.0, 0.016709736305355914], "sizes": [0.9999999999999999, 0.9999999999999999, 1.0]}, {"translations": [1493.0019912719727, 3.831033706665039, 37.0], "angles": [0.0, 0.0, -0.027309487131899787], "sizes": [1.0, 1.0, 1.0]}, {"translations": [1520.6486511230469, 1.4619636535644531, 187.0], "angles": [0.0, 0.0, -0.039135670615364694], "sizes": [1.0, 1.0, 1.0]}, {"translations": [1476.0175323486328, 1.4052867889404297, 337.0], "angles": [0.0, 0.0, 0.010267949237111284], "sizes": [1.0, 1.0, 1.0]}, {"translations": [1893.6253204345703, 9.805569648742676, 37.0], "angles": [0.0, 0.0, -0.017154432927329863], "sizes": [0.9999999999999999, 0.9999999999999999, 1.0]}, {"translations": [1874.5880508422852, 3.6362338066101074, 187.0], "angles": [0.0, 0.0, -0.04323624150079333], "sizes": [1.0, 1.0, 1.0]}, {"translations": [1885.365852355957, 6.969821453094482, 337.0], "angles": [0.0, 0.0, -0.009453038699061406], "sizes": [1.0, 1.0, 1.0]}, {"translations": [2276.5075759887695, 2.395656108856201, 37.0], "angles": [0.0, 0.0, 0.040455589454617746], "sizes": [1.0, 1.0, 1.0]}, {"translations": [2283.2667846679688, 0.1521778106689453, 187.0], "angles": [0.0, 0.0, 0.03773051483383147], "sizes": [1.0, 1.0, 1.0]}, {"translations": [2283.8535766601562, 0.5452275276184082, 337.0], "angles": [0.0, 0.0, 0.027320133721737295], "sizes": [1.0, 1.0, 1.0]}, {"translations": [2686.203598022461, -4.518120288848877, 37.0], "angles": [0.0, 0.0, 0.024993261276661516], "sizes": [1.0, 1.0, 1.0]}, {"translations": [2687.9570083618164, -5.466940402984619, 187.0], "angles": [0.0, 0.0, 0.008068203455192859], "sizes": [1.0, 1.0, 1.0]}, {"translations": [2703.031707763672, 9.540740966796875, 337.0], "angles": [0.0, 0.0, 0.024519347254039134], "sizes": [1.0, 1.0, 1.0]}, {"translations": [3090.5760040283203, -5.5121564865112305, 37.0], "angles": [0.0, 0.0, 0.003625995109644877], "sizes": [1.0, 1.0, 1.0]}, {"translations": [3074.5126724243164, 9.49099349975586, 187.0], "angles": [0.0, 0.0, -0.01367399057746408], "sizes": [1.0, 1.0, 1.0]}, {"translations": [3077.9605712890625, 7.635831832885742, 337.0], "angles": [0.0, 0.0, -0.043462405715572035], "sizes": [1.0, 1.0, 1.0]}, {"translations": [3477.410919189453, 1.9383478164672852, 37.0], "angles": [0.0, 0.0, -0.009341187751311793], "sizes": [1.0, 1.0, 1.0]}, {"translations": [3504.2946701049805, 3.0927324295043945, 187.0], "angles": [0.0, 0.0, 0.038842937329699456], "sizes": [1.0, 1.0, 1.0]}, {"translations": [3499.5802993774414, 5.971324443817139, 337.0], "angles": [0.0, 0.0, -0.031904223396072365], "sizes": [1.0, 1.0, 1.0]}], "SM_CardBoxD_05": [{"translations": [3469.641372145672, 7.88460335992008, 358.0], "angles": [0.0, 0.0, 0.866161613128571], "sizes": [1.0, 1.0, 1.0]}, {"translations": [1885.9330093356452, 36.96445985665572, 358.0], "angles": [0.0, 0.0, -0.5502142867766958], "sizes": [1.0, 1.0, 1.0]}, {"translations": [680.627814670835, 27.00723722091793, 208.0], "angles": [0.0, 0.0, 0.9177567915777417], "sizes": [1.0000000000000002, 1.0000000000000002, 1.0]}, {"translations": [647.8922562611538, 6.508386530313844, 58.0], "angles": [0.0, 0.0, -0.0338539619494765], "sizes": [1.0, 1.0, 1.0]}, {"translations": [2905.5798649188096, -20.45438716824286, 208.0], "angles": [0.0, 0.0, 0.05340681246180365], "sizes": [1.0, 1.0, 1.0]}, {"translations": [932.8422221935882, 2.942645446376068, 208.0], "angles": [0.0, 0.0, -0.3505353877014485], "sizes": [1.0, 1.0, 1.0]}, {"translations": [451.66857062577424, -23.266700768306666, 58.0], "angles": [0.0, 0.0, 0.9977691416826566], "sizes": [1.0000000000000007, 1.0000000000000007, 1.0]}], "SM_CardBoxB_02": [{"translations": [3446.8557078449658, -27.495969904412725, 58.0], "angles": [0.0, 0.0, 0.13649941820662043], "sizes": [0.9999999999999999, 0.9999999999999999, 1.0]}, {"translations": [3060.7943511751064, -35.72892589243295, 58.0], "angles": [0.0, 0.0, 0.9986436162693776], "sizes": [1.0000000000000007, 1.0000000000000007, 1.0]}, {"translations": [1088.1398146695212, -0.9085759363345141, 208.0], "angles": [0.0, 0.0, 0.9568437922543643], "sizes": [1.0000000000000013, 1.0000000000000013, 1.0]}, {"translations": [245.3130848663923, 1.5630606697137146, 208.0], "angles": [0.0, 0.0, 0.9913469041700353], "sizes": [1.0, 1.0, 1.0]}, {"translations": [2938.3719846920903, 23.750157767788966, 58.0], "angles": [0.0, 0.0, 0.9233059007798757], "sizes": [1.0, 1.0, 1.0]}, {"translations": [1306.7076780982718, -30.317005911263987, 358.0], "angles": [0.0, 0.0, 0.9986466401699273], "sizes": [1.0000000000000013, 1.0000000000000013, 1.0]}, {"translations": [3504.2946701049805, 3.0927324295043945, 208.0], "angles": [0.0, 0.0, 0.7565767832607904], "sizes": [1.0000000000000004, 1.0000000000000004, 1.0]}], "SM_CardBoxA_01": [{"translations": [3045.468629942379, -19.645549135160532, 358.0], "angles": [0.0, 0.0, -0.7496752586556721], "sizes": [1.0000000000000004, 1.0000000000000004, 1.0]}, {"translations": [2658.4449905670804, -35.947111099409454, 208.0], "angles": [0.0, 0.0, 0.5892565133575987], "sizes": [1.0000000000000002, 1.0000000000000002, 1.0]}, {"translations": [2686.203598022461, -4.518120288848877, 58.0], "angles": [0.0, 0.0, 0.9983372093701984], "sizes": [1.0000000000000002, 1.0000000000000002, 1.0]}, {"translations": [2246.6057752718566, -0.0296920900701374, 58.0], "angles": [0.0, 0.0, 0.06777761398604672], "sizes": [1.0, 1.0, 1.0]}, {"translations": [963.3071548177844, 28.112348726555958, 358.0], "angles": [0.0, 0.0, 0.5981525770209054], "sizes": [1.0000000000000002, 1.0000000000000002, 1.0]}, {"translations": [533.8571054610153, -21.37260540043942, 358.0], "angles": [0.0, 0.0, -0.54608801766306], "sizes": [1.0, 1.0, 1.0]}, {"translations": [452.9025768996926, 36.72060812712496, 58.0], "angles": [0.0, 0.0, 0.950481454027067], "sizes": [1.0000000000000013, 1.0000000000000013, 1.0]}], "SM_CardBoxB_01": [{"translations": [3050.6791903210164, 40.12777317956927, 358.0], "angles": [0.0, 0.0, -0.842997142664548], "sizes": [1.0000000000000002, 1.0000000000000002, 1.0]}, {"translations": [2674.5384982060505, -21.893905668810064, 358.0], "angles": [0.0, 0.0, -0.18744786165055022], "sizes": [1.0, 1.0, 1.0]}, {"translations": [2657.4768376653915, 24.045077391751224, 208.0], "angles": [0.0, 0.0, 0.2890612098259541], "sizes": [1.0, 1.0, 1.0]}, {"translations": [2315.443588093635, -27.50018775370975, 208.0], "angles": [0.0, 0.0, 0.15221907293346496], "sizes": [1.0, 1.0, 1.0]}, {"translations": [2303.9840285067557, 34.722805024695305, 58.0], "angles": [0.0, 0.0, -0.5886446635128478], "sizes": [1.0000000000000002, 1.0000000000000002, 1.0]}, {"translations": [1877.1797994587585, 33.52407145186321, 208.0], "angles": [0.0, 0.0, 0.7936656543741393], "sizes": [1.0000000000000007, 1.0000000000000007, 1.0]}, {"translations": [1446.023858195525, 0.7892423123071948, 358.0], "angles": [0.0, 0.0, -0.0881574358951786], "sizes": [0.9999999999999999, 0.9999999999999999, 1.0]}, {"translations": [1074.6858965940014, -5.223683290100737, 358.0], "angles": [0.0, 0.0, 0.7281389864079869], "sizes": [1.0000000000000004, 1.0000000000000004, 1.0]}, {"translations": [733.3905914689212, 6.875928082369017, 358.0], "angles": [0.0, 0.0, 0.022816425177635852], "sizes": [0.9999999999999999, 0.9999999999999999, 1.0]}, {"translations": [2845.5799641806343, -20.56352657042075, 208.0], "angles": [0.0, 0.0, 0.9886346127995728], "sizes": [0.999999999999999, 0.999999999999999, 1.0]}, {"translations": [2498.907196044922, -4.518120288848877, 58.0], "angles": [0.0, 0.0, 0.9805442324056194], "sizes": [0.9999999999999998, 0.9999999999999998, 1.0]}, {"translations": [2049.60949358866, 0.01825150472850945, 58.0], "angles": [0.0, 0.0, 0.9765427346326853], "sizes": [1.0000000000000002, 1.0000000000000002, 1.0]}, {"translations": [1676.2892781802768, 33.629966884394634, 208.0], "angles": [0.0, 0.0, 0.9781308021935158], "sizes": [1.0000000000000013, 1.0000000000000013, 1.0]}, {"translations": [1246.8127719970612, -26.767326612065833, 358.0], "angles": [0.0, 0.0, 0.8039264940203961], "sizes": [1.0000000000000004, 1.0000000000000004, 1.0]}, {"translations": [1396.8262630887193, -29.47861540367534, 208.0], "angles": [0.0, 0.0, 0.9191946076879192], "sizes": [1.0000000000000002, 1.0000000000000002, 1.0]}, {"translations": [908.3694046304578, -36.5548269064876, 358.0], "angles": [0.0, 0.0, -0.20775574034030328], "sizes": [1.0, 1.0, 1.0]}], "SM_CardBoxD_03": [{"translations": [3103.6810910142253, -21.318150548137677, 208.0], "angles": [0.0, 0.0, -0.17515145485431344], "sizes": [1.0, 1.0, 1.0]}, {"translations": [1135.654834959649, -33.20204197258723, 358.0], "angles": [0.0, 0.0, 0.4072494173174034], "sizes": [1.0, 1.0, 1.0]}, {"translations": [1061.3529549120103, -26.231667546733824, 58.0], "angles": [0.0, 0.0, -0.05828358177585298], "sizes": [1.0, 1.0, 1.0]}, {"translations": [306.7954202918468, 28.39443094094477, 208.0], "angles": [0.0, 0.0, 0.9629699972633708], "sizes": [1.0000000000000007, 1.0000000000000007, 1.0]}, {"translations": [2936.914322310941, -36.232133121961, 58.0], "angles": [0.0, 0.0, 0.689564336249714], "sizes": [1.0000000000000004, 1.0000000000000004, 1.0]}, {"translations": [2500.206129527238, -17.90022360153224, 358.0], "angles": [0.0, 0.0, 0.7357194834098609], "sizes": [1.0000000000000007, 1.0000000000000007, 1.0]}, {"translations": [2061.0944954413, 28.078779311768763, 208.0], "angles": [0.0, 0.0, 0.9664309927287927], "sizes": [1.0000000000000013, 1.0000000000000013, 1.0]}, {"translations": [990.0031591697282, -32.166146671977344, 208.0], "angles": [0.0, 0.0, 0.9988433723213677], "sizes": [1.0000000000000004, 1.0000000000000004, 1.0]}, {"translations": [460.1440836845056, -31.105677622862583, 208.0], "angles": [0.0, 0.0, 0.9419433138033402], "sizes": [1.0000000000000007, 1.0000000000000007, 1.0]}], "SM_CardBoxD_02": [{"translations": [3044.5238911054153, 10.311356228748151, 208.0], "angles": [0.0, 0.0, 0.6831204486747701], "sizes": [1.0000000000000002, 1.0000000000000002, 1.0]}, {"translations": [3120.3576568815342, 24.704612919410486, 58.0], "angles": [0.0, 0.0, -0.01283730618698835], "sizes": [0.9999999999999999, 0.9999999999999999, 1.0]}, {"translations": [1506.627250978374, -27.972342887534182, 358.0], "angles": [0.0, 0.0, -0.27131660229150845], "sizes": [1.0, 1.0, 1.0]}, {"translations": [1548.2104137389479, -30.792481644792822, 208.0], "angles": [0.0, 0.0, 0.4585140867118841], "sizes": [0.9999999999999999, 0.9999999999999999, 1.0]}, {"translations": [2876.932031421191, -34.774470740811424, 58.0], "angles": [0.0, 0.0, 0.9862174931964918], "sizes": [1.0000000000000004, 1.0000000000000004, 1.0]}, {"translations": [2471.3231064671813, 23.40094530095266, 208.0], "angles": [0.0, 0.0, 0.7401117777175754], "sizes": [1.0000000000000004, 1.0000000000000004, 1.0]}, {"translations": [2124.673173061678, -28.981398441474596, 358.0], "angles": [0.0, 0.0, 0.9910117625005337], "sizes": [0.9999999999999992, 0.9999999999999992, 1.0]}], "SM_CardBoxA_02": [{"translations": [3060.3592346223986, 24.269496366702832, 58.0], "angles": [0.0, 0.0, 0.21768106122586203], "sizes": [1.0, 1.0, 1.0]}, {"translations": [2671.597061128065, 38.03395052441824, 358.0], "angles": [0.0, 0.0, -0.021912383353331823], "sizes": [0.9999999999999999, 0.9999999999999999, 1.0]}, {"translations": [2878.3896938023404, 25.207820148938534, 58.0], "angles": [0.0, 0.0, 0.9965091950345307], "sizes": [1.0000000000000004, 1.0000000000000004, 1.0]}, {"translations": [2064.6805273512196, -29.920792213747262, 358.0], "angles": [0.0, 0.0, -0.41035486199841564], "sizes": [1.0, 1.0, 1.0]}, {"translations": [1313.614221194269, -26.148415423352798, 58.0], "angles": [0.0, 0.0, -0.38296190602989294], "sizes": [1.0, 1.0, 1.0]}, {"translations": [138.0426977191278, 2.9153942944259614, 358.0], "angles": [0.0, 0.0, -0.8341725093677633], "sizes": [1.0000000000000004, 1.0000000000000004, 1.0]}], "SM_CardBoxC_02": [{"translations": [2734.4663543992788, -18.952468590824488, 358.0], "angles": [0.0, 0.0, 0.9695816736029157], "sizes": [1.000000000000001, 1.000000000000001, 1.0]}, {"translations": [1493.0868885071459, 33.71640895192173, 208.0], "angles": [0.0, 0.0, 0.2617044293876805], "sizes": [1.0, 1.0, 1.0]}, {"translations": [1146.848656436991, 31.54557477389343, 208.0], "angles": [0.0, 0.0, -0.05343340916256727], "sizes": [0.9999999999999999, 0.9999999999999999, 1.0]}, {"translations": [1093.659090481138, 32.55875348075281, 58.0], "angles": [0.0, 0.0, 0.5956698434015342], "sizes": [1.0000000000000002, 1.0000000000000002, 1.0]}, {"translations": [671.744774174483, -19.577676777852698, 358.0], "angles": [0.0, 0.0, 0.36478119724964714], "sizes": [1.0, 1.0, 1.0]}, {"translations": [707.488528332037, -24.28583947478751, 58.0], "angles": [0.0, 0.0, 0.27569309623915084], "sizes": [1.0, 1.0, 1.0]}, {"translations": [2845.470824778456, 39.43637416775458, 208.0], "angles": [0.0, 0.0, 0.6660913236606196], "sizes": [1.0, 1.0, 1.0]}, {"translations": [2063.741133578947, 30.071853496711412, 358.0], "angles": [0.0, 0.0, 0.05953863074932125], "sizes": [1.0, 1.0, 1.0]}, {"translations": [903.5046919075993, 23.247636003697455, 358.0], "angles": [0.0, 0.0, 0.8070923911024832], "sizes": [1.0000000000000004, 1.0000000000000004, 1.0]}, {"translations": [940.0236481186549, 33.97879446639174, 58.0], "angles": [0.0, 0.0, 0.6589839253535451], "sizes": [1.0000000000000004, 1.0000000000000004, 1.0]}, {"translations": [74.6656699193869, 28.890652954991356, 58.0], "angles": [0.0, 0.0, 0.870715977653011], "sizes": [1.0, 1.0, 1.0]}], "SM_CardBoxC_01": [{"translations": [2717.953102607397, -4.982863952140124, 208.0], "angles": [0.0, 0.0, 0.6569447307811417], "sizes": [1.0000000000000002, 1.0000000000000002, 1.0]}, {"translations": [1871.9963022258119, -26.251603838642996, 208.0], "angles": [0.0, 0.0, 0.8700675362916083], "sizes": [1.0, 1.0, 1.0]}, {"translations": [1863.6429769087138, 10.834684169838628, 58.0], "angles": [0.0, 0.0, -0.18360039777381662], "sizes": [1.0, 1.0, 1.0]}, {"translations": [3281.321846008301, 1.9383478164672852, 58.0], "angles": [0.0, 0.0, 0.4479659236024128], "sizes": [1.0, 1.0, 1.0]}, {"translations": [2505.12244332962, 41.89801933750825, 358.0], "angles": [0.0, 0.0, 0.47947632832610665], "sizes": [1.0, 1.0, 1.0]}, {"translations": [2065.106975464232, -31.786903713363166, 208.0], "angles": [0.0, 0.0, -0.1486791157393072], "sizes": [1.0, 1.0, 1.0]}, {"translations": [1250.3624512962595, 33.12757948914485, 358.0], "angles": [0.0, 0.0, 0.8787809394112688], "sizes": [1.0000000000000002, 1.0000000000000002, 1.0]}, {"translations": [200.28031700529084, 27.94495173339449, 358.0], "angles": [0.0, 0.0, 0.3216544979701141], "sizes": [1.0, 1.0, 1.0]}], "SM_CardBoxD_04": [{"translations": [2255.536956207665, -31.048585255101173, 358.0], "angles": [0.0, 0.0, 0.36330347869360535], "sizes": [1.0, 1.0, 1.0]}, {"translations": [2251.0899812423027, 27.80454337504764, 208.0], "angles": [0.0, 0.0, -0.7749505292378808], "sizes": [1.0, 1.0, 1.0]}, {"translations": [3295.668936975588, 6.678589398696383, 358.0], "angles": [0.0, 0.0, 0.9299848871712211], "sizes": [1.0000000000000002, 1.0000000000000002, 1.0]}, {"translations": [3335.089340209961, 3.0927324295043945, 208.0], "angles": [0.0, 0.0, 0.5315463641453841], "sizes": [1.0000000000000002, 1.0000000000000002, 1.0]}, {"translations": [2850.667806550514, -20.501788022347597, 358.0], "angles": [0.0, 0.0, 0.23069598259615487], "sizes": [1.0, 1.0, 1.0]}, {"translations": [2912.3666205195473, 5.827973746696911, 358.0], "angles": [0.0, 0.0, 0.9978318834655096], "sizes": [0.9999999999999996, 0.9999999999999996, 1.0]}, {"translations": [2533.5049422388734, -34.334826106921895, 208.0], "angles": [0.0, 0.0, -0.3503889437473034], "sizes": [1.0, 1.0, 1.0]}, {"translations": [942.8868774284279, -25.952849244753516, 58.0], "angles": [0.0, 0.0, -0.7271547709287469], "sizes": [1.0000000000000007, 1.0000000000000007, 1.0]}], "SM_CardBoxD_01": [{"translations": [1491.3640331871197, -26.124217808090517, 58.0], "angles": [0.0, 0.0, 0.9267244324411117], "sizes": [1.0000000000000004, 1.0000000000000004, 1.0]}, {"translations": [1121.3077459616509, -28.560407591041326, 58.0], "angles": [0.0, 0.0, -0.4059504717025899], "sizes": [1.0, 1.0, 1.0]}, {"translations": [291.17881301952383, 30.92982418488293, 358.0], "angles": [0.0, 0.0, -0.5006933334368394], "sizes": [1.0000000000000002, 1.0000000000000002, 1.0]}, {"translations": [290.9580489560295, 28.204079762989732, 58.0], "angles": [0.0, 0.0, 0.4648259239296459], "sizes": [0.9999999999999999, 0.9999999999999999, 1.0]}, {"translations": [1699.8441484444318, -22.916214378785753, 358.0], "angles": [0.0, 0.0, 0.9131908489101385], "sizes": [1.0, 1.0, 1.0]}, {"translations": [1683.7520654438651, 9.512431121884726, 58.0], "angles": [0.0, 0.0, 0.9578793854004418], "sizes": [1.0000000000000007, 1.0000000000000007, 1.0]}, {"translations": [77.0445785522461, -0.000858306884765625, 208.0], "angles": [0.0, 0.0, 0.4210976316673749], "sizes": [1.0, 1.0, 1.0]}]}