{"SM_RackShelf_01": [{"translations": [200.0, 0.0, 37.0], "angles": [0.0, 0.0, 0.0], "sizes": [1.0, 1.0, 1.0]}, {"translations": [200.0, 0.0, 187.0], "angles": [0.0, 0.0, 0.0], "sizes": [1.0, 1.0, 1.0]}, {"translations": [200.0, 0.0, 337.0], "angles": [0.0, 0.0, 0.0], "sizes": [1.0, 1.0, 1.0]}, {"translations": [200.0, 0.0, 487.0], "angles": [0.0, 0.0, 0.0], "sizes": [1.0, 1.0, 1.0]}, {"translations": [600.0, 0.0, 37.0], "angles": [0.0, 0.0, 0.0], "sizes": [1.0, 1.0, 1.0]}, {"translations": [600.0, 0.0, 187.0], "angles": [0.0, 0.0, 0.0], "sizes": [1.0, 1.0, 1.0]}, {"translations": [600.0, 0.0, 337.0], "angles": [0.0, 0.0, 0.0], "sizes": [1.0, 1.0, 1.0]}, {"translations": [600.0, 0.0, 487.0], "angles": [0.0, 0.0, 0.0], "sizes": [1.0, 1.0, 1.0]}, {"translations": [1000.0, 0.0, 37.0], "angles": [0.0, 0.0, 0.0], "sizes": [1.0, 1.0, 1.0]}, {"translations": [1000.0, 0.0, 187.0], "angles": [0.0, 0.0, 0.0], "sizes": [1.0, 1.0, 1.0]}, {"translations": [1000.0, 0.0, 337.0], "angles": [0.0, 0.0, 0.0], "sizes": [1.0, 1.0, 1.0]}, {"translations": [1000.0, 0.0, 487.0], "angles": [0.0, 0.0, 0.0], "sizes": [1.0, 1.0, 1.0]}, {"translations": [1400.0, 0.0, 37.0], "angles": [0.0, 0.0, 0.0], "sizes": [1.0, 1.0, 1.0]}, {"translations": [1400.0, 0.0, 187.0], "angles": [0.0, 0.0, 0.0], "sizes": [1.0, 1.0, 1.0]}, {"translations": [1400.0, 0.0, 337.0], "angles": [0.0, 0.0, 0.0], "sizes": [1.0, 1.0, 1.0]}, {"translations": [1400.0, 0.0, 487.0], "angles": [0.0, 0.0, 0.0], "sizes": [1.0, 1.0, 1.0]}, {"translations": [1800.0, 0.0, 37.0], "angles": [0.0, 0.0, 0.0], "sizes": [1.0, 1.0, 1.0]}, {"translations": [1800.0, 0.0, 187.0], "angles": [0.0, 0.0, 0.0], "sizes": [1.0, 1.0, 1.0]}, {"translations": [1800.0, 0.0, 337.0], "angles": [0.0, 0.0, 0.0], "sizes": [1.0, 1.0, 1.0]}, {"translations": [1800.0, 0.0, 487.0], "angles": [0.0, 0.0, 0.0], "sizes": [1.0, 1.0, 1.0]}, {"translations": [2200.0, 0.0, 37.0], "angles": [0.0, 0.0, 0.0], "sizes": [1.0, 1.0, 1.0]}, {"translations": [2200.0, 0.0, 187.0], "angles": [0.0, 0.0, 0.0], "sizes": [1.0, 1.0, 1.0]}, {"translations": [2200.0, 0.0, 337.0], "angles": [0.0, 0.0, 0.0], "sizes": [1.0, 1.0, 1.0]}, {"translations": [2200.0, 0.0, 487.0], "angles": [0.0, 0.0, 0.0], "sizes": [1.0, 1.0, 1.0]}, {"translations": [2600.0, 0.0, 37.0], "angles": [0.0, 0.0, 0.0], "sizes": [1.0, 1.0, 1.0]}, {"translations": [2600.0, 0.0, 187.0], "angles": [0.0, 0.0, 0.0], "sizes": [1.0, 1.0, 1.0]}, {"translations": [2600.0, 0.0, 337.0], "angles": [0.0, 0.0, 0.0], "sizes": [1.0, 1.0, 1.0]}, {"translations": [2600.0, 0.0, 487.0], "angles": [0.0, 0.0, 0.0], "sizes": [1.0, 1.0, 1.0]}, {"translations": [3000.0, 0.0, 37.0], "angles": [0.0, 0.0, 0.0], "sizes": [1.0, 1.0, 1.0]}, {"translations": [3000.0, 0.0, 187.0], "angles": [0.0, 0.0, 0.0], "sizes": [1.0, 1.0, 1.0]}, {"translations": [3000.0, 0.0, 337.0], "angles": [0.0, 0.0, 0.0], "sizes": [1.0, 1.0, 1.0]}, {"translations": [3000.0, 0.0, 487.0], "angles": [0.0, 0.0, 0.0], "sizes": [1.0, 1.0, 1.0]}], "SM_RackFrame_03": [{"translations": [0.0, 0.0, 0.0], "angles": [0.0, 0.0, 0.0], "sizes": [1.0, 1.0, 1.0]}, {"translations": [400.0, 0.0, 0.0], "angles": [0.0, 0.0, 0.0], "sizes": [1.0, 1.0, 1.0]}, {"translations": [800.0, 0.0, 0.0], "angles": [0.0, 0.0, 0.0], "sizes": [1.0, 1.0, 1.0]}, {"translations": [1200.0, 0.0, 0.0], "angles": [0.0, 0.0, 0.0], "sizes": [1.0, 1.0, 1.0]}, {"translations": [1600.0, 0.0, 0.0], "angles": [0.0, 0.0, 0.0], "sizes": [1.0, 1.0, 1.0]}, {"translations": [2000.0, 0.0, 0.0], "angles": [0.0, 0.0, 0.0], "sizes": [1.0, 1.0, 1.0]}, {"translations": [2400.0, 0.0, 0.0], "angles": [0.0, 0.0, 0.0], "sizes": [1.0, 1.0, 1.0]}, {"translations": [2800.0, 0.0, 0.0], "angles": [0.0, 0.0, 0.0], "sizes": [1.0, 1.0, 1.0]}, {"translations": [0.0, 0.0, 300.0], "angles": [0.0, 0.0, 0.0], "sizes": [1.0, 1.0, 1.0]}, {"translations": [400.0, 0.0, 300.0], "angles": [0.0, 0.0, 0.0], "sizes": [1.0, 1.0, 1.0]}, {"translations": [800.0, 0.0, 300.0], "angles": [0.0, 0.0, 0.0], "sizes": [1.0, 1.0, 1.0]}, {"translations": [1200.0, 0.0, 300.0], "angles": [0.0, 0.0, 0.0], "sizes": [1.0, 1.0, 1.0]}, {"translations": [1600.0, 0.0, 300.0], "angles": [0.0, 0.0, 0.0], "sizes": [1.0, 1.0, 1.0]}, {"translations": [2000.0, 0.0, 300.0], "angles": [0.0, 0.0, 0.0], "sizes": [1.0, 1.0, 1.0]}, {"translations": [2400.0, 0.0, 300.0], "angles": [0.0, 0.0, 0.0], "sizes": [1.0, 1.0, 1.0]}, {"translations": [2800.0, 0.0, 300.0], "angles": [0.0, 0.0, 0.0], "sizes": [1.0, 1.0, 1.0]}, {"translations": [3200.0, 0.0, 0.0], "angles": [0.0, 0.0, 0.0], "sizes": [1.0, 1.0, 1.0]}, {"translations": [3200.0, 0.0, 300.0], "angles": [0.0, 0.0, 0.0], "sizes": [1.0, 1.0, 1.0]}], "SM_PaletteA_01": [{"translations": [104.04623413085938, -1.7162489891052246, 37.0], "angles": [0.0, 0.0, 0.01089111485074726], "sizes": [0.9999999999999999, 0.9999999999999999, 1.0]}, {"translations": [77.0445785522461, -0.000858306884765625, 187.0], "angles": [0.0, 0.0, 0.024633832751245865], "sizes": [1.0, 1.0, 1.0]}, {"translations": [167.94365692138672, 0.4796934127807617, 337.0], "angles": [0.0, 0.0, -0.038917449457419026], "sizes": [1.0, 1.0, 1.0]}, {"translations": [74.09922790527344, -9.138336181640625, 487.0], "angles": [0.0, 0.0, 0.028145421053002957], "sizes": [1.0, 1.0, 1.0]}, {"translations": [482.2792282104492, 6.109950542449951, 37.0], "angles": [0.0, 0.0, 0.027772715939205866], "sizes": [1.0, 1.0, 1.0]}, {"translations": [491.85707092285156, -2.9225897789001465, 187.0], "angles": [0.0, 0.0, -0.020104793776449758], "sizes": [1.0, 1.0, 1.0]}, {"translations": [533.3830947875977, 8.623649597167969, 337.0], "angles": [0.0, 0.0, -0.03748833447424005], "sizes": [0.9999999999999999, 0.9999999999999999, 1.0]}, {"translations": [494.8818664550781, 8.459146499633789, 487.0], "angles": [0.0, 0.0, -0.018014527973066206], "sizes": [0.9999999999999999, 0.9999999999999999, 1.0]}, {"translations": [911.4894409179688, 2.581357955932617, 37.0], "angles": [0.0, 0.0, 0.04184729264338062], "sizes": [1.0, 1.0, 1.0]}, {"translations": [962.7283554077148, 0.3313159942626953, 187.0], "angles": [0.0, 0.0, 0.013785838000975388], "sizes": [1.0, 1.0, 1.0]}, {"translations": [935.8382797241211, -4.22123908996582, 337.0], "angles": [0.0, 0.0, 5.459480231950359e-05], "sizes": [1.0, 1.0, 1.0]}, {"translations": [966.4827346801758, 3.2526063919067383, 487.0], "angles": [0.0, 0.0, 0.006781895786393587], "sizes": [0.9999999999999999, 0.9999999999999999, 1.0]}, {"translations": [1312.5039825439453, 3.831033706665039, 37.0], "angles": [0.0, 0.0, -0.01587891437741396], "sizes": [1.0, 1.0, 1.0]}, {"translations": [1367.7973022460938, 1.4619636535644531, 187.0], "angles": [0.0, 0.0, -0.01548746744621216], "sizes": [1.0, 1.0, 1.0]}, {"translations": [1278.5350646972656, 1.4052867889404297, 337.0], "angles": [0.0, 0.0, 0.01851513537428959], "sizes": [1.0, 1.0, 1.0]}, {"translations": [1300.343391418457, -2.281332015991211, 487.0], "angles": [0.0, 0.0, 0.008302564182017882], "sizes": [1.0, 1.0, 1.0]}, {"translations": [1713.750633239746, 9.805569648742676, 37.0], "angles": [0.0, 0.0, 0.0006032267562650123], "sizes": [1.0, 1.0, 1.0]}, {"translations": [1675.6761093139648, 3.6362338066101074, 187.0], "angles": [0.0, 0.0, -0.005197294114241466], "sizes": [1.0, 1.0, 1.0]}, {"translations": [1697.231704711914, 6.969821453094482, 337.0], "angles": [0.0, 0.0, -0.036636683513944245], "sizes": [1.0, 1.0, 1.0]}, {"translations": [1714.9520950317383, 8.078994750976562, 487.0], "angles": [0.0, 0.0, -0.04361406611201564], "sizes": [0.9999999999999999, 0.9999999999999999, 1.0]}, {"translations": [2079.5151443481445, 2.395656108856201, 37.0], "angles": [0.0, 0.0, 0.021332282792390612], "sizes": [1.0, 1.0, 1.0]}, {"translations": [2093.033576965332, 0.1521778106689453, 187.0], "angles": [0.0, 0.0, -0.0056367222468582815], "sizes": [1.0, 1.0, 1.0]}, {"translations": [2094.2071533203125, 0.5452275276184082, 337.0], "angles": [0.0, 0.0, 0.02436492589750943], "sizes": [1.0, 1.0, 1.0]}, {"translations": [2138.9098052978516, 0.4858231544494629, 487.0], "angles": [0.0, 0.0, -0.006041528832307118], "sizes": [1.0, 1.0, 1.0]}, {"translations": [2498.907196044922, -4.518120288848877, 37.0], "angles": [0.0, 0.0, -0.03246055238080812], "sizes": [0.9999999999999999, 0.9999999999999999, 1.0]}, {"translations": [2502.4140243530273, -5.466940402984619, 187.0], "angles": [0.0, 0.0, -0.0018602741648199022], "sizes": [1.0, 1.0, 1.0]}, {"translations": [2532.563407897949, 9.540740966796875, 337.0], "angles": [0.0, 0.0, -0.008241310971943897], "sizes": [1.0, 1.0, 1.0]}, {"translations": [2560.399745941162, -8.810394287109375, 487.0], "angles": [0.0, 0.0, -0.020115444266537563], "sizes": [1.0, 1.0, 1.0]}, {"translations": [2907.6520080566406, -5.5121564865112305, 37.0], "angles": [0.0, 0.0, -4.3944758715415545e-05], "sizes": [1.0, 1.0, 1.0]}, {"translations": [2875.525344848633, 9.49099349975586, 187.0], "angles": [0.0, 0.0, 0.006819179179494309], "sizes": [1.0, 1.0, 1.0]}, {"translations": [2882.421142578125, 7.635831832885742, 337.0], "angles": [0.0, 0.0, 0.0291889843732125], "sizes": [0.9999999999999999, 0.9999999999999999, 1.0]}, {"translations": [2919.150360107422, -5.7010817527771, 487.0], "angles": [0.0, 0.0, 0.016877496993914394], "sizes": [0.9999999999999999, 0.9999999999999999, 1.0]}, {"translations": [288.7731170654297, -1.7162489891052246, 37.0], "angles": [0.0, 0.0, -0.007176044429089187], "sizes": [1.0, 1.0, 1.0]}, {"translations": [275.2722930908203, -0.000858306884765625, 187.0], "angles": [0.0, 0.0, -0.018645611900742626], "sizes": [1.0, 1.0, 1.0]}, {"translations": [320.7218246459961, 0.4796934127807617, 337.0], "angles": [0.0, 0.0, -0.024319663494407503], "sizes": [1.0, 1.0, 1.0]}, {"translations": [273.7996139526367, -9.138336181640625, 487.0], "angles": [0.0, 0.0, -0.017644397025132017], "sizes": [0.9999999999999999, 0.9999999999999999, 1.0]}, {"translations": [677.8896102905273, 6.109950542449951, 37.0], "angles": [0.0, 0.0, -0.00750894099282879], "sizes": [1.0, 1.0, 1.0]}, {"translations": [682.6785354614258, -2.9225897789001465, 187.0], "angles": [0.0, 0.0, 0.005157344632576103], "sizes": [1.0, 1.0, 1.0]}, {"translations": [703.4415435791016, 8.623649597167969, 337.0], "angles": [0.0, 0.0, 0.00440898413867284], "sizes": [1.0, 1.0, 1.0]}, {"translations": [684.1909332275391, 8.459146499633789, 487.0], "angles": [0.0, 0.0, -0.03728606742246058], "sizes": [1.0, 1.0, 1.0]}, {"translations": [1092.4947204589844, 2.581357955932617, 37.0], "angles": [0.0, 0.0, -0.027346757462127735], "sizes": [1.0, 1.0, 1.0]}, {"translations": [1118.1141815185547, 0.3313159942626953, 187.0], "angles": [0.0, 0.0, 0.025794635040205058], "sizes": [0.9999999999999999, 0.9999999999999999, 1.0]}, {"translations": [1104.6691436767578, -4.22123908996582, 337.0], "angles": [0.0, 0.0, 0.012281233125927904], "sizes": [1.0, 1.0, 1.0]}, {"translations": [1119.9913635253906, 3.2526063919067383, 487.0], "angles": [0.0, 0.0, -0.042390107868054895], "sizes": [1.0, 1.0, 1.0]}, {"translations": [1493.0019912719727, 3.831033706665039, 37.0], "angles": [0.0, 0.0, 0.03420666903830626], "sizes": [1.0, 1.0, 1.0]}, {"translations": [1520.6486511230469, 1.4619636535644531, 187.0], "angles": [0.0, 0.0, 0.007990974273368772], "sizes": [1.0, 1.0, 1.0]}, {"translations": [1476.0175323486328, 1.4052867889404297, 337.0], "angles": [0.0, 0.0, -0.042743999720482644], "sizes": [1.0, 1.0, 1.0]}, {"translations": [1486.9216995239258, -2.281332015991211, 487.0], "angles": [0.0, 0.0, -0.03035763115768261], "sizes": [1.0, 1.0, 1.0]}, {"translations": [1893.6253204345703, 9.805569648742676, 37.0], "angles": [0.0, 0.0, -0.027282863364385252], "sizes": [1.0, 1.0, 1.0]}, {"translations": [1874.5880508422852, 3.6362338066101074, 187.0], "angles": [0.0, 0.0, -0.023015040663335352], "sizes": [1.0, 1.0, 1.0]}, {"translations": [1885.365852355957, 6.969821453094482, 337.0], "angles": [0.0, 0.0, 0.000864221673585013], "sizes": [0.9999999999999999, 0.9999999999999999, 1.0]}, {"translations": [1894.2260513305664, 8.078994750976562, 487.0], "angles": [0.0, 0.0, -0.019646808079253775], "sizes": [0.9999999999999999, 0.9999999999999999, 1.0]}, {"translations": [2276.5075759887695, 2.395656108856201, 37.0], "angles": [0.0, 0.0, -0.027855244072432176], "sizes": [1.0, 1.0, 1.0]}, {"translations": [2283.2667846679688, 0.1521778106689453, 187.0], "angles": [0.0, 0.0, -0.0012956665189549881], "sizes": [1.0, 1.0, 1.0]}, {"translations": [2283.8535766601562, 0.5452275276184082, 337.0], "angles": [0.0, 0.0, -0.032114511550146975], "sizes": [1.0, 1.0, 1.0]}, {"translations": [2306.204902648926, 0.4858231544494629, 487.0], "angles": [0.0, 0.0, -0.03208257008470024], "sizes": [1.0, 1.0, 1.0]}, {"translations": [2686.203598022461, -4.518120288848877, 37.0], "angles": [0.0, 0.0, 0.039031882532947856], "sizes": [0.9999999999999999, 0.9999999999999999, 1.0]}, {"translations": [2687.9570083618164, -5.466940402984619, 187.0], "angles": [0.0, 0.0, 0.012156068697574327], "sizes": [0.9999999999999999, 0.9999999999999999, 1.0]}, {"translations": [2703.031707763672, 9.540740966796875, 337.0], "angles": [0.0, 0.0, 0.0345234104955888], "sizes": [0.9999999999999999, 0.9999999999999999, 1.0]}, {"translations": [2716.9498748779297, -8.810394287109375, 487.0], "angles": [0.0, 0.0, -0.008813885903153665], "sizes": [1.0, 1.0, 1.0]}, {"translations": [3090.5760040283203, -5.5121564865112305, 37.0], "angles": [0.0, 0.0, 0.023092251809019228], "sizes": [1.0, 1.0, 1.0]}, {"translations": [3074.5126724243164, 9.49099349975586, 187.0], "angles": [0.0, 0.0, -0.0032984204581171747], "sizes": [0.9999999999999999, 0.9999999999999999, 1.0]}, {"translations": [3077.9605712890625, 7.635831832885742, 337.0], "angles": [0.0, 0.0, -0.024269076288417943], "sizes": [0.9999999999999999, 0.9999999999999999, 1.0]}, {"translations": [3096.325180053711, -5.7010817527771, 487.0], "angles": [0.0, 0.0, -0.028076206228288002], "sizes": [0.9999999999999999, 0.9999999999999999, 1.0]}], "SM_CardBoxB_02": [{"translations": [3064.6885681640388, -33.96987706036425, 508.0], "angles": [0.0, 0.0, 0.9341535533687859], "sizes": [1.0000000000000007, 1.0000000000000007, 1.0]}, {"translations": [2306.204902648926, 0.4858231544494629, 508.0], "angles": [0.0, 0.0, 0.8066902465206793], "sizes": [1.0000000000000004, 1.0000000000000004, 1.0]}, {"translations": [1146.5270965940306, 31.83855733516387, 208.0], "angles": [0.0, 0.0, 0.06593983927531713], "sizes": [1.0, 1.0, 1.0]}, {"translations": [703.1770071019996, 38.622483248699865, 358.0], "angles": [0.0, 0.0, 0.07951138538658327], "sizes": [0.9999999999999999, 0.9999999999999999, 1.0]}, {"translations": [2854.2228552224165, -24.063641194356993, 358.0], "angles": [0.0, 0.0, -0.548191367465385], "sizes": [1.0, 1.0, 1.0]}, {"translations": [2560.399745941162, -8.810394287109375, 508.0], "angles": [0.0, 0.0, 0.9877564954799787], "sizes": [0.9999999999999998, 0.9999999999999998, 1.0]}, {"translations": [2502.5674830503413, 10.035202832529308, 358.0], "angles": [0.0, 0.0, -0.6313219289231013], "sizes": [1.0, 1.0, 1.0]}, {"translations": [1744.837963825969, 5.464640831930138, 508.0], "angles": [0.0, 0.0, 0.28391409718628363], "sizes": [1.0, 1.0, 1.0]}, {"translations": [1729.347895168749, 34.692561406791526, 358.0], "angles": [0.0, 0.0, 0.9725712871869341], "sizes": [1.0000000000000004, 1.0000000000000004, 1.0]}, {"translations": [1683.7506550726973, 9.769376049951886, 58.0], "angles": [0.0, 0.0, 0.973731152742548], "sizes": [1.0000000000000004, 1.0000000000000004, 1.0]}, {"translations": [505.7151362583512, 40.78704604132322, 358.0], "angles": [0.0, 0.0, 0.8007753994630817], "sizes": [1.0000000000000002, 1.0000000000000002, 1.0]}], "SM_CardBoxC_02": [{"translations": [3126.2778836523407, -7.384990043819547, 508.0], "angles": [0.0, 0.0, 0.9922334602829239], "sizes": [1.0000000000000007, 1.0000000000000007, 1.0]}, {"translations": [2675.1733895594643, -22.457916924326135, 358.0], "angles": [0.0, 0.0, 0.6745370837918414], "sizes": [1.0000000000000002, 1.0000000000000002, 1.0]}, {"translations": [2253.2668853930722, 0.22991773655314496, 208.0], "angles": [0.0, 0.0, -0.2345776655567702], "sizes": [1.0, 1.0, 1.0]}, {"translations": [2244.8834647463236, -25.887122894017654, 58.0], "angles": [0.0, 0.0, -0.5605775976041032], "sizes": [1.0000000000000002, 1.0000000000000002, 1.0]}, {"translations": [1518.6870227389259, 25.84275447666791, 508.0], "angles": [0.0, 0.0, 0.302076753448695], "sizes": [1.0, 1.0, 1.0]}, {"translations": [1505.9079093779064, -1.1570092610635077, 358.0], "angles": [0.0, 0.0, 0.7465340541847011], "sizes": [1.0000000000000004, 1.0000000000000004, 1.0]}, {"translations": [1149.6214228594558, -28.08159908121325, 208.0], "angles": [0.0, 0.0, -0.6567102068082717], "sizes": [1.0000000000000007, 1.0000000000000007, 1.0]}, {"translations": [703.7060800562035, -21.375184054363928, 358.0], "angles": [0.0, 0.0, 0.9719268993639207], "sizes": [1.000000000000001, 1.000000000000001, 1.0]}, {"translations": [2472.5258482469835, 24.64446821657525, 208.0], "angles": [0.0, 0.0, -0.39369809794418686], "sizes": [0.9999999999999999, 0.9999999999999999, 1.0]}, {"translations": [1682.4518723184613, -19.192520124207615, 508.0], "angles": [0.0, 0.0, 0.9912906175875871], "sizes": [1.0000000000000002, 1.0000000000000002, 1.0]}, {"translations": [1277.424347006469, 31.384718174664734, 358.0], "angles": [0.0, 0.0, -0.7208199791624917], "sizes": [1.0000000000000004, 1.0000000000000004, 1.0]}, {"translations": [1396.8537739526148, -29.45278124216685, 208.0], "angles": [0.0, 0.0, -0.21250604073515938], "sizes": [1.0, 1.0, 1.0]}, {"translations": [935.8350040359868, 25.778760731198634, 358.0], "angles": [0.0, 0.0, 0.5947464645394467], "sizes": [0.9999999999999999, 0.9999999999999999, 1.0]}, {"translations": [531.1353758301433, -21.292027889532882, 358.0], "angles": [0.0, 0.0, -0.8626034356158495], "sizes": [1.0000000000000002, 1.0000000000000002, 1.0]}, {"translations": [73.39992297986483, 27.62320589397716, 58.0], "angles": [0.0, 0.0, 0.8809035322277459], "sizes": [1.0000000000000002, 1.0000000000000002, 1.0]}], "SM_CardBoxD_01": [{"translations": [3044.5133251989673, 9.68889765067733, 208.0], "angles": [0.0, 0.0, 0.9149417925322771], "sizes": [0.9999999999999999, 0.9999999999999999, 1.0]}, {"translations": [3059.222833514406, 23.070682748341248, 58.0], "angles": [0.0, 0.0, 0.3775945544303464], "sizes": [1.0, 1.0, 1.0]}, {"translations": [2746.945213802847, -9.339206899807666, 508.0], "angles": [0.0, 0.0, 0.3883298904124452], "sizes": [0.9999999999999999, 0.9999999999999999, 1.0]}, {"translations": [2730.8900259678794, 41.539398857919885, 358.0], "angles": [0.0, 0.0, -0.8244155536146592], "sizes": [1.0000000000000002, 1.0000000000000002, 1.0]}, {"translations": [1923.024310552017, -23.076426379448606, 508.0], "angles": [0.0, 0.0, 0.8809544803592242], "sizes": [1.0000000000000007, 1.0000000000000007, 1.0]}, {"translations": [289.203668644988, 28.28066127407588, 58.0], "angles": [0.0, 0.0, -0.7922294234527499], "sizes": [1.0000000000000002, 1.0000000000000002, 1.0]}, {"translations": [2500.8538028190205, 25.418658463499092, 58.0], "angles": [0.0, 0.0, -0.43716668890123006], "sizes": [1.0, 1.0, 1.0]}, {"translations": [2093.371774927295, 30.15027145240765, 208.0], "angles": [0.0, 0.0, 0.9980660361751147], "sizes": [0.9999999999999999, 0.9999999999999999, 1.0]}, {"translations": [1343.4414688924628, 32.86329056753094, 58.0], "angles": [0.0, 0.0, 0.995427711061002], "sizes": [0.9999999999999996, 0.9999999999999996, 1.0]}, {"translations": [932.7397583674782, -0.49575568238300416, 208.0], "angles": [0.0, 0.0, -0.42248681460119253], "sizes": [1.0, 1.0, 1.0]}, {"translations": [77.0445785522461, -0.000858306884765625, 208.0], "angles": [0.0, 0.0, 0.4583973296466737], "sizes": [1.0, 1.0, 1.0]}], "SM_CardBoxC_01": [{"translations": [2687.2276981310233, 24.524193396644574, 208.0], "angles": [0.0, 0.0, 0.970671347312394], "sizes": [1.0000000000000007, 1.0000000000000007, 1.0]}, {"translations": [2686.203598022461, -4.518120288848877, 58.0], "angles": [0.0, 0.0, 0.9391525959137116], "sizes": [1.0000000000000009, 1.0000000000000009, 1.0]}, {"translations": [1885.417705637008, -23.030133734159453, 358.0], "angles": [0.0, 0.0, 0.23963022649224178], "sizes": [1.0, 1.0, 1.0]}, {"translations": [1448.689451369363, 33.85795986821809, 358.0], "angles": [0.0, 0.0, -0.6377020571844075], "sizes": [1.0000000000000004, 1.0000000000000004, 1.0]}, {"translations": [1495.0531903100057, -26.098760520933187, 58.0], "angles": [0.0, 0.0, -0.8566294405347948], "sizes": [1.0000000000000002, 1.0000000000000002, 1.0]}, {"translations": [714.1075181781091, 6.223538104738836, 508.0], "angles": [0.0, 0.0, -0.44042930070013603], "sizes": [1.0, 1.0, 1.0]}, {"translations": [656.509956671864, 40.611339845098804, 508.0], "angles": [0.0, 0.0, 0.7415495629372897], "sizes": [1.0000000000000007, 1.0000000000000007, 1.0]}, {"translations": [352.1450861168341, 28.985458418045035, 358.0], "angles": [0.0, 0.0, -0.7997292990483049], "sizes": [1.0000000000000009, 1.0000000000000009, 1.0]}, {"translations": [2062.7813107345864, 29.048146988213244, 358.0], "angles": [0.0, 0.0, 0.5036170256446584], "sizes": [1.0, 1.0, 1.0]}, {"translations": [2108.2081946644757, 33.64799783782893, 58.0], "angles": [0.0, 0.0, -0.7062991247589211], "sizes": [1.0, 1.0, 1.0]}, {"translations": [936.0785899375452, 32.8429423560212, 508.0], "angles": [0.0, 0.0, 0.9899296796994663], "sizes": [0.9999999999999992, 0.9999999999999992, 1.0]}, {"translations": [200.18606085287936, 28.055541336615615, 358.0], "angles": [0.0, 0.0, 0.3232754867906647], "sizes": [1.0, 1.0, 1.0]}, {"translations": [3049.4516262611514, 39.05620823730763, 358.0], "angles": [0.0, 0.0, 0.6157144570152036], "sizes": [1.0000000000000004, 1.0000000000000004, 1.0]}], "SM_CardBoxD_05": [{"translations": [2255.8413339767712, 32.40922382198075, 358.0], "angles": [0.0, 0.0, 0.35930194315874764], "sizes": [1.0, 1.0, 1.0]}, {"translations": [1092.6402990941333, 35.6859114112416, 508.0], "angles": [0.0, 0.0, 0.45717190240154376], "sizes": [1.0, 1.0, 1.0]}, {"translations": [272.74111493807976, -39.119656696857795, 508.0], "angles": [0.0, 0.0, 0.13961770348892547], "sizes": [1.0, 1.0, 1.0]}, {"translations": [289.2985631751581, -28.02607159248351, 358.0], "angles": [0.0, 0.0, 0.6600771746451268], "sizes": [1.0000000000000007, 1.0000000000000007, 1.0]}, {"translations": [2948.120763530375, 25.294332835696444, 508.0], "angles": [0.0, 0.0, -0.2628431476111443], "sizes": [1.0, 1.0, 1.0]}, {"translations": [1687.680580156554, 40.57921746425359, 508.0], "angles": [0.0, 0.0, -0.708468482871458], "sizes": [1.0000000000000002, 1.0000000000000002, 1.0]}, {"translations": [1645.9895634610991, 33.946446529811176, 208.0], "angles": [0.0, 0.0, -0.1794225998576678], "sizes": [1.0, 1.0, 1.0]}, {"translations": [102.36364176532827, 22.502190191154444, 508.0], "angles": [0.0, 0.0, -0.7447526731237742], "sizes": [1.0000000000000002, 1.0000000000000002, 1.0]}], "SM_CardBoxB_01": [{"translations": [2304.790354991643, -29.228455133589772, 58.0], "angles": [0.0, 0.0, 0.8166908224226374], "sizes": [1.0000000000000004, 1.0000000000000004, 1.0]}, {"translations": [1865.427792109116, 39.23441588140173, 508.0], "angles": [0.0, 0.0, 0.9718836311326181], "sizes": [1.000000000000002, 1.000000000000002, 1.0]}, {"translations": [1060.8993993688212, -25.73357953666114, 58.0], "angles": [0.0, 0.0, 0.9996450281455361], "sizes": [1.0000000000000004, 1.0000000000000004, 1.0]}, {"translations": [2905.9316960140095, -20.097075190305556, 208.0], "angles": [0.0, 0.0, 0.9982935408866893], "sizes": [1.0000000000000013, 1.0000000000000013, 1.0]}, {"translations": [2875.116203610975, 39.488203427474936, 208.0], "angles": [0.0, 0.0, 0.8996333339222008], "sizes": [1.0, 1.0, 1.0]}, {"translations": [2168.9076152936136, 0.12333804005827637, 508.0], "angles": [0.0, 0.0, -0.8202439881375722], "sizes": [1.0, 1.0, 1.0]}, {"translations": [2048.262802619172, 31.088706425187326, 58.0], "angles": [0.0, 0.0, 0.97320710062637], "sizes": [1.0000000000000009, 1.0000000000000009, 1.0]}, {"translations": [1338.7408305395727, 32.376708549295756, 208.0], "angles": [0.0, 0.0, 0.958020970966134], "sizes": [1.0000000000000016, 1.0000000000000016, 1.0]}, {"translations": [42.45870153247837, 19.12607767841421, 508.0], "angles": [0.0, 0.0, 0.9904236433081786], "sizes": [1.0000000000000002, 1.0000000000000002, 1.0]}, {"translations": [3106.4695163169736, -23.78454457153615, 358.0], "angles": [0.0, 0.0, -0.4981352502787669], "sizes": [1.0000000000000002, 1.0000000000000002, 1.0]}], "SM_CardBoxD_03": [{"translations": [2308.1316872312154, 30.678435111730057, 58.0], "angles": [0.0, 0.0, 0.5071184503603943], "sizes": [1.0000000000000002, 1.0000000000000002, 1.0]}, {"translations": [1915.31395426216, 37.02162992139944, 358.0], "angles": [0.0, 0.0, -0.6440929304888032], "sizes": [1.0000000000000002, 1.0000000000000002, 1.0]}, {"translations": [1895.2616828792452, 39.76090837074109, 58.0], "angles": [0.0, 0.0, 0.23563784926553766], "sizes": [1.0, 1.0, 1.0]}, {"translations": [1088.154103310366, -1.215847138449919, 208.0], "angles": [0.0, 0.0, 0.9553424557053005], "sizes": [1.0000000000000009, 1.0000000000000009, 1.0]}, {"translations": [652.9895679162894, -33.230430449324714, 208.0], "angles": [0.0, 0.0, -0.7565076365055012], "sizes": [1.0000000000000002, 1.0000000000000002, 1.0]}, {"translations": [318.3394757490525, -32.143710831844615, 58.0], "angles": [0.0, 0.0, -0.643459130637014], "sizes": [1.0, 1.0, 1.0]}, {"translations": [2562.0648708798244, -20.949645746543382, 358.0], "angles": [0.0, 0.0, 0.5205680956398936], "sizes": [1.0, 1.0, 1.0]}, {"translations": [1667.3122395066482, 9.166546704663379, 358.0], "angles": [0.0, 0.0, 0.9754322069732708], "sizes": [1.0000000000000009, 1.0000000000000009, 1.0]}, {"translations": [1283.4717256830795, 34.76852005518251, 58.0], "angles": [0.0, 0.0, -0.6910282668072112], "sizes": [1.0, 1.0, 1.0]}, {"translations": [525.9430913421675, 37.35897882637333, 508.0], "angles": [0.0, 0.0, 0.9992843828030343], "sizes": [1.0000000000000007, 1.0000000000000007, 1.0]}, {"translations": [463.0873668963882, 28.259201866701257, 208.0], "angles": [0.0, 0.0, 0.011366428455506197], "sizes": [1.0, 1.0, 1.0]}], "SM_CardBoxA_01": [{"translations": [1455.1563763089257, -30.40541850865033, 508.0], "angles": [0.0, 0.0, 0.5068457899150034], "sizes": [1.0, 1.0, 1.0]}, {"translations": [1520.8805864615379, 35.81202697229635, 58.0], "angles": [0.0, 0.0, 0.27377046927967236], "sizes": [1.0, 1.0, 1.0]}, {"translations": [1075.4150118125754, -34.94900778333226, 358.0], "angles": [0.0, 0.0, -0.5005567900745013], "sizes": [1.0, 1.0, 1.0]}, {"translations": [1103.9323252621657, 25.769711188808575, 358.0], "angles": [0.0, 0.0, 0.9985067355242345], "sizes": [1.0, 1.0, 1.0]}, {"translations": [274.8581129671937, 20.842984333576545, 508.0], "angles": [0.0, 0.0, 0.8306543218143742], "sizes": [1.0000000000000002, 1.0000000000000002, 1.0]}, {"translations": [258.3456552226903, -31.282607672728044, 58.0], "angles": [0.0, 0.0, 0.9921220101435096], "sizes": [1.0000000000000002, 1.0000000000000002, 1.0]}, {"translations": [2877.6546448580293, 24.49048008314064, 58.0], "angles": [0.0, 0.0, 0.8736404196531594], "sizes": [0.9999999999999998, 0.9999999999999998, 1.0]}, {"translations": [2108.549510187698, -29.149501726921454, 508.0], "angles": [0.0, 0.0, -0.5131921033795587], "sizes": [1.0, 1.0, 1.0]}, {"translations": [2065.7042338597175, -30.880615058107818, 358.0], "angles": [0.0, 0.0, 0.9962594762243593], "sizes": [0.9999999999999993, 0.9999999999999993, 1.0]}, {"translations": [465.98203412833857, 39.520371386723156, 508.0], "angles": [0.0, 0.0, 0.9403603493319901], "sizes": [1.0000000000000007, 1.0000000000000007, 1.0]}, {"translations": [565.546491231753, 36.29160812641442, 358.0], "angles": [0.0, 0.0, 0.9946514936037428], "sizes": [0.9999999999999996, 0.9999999999999996, 1.0]}, {"translations": [460.6752792772502, -31.692293805363516, 208.0], "angles": [0.0, 0.0, -0.2502001106398044], "sizes": [1.0, 1.0, 1.0]}], "SM_CardBoxD_02": [{"translations": [1491.1319256113245, -29.013648154332582, 208.0], "angles": [0.0, 0.0, 0.9465349009882934], "sizes": [1.0000000000000007, 1.0000000000000007, 1.0]}, {"translations": [1064.1797829663906, 34.17667904609577, 58.0], "angles": [0.0, 0.0, 0.8905466451588336], "sizes": [1.0000000000000004, 1.0000000000000004, 1.0]}, {"translations": [682.3690988987817, 27.075814328880305, 208.0], "angles": [0.0, 0.0, 0.6284428842314038], "sizes": [1.0000000000000002, 1.0000000000000002, 1.0]}, {"translations": [707.8862272388374, 5.659426784627029, 58.0], "angles": [0.0, 0.0, 0.34944160990820355], "sizes": [1.0, 1.0, 1.0]}, {"translations": [292.2160596407318, 31.90295488361874, 358.0], "angles": [0.0, 0.0, 0.31511510844338364], "sizes": [1.0, 1.0, 1.0]}, {"translations": [2092.695379003369, -29.84591583106976, 208.0], "angles": [0.0, 0.0, -0.09227402116558805], "sizes": [1.0, 1.0, 1.0]}, {"translations": [1705.3626551668306, -26.67397891659096, 208.0], "angles": [0.0, 0.0, -0.43351807109583523], "sizes": [0.9999999999999999, 0.9999999999999999, 1.0]}, {"translations": [1329.8411187830252, 28.21266871080108, 508.0], "angles": [0.0, 0.0, 0.9970673397691296], "sizes": [1.0000000000000002, 1.0000000000000002, 1.0]}, {"translations": [996.0730706442903, 33.65675113453739, 508.0], "angles": [0.0, 0.0, 0.9104684134002017], "sizes": [0.9999999999999996, 0.9999999999999996, 1.0]}, {"translations": [881.5945126720636, 0.07271984488868188, 58.0], "angles": [0.0, 0.0, -0.1859186092548023], "sizes": [1.0, 1.0, 1.0]}, {"translations": [3046.5401948846406, -20.8731131950252, 358.0], "angles": [0.0, 0.0, -0.5916463079208549], "sizes": [1.0, 1.0, 1.0]}], "SM_CardBoxD_04": [{"translations": [1551.1242629309438, -28.054761858157992, 208.0], "angles": [0.0, 0.0, -0.6465852809127018], "sizes": [1.0000000000000002, 1.0000000000000002, 1.0]}, {"translations": [712.9863761318503, -32.61155732403648, 208.0], "angles": [0.0, 0.0, 0.3509729751097818], "sizes": [1.0, 1.0, 1.0]}, {"translations": [2920.162865690182, -35.683990758490324, 508.0], "angles": [0.0, 0.0, 0.8363554256427759], "sizes": [1.0000000000000007, 1.0000000000000007, 1.0]}, {"translations": [2880.6705497423577, 37.584712024361366, 358.0], "angles": [0.0, 0.0, 0.09373195027922522], "sizes": [1.0, 1.0, 1.0]}, {"translations": [2937.6546446262923, 24.48520671209988, 58.0], "angles": [0.0, 0.0, 0.9987684860535687], "sizes": [1.0000000000000004, 1.0000000000000004, 1.0]}, {"translations": [2472.3026157334675, -35.35511650902855, 208.0], "angles": [0.0, 0.0, 0.08591138989709529], "sizes": [1.0, 1.0, 1.0]}, {"translations": [2080.7947900544655, -27.577039913795726, 58.0], "angles": [0.0, 0.0, 0.6509346204853482], "sizes": [1.0000000000000002, 1.0000000000000002, 1.0]}, {"translations": [1270.3475273727768, -2.779468697103292, 508.0], "angles": [0.0, 0.0, 0.8069653700230183], "sizes": [1.0000000000000007, 1.0000000000000007, 1.0]}, {"translations": [1249.666351002338, -29.684862287580483, 358.0], "angles": [0.0, 0.0, 0.960381317619534], "sizes": [1.0000000000000009, 1.0000000000000009, 1.0]}, {"translations": [936.8923987160613, -27.151538350723907, 508.0], "angles": [0.0, 0.0, 0.7434554430753908], "sizes": [1.0, 1.0, 1.0]}, {"translations": [965.8415552334199, -34.21796322299599, 358.0], "angles": [0.0, 0.0, 0.8305531463642174], "sizes": [0.9999999999999997, 0.9999999999999997, 1.0]}], "SM_CardBoxA_02": [{"translations": [648.3435171000403, 36.55709124858285, 58.0], "angles": [0.0, 0.0, 0.6752969348259712], "sizes": [1.0000000000000002, 1.0000000000000002, 1.0]}, {"translations": [306.3699757880146, 28.859739934742574, 208.0], "angles": [0.0, 0.0, -0.15894573679627308], "sizes": [1.0, 1.0, 1.0]}, {"translations": [993.5440241245972, -28.83020936932826, 208.0], "angles": [0.0, 0.0, 0.8216482406865254], "sizes": [1.0000000000000004, 1.0000000000000004, 1.0]}, {"translations": [480.6135080307307, 36.06367111741156, 58.0], "angles": [0.0, 0.0, -0.41304874725821594], "sizes": [0.9999999999999999, 0.9999999999999999, 1.0]}, {"translations": [138.03453099372297, 2.8129714166096615, 358.0], "angles": [0.0, 0.0, -0.8332268551638441], "sizes": [1.0, 1.0, 1.0]}]}