{"SM_RackShelf_01": [{"translations": [200.0, 0.0, 37.0], "angles": [0.0, 0.0, 0.0], "sizes": [1.0, 1.0, 1.0]}, {"translations": [200.0, 0.0, 187.0], "angles": [0.0, 0.0, 0.0], "sizes": [1.0, 1.0, 1.0]}, {"translations": [200.0, 0.0, 337.0], "angles": [0.0, 0.0, 0.0], "sizes": [1.0, 1.0, 1.0]}, {"translations": [200.0, 0.0, 487.0], "angles": [0.0, 0.0, 0.0], "sizes": [1.0, 1.0, 1.0]}, {"translations": [600.0, 0.0, 37.0], "angles": [0.0, 0.0, 0.0], "sizes": [1.0, 1.0, 1.0]}, {"translations": [600.0, 0.0, 187.0], "angles": [0.0, 0.0, 0.0], "sizes": [1.0, 1.0, 1.0]}, {"translations": [600.0, 0.0, 337.0], "angles": [0.0, 0.0, 0.0], "sizes": [1.0, 1.0, 1.0]}, {"translations": [600.0, 0.0, 487.0], "angles": [0.0, 0.0, 0.0], "sizes": [1.0, 1.0, 1.0]}, {"translations": [1000.0, 0.0, 37.0], "angles": [0.0, 0.0, 0.0], "sizes": [1.0, 1.0, 1.0]}, {"translations": [1000.0, 0.0, 187.0], "angles": [0.0, 0.0, 0.0], "sizes": [1.0, 1.0, 1.0]}, {"translations": [1000.0, 0.0, 337.0], "angles": [0.0, 0.0, 0.0], "sizes": [1.0, 1.0, 1.0]}, {"translations": [1000.0, 0.0, 487.0], "angles": [0.0, 0.0, 0.0], "sizes": [1.0, 1.0, 1.0]}, {"translations": [1400.0, 0.0, 37.0], "angles": [0.0, 0.0, 0.0], "sizes": [1.0, 1.0, 1.0]}, {"translations": [1400.0, 0.0, 187.0], "angles": [0.0, 0.0, 0.0], "sizes": [1.0, 1.0, 1.0]}, {"translations": [1400.0, 0.0, 337.0], "angles": [0.0, 0.0, 0.0], "sizes": [1.0, 1.0, 1.0]}, {"translations": [1400.0, 0.0, 487.0], "angles": [0.0, 0.0, 0.0], "sizes": [1.0, 1.0, 1.0]}, {"translations": [1800.0, 0.0, 37.0], "angles": [0.0, 0.0, 0.0], "sizes": [1.0, 1.0, 1.0]}, {"translations": [1800.0, 0.0, 187.0], "angles": [0.0, 0.0, 0.0], "sizes": [1.0, 1.0, 1.0]}, {"translations": [1800.0, 0.0, 337.0], "angles": [0.0, 0.0, 0.0], "sizes": [1.0, 1.0, 1.0]}, {"translations": [1800.0, 0.0, 487.0], "angles": [0.0, 0.0, 0.0], "sizes": [1.0, 1.0, 1.0]}, {"translations": [2200.0, 0.0, 37.0], "angles": [0.0, 0.0, 0.0], "sizes": [1.0, 1.0, 1.0]}, {"translations": [2200.0, 0.0, 187.0], "angles": [0.0, 0.0, 0.0], "sizes": [1.0, 1.0, 1.0]}, {"translations": [2200.0, 0.0, 337.0], "angles": [0.0, 0.0, 0.0], "sizes": [1.0, 1.0, 1.0]}, {"translations": [2200.0, 0.0, 487.0], "angles": [0.0, 0.0, 0.0], "sizes": [1.0, 1.0, 1.0]}, {"translations": [2600.0, 0.0, 37.0], "angles": [0.0, 0.0, 0.0], "sizes": [1.0, 1.0, 1.0]}, {"translations": [2600.0, 0.0, 187.0], "angles": [0.0, 0.0, 0.0], "sizes": [1.0, 1.0, 1.0]}, {"translations": [2600.0, 0.0, 337.0], "angles": [0.0, 0.0, 0.0], "sizes": [1.0, 1.0, 1.0]}, {"translations": [2600.0, 0.0, 487.0], "angles": [0.0, 0.0, 0.0], "sizes": [1.0, 1.0, 1.0]}, {"translations": [3000.0, 0.0, 37.0], "angles": [0.0, 0.0, 0.0], "sizes": [1.0, 1.0, 1.0]}, {"translations": [3000.0, 0.0, 187.0], "angles": [0.0, 0.0, 0.0], "sizes": [1.0, 1.0, 1.0]}, {"translations": [3000.0, 0.0, 337.0], "angles": [0.0, 0.0, 0.0], "sizes": [1.0, 1.0, 1.0]}, {"translations": [3000.0, 0.0, 487.0], "angles": [0.0, 0.0, 0.0], "sizes": [1.0, 1.0, 1.0]}], "SM_RackFrame_03": [{"translations": [0.0, 0.0, 0.0], "angles": [0.0, 0.0, 0.0], "sizes": [1.0, 1.0, 1.0]}, {"translations": [400.0, 0.0, 0.0], "angles": [0.0, 0.0, 0.0], "sizes": [1.0, 1.0, 1.0]}, {"translations": [800.0, 0.0, 0.0], "angles": [0.0, 0.0, 0.0], "sizes": [1.0, 1.0, 1.0]}, {"translations": [1200.0, 0.0, 0.0], "angles": [0.0, 0.0, 0.0], "sizes": [1.0, 1.0, 1.0]}, {"translations": [1600.0, 0.0, 0.0], "angles": [0.0, 0.0, 0.0], "sizes": [1.0, 1.0, 1.0]}, {"translations": [2000.0, 0.0, 0.0], "angles": [0.0, 0.0, 0.0], "sizes": [1.0, 1.0, 1.0]}, {"translations": [2400.0, 0.0, 0.0], "angles": [0.0, 0.0, 0.0], "sizes": [1.0, 1.0, 1.0]}, {"translations": [2800.0, 0.0, 0.0], "angles": [0.0, 0.0, 0.0], "sizes": [1.0, 1.0, 1.0]}, {"translations": [0.0, 0.0, 300.0], "angles": [0.0, 0.0, 0.0], "sizes": [1.0, 1.0, 1.0]}, {"translations": [400.0, 0.0, 300.0], "angles": [0.0, 0.0, 0.0], "sizes": [1.0, 1.0, 1.0]}, {"translations": [800.0, 0.0, 300.0], "angles": [0.0, 0.0, 0.0], "sizes": [1.0, 1.0, 1.0]}, {"translations": [1200.0, 0.0, 300.0], "angles": [0.0, 0.0, 0.0], "sizes": [1.0, 1.0, 1.0]}, {"translations": [1600.0, 0.0, 300.0], "angles": [0.0, 0.0, 0.0], "sizes": [1.0, 1.0, 1.0]}, {"translations": [2000.0, 0.0, 300.0], "angles": [0.0, 0.0, 0.0], "sizes": [1.0, 1.0, 1.0]}, {"translations": [2400.0, 0.0, 300.0], "angles": [0.0, 0.0, 0.0], "sizes": [1.0, 1.0, 1.0]}, {"translations": [2800.0, 0.0, 300.0], "angles": [0.0, 0.0, 0.0], "sizes": [1.0, 1.0, 1.0]}, {"translations": [3200.0, 0.0, 0.0], "angles": [0.0, 0.0, 0.0], "sizes": [1.0, 1.0, 1.0]}, {"translations": [3200.0, 0.0, 300.0], "angles": [0.0, 0.0, 0.0], "sizes": [1.0, 1.0, 1.0]}], "SM_PaletteA_01": [{"translations": [104.04623413085938, -1.7162489891052246, 37.0], "angles": [0.0, 0.0, 0.004936299876167692], "sizes": [0.9999999999999999, 0.9999999999999999, 1.0]}, {"translations": [77.0445785522461, -0.000858306884765625, 187.0], "angles": [0.0, 0.0, -0.023685995058699776], "sizes": [1.0, 1.0, 1.0]}, {"translations": [167.94365692138672, 0.4796934127807617, 337.0], "angles": [0.0, 0.0, 0.029135743804914484], "sizes": [0.9999999999999999, 0.9999999999999999, 1.0]}, {"translations": [74.09922790527344, -9.138336181640625, 487.0], "angles": [0.0, 0.0, -0.035175505255190365], "sizes": [1.0, 1.0, 1.0]}, {"translations": [482.2792282104492, 6.109950542449951, 37.0], "angles": [0.0, 0.0, 0.021148561973606057], "sizes": [1.0, 1.0, 1.0]}, {"translations": [491.85707092285156, -2.9225897789001465, 187.0], "angles": [0.0, 0.0, 0.042621597637976225], "sizes": [1.0, 1.0, 1.0]}, {"translations": [533.3830947875977, 8.623649597167969, 337.0], "angles": [0.0, 0.0, 0.021324295126518737], "sizes": [1.0, 1.0, 1.0]}, {"translations": [494.8818664550781, 8.459146499633789, 487.0], "angles": [0.0, 0.0, -0.01167139426034126], "sizes": [0.9999999999999999, 0.9999999999999999, 1.0]}, {"translations": [911.4894409179688, 2.581357955932617, 37.0], "angles": [0.0, 0.0, -0.024889424064524584], "sizes": [0.9999999999999999, 0.9999999999999999, 1.0]}, {"translations": [962.7283554077148, 0.3313159942626953, 187.0], "angles": [0.0, 0.0, 0.03313665006099009], "sizes": [1.0, 1.0, 1.0]}, {"translations": [935.8382797241211, -4.22123908996582, 337.0], "angles": [0.0, 0.0, 0.016930752605198184], "sizes": [1.0, 1.0, 1.0]}, {"translations": [966.4827346801758, 3.2526063919067383, 487.0], "angles": [0.0, 0.0, -0.04355020681846232], "sizes": [1.0, 1.0, 1.0]}, {"translations": [1312.5039825439453, 3.831033706665039, 37.0], "angles": [0.0, 0.0, 0.02620197551536654], "sizes": [1.0, 1.0, 1.0]}, {"translations": [1367.7973022460938, 1.4619636535644531, 187.0], "angles": [0.0, 0.0, 0.029441884257969664], "sizes": [1.0, 1.0, 1.0]}, {"translations": [1278.5350646972656, 1.4052867889404297, 337.0], "angles": [0.0, 0.0, -0.03195479973651307], "sizes": [1.0, 1.0, 1.0]}, {"translations": [1300.343391418457, -2.281332015991211, 487.0], "angles": [0.0, 0.0, -0.01060349966291715], "sizes": [1.0, 1.0, 1.0]}, {"translations": [1713.750633239746, 9.805569648742676, 37.0], "angles": [0.0, 0.0, 0.015018790024468947], "sizes": [1.0, 1.0, 1.0]}, {"translations": [1675.6761093139648, 3.6362338066101074, 187.0], "angles": [0.0, 0.0, 0.03667926545155935], "sizes": [1.0, 1.0, 1.0]}, {"translations": [1697.231704711914, 6.969821453094482, 337.0], "angles": [0.0, 0.0, 0.013154705293909984], "sizes": [1.0, 1.0, 1.0]}, {"translations": [1714.9520950317383, 8.078994750976562, 487.0], "angles": [0.0, 0.0, 0.03887220997708489], "sizes": [0.9999999999999999, 0.9999999999999999, 1.0]}, {"translations": [2079.5151443481445, 2.395656108856201, 37.0], "angles": [0.0, 0.0, -0.011450359380798476], "sizes": [1.0, 1.0, 1.0]}, {"translations": [2093.033576965332, 0.1521778106689453, 187.0], "angles": [0.0, 0.0, -0.010409094432495542], "sizes": [1.0, 1.0, 1.0]}, {"translations": [2094.2071533203125, 0.5452275276184082, 337.0], "angles": [0.0, 0.0, -0.009929736705802867], "sizes": [0.9999999999999999, 0.9999999999999999, 1.0]}, {"translations": [2138.9098052978516, 0.4858231544494629, 487.0], "angles": [0.0, 0.0, -0.036003248587667895], "sizes": [1.0, 1.0, 1.0]}, {"translations": [2498.907196044922, -4.518120288848877, 37.0], "angles": [0.0, 0.0, 0.026803653056498362], "sizes": [1.0, 1.0, 1.0]}, {"translations": [2502.4140243530273, -5.466940402984619, 187.0], "angles": [0.0, 0.0, 0.021784931592313796], "sizes": [1.0, 1.0, 1.0]}, {"translations": [2532.563407897949, 9.540740966796875, 337.0], "angles": [0.0, 0.0, -0.008646107426843078], "sizes": [0.9999999999999999, 0.9999999999999999, 1.0]}, {"translations": [2560.399745941162, -8.810394287109375, 487.0], "angles": [0.0, 0.0, -0.02991573266340668], "sizes": [1.0, 1.0, 1.0]}, {"translations": [2907.6520080566406, -5.5121564865112305, 37.0], "angles": [0.0, 0.0, 0.027964393221513457], "sizes": [0.9999999999999999, 0.9999999999999999, 1.0]}, {"translations": [2875.525344848633, 9.49099349975586, 187.0], "angles": [0.0, 0.0, -0.013231933364216545], "sizes": [1.0, 1.0, 1.0]}, {"translations": [2882.421142578125, 7.635831832885742, 337.0], "angles": [0.0, 0.0, 0.023480982449185703], "sizes": [1.0, 1.0, 1.0]}, {"translations": [2919.150360107422, -5.7010817527771, 487.0], "angles": [0.0, 0.0, -0.015745769850312456], "sizes": [0.9999999999999999, 0.9999999999999999, 1.0]}, {"translations": [288.7731170654297, -1.7162489891052246, 37.0], "angles": [0.0, 0.0, -0.0215373074027854], "sizes": [0.9999999999999999, 0.9999999999999999, 1.0]}, {"translations": [275.2722930908203, -0.000858306884765625, 187.0], "angles": [0.0, 0.0, -0.03243925831223806], "sizes": [1.0, 1.0, 1.0]}, {"translations": [320.7218246459961, 0.4796934127807617, 337.0], "angles": [0.0, 0.0, 0.015876251552033357], "sizes": [1.0, 1.0, 1.0]}, {"translations": [273.7996139526367, -9.138336181640625, 487.0], "angles": [0.0, 0.0, -0.011807212358016878], "sizes": [1.0, 1.0, 1.0]}, {"translations": [677.8896102905273, 6.109950542449951, 37.0], "angles": [0.0, 0.0, -0.03108168987603155], "sizes": [1.0, 1.0, 1.0]}, {"translations": [682.6785354614258, -2.9225897789001465, 187.0], "angles": [0.0, 0.0, -0.02201657727480281], "sizes": [0.9999999999999999, 0.9999999999999999, 1.0]}, {"translations": [703.4415435791016, 8.623649597167969, 337.0], "angles": [0.0, 0.0, -0.013753879977199542], "sizes": [1.0, 1.0, 1.0]}, {"translations": [684.1909332275391, 8.459146499633789, 487.0], "angles": [0.0, 0.0, -0.030623829680999193], "sizes": [1.0, 1.0, 1.0]}, {"translations": [1092.4947204589844, 2.581357955932617, 37.0], "angles": [0.0, 0.0, -0.04129647408486357], "sizes": [1.0, 1.0, 1.0]}, {"translations": [1118.1141815185547, 0.3313159942626953, 187.0], "angles": [0.0, 0.0, -0.018187609242999232], "sizes": [1.0, 1.0, 1.0]}, {"translations": [1104.6691436767578, -4.22123908996582, 337.0], "angles": [0.0, 0.0, 0.037693257100585034], "sizes": [1.0, 1.0, 1.0]}, {"translations": [1119.9913635253906, 3.2526063919067383, 487.0], "angles": [0.0, 0.0, 0.027913812913701597], "sizes": [1.0, 1.0, 1.0]}, {"translations": [1493.0019912719727, 3.831033706665039, 37.0], "angles": [0.0, 0.0, 0.03353857840980449], "sizes": [1.0, 1.0, 1.0]}, {"translations": [1520.6486511230469, 1.4619636535644531, 187.0], "angles": [0.0, 0.0, 0.003428917213937808], "sizes": [1.0, 1.0, 1.0]}, {"translations": [1476.0175323486328, 1.4052867889404297, 337.0], "angles": [0.0, 0.0, -0.005985600859967498], "sizes": [1.0, 1.0, 1.0]}, {"translations": [1486.9216995239258, -2.281332015991211, 487.0], "angles": [0.0, 0.0, -0.0018389689125434619], "sizes": [1.0, 1.0, 1.0]}, {"translations": [1893.6253204345703, 9.805569648742676, 37.0], "angles": [0.0, 0.0, 0.024564607356130797], "sizes": [1.0, 1.0, 1.0]}, {"translations": [1874.5880508422852, 3.6362338066101074, 187.0], "angles": [0.0, 0.0, -0.027213644806040094], "sizes": [1.0, 1.0, 1.0]}, {"translations": [1885.365852355957, 6.969821453094482, 337.0], "angles": [0.0, 0.0, 0.0065794948593055225], "sizes": [0.9999999999999999, 0.9999999999999999, 1.0]}, {"translations": [1894.2260513305664, 8.078994750976562, 487.0], "angles": [0.0, 0.0, -0.005098755858969474], "sizes": [1.0, 1.0, 1.0]}, {"translations": [2276.5075759887695, 2.395656108856201, 37.0], "angles": [0.0, 0.0, 0.018464539803269998], "sizes": [0.9999999999999999, 0.9999999999999999, 1.0]}, {"translations": [2283.2667846679688, 0.1521778106689453, 187.0], "angles": [0.0, 0.0, 0.038193587472018294], "sizes": [1.0, 1.0, 1.0]}, {"translations": [2283.8535766601562, 0.5452275276184082, 337.0], "angles": [0.0, 0.0, 0.01957225182698416], "sizes": [1.0, 1.0, 1.0]}, {"translations": [2306.204902648926, 0.4858231544494629, 487.0], "angles": [0.0, 0.0, 0.02168907628563543], "sizes": [1.0, 1.0, 1.0]}, {"translations": [2686.203598022461, -4.518120288848877, 37.0], "angles": [0.0, 0.0, 0.0163981787534856], "sizes": [1.0, 1.0, 1.0]}, {"translations": [2687.9570083618164, -5.466940402984619, 187.0], "angles": [0.0, 0.0, 0.029894434823962694], "sizes": [1.0, 1.0, 1.0]}, {"translations": [2703.031707763672, 9.540740966796875, 337.0], "angles": [0.0, 0.0, 0.037722531038263764], "sizes": [1.0, 1.0, 1.0]}, {"translations": [2716.9498748779297, -8.810394287109375, 487.0], "angles": [0.0, 0.0, -0.03619221395022137], "sizes": [1.0, 1.0, 1.0]}, {"translations": [3090.5760040283203, -5.5121564865112305, 37.0], "angles": [0.0, 0.0, 0.009591518877540907], "sizes": [0.9999999999999999, 0.9999999999999999, 1.0]}, {"translations": [3074.5126724243164, 9.49099349975586, 187.0], "angles": [0.0, 0.0, 0.029455194288324778], "sizes": [1.0, 1.0, 1.0]}, {"translations": [3077.9605712890625, 7.635831832885742, 337.0], "angles": [0.0, 0.0, 0.043167059801547204], "sizes": [1.0, 1.0, 1.0]}, {"translations": [3096.325180053711, -5.7010817527771, 487.0], "angles": [0.0, 0.0, 0.023177454314804995], "sizes": [1.0, 1.0, 1.0]}], "SM_CardBoxA_02": [{"translations": [3066.357411717022, -7.091355437536238, 508.0], "angles": [0.0, 0.0, 0.7196113523654777], "sizes": [1.0000000000000007, 1.0000000000000007, 1.0]}, {"translations": [649.8115749381624, 37.91598661661897, 58.0], "angles": [0.0, 0.0, 0.6577212269847857], "sizes": [1.0000000000000002, 1.0000000000000002, 1.0]}, {"translations": [307.154485910932, 27.99067221542176, 208.0], "angles": [0.0, 0.0, -0.17255301882282378], "sizes": [1.0, 1.0, 1.0]}, {"translations": [994.6495802983221, -27.61569460585829, 208.0], "angles": [0.0, 0.0, 0.8325267055517496], "sizes": [1.0000000000000007, 1.0000000000000007, 1.0]}, {"translations": [481.01059829200625, 36.08311484203686, 58.0], "angles": [0.0, 0.0, -0.419074128206722], "sizes": [1.0, 1.0, 1.0]}, {"translations": [137.99459041541064, -1.2677090653629306, 358.0], "angles": [0.0, 0.0, -0.7936899736386818], "sizes": [1.0000000000000007, 1.0000000000000007, 1.0]}], "SM_CardBoxC_02": [{"translations": [3126.2929483904, -4.310808068017961, 508.0], "angles": [0.0, 0.0, 0.9845568396109419], "sizes": [1.0000000000000007, 1.0000000000000007, 1.0]}, {"translations": [2675.378828050758, -22.635620598537407, 358.0], "angles": [0.0, 0.0, 0.6768968887421891], "sizes": [1.0000000000000002, 1.0000000000000002, 1.0]}, {"translations": [2253.354309675408, -2.137765380637462, 208.0], "angles": [0.0, 0.0, -0.1960082526759069], "sizes": [1.0, 1.0, 1.0]}, {"translations": [2247.635715856095, -28.691571050851568, 58.0], "angles": [0.0, 0.0, -0.5216285831805308], "sizes": [1.0, 1.0, 1.0]}, {"translations": [1517.0318345637074, 27.608127127427778, 508.0], "angles": [0.0, 0.0, 0.32914101221413206], "sizes": [0.9999999999999999, 0.9999999999999999, 1.0]}, {"translations": [1506.0153827035736, 1.0461571708586623, 358.0], "angles": [0.0, 0.0, 0.7704896319342016], "sizes": [1.0000000000000007, 1.0000000000000007, 1.0]}, {"translations": [1147.0032581190076, -30.739912709687236, 208.0], "angles": [0.0, 0.0, -0.6892361363982072], "sizes": [1.0000000000000004, 1.0000000000000004, 1.0]}, {"translations": [702.6163888384814, -21.3650002499664, 358.0], "angles": [0.0, 0.0, 0.9674932975068385], "sizes": [1.000000000000001, 1.000000000000001, 1.0]}, {"translations": [2471.1357136518714, 23.197798906521385, 208.0], "angles": [0.0, 0.0, -0.3718528558447403], "sizes": [1.0, 1.0, 1.0]}, {"translations": [1687.3733277526221, -24.16091212488689, 508.0], "angles": [0.0, 0.0, 0.9770646242701836], "sizes": [1.0000000000000007, 1.0000000000000007, 1.0]}, {"translations": [1280.4513735512178, 31.34402023536839, 358.0], "angles": [0.0, 0.0, -0.7548733844998673], "sizes": [1.0000000000000004, 1.0000000000000004, 1.0]}, {"translations": [1399.511040034223, -26.720279612467124, 208.0], "angles": [0.0, 0.0, -0.16839839989040722], "sizes": [1.0, 1.0, 1.0]}, {"translations": [934.8225801744464, 25.761561887007474, 358.0], "angles": [0.0, 0.0, 0.6082287396307645], "sizes": [1.0000000000000002, 1.0000000000000002, 1.0]}, {"translations": [534.6622615610482, -21.349066869073457, 358.0], "angles": [0.0, 0.0, -0.8313712169072128], "sizes": [1.0000000000000002, 1.0000000000000002, 1.0]}, {"translations": [489.3020989130052, 26.96841418598704, 208.0], "angles": [0.0, 0.0, -0.21649606680443348], "sizes": [1.0, 1.0, 1.0]}, {"translations": [73.75152177019228, 27.986114603451583, 58.0], "angles": [0.0, 0.0, 0.8780694478958067], "sizes": [1.0, 1.0, 1.0]}], "SM_CardBoxD_01": [{"translations": [3044.56472893255, 7.724448676102306, 208.0], "angles": [0.0, 0.0, 0.9012326818204327], "sizes": [1.0000000000000007, 1.0000000000000007, 1.0]}, {"translations": [3060.006059202136, 23.90685901917879, 58.0], "angles": [0.0, 0.0, 0.365057460842721], "sizes": [1.0, 1.0, 1.0]}, {"translations": [2746.871282296893, -10.980504438330478, 508.0], "angles": [0.0, 0.0, 0.36295056157727], "sizes": [1.0, 1.0, 1.0]}, {"translations": [2730.684587476586, 41.71710253213116, 358.0], "angles": [0.0, 0.0, -0.8225994950730875], "sizes": [1.0000000000000004, 1.0000000000000004, 1.0]}, {"translations": [290.06505576880767, 28.25591967428505, 58.0], "angles": [0.0, 0.0, -0.8009119649610903], "sizes": [1.0000000000000002, 1.0000000000000002, 1.0]}, {"translations": [2890.1098649321557, 25.228671559775062, 508.0], "angles": [0.0, 0.0, 0.3188540465378527], "sizes": [1.0, 1.0, 1.0]}, {"translations": [2497.299554666461, 25.438773562120733, 58.0], "angles": [0.0, 0.0, -0.3831210863047255], "sizes": [1.0, 1.0, 1.0]}, {"translations": [2093.658088795839, 30.145676855854667, 208.0], "angles": [0.0, 0.0, 0.9977579979860719], "sizes": [1.0000000000000004, 1.0000000000000004, 1.0]}, {"translations": [1340.891211158322, 35.36141986977931, 58.0], "angles": [0.0, 0.0, 0.9985649778071006], "sizes": [0.9999999999999998, 0.9999999999999998, 1.0]}, {"translations": [932.7942376623507, -1.6557911509804466, 208.0], "angles": [0.0, 0.0, -0.404864684779248], "sizes": [1.0, 1.0, 1.0]}, {"translations": [77.0445785522461, -0.000858306884765625, 208.0], "angles": [0.0, 0.0, 0.4149306055459781], "sizes": [1.0, 1.0, 1.0]}], "SM_CardBoxC_01": [{"translations": [2686.164143930799, 24.479438963008732, 208.0], "angles": [0.0, 0.0, 0.9747838309815873], "sizes": [1.0000000000000007, 1.0000000000000007, 1.0]}, {"translations": [2686.203598022461, -4.518120288848877, 58.0], "angles": [0.0, 0.0, 0.9466890261462065], "sizes": [1.0000000000000007, 1.0000000000000007, 1.0]}, {"translations": [1885.7606135026817, -23.0275811617493, 358.0], "angles": [0.0, 0.0, 0.24517508283620582], "sizes": [1.0, 1.0, 1.0]}, {"translations": [1446.378811611774, 31.762266761962906, 358.0], "angles": [0.0, 0.0, -0.6089529778853391], "sizes": [1.0000000000000002, 1.0000000000000002, 1.0]}, {"translations": [1495.0131738958653, -26.101476118829925, 58.0], "angles": [0.0, 0.0, -0.8569741364767663], "sizes": [1.0000000000000004, 1.0000000000000004, 1.0]}, {"translations": [714.1346640908793, 6.62257850910074, 508.0], "angles": [0.0, 0.0, -0.4344348248846671], "sizes": [1.0, 1.0, 1.0]}, {"translations": [656.083770354732, 40.23944535350699, 508.0], "angles": [0.0, 0.0, 0.746005323570443], "sizes": [1.0000000000000004, 1.0000000000000004, 1.0]}, {"translations": [349.7542462894699, 31.417025125705738, 358.0], "angles": [0.0, 0.0, -0.7749558305579127], "sizes": [1.0000000000000004, 1.0000000000000004, 1.0]}, {"translations": [2064.808824130136, 31.135066376916548, 358.0], "angles": [0.0, 0.0, 0.47369635110121805], "sizes": [0.9999999999999999, 0.9999999999999999, 1.0]}, {"translations": [2110.1942542277698, 31.70081294163696, 58.0], "angles": [0.0, 0.0, -0.729124025997406], "sizes": [1.0000000000000002, 1.0000000000000002, 1.0]}, {"translations": [1742.5308623108544, 40.31890162684002, 508.0], "angles": [0.0, 0.0, 0.8483613116117977], "sizes": [1.0000000000000002, 1.0000000000000002, 1.0]}, {"translations": [3045.4847656478505, 34.936418785444374, 358.0], "angles": [0.0, 0.0, 0.6674240752093433], "sizes": [1.0000000000000002, 1.0000000000000002, 1.0]}], "SM_CardBoxB_02": [{"translations": [2306.204902648926, 0.4858231544494629, 508.0], "angles": [0.0, 0.0, 0.8372905998479971], "sizes": [1.0000000000000004, 1.0000000000000004, 1.0]}, {"translations": [1456.9219024323254, -2.1709940678098807, 508.0], "angles": [0.0, 0.0, -0.6863603508123517], "sizes": [0.9999999999999997, 0.9999999999999997, 1.0]}, {"translations": [1149.1854102225045, 29.220392594715644, 208.0], "angles": [0.0, 0.0, 0.021999834625072476], "sizes": [0.9999999999999999, 0.9999999999999999, 1.0]}, {"translations": [704.2666983197217, 38.61229944430234, 358.0], "angles": [0.0, 0.0, 0.06139345936679564], "sizes": [1.0, 1.0, 1.0]}, {"translations": [2853.8626944719376, -23.73955727651341, 358.0], "angles": [0.0, 0.0, -0.5529579718534853], "sizes": [1.0000000000000002, 1.0000000000000002, 1.0]}, {"translations": [2939.282295033548, -33.7880286350142, 58.0], "angles": [0.0, 0.0, 0.48773249184277784], "sizes": [0.9999999999999999, 0.9999999999999999, 1.0]}, {"translations": [2560.399745941162, -8.810394287109375, 508.0], "angles": [0.0, 0.0, 0.9861796909649605], "sizes": [1.0000000000000002, 1.0000000000000002, 1.0]}, {"translations": [2502.5678932083674, 10.059488021807207, 358.0], "angles": [0.0, 0.0, -0.6316358164797312], "sizes": [1.0000000000000002, 1.0000000000000002, 1.0]}, {"translations": [1726.432107912133, 37.7486527003112, 358.0], "angles": [0.0, 0.0, 0.9829444650252526], "sizes": [1.0000000000000004, 1.0000000000000004, 1.0]}, {"translations": [1683.764167082974, 8.904543883981091, 58.0], "angles": [0.0, 0.0, 0.9703475220070824], "sizes": [1.0000000000000016, 1.0000000000000016, 1.0]}], "SM_CardBoxD_05": [{"translations": [2252.702450882638, 29.34813298511086, 358.0], "angles": [0.0, 0.0, 0.40704201246522215], "sizes": [1.0, 1.0, 1.0]}, {"translations": [1088.3639382321435, 31.531679384493778, 508.0], "angles": [0.0, 0.0, 0.5185318040143511], "sizes": [1.0, 1.0, 1.0]}, {"translations": [1124.868071267516, 30.00335929478013, 58.0], "angles": [0.0, 0.0, 0.39032639037091804], "sizes": [0.9999999999999999, 0.9999999999999999, 1.0]}, {"translations": [273.0912305942745, -39.12997156582058, 508.0], "angles": [0.0, 0.0, 0.1453959388303973], "sizes": [1.0, 1.0, 1.0]}, {"translations": [291.6894030025223, -30.457638300144215, 358.0], "angles": [0.0, 0.0, 0.6897331707151744], "sizes": [1.0000000000000004, 1.0000000000000004, 1.0]}, {"translations": [1682.7121881558749, 35.6577620300928, 508.0], "angles": [0.0, 0.0, -0.6478935663669778], "sizes": [1.0, 1.0, 1.0]}, {"translations": [1643.5575564098417, 31.356236680799096, 208.0], "angles": [0.0, 0.0, -0.1380721762332173], "sizes": [1.0, 1.0, 1.0]}, {"translations": [106.13421314960426, 18.67820063363359, 508.0], "angles": [0.0, 0.0, -0.7854952978416264], "sizes": [1.0000000000000002, 1.0000000000000002, 1.0]}, {"translations": [199.64012590550647, -27.72197061505161, 358.0], "angles": [0.0, 0.0, -0.16785498092815476], "sizes": [1.0, 1.0, 1.0]}], "SM_CardBoxD_03": [{"translations": [2305.379436121444, 33.48288326856397, 58.0], "angles": [0.0, 0.0, 0.5464860804035161], "sizes": [1.0000000000000002, 1.0000000000000002, 1.0]}, {"translations": [1893.9201299556723, -21.919445410344874, 508.0], "angles": [0.0, 0.0, 0.741218516859209], "sizes": [1.0000000000000002, 1.0000000000000002, 1.0]}, {"translations": [1914.9684938240762, 37.36198521466298, 358.0], "angles": [0.0, 0.0, -0.6397105159632384], "sizes": [1.0, 1.0, 1.0]}, {"translations": [1892.1518887435184, 39.76936445266902, 58.0], "angles": [0.0, 0.0, 0.2856917394543718], "sizes": [1.0, 1.0, 1.0]}, {"translations": [1088.1340288663532, 1.4223920460111859, 208.0], "angles": [0.0, 0.0, 0.9414246725779329], "sizes": [1.0000000000000009, 1.0000000000000009, 1.0]}, {"translations": [651.3869448068892, -31.57283156337597, 208.0], "angles": [0.0, 0.0, -0.7739986301474746], "sizes": [1.0, 1.0, 1.0]}, {"translations": [317.453347025442, -32.98035635587348, 58.0], "angles": [0.0, 0.0, -0.6543868775280001], "sizes": [1.0, 1.0, 1.0]}, {"translations": [2562.0401755325206, -20.97352077779527, 358.0], "angles": [0.0, 0.0, 0.5202224173002284], "sizes": [1.0, 1.0, 1.0]}, {"translations": [1703.396112188154, 35.75478671073321, 208.0], "angles": [0.0, 0.0, 0.6140029461679839], "sizes": [1.0000000000000004, 1.0000000000000004, 1.0]}, {"translations": [1280.973596380831, 32.21826232104182, 58.0], "angles": [0.0, 0.0, -0.6600055078050643], "sizes": [1.0000000000000002, 1.0000000000000002, 1.0]}, {"translations": [525.57392912561, 37.75073725582432, 508.0], "angles": [0.0, 0.0, 0.9990243215361705], "sizes": [1.0000000000000007, 1.0000000000000007, 1.0]}], "SM_CardBoxB_01": [{"translations": [1864.533532544139, 38.38335628719202, 508.0], "angles": [0.0, 0.0, 0.9752064483895461], "sizes": [1.0000000000000004, 1.0000000000000004, 1.0]}, {"translations": [1060.1213696504528, -24.840643382914894, 58.0], "angles": [0.0, 0.0, 0.999919514709278], "sizes": [1.0000000000000007, 1.0000000000000007, 1.0]}, {"translations": [2904.7209933072077, -21.29234795440276, 208.0], "angles": [0.0, 0.0, 0.9992636953793652], "sizes": [1.000000000000001, 1.000000000000001, 1.0]}, {"translations": [2876.3191913464248, 39.48048845612256, 208.0], "angles": [0.0, 0.0, 0.9082073307516583], "sizes": [1.0000000000000007, 1.0000000000000007, 1.0]}, {"translations": [2168.8320312633195, -1.672971247865891, 508.0], "angles": [0.0, 0.0, -0.8370160390613318], "sizes": [1.0000000000000002, 1.0000000000000002, 1.0]}, {"translations": [2050.209987515364, 33.07476598848151, 58.0], "angles": [0.0, 0.0, 0.980220936053965], "sizes": [1.0000000000000016, 1.0000000000000016, 1.0]}, {"translations": [1336.0835644579645, 29.64420691959603, 208.0], "angles": [0.0, 0.0, 0.9441757469846919], "sizes": [1.0000000000000013, 1.0000000000000013, 1.0]}, {"translations": [46.28269108999922, 22.8966490626902, 508.0], "angles": [0.0, 0.0, 0.9971759073667318], "sizes": [1.0000000000000002, 1.0000000000000002, 1.0]}, {"translations": [3110.4363769302745, -19.664755119672886, 358.0], "angles": [0.0, 0.0, -0.4385592917222923], "sizes": [1.0, 1.0, 1.0]}], "SM_CardBoxD_02": [{"translations": [1490.855090394813, -28.743064721410583, 208.0], "angles": [0.0, 0.0, 0.9450533045679256], "sizes": [1.0000000000000004, 1.0000000000000004, 1.0]}, {"translations": [683.9992098964561, 27.04832644060601, 208.0], "angles": [0.0, 0.0, 0.6070746489257832], "sizes": [1.0000000000000002, 1.0000000000000002, 1.0]}, {"translations": [707.8316460037944, 4.245950181547941, 58.0], "angles": [0.0, 0.0, 0.32725522861475487], "sizes": [1.0, 1.0, 1.0]}, {"translations": [289.78449293307114, 29.512115056254576, 358.0], "angles": [0.0, 0.0, 0.3530012431343685], "sizes": [1.0, 1.0, 1.0]}, {"translations": [2092.409065134825, -29.841321234516776, 208.0], "angles": [0.0, 0.0, -0.09702512130093166], "sizes": [0.9999999999999999, 0.9999999999999999, 1.0]}, {"translations": [1707.794662218088, -24.08376906757888, 208.0], "angles": [0.0, 0.0, -0.39540460923494847], "sizes": [1.0, 1.0, 1.0]}, {"translations": [1330.972819579039, 27.075747718814732, 508.0], "angles": [0.0, 0.0, 0.9954423415938466], "sizes": [1.0000000000000002, 1.0000000000000002, 1.0]}, {"translations": [998.979470735932, 30.528275874478833, 508.0], "angles": [0.0, 0.0, 0.9301279748612373], "sizes": [1.0000000000000002, 1.0000000000000002, 1.0]}, {"translations": [881.5266099237846, 4.074260770571303, 58.0], "angles": [0.0, 0.0, -0.2510435698559183], "sizes": [1.0, 1.0, 1.0]}], "SM_CardBoxD_04": [{"translations": [1550.8536794980218, -28.331597074669304, 208.0], "angles": [0.0, 0.0, -0.6500587272969701], "sizes": [1.0, 1.0, 1.0]}, {"translations": [711.3287772459016, -34.21418043343664, 208.0], "angles": [0.0, 0.0, 0.3253995587096155], "sizes": [1.0, 1.0, 1.0]}, {"translations": [2918.205731038779, -35.686205996686354, 508.0], "angles": [0.0, 0.0, 0.818029075714719], "sizes": [1.0000000000000002, 1.0000000000000002, 1.0]}, {"translations": [2881.0126720765193, 37.602750440679, 358.0], "angles": [0.0, 0.0, 0.08804560149547794], "sizes": [1.0, 1.0, 1.0]}, {"translations": [2935.9278802051435, 26.118130490396116, 58.0], "angles": [0.0, 0.0, 0.9969870650422828], "sizes": [1.0000000000000007, 1.0000000000000007, 1.0]}, {"translations": [2473.7492850435215, -36.7452511041408, 208.0], "angles": [0.0, 0.0, 0.10944467803609456], "sizes": [1.0, 1.0, 1.0]}, {"translations": [2078.828167824722, -27.596477247346833, 58.0], "angles": [0.0, 0.0, 0.625701459773742], "sizes": [1.0000000000000002, 1.0000000000000002, 1.0]}, {"translations": [1270.3501374707632, -1.6451578031032426, 508.0], "angles": [0.0, 0.0, 0.7956557429934314], "sizes": [1.0000000000000007, 1.0000000000000007, 1.0]}, {"translations": [1246.6800223968853, -26.617137803535286, 358.0], "angles": [0.0, 0.0, 0.9732193829018845], "sizes": [1.0000000000000013, 1.0000000000000013, 1.0]}, {"translations": [933.9859986244196, -24.023063090665357, 508.0], "angles": [0.0, 0.0, 0.7088570131875269], "sizes": [1.0000000000000007, 1.0000000000000007, 1.0]}, {"translations": [966.836780250769, -33.18834051726448, 358.0], "angles": [0.0, 0.0, 0.839833866290241], "sizes": [1.0000000000000002, 1.0000000000000002, 1.0]}], "SM_CardBoxA_01": [{"translations": [1520.9233184735751, 35.77472615605258, 58.0], "angles": [0.0, 0.0, 0.2731274729405133], "sizes": [1.0, 1.0, 1.0]}, {"translations": [1077.0143788129565, -36.39598043046241, 358.0], "angles": [0.0, 0.0, -0.4783906887877685], "sizes": [1.0, 1.0, 1.0]}, {"translations": [1102.4091554384102, 25.693514012183133, 358.0], "angles": [0.0, 0.0, 0.9995726790462565], "sizes": [1.0, 1.0, 1.0]}, {"translations": [274.5079973109989, 20.853299202539336, 508.0], "angles": [0.0, 0.0, 0.83389058312473], "sizes": [1.0000000000000004, 1.0000000000000004, 1.0]}, {"translations": [257.50900969866143, -30.396478949117515, 58.0], "angles": [0.0, 0.0, 0.9938189300227886], "sizes": [1.0, 1.0, 1.0]}, {"translations": [2876.021721079733, 22.763715661991736, 58.0], "angles": [0.0, 0.0, -0.859669614104458], "sizes": [1.0000000000000002, 1.0000000000000002, 1.0]}, {"translations": [2106.828784930068, -27.27760840870326, 508.0], "angles": [0.0, 0.0, -0.5386798100444931], "sizes": [1.0000000000000002, 1.0000000000000002, 1.0]}, {"translations": [2063.617314471014, -28.85310166255786, 358.0], "angles": [0.0, 0.0, 0.9927104671322575], "sizes": [0.9999999999999996, 0.9999999999999996, 1.0]}, {"translations": [465.5902756988876, 39.15120917016562, 508.0], "angles": [0.0, 0.0, 0.938183393369644], "sizes": [1.0000000000000004, 1.0000000000000004, 1.0]}, {"translations": [562.0766444803885, 39.875532836859975, 358.0], "angles": [0.0, 0.0, 0.9868589596367764], "sizes": [0.9999999999999998, 0.9999999999999998, 1.0]}, {"translations": [464.52103896781074, -35.36856575363371, 208.0], "angles": [0.0, 0.0, -0.18900253367262124], "sizes": [1.0, 1.0, 1.0]}]}