{
  "SM_RackShelf_01": [
    {
      "translations": [200.0, 0.0, 37.0],
      "angles": [0.0, 0.0, 0.0],
      "sizes": [1.0, 1.0, 1.0]
    },
    {
      "translations": [200.0, 0.0, 187.0],
      "angles": [0.0, 0.0, 0.0],
      "sizes": [1.0, 1.0, 1.0]
    },
    {
      "translations": [200.0, 0.0, 337.0],
      "angles": [0.0, 0.0, 0.0],
      "sizes": [1.0, 1.0, 1.0]
    },
    {
      "translations": [200.0, 0.0, 487.0],
      "angles": [0.0, 0.0, 0.0],
      "sizes": [1.0, 1.0, 1.0]
    },
    {
      "translations": [200.0, 0.0, 637.0],
      "angles": [0.0, 0.0, 0.0],
      "sizes": [1.0, 1.0, 1.0]
    },
    {
      "translations": [600.0, 0.0, 37.0],
      "angles": [0.0, 0.0, 0.0],
      "sizes": [1.0, 1.0, 1.0]
    },
    {
      "translations": [600.0, 0.0, 187.0],
      "angles": [0.0, 0.0, 0.0],
      "sizes": [1.0, 1.0, 1.0]
    },
    {
      "translations": [600.0, 0.0, 337.0],
      "angles": [0.0, 0.0, 0.0],
      "sizes": [1.0, 1.0, 1.0]
    },
    {
      "translations": [600.0, 0.0, 487.0],
      "angles": [0.0, 0.0, 0.0],
      "sizes": [1.0, 1.0, 1.0]
    },
    {
      "translations": [600.0, 0.0, 637.0],
      "angles": [0.0, 0.0, 0.0],
      "sizes": [1.0, 1.0, 1.0]
    }
  ],
  "SM_RackFrame_03": [
    {
      "translations": [0.0, 0.0, 0.0],
      "angles": [0.0, 0.0, 0.0],
      "sizes": [1.0, 1.0, 1.0]
    },
    {
      "translations": [400.0, 0.0, 0.0],
      "angles": [0.0, 0.0, 0.0],
      "sizes": [1.0, 1.0, 1.0]
    },
    {
      "translations": [0.0, 0.0, 300.0],
      "angles": [0.0, 0.0, 0.0],
      "sizes": [1.0, 1.0, 1.0]
    },
    {
      "translations": [400.0, 0.0, 300.0],
      "angles": [0.0, 0.0, 0.0],
      "sizes": [1.0, 1.0, 1.0]
    },
    {
      "translations": [0.0, 0.0, 600.0],
      "angles": [0.0, 0.0, 0.0],
      "sizes": [1.0, 1.0, 1.0]
    },
    {
      "translations": [400.0, 0.0, 600.0],
      "angles": [0.0, 0.0, 0.0],
      "sizes": [1.0, 1.0, 1.0]
    },
    {
      "translations": [800.0, 0.0, 0.0],
      "angles": [0.0, 0.0, 0.0],
      "sizes": [1.0, 1.0, 1.0]
    },
    {
      "translations": [800.0, 0.0, 300.0],
      "angles": [0.0, 0.0, 0.0],
      "sizes": [1.0, 1.0, 1.0]
    },
    {
      "translations": [800.0, 0.0, 600.0],
      "angles": [0.0, 0.0, 0.0],
      "sizes": [1.0, 1.0, 1.0]
    }
  ],
  "SM_PaletteA_01": [
    {
      "translations": [104.04623413085938, -1.7162489891052246, 37.0],
      "angles": [0.0, 0.0, 0.027019303455509222],
      "sizes": [1.0, 1.0, 1.0]
    },
    {
      "translations": [77.0445785522461, -0.000858306884765625, 187.0],
      "angles": [0.0, 0.0, 0.023851068558951978],
      "sizes": [0.9999999999999999, 0.9999999999999999, 1.0]
    },
    {
      "translations": [167.94365692138672, 0.4796934127807617, 337.0],
      "angles": [0.0, 0.0, -0.019740002720860045],
      "sizes": [1.0, 1.0, 1.0]
    },
    {
      "translations": [74.09922790527344, -9.138336181640625, 487.0],
      "angles": [0.0, 0.0, 0.008334521009363409],
      "sizes": [1.0, 1.0, 1.0]
    },
    {
      "translations": [106.05471801757812, -5.421197414398193, 637.0],
      "angles": [0.0, 0.0, 0.014693909828210418],
      "sizes": [1.0, 1.0, 1.0]
    },
    {
      "translations": [482.2792282104492, 6.109950542449951, 37.0],
      "angles": [0.0, 0.0, -0.016257047951094145],
      "sizes": [1.0, 1.0, 1.0]
    },
    {
      "translations": [491.85707092285156, -2.9225897789001465, 187.0],
      "angles": [0.0, 0.0, -0.012939002405405122],
      "sizes": [1.0, 1.0, 1.0]
    },
    {
      "translations": [533.3830947875977, 8.623649597167969, 337.0],
      "angles": [0.0, 0.0, -0.033320315019098434],
      "sizes": [1.0, 1.0, 1.0]
    },
    {
      "translations": [494.8818664550781, 8.459146499633789, 487.0],
      "angles": [0.0, 0.0, -0.01999296141283651],
      "sizes": [0.9999999999999999, 0.9999999999999999, 1.0]
    },
    {
      "translations": [541.5834045410156, 7.324190139770508, 637.0],
      "angles": [0.0, 0.0, 0.015442199121866266],
      "sizes": [1.0, 1.0, 1.0]
    },
    {
      "translations": [288.7731170654297, -1.7162489891052246, 37.0],
      "angles": [0.0, 0.0, 0.01788138720691681],
      "sizes": [0.9999999999999999, 0.9999999999999999, 1.0]
    },
    {
      "translations": [275.2722930908203, -0.000858306884765625, 187.0],
      "angles": [0.0, 0.0, 0.031797751000991116],
      "sizes": [1.0, 1.0, 1.0]
    },
    {
      "translations": [320.7218246459961, 0.4796934127807617, 337.0],
      "angles": [0.0, 0.0, -0.025296771885413558],
      "sizes": [1.0, 1.0, 1.0]
    },
    {
      "translations": [273.7996139526367, -9.138336181640625, 487.0],
      "angles": [0.0, 0.0, 0.0032930915641352487],
      "sizes": [1.0, 1.0, 1.0]
    },
    {
      "translations": [289.77735900878906, -5.421197414398193, 637.0],
      "angles": [0.0, 0.0, -0.004486217647113909],
      "sizes": [1.0, 1.0, 1.0]
    },
    {
      "translations": [677.8896102905273, 6.109950542449951, 37.0],
      "angles": [0.0, 0.0, 0.006206644324078859],
      "sizes": [1.0, 1.0, 1.0]
    },
    {
      "translations": [682.6785354614258, -2.9225897789001465, 187.0],
      "angles": [0.0, 0.0, 0.0024781468801384054],
      "sizes": [1.0, 1.0, 1.0]
    },
    {
      "translations": [703.4415435791016, 8.623649597167969, 337.0],
      "angles": [0.0, 0.0, 0.0010133638302558185],
      "sizes": [1.0, 1.0, 1.0]
    },
    {
      "translations": [684.1909332275391, 8.459146499633789, 487.0],
      "angles": [0.0, 0.0, -0.04290896837550145],
      "sizes": [1.0, 1.0, 1.0]
    },
    {
      "translations": [707.5417022705078, 7.324190139770508, 637.0],
      "angles": [0.0, 0.0, 0.012773894863383267],
      "sizes": [1.0, 1.0, 1.0]
    }
  ],
  "SM_CardBoxD_05": [
    {
      "translations": [738.2982830859523, -21.899648357987292, 658.0],
      "angles": [0.0, 0.0, -0.5816735429516686],
      "sizes": [1.0, 1.0, 1.0]
    },
    {
      "translations": [258.7923017059363, -2.788960683814436, 58.0],
      "angles": [0.0, 0.0, 0.9785673404296173],
      "sizes": [1.000000000000001, 1.000000000000001, 1.0]
    },
    {
      "translations": [561.3183714008724, -23.307844582400705, 358.0],
      "angles": [0.0, 0.0, 0.9183964406591877],
      "sizes": [1.0000000000000002, 1.0000000000000002, 1.0]
    },
    {
      "translations": [103.59500615912108, 21.357549855657073, 508.0],
      "angles": [0.0, 0.0, -0.7578286459627716],
      "sizes": [1.0, 1.0, 1.0]
    }
  ],
  "SM_CardBoxB_01": [
    {
      "translations": [706.7753311116645, 37.31439979637166, 658.0],
      "angles": [0.0, 0.0, -0.7504360813896918],
      "sizes": [1.0000000000000002, 1.0000000000000002, 1.0]
    },
    {
      "translations": [511.5977122318388, 6.397768670150427, 658.0],
      "angles": [0.0, 0.0, 0.9857512389040725],
      "sizes": [1.0000000000000004, 1.0000000000000004, 1.0]
    },
    {
      "translations": [43.60334186797574, 20.357442072207018, 508.0],
      "angles": [0.0, 0.0, 0.9929646675084374],
      "sizes": [0.9999999999999996, 0.9999999999999996, 1.0]
    }
  ],
  "SM_CardBoxD_04": [
    {
      "translations": [673.5024069920731, -21.437090587053333, 358.0],
      "angles": [0.0, 0.0, 0.07798069557343841],
      "sizes": [1.0, 1.0, 1.0]
    },
    {
      "translations": [453.2703796774417, 37.06938701647238, 58.0],
      "angles": [0.0, 0.0, 0.9975478637323124],
      "sizes": [1.0000000000000009, 1.0000000000000009, 1.0]
    }
  ],
  "SM_CardBoxA_01": [
    {
      "translations": [733.5022837633229, -21.315486989860432, 358.0],
      "angles": [0.0, 0.0, -0.6430811089329512],
      "sizes": [0.9999999999999998, 0.9999999999999998, 1.0]
    },
    {
      "translations": [733.38068016613, 38.68438978138927, 358.0],
      "angles": [0.0, 0.0, 0.5197597756290695],
      "sizes": [0.9999999999999996, 0.9999999999999996, 1.0]
    },
    {
      "translations": [289.24289965302756, -27.96459039411199, 358.0],
      "angles": [0.0, 0.0, -0.5224068016167834],
      "sizes": [1.0, 1.0, 1.0]
    }
  ],
  "SM_CardBoxD_03": [
    {
      "translations": [673.3808033948802, 38.56278618419637, 358.0],
      "angles": [0.0, 0.0, 0.6322482297372946],
      "sizes": [1.0, 1.0, 1.0]
    }
  ],
  "SM_CardBoxD_02": [
    {
      "translations": [652.8275922903862, -33.07090966242542, 208.0],
      "angles": [0.0, 0.0, 0.34456908661596325],
      "sizes": [1.0, 1.0, 1.0]
    },
    {
      "translations": [712.5294786324654, 27.22573010462513, 208.0],
      "angles": [0.0, 0.0, 0.594686043725648],
      "sizes": [1.0000000000000002, 1.0000000000000002, 1.0]
    },
    {
      "translations": [319.50698108975774, -35.68916019557625, 658.0],
      "angles": [0.0, 0.0, 0.983843694442021],
      "sizes": [1.0000000000000002, 1.0000000000000002, 1.0]
    },
    {
      "translations": [260.0477369278204, 24.84676536677986, 658.0],
      "angles": [0.0, 0.0, 0.9719939376425122],
      "sizes": [1.0000000000000004, 1.0000000000000004, 1.0]
    },
    {
      "translations": [352.2007496389646, 28.923977219673514, 358.0],
      "angles": [0.0, 0.0, 0.9997758004466979],
      "sizes": [1.0, 1.0, 1.0]
    }
  ],
  "SM_CardBoxA_02": [
    {
      "translations": [648.2643131230776, -24.260129598048415, 58.0],
      "angles": [0.0, 0.0, 0.9926589064791445],
      "sizes": [1.0, 1.0, 1.0]
    },
    {
      "translations": [245.33295890894357, -1.9077586047260418, 208.0],
      "angles": [0.0, 0.0, 0.7146235555253614],
      "sizes": [1.0000000000000002, 1.0000000000000002, 1.0]
    },
    {
      "translations": [317.68122073021385, 29.337278065097365, 58.0],
      "angles": [0.0, 0.0, -0.6559458540813667],
      "sizes": [1.0000000000000002, 1.0000000000000002, 1.0]
    },
    {
      "translations": [503.449709391176, 10.621758380314958, 358.0],
      "angles": [0.0, 0.0, 0.6992153951776722],
      "sizes": [1.0000000000000007, 1.0000000000000007, 1.0]
    },
    {
      "translations": [137.9670369838319, 1.6638627922997908, 358.0],
      "angles": [0.0, 0.0, -0.822465617353595],
      "sizes": [1.0000000000000002, 1.0000000000000002, 1.0]
    }
  ],
  "SM_CardBoxC_02": [
    {
      "translations": [708.2596904310257, -23.515346624999808, 58.0],
      "angles": [0.0, 0.0, 0.8745237976912478],
      "sizes": [0.9999999999999998, 0.9999999999999998, 1.0]
    },
    {
      "translations": [273.99719837512873, -39.13768551451764, 508.0],
      "angles": [0.0, 0.0, -0.7573948782117808],
      "sizes": [1.0000000000000002, 1.0000000000000002, 1.0]
    },
    {
      "translations": [305.21162727269706, 1.9060419909565105, 208.0],
      "angles": [0.0, 0.0, 0.9600068689260488],
      "sizes": [1.000000000000001, 1.000000000000001, 1.0]
    },
    {
      "translations": [511.2880767434567, -24.84948593157248, 58.0],
      "angles": [0.0, 0.0, 0.19226154894998276],
      "sizes": [1.0, 1.0, 1.0]
    },
    {
      "translations": [72.46947035452898, 26.61938210345787, 58.0],
      "angles": [0.0, 0.0, 0.8884234496949049],
      "sizes": [1.0, 1.0, 1.0]
    },
    {
      "translations": [651.7292370844539, -18.85821580923501, 508.0],
      "angles": [0.0, 0.0, 0.8447045111128647],
      "sizes": [1.0, 1.0, 1.0]
    }
  ],
  "SM_CardBoxD_01": [
    {
      "translations": [259.50939622761103, -35.15081949536686, 658.0],
      "angles": [0.0, 0.0, 0.5476650105788057],
      "sizes": [1.0, 1.0, 1.0]
    },
    {
      "translations": [76.0676726767405, -6.302736821656014, 658.0],
      "angles": [0.0, 0.0, 0.9212396697290729],
      "sizes": [1.0, 1.0, 1.0]
    },
    {
      "translations": [77.0445785522461, -0.000858306884765625, 208.0],
      "angles": [0.0, 0.0, 0.45770130505102996],
      "sizes": [1.0, 1.0, 1.0]
    },
    {
      "translations": [714.080462453516, 5.886979582525573, 508.0],
      "angles": [0.0, 0.0, -0.18094727630934615],
      "sizes": [1.0, 1.0, 1.0]
    }
  ],
  "SM_CardBoxC_01": [
    {
      "translations": [292.2775408391033, 31.958618405749295, 358.0],
      "angles": [0.0, 0.0, 0.8171480916372544],
      "sizes": [1.0000000000000004, 1.0000000000000004, 1.0]
    },
    {
      "translations": [462.64339114487746, 27.843640309136127, 208.0],
      "angles": [0.0, 0.0, 0.7303772552940674],
      "sizes": [1.0000000000000004, 1.0000000000000004, 1.0]
    },
    {
      "translations": [199.10444623846058, 29.272143970816558, 358.0],
      "angles": [0.0, 0.0, 0.34137067662260356],
      "sizes": [1.0, 1.0, 1.0]
    }
  ],
  "SM_CardBoxB_02": [
    {
      "translations": [461.0908408348153, -32.136269556874225, 208.0],
      "angles": [0.0, 0.0, 0.9573936137112865],
      "sizes": [1.0000000000000009, 1.0000000000000009, 1.0]
    },
    {
      "translations": [521.8470258558567, -3.6988649339312447, 208.0],
      "angles": [0.0, 0.0, -0.12367597109797515],
      "sizes": [0.9999999999999999, 0.9999999999999999, 1.0]
    }
  ]
}
