{"SM_RackShelf_01": [{"translations": [200.0, 0.0, 37.0], "angles": [0.0, 0.0, 0.0], "sizes": [1.0, 1.0, 1.0]}, {"translations": [200.0, 0.0, 187.0], "angles": [0.0, 0.0, 0.0], "sizes": [1.0, 1.0, 1.0]}, {"translations": [200.0, 0.0, 337.0], "angles": [0.0, 0.0, 0.0], "sizes": [1.0, 1.0, 1.0]}, {"translations": [200.0, 0.0, 487.0], "angles": [0.0, 0.0, 0.0], "sizes": [1.0, 1.0, 1.0]}, {"translations": [200.0, 0.0, 637.0], "angles": [0.0, 0.0, 0.0], "sizes": [1.0, 1.0, 1.0]}, {"translations": [200.0, 0.0, 787.0], "angles": [0.0, 0.0, 0.0], "sizes": [1.0, 1.0, 1.0]}, {"translations": [200.0, 0.0, 937.0], "angles": [0.0, 0.0, 0.0], "sizes": [1.0, 1.0, 1.0]}, {"translations": [200.0, 0.0, 1087.0], "angles": [0.0, 0.0, 0.0], "sizes": [1.0, 1.0, 1.0]}, {"translations": [200.0, 0.0, 1237.0], "angles": [0.0, 0.0, 0.0], "sizes": [1.0, 1.0, 1.0]}, {"translations": [200.0, 0.0, 1387.0], "angles": [0.0, 0.0, 0.0], "sizes": [1.0, 1.0, 1.0]}, {"translations": [600.0, 0.0, 37.0], "angles": [0.0, 0.0, 0.0], "sizes": [1.0, 1.0, 1.0]}, {"translations": [600.0, 0.0, 187.0], "angles": [0.0, 0.0, 0.0], "sizes": [1.0, 1.0, 1.0]}, {"translations": [600.0, 0.0, 337.0], "angles": [0.0, 0.0, 0.0], "sizes": [1.0, 1.0, 1.0]}, {"translations": [600.0, 0.0, 487.0], "angles": [0.0, 0.0, 0.0], "sizes": [1.0, 1.0, 1.0]}, {"translations": [600.0, 0.0, 637.0], "angles": [0.0, 0.0, 0.0], "sizes": [1.0, 1.0, 1.0]}, {"translations": [600.0, 0.0, 787.0], "angles": [0.0, 0.0, 0.0], "sizes": [1.0, 1.0, 1.0]}, {"translations": [600.0, 0.0, 937.0], "angles": [0.0, 0.0, 0.0], "sizes": [1.0, 1.0, 1.0]}, {"translations": [600.0, 0.0, 1087.0], "angles": [0.0, 0.0, 0.0], "sizes": [1.0, 1.0, 1.0]}, {"translations": [600.0, 0.0, 1237.0], "angles": [0.0, 0.0, 0.0], "sizes": [1.0, 1.0, 1.0]}, {"translations": [600.0, 0.0, 1387.0], "angles": [0.0, 0.0, 0.0], "sizes": [1.0, 1.0, 1.0]}, {"translations": [1000.0, 0.0, 37.0], "angles": [0.0, 0.0, 0.0], "sizes": [1.0, 1.0, 1.0]}, {"translations": [1000.0, 0.0, 187.0], "angles": [0.0, 0.0, 0.0], "sizes": [1.0, 1.0, 1.0]}, {"translations": [1000.0, 0.0, 337.0], "angles": [0.0, 0.0, 0.0], "sizes": [1.0, 1.0, 1.0]}, {"translations": [1000.0, 0.0, 487.0], "angles": [0.0, 0.0, 0.0], "sizes": [1.0, 1.0, 1.0]}, {"translations": [1000.0, 0.0, 637.0], "angles": [0.0, 0.0, 0.0], "sizes": [1.0, 1.0, 1.0]}, {"translations": [1000.0, 0.0, 787.0], "angles": [0.0, 0.0, 0.0], "sizes": [1.0, 1.0, 1.0]}, {"translations": [1000.0, 0.0, 937.0], "angles": [0.0, 0.0, 0.0], "sizes": [1.0, 1.0, 1.0]}, {"translations": [1000.0, 0.0, 1087.0], "angles": [0.0, 0.0, 0.0], "sizes": [1.0, 1.0, 1.0]}, {"translations": [1000.0, 0.0, 1237.0], "angles": [0.0, 0.0, 0.0], "sizes": [1.0, 1.0, 1.0]}, {"translations": [1000.0, 0.0, 1387.0], "angles": [0.0, 0.0, 0.0], "sizes": [1.0, 1.0, 1.0]}, {"translations": [1400.0, 0.0, 37.0], "angles": [0.0, 0.0, 0.0], "sizes": [1.0, 1.0, 1.0]}, {"translations": [1400.0, 0.0, 187.0], "angles": [0.0, 0.0, 0.0], "sizes": [1.0, 1.0, 1.0]}, {"translations": [1400.0, 0.0, 337.0], "angles": [0.0, 0.0, 0.0], "sizes": [1.0, 1.0, 1.0]}, {"translations": [1400.0, 0.0, 487.0], "angles": [0.0, 0.0, 0.0], "sizes": [1.0, 1.0, 1.0]}, {"translations": [1400.0, 0.0, 637.0], "angles": [0.0, 0.0, 0.0], "sizes": [1.0, 1.0, 1.0]}, {"translations": [1400.0, 0.0, 787.0], "angles": [0.0, 0.0, 0.0], "sizes": [1.0, 1.0, 1.0]}, {"translations": [1400.0, 0.0, 937.0], "angles": [0.0, 0.0, 0.0], "sizes": [1.0, 1.0, 1.0]}, {"translations": [1400.0, 0.0, 1087.0], "angles": [0.0, 0.0, 0.0], "sizes": [1.0, 1.0, 1.0]}, {"translations": [1400.0, 0.0, 1237.0], "angles": [0.0, 0.0, 0.0], "sizes": [1.0, 1.0, 1.0]}, {"translations": [1400.0, 0.0, 1387.0], "angles": [0.0, 0.0, 0.0], "sizes": [1.0, 1.0, 1.0]}, {"translations": [1800.0, 0.0, 37.0], "angles": [0.0, 0.0, 0.0], "sizes": [1.0, 1.0, 1.0]}, {"translations": [1800.0, 0.0, 187.0], "angles": [0.0, 0.0, 0.0], "sizes": [1.0, 1.0, 1.0]}, {"translations": [1800.0, 0.0, 337.0], "angles": [0.0, 0.0, 0.0], "sizes": [1.0, 1.0, 1.0]}, {"translations": [1800.0, 0.0, 487.0], "angles": [0.0, 0.0, 0.0], "sizes": [1.0, 1.0, 1.0]}, {"translations": [1800.0, 0.0, 637.0], "angles": [0.0, 0.0, 0.0], "sizes": [1.0, 1.0, 1.0]}, {"translations": [1800.0, 0.0, 787.0], "angles": [0.0, 0.0, 0.0], "sizes": [1.0, 1.0, 1.0]}, {"translations": [1800.0, 0.0, 937.0], "angles": [0.0, 0.0, 0.0], "sizes": [1.0, 1.0, 1.0]}, {"translations": [1800.0, 0.0, 1087.0], "angles": [0.0, 0.0, 0.0], "sizes": [1.0, 1.0, 1.0]}, {"translations": [1800.0, 0.0, 1237.0], "angles": [0.0, 0.0, 0.0], "sizes": [1.0, 1.0, 1.0]}, {"translations": [1800.0, 0.0, 1387.0], "angles": [0.0, 0.0, 0.0], "sizes": [1.0, 1.0, 1.0]}, {"translations": [2200.0, 0.0, 37.0], "angles": [0.0, 0.0, 0.0], "sizes": [1.0, 1.0, 1.0]}, {"translations": [2200.0, 0.0, 187.0], "angles": [0.0, 0.0, 0.0], "sizes": [1.0, 1.0, 1.0]}, {"translations": [2200.0, 0.0, 337.0], "angles": [0.0, 0.0, 0.0], "sizes": [1.0, 1.0, 1.0]}, {"translations": [2200.0, 0.0, 487.0], "angles": [0.0, 0.0, 0.0], "sizes": [1.0, 1.0, 1.0]}, {"translations": [2200.0, 0.0, 637.0], "angles": [0.0, 0.0, 0.0], "sizes": [1.0, 1.0, 1.0]}, {"translations": [2200.0, 0.0, 787.0], "angles": [0.0, 0.0, 0.0], "sizes": [1.0, 1.0, 1.0]}, {"translations": [2200.0, 0.0, 937.0], "angles": [0.0, 0.0, 0.0], "sizes": [1.0, 1.0, 1.0]}, {"translations": [2200.0, 0.0, 1087.0], "angles": [0.0, 0.0, 0.0], "sizes": [1.0, 1.0, 1.0]}, {"translations": [2200.0, 0.0, 1237.0], "angles": [0.0, 0.0, 0.0], "sizes": [1.0, 1.0, 1.0]}, {"translations": [2200.0, 0.0, 1387.0], "angles": [0.0, 0.0, 0.0], "sizes": [1.0, 1.0, 1.0]}], "SM_RackFrame_03": [{"translations": [0.0, 0.0, 0.0], "angles": [0.0, 0.0, 0.0], "sizes": [1.0, 1.0, 1.0]}, {"translations": [400.0, 0.0, 0.0], "angles": [0.0, 0.0, 0.0], "sizes": [1.0, 1.0, 1.0]}, {"translations": [800.0, 0.0, 0.0], "angles": [0.0, 0.0, 0.0], "sizes": [1.0, 1.0, 1.0]}, {"translations": [1200.0, 0.0, 0.0], "angles": [0.0, 0.0, 0.0], "sizes": [1.0, 1.0, 1.0]}, {"translations": [1600.0, 0.0, 0.0], "angles": [0.0, 0.0, 0.0], "sizes": [1.0, 1.0, 1.0]}, {"translations": [2000.0, 0.0, 0.0], "angles": [0.0, 0.0, 0.0], "sizes": [1.0, 1.0, 1.0]}, {"translations": [0.0, 0.0, 300.0], "angles": [0.0, 0.0, 0.0], "sizes": [1.0, 1.0, 1.0]}, {"translations": [400.0, 0.0, 300.0], "angles": [0.0, 0.0, 0.0], "sizes": [1.0, 1.0, 1.0]}, {"translations": [800.0, 0.0, 300.0], "angles": [0.0, 0.0, 0.0], "sizes": [1.0, 1.0, 1.0]}, {"translations": [1200.0, 0.0, 300.0], "angles": [0.0, 0.0, 0.0], "sizes": [1.0, 1.0, 1.0]}, {"translations": [1600.0, 0.0, 300.0], "angles": [0.0, 0.0, 0.0], "sizes": [1.0, 1.0, 1.0]}, {"translations": [2000.0, 0.0, 300.0], "angles": [0.0, 0.0, 0.0], "sizes": [1.0, 1.0, 1.0]}, {"translations": [0.0, 0.0, 600.0], "angles": [0.0, 0.0, 0.0], "sizes": [1.0, 1.0, 1.0]}, {"translations": [400.0, 0.0, 600.0], "angles": [0.0, 0.0, 0.0], "sizes": [1.0, 1.0, 1.0]}, {"translations": [800.0, 0.0, 600.0], "angles": [0.0, 0.0, 0.0], "sizes": [1.0, 1.0, 1.0]}, {"translations": [1200.0, 0.0, 600.0], "angles": [0.0, 0.0, 0.0], "sizes": [1.0, 1.0, 1.0]}, {"translations": [1600.0, 0.0, 600.0], "angles": [0.0, 0.0, 0.0], "sizes": [1.0, 1.0, 1.0]}, {"translations": [2000.0, 0.0, 600.0], "angles": [0.0, 0.0, 0.0], "sizes": [1.0, 1.0, 1.0]}, {"translations": [0.0, 0.0, 900.0], "angles": [0.0, 0.0, 0.0], "sizes": [1.0, 1.0, 1.0]}, {"translations": [400.0, 0.0, 900.0], "angles": [0.0, 0.0, 0.0], "sizes": [1.0, 1.0, 1.0]}, {"translations": [800.0, 0.0, 900.0], "angles": [0.0, 0.0, 0.0], "sizes": [1.0, 1.0, 1.0]}, {"translations": [1200.0, 0.0, 900.0], "angles": [0.0, 0.0, 0.0], "sizes": [1.0, 1.0, 1.0]}, {"translations": [1600.0, 0.0, 900.0], "angles": [0.0, 0.0, 0.0], "sizes": [1.0, 1.0, 1.0]}, {"translations": [2000.0, 0.0, 900.0], "angles": [0.0, 0.0, 0.0], "sizes": [1.0, 1.0, 1.0]}, {"translations": [0.0, 0.0, 1200.0], "angles": [0.0, 0.0, 0.0], "sizes": [1.0, 1.0, 1.0]}, {"translations": [400.0, 0.0, 1200.0], "angles": [0.0, 0.0, 0.0], "sizes": [1.0, 1.0, 1.0]}, {"translations": [800.0, 0.0, 1200.0], "angles": [0.0, 0.0, 0.0], "sizes": [1.0, 1.0, 1.0]}, {"translations": [1200.0, 0.0, 1200.0], "angles": [0.0, 0.0, 0.0], "sizes": [1.0, 1.0, 1.0]}, {"translations": [1600.0, 0.0, 1200.0], "angles": [0.0, 0.0, 0.0], "sizes": [1.0, 1.0, 1.0]}, {"translations": [2000.0, 0.0, 1200.0], "angles": [0.0, 0.0, 0.0], "sizes": [1.0, 1.0, 1.0]}, {"translations": [2400.0, 0.0, 0.0], "angles": [0.0, 0.0, 0.0], "sizes": [1.0, 1.0, 1.0]}, {"translations": [2400.0, 0.0, 300.0], "angles": [0.0, 0.0, 0.0], "sizes": [1.0, 1.0, 1.0]}, {"translations": [2400.0, 0.0, 600.0], "angles": [0.0, 0.0, 0.0], "sizes": [1.0, 1.0, 1.0]}, {"translations": [2400.0, 0.0, 900.0], "angles": [0.0, 0.0, 0.0], "sizes": [1.0, 1.0, 1.0]}, {"translations": [2400.0, 0.0, 1200.0], "angles": [0.0, 0.0, 0.0], "sizes": [1.0, 1.0, 1.0]}], "SM_PaletteA_01": [{"translations": [104.04623413085938, -1.7162489891052246, 37.0], "angles": [0.0, 0.0, 0.01723698183474319], "sizes": [1.0, 1.0, 1.0]}, {"translations": [77.0445785522461, -0.000858306884765625, 187.0], "angles": [0.0, 0.0, -0.010017619771261612], "sizes": [1.0, 1.0, 1.0]}, {"translations": [167.94365692138672, 0.4796934127807617, 337.0], "angles": [0.0, 0.0, 0.0027684356405852676], "sizes": [1.0, 1.0, 1.0]}, {"translations": [74.09922790527344, -9.138336181640625, 487.0], "angles": [0.0, 0.0, 0.024556620282947136], "sizes": [1.0, 1.0, 1.0]}, {"translations": [106.05471801757812, -5.421197414398193, 637.0], "angles": [0.0, 0.0, 0.0009601006343901517], "sizes": [1.0, 1.0, 1.0]}, {"translations": [115.29872131347656, 7.166991233825684, 787.0], "angles": [0.0, 0.0, 0.021550618037550862], "sizes": [1.0, 1.0, 1.0]}, {"translations": [132.94749450683594, -1.137080192565918, 937.0], "angles": [0.0, 0.0, 0.015905542625022796], "sizes": [1.0, 1.0, 1.0]}, {"translations": [141.91117095947266, -1.9424939155578613, 1087.0], "angles": [0.0, 0.0, 0.016962711149660876], "sizes": [1.0, 1.0, 1.0]}, {"translations": [171.65704727172852, -8.041610717773438, 1237.0], "angles": [0.0, 0.0, -0.0033703280085378142], "sizes": [1.0, 1.0, 1.0]}, {"translations": [162.23725128173828, 2.0641422271728516, 1387.0], "angles": [0.0, 0.0, -0.0018948951979638573], "sizes": [1.0, 1.0, 1.0]}, {"translations": [482.2792282104492, 6.109950542449951, 37.0], "angles": [0.0, 0.0, 0.02529676980548477], "sizes": [1.0, 1.0, 1.0]}, {"translations": [491.85707092285156, -2.9225897789001465, 187.0], "angles": [0.0, 0.0, -0.01568718546248173], "sizes": [1.0, 1.0, 1.0]}, {"translations": [533.3830947875977, 8.623649597167969, 337.0], "angles": [0.0, 0.0, -0.028185356780820545], "sizes": [0.9999999999999999, 0.9999999999999999, 1.0]}, {"translations": [494.8818664550781, 8.459146499633789, 487.0], "angles": [0.0, 0.0, -0.02324401748532792], "sizes": [1.0, 1.0, 1.0]}, {"translations": [541.5834045410156, 7.324190139770508, 637.0], "angles": [0.0, 0.0, 0.023781846011312315], "sizes": [1.0, 1.0, 1.0]}, {"translations": [533.2000122070312, 9.428579330444336, 787.0], "angles": [0.0, 0.0, 0.022791387572961216], "sizes": [1.0, 1.0, 1.0]}, {"translations": [479.88209533691406, -8.396973609924316, 937.0], "angles": [0.0, 0.0, -0.018911889368680355], "sizes": [1.0, 1.0, 1.0]}, {"translations": [518.589485168457, 2.799050807952881, 1087.0], "angles": [0.0, 0.0, 0.029684132230010735], "sizes": [1.0, 1.0, 1.0]}, {"translations": [505.95130920410156, 9.096426963806152, 1237.0], "angles": [0.0, 0.0, 0.003287765270789006], "sizes": [1.0, 1.0, 1.0]}, {"translations": [528.7910232543945, -7.548806667327881, 1387.0], "angles": [0.0, 0.0, 0.011101497057232028], "sizes": [1.0, 1.0, 1.0]}, {"translations": [911.4894409179688, 2.581357955932617, 37.0], "angles": [0.0, 0.0, -0.004118691816739369], "sizes": [1.0, 1.0, 1.0]}, {"translations": [962.7283554077148, 0.3313159942626953, 187.0], "angles": [0.0, 0.0, -0.019795918175437154], "sizes": [1.0, 1.0, 1.0]}, {"translations": [935.8382797241211, -4.22123908996582, 337.0], "angles": [0.0, 0.0, 0.01586560024938511], "sizes": [1.0, 1.0, 1.0]}, {"translations": [966.4827346801758, 3.2526063919067383, 487.0], "angles": [0.0, 0.0, -0.0381270569389685], "sizes": [1.0, 1.0, 1.0]}, {"translations": [881.7578506469727, 2.102322578430176, 637.0], "angles": [0.0, 0.0, 0.03918357490383353], "sizes": [0.9999999999999999, 0.9999999999999999, 1.0]}, {"translations": [922.1294860839844, 5.8795952796936035, 787.0], "angles": [0.0, 0.0, -0.030674408049687296], "sizes": [1.0, 1.0, 1.0]}, {"translations": [880.4381942749023, 9.166719436645508, 937.0], "angles": [0.0, 0.0, 0.011948352019102512], "sizes": [1.0, 1.0, 1.0]}, {"translations": [910.0795974731445, 0.4271697998046875, 1087.0], "angles": [0.0, 0.0, -0.00582847189575639], "sizes": [1.0, 1.0, 1.0]}, {"translations": [953.6557540893555, 6.80105447769165, 1237.0], "angles": [0.0, 0.0, -0.02648950539554028], "sizes": [0.9999999999999999, 0.9999999999999999, 1.0]}, {"translations": [925.6163024902344, -3.2606863975524902, 1387.0], "angles": [0.0, 0.0, -0.03146500996878367], "sizes": [0.9999999999999999, 0.9999999999999999, 1.0]}, {"translations": [1312.5039825439453, 3.831033706665039, 37.0], "angles": [0.0, 0.0, -0.039641295178563754], "sizes": [0.9999999999999999, 0.9999999999999999, 1.0]}, {"translations": [1367.7973022460938, 1.4619636535644531, 187.0], "angles": [0.0, 0.0, -0.015532735738813228], "sizes": [1.0, 1.0, 1.0]}, {"translations": [1278.5350646972656, 1.4052867889404297, 337.0], "angles": [0.0, 0.0, -0.008243974042563322], "sizes": [1.0, 1.0, 1.0]}, {"translations": [1300.343391418457, -2.281332015991211, 487.0], "angles": [0.0, 0.0, -0.02413861546438722], "sizes": [1.0, 1.0, 1.0]}, {"translations": [1315.598030090332, -4.324848651885986, 637.0], "angles": [0.0, 0.0, 0.012765906031563558], "sizes": [0.9999999999999999, 0.9999999999999999, 1.0]}, {"translations": [1286.8436584472656, 4.431722164154053, 787.0], "angles": [0.0, 0.0, -0.0433134049795143], "sizes": [1.0, 1.0, 1.0]}, {"translations": [1352.2860984802246, -4.739868640899658, 937.0], "angles": [0.0, 0.0, 0.025121052872309754], "sizes": [1.0, 1.0, 1.0]}, {"translations": [1276.7451858520508, 9.815754890441895, 1087.0], "angles": [0.0, 0.0, -0.029239564916101808], "sizes": [0.9999999999999999, 0.9999999999999999, 1.0]}, {"translations": [1348.378776550293, -5.155339241027832, 1237.0], "angles": [0.0, 0.0, -0.004496870184020589], "sizes": [0.9999999999999999, 0.9999999999999999, 1.0]}, {"translations": [1334.1796646118164, 4.429993629455566, 1387.0], "angles": [0.0, 0.0, -0.04022673988377119], "sizes": [1.0, 1.0, 1.0]}, {"translations": [1713.750633239746, 9.805569648742676, 37.0], "angles": [0.0, 0.0, -0.009706034674818984], "sizes": [1.0, 1.0, 1.0]}, {"translations": [1675.6761093139648, 3.6362338066101074, 187.0], "angles": [0.0, 0.0, -0.03130795463853735], "sizes": [1.0, 1.0, 1.0]}, {"translations": [1697.231704711914, 6.969821453094482, 337.0], "angles": [0.0, 0.0, -0.0016072664399737902], "sizes": [0.9999999999999999, 0.9999999999999999, 1.0]}, {"translations": [1714.9520950317383, 8.078994750976562, 487.0], "angles": [0.0, 0.0, -0.02991040872473454], "sizes": [1.0, 1.0, 1.0]}, {"translations": [1734.4088516235352, 9.549428939819336, 637.0], "angles": [0.0, 0.0, -0.03745373769397616], "sizes": [1.0, 1.0, 1.0]}, {"translations": [1715.0519256591797, 4.0348219871521, 787.0], "angles": [0.0, 0.0, 0.036354564025445485], "sizes": [1.0, 1.0, 1.0]}, {"translations": [1741.4865112304688, -3.541259765625, 937.0], "angles": [0.0, 0.0, 0.03456865721056726], "sizes": [1.0, 1.0, 1.0]}, {"translations": [1760.2896919250488, -9.471297264099121, 1087.0], "angles": [0.0, 0.0, -0.037091786988020826], "sizes": [1.0, 1.0, 1.0]}, {"translations": [1707.2485885620117, 5.535857677459717, 1237.0], "angles": [0.0, 0.0, 0.015599311900334856], "sizes": [0.9999999999999999, 0.9999999999999999, 1.0]}, {"translations": [1703.9045791625977, -3.702082633972168, 1387.0], "angles": [0.0, 0.0, -0.0024062365436836397], "sizes": [0.9999999999999999, 0.9999999999999999, 1.0]}, {"translations": [2079.5151443481445, 2.395656108856201, 37.0], "angles": [0.0, 0.0, 0.017521908473587037], "sizes": [1.0, 1.0, 1.0]}, {"translations": [2093.033576965332, 0.1521778106689453, 187.0], "angles": [0.0, 0.0, -0.007703351329685548], "sizes": [1.0, 1.0, 1.0]}, {"translations": [2094.2071533203125, 0.5452275276184082, 337.0], "angles": [0.0, 0.0, 0.03650361037209323], "sizes": [1.0, 1.0, 1.0]}, {"translations": [2138.9098052978516, 0.4858231544494629, 487.0], "angles": [0.0, 0.0, -0.00025966600559442285], "sizes": [1.0, 1.0, 1.0]}, {"translations": [2166.2614097595215, -6.692960262298584, 637.0], "angles": [0.0, 0.0, 0.03611503276929237], "sizes": [0.9999999999999999, 0.9999999999999999, 1.0]}, {"translations": [2099.147735595703, -7.900900840759277, 787.0], "angles": [0.0, 0.0, -0.0123531351010854], "sizes": [1.0, 1.0, 1.0]}, {"translations": [2075.7228469848633, 4.342007637023926, 937.0], "angles": [0.0, 0.0, 0.04168763410208399], "sizes": [0.9999999999999999, 0.9999999999999999, 1.0]}, {"translations": [2112.7602767944336, 6.360223293304443, 1087.0], "angles": [0.0, 0.0, 0.01266204594287013], "sizes": [1.0, 1.0, 1.0]}, {"translations": [2157.669101715088, -8.731592178344727, 1237.0], "angles": [0.0, 0.0, -0.007482310130079865], "sizes": [1.0, 1.0, 1.0]}, {"translations": [2171.4077224731445, -3.7424254417419434, 1387.0], "angles": [0.0, 0.0, -0.02160387509915256], "sizes": [1.0, 1.0, 1.0]}, {"translations": [288.7731170654297, -1.7162489891052246, 37.0], "angles": [0.0, 0.0, -0.006491607218926004], "sizes": [1.0, 1.0, 1.0]}, {"translations": [275.2722930908203, -0.000858306884765625, 187.0], "angles": [0.0, 0.0, 0.0409505435418574], "sizes": [1.0, 1.0, 1.0]}, {"translations": [320.7218246459961, 0.4796934127807617, 337.0], "angles": [0.0, 0.0, -0.02019532494952255], "sizes": [1.0, 1.0, 1.0]}, {"translations": [273.7996139526367, -9.138336181640625, 487.0], "angles": [0.0, 0.0, 0.019013075454311034], "sizes": [0.9999999999999999, 0.9999999999999999, 1.0]}, {"translations": [289.77735900878906, -5.421197414398193, 637.0], "angles": [0.0, 0.0, -0.007437035050566441], "sizes": [0.9999999999999999, 0.9999999999999999, 1.0]}, {"translations": [294.3993606567383, 7.166991233825684, 787.0], "angles": [0.0, 0.0, -0.005833798127382609], "sizes": [1.0, 1.0, 1.0]}, {"translations": [303.22374725341797, -1.137080192565918, 937.0], "angles": [0.0, 0.0, 0.027911150790256925], "sizes": [1.0, 1.0, 1.0]}, {"translations": [307.7055892944336, -1.9424939155578613, 1087.0], "angles": [0.0, 0.0, 0.002360962933768795], "sizes": [1.0, 1.0, 1.0]}, {"translations": [322.5785217285156, -8.041610717773438, 1237.0], "angles": [0.0, 0.0, 0.01962816746626716], "sizes": [1.0, 1.0, 1.0]}, {"translations": [317.8686218261719, 2.0641422271728516, 1387.0], "angles": [0.0, 0.0, 0.03567853920959937], "sizes": [1.0, 1.0, 1.0]}, {"translations": [677.8896102905273, 6.109950542449951, 37.0], "angles": [0.0, 0.0, -0.016014723522892724], "sizes": [1.0, 1.0, 1.0]}, {"translations": [682.6785354614258, -2.9225897789001465, 187.0], "angles": [0.0, 0.0, 0.029481814333364432], "sizes": [1.0, 1.0, 1.0]}, {"translations": [703.4415435791016, 8.623649597167969, 337.0], "angles": [0.0, 0.0, 0.015151938127636997], "sizes": [1.0, 1.0, 1.0]}, {"translations": [684.1909332275391, 8.459146499633789, 487.0], "angles": [0.0, 0.0, 0.0060681625557254], "sizes": [1.0, 1.0, 1.0]}, {"translations": [707.5417022705078, 7.324190139770508, 637.0], "angles": [0.0, 0.0, -0.011937700134493948], "sizes": [0.9999999999999999, 0.9999999999999999, 1.0]}, {"translations": [703.3500061035156, 9.428579330444336, 787.0], "angles": [0.0, 0.0, 0.040596629352259474], "sizes": [1.0, 1.0, 1.0]}, {"translations": [676.691047668457, -8.396973609924316, 937.0], "angles": [0.0, 0.0, -0.006289205907826734], "sizes": [1.0, 1.0, 1.0]}, {"translations": [696.0447387695312, 2.799050807952881, 1087.0], "angles": [0.0, 0.0, -0.03678040144471802], "sizes": [0.9999999999999999, 0.9999999999999999, 1.0]}, {"translations": [689.7256546020508, 9.096426963806152, 1237.0], "angles": [0.0, 0.0, 0.04154660469249833], "sizes": [0.9999999999999999, 0.9999999999999999, 1.0]}, {"translations": [701.1455078125, -7.548806667327881, 1387.0], "angles": [0.0, 0.0, -0.013807141261941493], "sizes": [1.0, 1.0, 1.0]}, {"translations": [1092.4947204589844, 2.581357955932617, 37.0], "angles": [0.0, 0.0, 0.021611862717060157], "sizes": [1.0, 1.0, 1.0]}, {"translations": [1118.1141815185547, 0.3313159942626953, 187.0], "angles": [0.0, 0.0, -0.0013382796601817334], "sizes": [1.0, 1.0, 1.0]}, {"translations": [1104.6691436767578, -4.22123908996582, 337.0], "angles": [0.0, 0.0, 0.0019747950825734334], "sizes": [1.0, 1.0, 1.0]}, {"translations": [1119.9913635253906, 3.2526063919067383, 487.0], "angles": [0.0, 0.0, 0.028225290383885025], "sizes": [1.0, 1.0, 1.0]}, {"translations": [1077.6289291381836, 2.102322578430176, 637.0], "angles": [0.0, 0.0, 0.016731038615693715], "sizes": [1.0, 1.0, 1.0]}, {"translations": [1097.8147430419922, 5.8795952796936035, 787.0], "angles": [0.0, 0.0, -0.023624755333806504], "sizes": [1.0, 1.0, 1.0]}, {"translations": [1076.9691009521484, 9.166719436645508, 937.0], "angles": [0.0, 0.0, -0.015175903821582105], "sizes": [1.0, 1.0, 1.0]}, {"translations": [1091.789794921875, 0.4271697998046875, 1087.0], "angles": [0.0, 0.0, 0.04349699406894245], "sizes": [1.0, 1.0, 1.0]}, {"translations": [1113.577880859375, 6.80105447769165, 1237.0], "angles": [0.0, 0.0, -0.01586027459738576], "sizes": [0.9999999999999999, 0.9999999999999999, 1.0]}, {"translations": [1099.5581512451172, -3.2606863975524902, 1387.0], "angles": [0.0, 0.0, -0.028834922646961542], "sizes": [1.0, 1.0, 1.0]}, {"translations": [1493.0019912719727, 3.831033706665039, 37.0], "angles": [0.0, 0.0, -0.024471422658252338], "sizes": [1.0, 1.0, 1.0]}, {"translations": [1520.6486511230469, 1.4619636535644531, 187.0], "angles": [0.0, 0.0, 0.013418345370532516], "sizes": [1.0, 1.0, 1.0]}, {"translations": [1476.0175323486328, 1.4052867889404297, 337.0], "angles": [0.0, 0.0, 0.03580895487366148], "sizes": [1.0, 1.0, 1.0]}, {"translations": [1486.9216995239258, -2.281332015991211, 487.0], "angles": [0.0, 0.0, -0.041288491415809904], "sizes": [1.0, 1.0, 1.0]}, {"translations": [1494.5490188598633, -4.324848651885986, 637.0], "angles": [0.0, 0.0, 0.02851812641358301], "sizes": [0.9999999999999999, 0.9999999999999999, 1.0]}, {"translations": [1480.1718292236328, 4.431722164154053, 787.0], "angles": [0.0, 0.0, -0.03883229272238415], "sizes": [1.0, 1.0, 1.0]}, {"translations": [1512.893051147461, -4.739868640899658, 937.0], "angles": [0.0, 0.0, 0.022578379111843537], "sizes": [1.0, 1.0, 1.0]}, {"translations": [1475.1225967407227, 9.815754890441895, 1087.0], "angles": [0.0, 0.0, -0.029300793456319658], "sizes": [1.0, 1.0, 1.0]}, {"translations": [1510.9393844604492, -5.155339241027832, 1237.0], "angles": [0.0, 0.0, 0.030847435760994232], "sizes": [1.0, 1.0, 1.0]}, {"translations": [1503.839828491211, 4.429993629455566, 1387.0], "angles": [0.0, 0.0, -0.026271195947748467], "sizes": [1.0, 1.0, 1.0]}, {"translations": [1893.6253204345703, 9.805569648742676, 37.0], "angles": [0.0, 0.0, -0.04088135933750329], "sizes": [1.0, 1.0, 1.0]}, {"translations": [1874.5880508422852, 3.6362338066101074, 187.0], "angles": [0.0, 0.0, -0.034784247683552816], "sizes": [1.0, 1.0, 1.0]}, {"translations": [1885.365852355957, 6.969821453094482, 337.0], "angles": [0.0, 0.0, -0.028853557017944655], "sizes": [0.9999999999999999, 0.9999999999999999, 1.0]}, {"translations": [1894.2260513305664, 8.078994750976562, 487.0], "angles": [0.0, 0.0, 0.01676032928000588], "sizes": [0.9999999999999999, 0.9999999999999999, 1.0]}, {"translations": [1903.9544296264648, 9.549428939819336, 637.0], "angles": [0.0, 0.0, 0.022993741012761828], "sizes": [1.0, 1.0, 1.0]}, {"translations": [1894.2759628295898, 4.0348219871521, 787.0], "angles": [0.0, 0.0, 0.01490694457975302], "sizes": [1.0, 1.0, 1.0]}, {"translations": [1907.4932556152344, -3.541259765625, 937.0], "angles": [0.0, 0.0, 0.040341167012619965], "sizes": [0.9999999999999999, 0.9999999999999999, 1.0]}, {"translations": [1916.8948440551758, -9.471297264099121, 1087.0], "angles": [0.0, 0.0, -0.007692699000965634], "sizes": [1.0, 1.0, 1.0]}, {"translations": [1890.3742980957031, 5.535857677459717, 1237.0], "angles": [0.0, 0.0, -0.00027031864958067015], "sizes": [1.0, 1.0, 1.0]}, {"translations": [1888.702293395996, -3.702082633972168, 1387.0], "angles": [0.0, 0.0, -0.024074716092701502], "sizes": [1.0, 1.0, 1.0]}, {"translations": [2276.5075759887695, 2.395656108856201, 37.0], "angles": [0.0, 0.0, 0.021571924613737144], "sizes": [1.0, 1.0, 1.0]}, {"translations": [2283.2667846679688, 0.1521778106689453, 187.0], "angles": [0.0, 0.0, 0.00943439428198464], "sizes": [1.0, 1.0, 1.0]}, {"translations": [2283.8535766601562, 0.5452275276184082, 337.0], "angles": [0.0, 0.0, 0.008867149124034692], "sizes": [1.0, 1.0, 1.0]}, {"translations": [2306.204902648926, 0.4858231544494629, 487.0], "angles": [0.0, 0.0, 0.025499115157378148], "sizes": [1.0, 1.0, 1.0]}, {"translations": [2319.8807067871094, -6.692960262298584, 637.0], "angles": [0.0, 0.0, 0.0006458373253931353], "sizes": [1.0, 1.0, 1.0]}, {"translations": [2286.3238677978516, -7.900900840759277, 787.0], "angles": [0.0, 0.0, 0.008728664905844511], "sizes": [1.0, 1.0, 1.0]}, {"translations": [2274.611427307129, 4.342007637023926, 937.0], "angles": [0.0, 0.0, 0.027067222822879863], "sizes": [1.0, 1.0, 1.0]}, {"translations": [2293.130142211914, 6.360223293304443, 1087.0], "angles": [0.0, 0.0, 0.009405100809710286], "sizes": [1.0, 1.0, 1.0]}, {"translations": [2315.5845489501953, -8.731592178344727, 1237.0], "angles": [0.0, 0.0, 0.022205619644682886], "sizes": [1.0, 1.0, 1.0]}, {"translations": [2322.453857421875, -3.7424254417419434, 1387.0], "angles": [0.0, 0.0, 0.019620179521552785], "sizes": [1.0, 1.0, 1.0]}], "SM_CardBoxD_01": [{"translations": [1887.2582290964597, -33.66730711667552, 1408.0], "angles": [0.0, 0.0, 0.5532388481787015], "sizes": [1.0000000000000002, 1.0000000000000002, 1.0]}, {"translations": [1863.237427345579, 37.05666172948018, 508.0], "angles": [0.0, 0.0, 0.6492672738704145], "sizes": [1.0000000000000002, 1.0000000000000002, 1.0]}, {"translations": [1846.7464393447246, 35.64942904262034, 208.0], "angles": [0.0, 0.0, 0.9386392154509654], "sizes": [1.0000000000000007, 1.0000000000000007, 1.0]}, {"translations": [1482.92363813966, -6.094226041238834, 958.0], "angles": [0.0, 0.0, 0.13210556978334168], "sizes": [1.0, 1.0, 1.0]}, {"translations": [323.75598489328354, -38.01849482028841, 1258.0], "angles": [0.0, 0.0, -0.8638998629130277], "sizes": [1.0000000000000002, 1.0000000000000002, 1.0]}, {"translations": [2063.4993248283313, 30.61080467906329, 208.0], "angles": [0.0, 0.0, 0.9992670212518118], "sizes": [1.000000000000001, 1.000000000000001, 1.0]}, {"translations": [1744.3273154617186, 39.21758257367713, 58.0], "angles": [0.0, 0.0, 0.2711468607795478], "sizes": [1.0, 1.0, 1.0]}, {"translations": [1336.591315378215, 34.33290219335497, 1408.0], "angles": [0.0, 0.0, -0.8502560205252427], "sizes": [0.9999999999999999, 0.9999999999999999, 1.0]}, {"translations": [1316.7310953842104, 1.8353567545582599, 808.0], "angles": [0.0, 0.0, 0.9649663890640912], "sizes": [1.0000000000000016, 1.0000000000000016, 1.0]}, {"translations": [1336.8799264868933, -27.591708681691266, 208.0], "angles": [0.0, 0.0, 0.9991874017394275], "sizes": [1.0, 1.0, 1.0]}, {"translations": [939.7278568343565, -29.92049430882651, 1108.0], "angles": [0.0, 0.0, 0.5716856684339897], "sizes": [1.0, 1.0, 1.0]}, {"translations": [991.517320365177, -30.832693643106083, 208.0], "angles": [0.0, 0.0, 0.35865183062037714], "sizes": [1.0, 1.0, 1.0]}, {"translations": [570.1229627788077, 38.7167627580137, 658.0], "angles": [0.0, 0.0, 0.19132200810488373], "sizes": [1.0, 1.0, 1.0]}, {"translations": [524.8494493941466, 7.064882252781639, 508.0], "angles": [0.0, 0.0, -0.12414112283426953], "sizes": [1.0, 1.0, 1.0]}, {"translations": [460.9307208822356, -31.966709203756075, 208.0], "angles": [0.0, 0.0, -0.5970310818323988], "sizes": [1.0000000000000002, 1.0000000000000002, 1.0]}, {"translations": [192.12334233630787, -28.049335842920218, 1408.0], "angles": [0.0, 0.0, 0.6467701253048689], "sizes": [1.0, 1.0, 1.0]}, {"translations": [76.05477332517182, -5.478803425911169, 658.0], "angles": [0.0, 0.0, 0.926495210601961], "sizes": [0.9999999999999996, 0.9999999999999996, 1.0]}, {"translations": [77.0445785522461, -0.000858306884765625, 208.0], "angles": [0.0, 0.0, 0.4273295237783291], "sizes": [1.0, 1.0, 1.0]}, {"translations": [2284.282125665411, 19.90681379161445, 1258.0], "angles": [0.0, 0.0, -0.3620960967089395], "sizes": [1.0, 1.0, 1.0]}], "SM_CardBoxA_01": [{"translations": [1890.1463576955325, 26.26314184873118, 1408.0], "angles": [0.0, 0.0, 0.9956996451183108], "sizes": [1.0, 1.0, 1.0]}, {"translations": [1860.3905215984157, 35.55207241151163, 1258.0], "angles": [0.0, 0.0, 0.14137352733844494], "sizes": [1.0, 1.0, 1.0]}, {"translations": [1484.4465025233656, -32.179047644587605, 508.0], "angles": [0.0, 0.0, 0.903830077740375], "sizes": [0.9999999999999994, 0.9999999999999994, 1.0]}, {"translations": [1508.0877548096887, -26.37061700010644, 358.0], "angles": [0.0, 0.0, 0.984932388085072], "sizes": [1.0000000000000009, 1.0000000000000009, 1.0]}, {"translations": [1549.8328197645233, 32.25618877299, 208.0], "angles": [0.0, 0.0, 0.9998503745769668], "sizes": [1.0000000000000002, 1.0000000000000002, 1.0]}, {"translations": [1127.7812552981172, 4.462505584753246, 808.0], "angles": [0.0, 0.0, -0.7952813131671016], "sizes": [1.0000000000000002, 1.0000000000000002, 1.0]}, {"translations": [1121.6842062292783, -26.699593587057983, 508.0], "angles": [0.0, 0.0, 0.5859707285246175], "sizes": [1.0000000000000002, 1.0000000000000002, 1.0]}, {"translations": [1134.6689096878208, -4.102751616051741, 358.0], "angles": [0.0, 0.0, 0.09125522537415552], "sizes": [1.0, 1.0, 1.0]}, {"translations": [1148.0337773513024, -29.74887325389578, 208.0], "angles": [0.0, 0.0, 0.8889961479560579], "sizes": [0.9999999999999994, 0.9999999999999994, 1.0]}, {"translations": [701.973857319831, 22.439755103682486, 1408.0], "angles": [0.0, 0.0, 0.051119385550086195], "sizes": [1.0, 1.0, 1.0]}, {"translations": [700.9162163725508, 39.329694151558456, 808.0], "angles": [0.0, 0.0, 0.4019460285146853], "sizes": [1.0, 1.0, 1.0]}, {"translations": [684.5550162774558, -21.53864414455805, 508.0], "angles": [0.0, 0.0, -0.064468551225792], "sizes": [1.0, 1.0, 1.0]}, {"translations": [706.9134618244267, -24.835421359308917, 58.0], "angles": [0.0, 0.0, 0.7674364976485444], "sizes": [1.0000000000000004, 1.0000000000000004, 1.0]}, {"translations": [647.9049985726982, 7.0707107263797, 58.0], "angles": [0.0, 0.0, 0.9330206714525341], "sizes": [0.9999999999999997, 0.9999999999999997, 1.0]}, {"translations": [324.7473405960104, 36.8149273104826, 808.0], "angles": [0.0, 0.0, 0.999130270196105], "sizes": [1.0000000000000009, 1.0000000000000009, 1.0]}, {"translations": [318.38110038140115, -32.103208757419594, 58.0], "angles": [0.0, 0.0, 0.6400232918041183], "sizes": [1.0, 1.0, 1.0]}, {"translations": [1738.1698330797878, -23.513697180952523, 1258.0], "angles": [0.0, 0.0, -0.06461788388954944], "sizes": [1.0, 1.0, 1.0]}, {"translations": [1773.487691490841, -31.396680457891858, 958.0], "angles": [0.0, 0.0, -0.15923834271904158], "sizes": [1.0, 1.0, 1.0]}, {"translations": [1344.7863047745693, 31.36013960202905, 58.0], "angles": [0.0, 0.0, 0.6989938445985457], "sizes": [1.0000000000000004, 1.0000000000000004, 1.0]}, {"translations": [909.7127785421434, 39.87500359548781, 958.0], "angles": [0.0, 0.0, 0.949516537413143], "sizes": [1.000000000000001, 1.000000000000001, 1.0]}, {"translations": [904.901566562343, 24.811841675703203, 358.0], "angles": [0.0, 0.0, -0.01038619040471565], "sizes": [1.0, 1.0, 1.0]}, {"translations": [499.46446662524545, -38.20746084974942, 1408.0], "angles": [0.0, 0.0, 0.5576863911266022], "sizes": [1.0000000000000002, 1.0000000000000002, 1.0]}, {"translations": [535.7533957899917, 39.29304324985892, 1258.0], "angles": [0.0, 0.0, 0.8530567677481949], "sizes": [0.9999999999999999, 0.9999999999999999, 1.0]}, {"translations": [86.6193238470783, -24.09787980324001, 808.0], "angles": [0.0, 0.0, 0.9926559642307328], "sizes": [1.0, 1.0, 1.0]}, {"translations": [2292.4769545085423, -4.9194096067314845, 1408.0], "angles": [0.0, 0.0, 0.8624748745840969], "sizes": [1.0000000000000004, 1.0000000000000004, 1.0]}], "SM_CardBoxB_01": [{"translations": [1860.358083361651, -24.447918819827688, 1258.0], "angles": [0.0, 0.0, 0.5924059747227839], "sizes": [1.0, 1.0, 1.0]}, {"translations": [1937.395611029878, -1.1227600950988856, 958.0], "angles": [0.0, 0.0, 0.7046716864793128], "sizes": [1.0000000000000004, 1.0000000000000004, 1.0]}, {"translations": [1475.1225967407227, 9.815754890441895, 1108.0], "angles": [0.0, 0.0, -0.3471650742954253], "sizes": [1.0000000000000002, 1.0000000000000002, 1.0]}, {"translations": [1069.2653204808075, 37.26319723075903, 808.0], "angles": [0.0, 0.0, -0.8304747801330146], "sizes": [1.0000000000000002, 1.0000000000000002, 1.0]}, {"translations": [1091.1983115606038, 32.55333359932655, 58.0], "angles": [0.0, 0.0, -0.451998870183831], "sizes": [1.0, 1.0, 1.0]}, {"translations": [719.6220873803622, 11.58707088293645, 1258.0], "angles": [0.0, 0.0, 0.9300743946080512], "sizes": [1.0, 1.0, 1.0]}, {"translations": [736.8169407799649, -23.383470308632372, 658.0], "angles": [0.0, 0.0, -0.010932589034772441], "sizes": [1.0, 1.0, 1.0]}, {"translations": [290.08434871584336, -29.9988296832829, 1408.0], "angles": [0.0, 0.0, 0.5358279874292217], "sizes": [1.0, 1.0, 1.0]}, {"translations": [2142.750657149986, 7.119885145245408, 1108.0], "angles": [0.0, 0.0, 0.9798363354085409], "sizes": [1.0000000000000002, 1.0000000000000002, 1.0]}, {"translations": [2098.4066040444286, -37.89174484394974, 808.0], "angles": [0.0, 0.0, -0.6215463393045215], "sizes": [1.0, 1.0, 1.0]}, {"translations": [1378.6473727227835, 24.573637965507483, 1258.0], "angles": [0.0, 0.0, 0.898041995970168], "sizes": [0.9999999999999997, 0.9999999999999997, 1.0]}, {"translations": [1308.0363652770995, -29.085257058263952, 358.0], "angles": [0.0, 0.0, 0.886350687834544], "sizes": [1.0000000000000002, 1.0000000000000002, 1.0]}, {"translations": [1309.02560854447, 30.906587368774314, 358.0], "angles": [0.0, 0.0, 0.6033584059679465], "sizes": [1.0000000000000002, 1.0000000000000002, 1.0]}, {"translations": [1310.1273743763154, -26.07468035632892, 58.0], "angles": [0.0, 0.0, 0.863425076000509], "sizes": [0.9999999999999996, 0.9999999999999996, 1.0]}, {"translations": [940.4272615817757, 30.07542916101674, 1108.0], "angles": [0.0, 0.0, -0.25047943977639003], "sizes": [1.0, 1.0, 1.0]}, {"translations": [890.3463428276131, -22.224351146831186, 808.0], "angles": [0.0, 0.0, 0.9113323876754956], "sizes": [1.0000000000000004, 1.0000000000000004, 1.0]}, {"translations": [881.7375781482631, 32.82745955155325, 58.0], "angles": [0.0, 0.0, 0.964343277989104], "sizes": [1.0000000000000007, 1.0000000000000007, 1.0]}, {"translations": [520.9011903477075, -33.848939819516104, 208.0], "angles": [0.0, 0.0, 0.7573948911179014], "sizes": [1.0000000000000004, 1.0000000000000004, 1.0]}, {"translations": [480.76190774208726, 36.071554948694455, 58.0], "angles": [0.0, 0.0, -0.182114051270127], "sizes": [0.9999999999999999, 0.9999999999999999, 1.0]}, {"translations": [42.66245666086735, 19.35252926198678, 508.0], "angles": [0.0, 0.0, 0.9909129077093994], "sizes": [0.9999999999999999, 0.9999999999999999, 1.0]}, {"translations": [2322.5605537667147, 36.919197027954965, 1108.0], "angles": [0.0, 0.0, 0.9877287157396779], "sizes": [1.0000000000000007, 1.0000000000000007, 1.0]}, {"translations": [2246.2788237290997, -27.237472638785682, 958.0], "angles": [0.0, 0.0, -0.46082446004091043], "sizes": [1.0, 1.0, 1.0]}], "SM_CardBoxB_02": [{"translations": [1920.3580745929905, -24.4803570565922, 1258.0], "angles": [0.0, 0.0, 0.33505147082185727], "sizes": [1.0, 1.0, 1.0]}, {"translations": [1903.9544296264648, 9.549428939819336, 658.0], "angles": [0.0, 0.0, 0.9334954459941724], "sizes": [1.0000000000000007, 1.0000000000000007, 1.0]}, {"translations": [1923.20371830907, 39.06761873596403, 508.0], "angles": [0.0, 0.0, 0.6142042411507237], "sizes": [1.0000000000000002, 1.0000000000000002, 1.0]}, {"translations": [1902.4296623398457, -28.376961429400126, 208.0], "angles": [0.0, 0.0, 0.03826795593308203], "sizes": [1.0, 1.0, 1.0]}, {"translations": [1475.456966746119, 35.96431079598053, 1408.0], "angles": [0.0, 0.0, 0.5972365740337043], "sizes": [1.0000000000000004, 1.0000000000000004, 1.0]}, {"translations": [1510.0813524061482, 2.1035419746981767, 808.0], "angles": [0.0, 0.0, 0.9866838613450946], "sizes": [1.0000000000000007, 1.0000000000000007, 1.0]}, {"translations": [1443.947309887577, 29.181190577987298, 358.0], "angles": [0.0, 0.0, -0.8576048706742964], "sizes": [1.0, 1.0, 1.0]}, {"translations": [654.4988260491127, -34.638579081420616, 208.0], "angles": [0.0, 0.0, 0.8377567424019138], "sizes": [1.0000000000000007, 1.0000000000000007, 1.0]}, {"translations": [289.534823343809, -28.28436314705413, 358.0], "angles": [0.0, 0.0, 0.8846714723262595], "sizes": [1.0000000000000002, 1.0000000000000002, 1.0]}, {"translations": [2168.925381212076, 30.470239149052983, 508.0], "angles": [0.0, 0.0, -0.09460055769692888], "sizes": [0.9999999999999999, 0.9999999999999999, 1.0]}, {"translations": [1706.3127437323299, 35.52125736555388, 1258.0], "angles": [0.0, 0.0, 0.9998790533984271], "sizes": [1.0, 1.0, 1.0]}, {"translations": [1744.9726263996508, 6.214653907086973, 808.0], "angles": [0.0, 0.0, -0.4214037824359898], "sizes": [1.0, 1.0, 1.0]}, {"translations": [1667.2318597102385, 7.066257314931026, 358.0], "angles": [0.0, 0.0, -0.7440070860550828], "sizes": [1.0000000000000002, 1.0000000000000002, 1.0]}, {"translations": [1380.741446937346, 26.72905482628943, 958.0], "angles": [0.0, 0.0, -0.8486751063718931], "sizes": [1.0, 1.0, 1.0]}, {"translations": [1248.0445208500612, -28.096013790893455, 358.0], "angles": [0.0, 0.0, 0.999325125953916], "sizes": [1.0000000000000007, 1.0000000000000007, 1.0]}, {"translations": [964.1967745961346, -26.66017325984362, 508.0], "angles": [0.0, 0.0, -0.49023980110528237], "sizes": [0.9999999999999999, 0.9999999999999999, 1.0]}, {"translations": [132.12377321164522, -27.821948827396728, 1408.0], "angles": [0.0, 0.0, -0.8189247168776734], "sizes": [0.9999999999999999, 0.9999999999999999, 1.0]}, {"translations": [171.4548287397374, -38.040929171120325, 1258.0], "angles": [0.0, 0.0, 0.9881303322996193], "sizes": [0.9999999999999997, 0.9999999999999997, 1.0]}, {"translations": [2283.321568628868, 30.540509947603137, 358.0], "angles": [0.0, 0.0, 0.995397155913876], "sizes": [0.9999999999999999, 0.9999999999999999, 1.0]}, {"translations": [2247.829511152928, -28.870437303517186, 58.0], "angles": [0.0, 0.0, 0.632552133226663], "sizes": [1.0000000000000002, 1.0000000000000002, 1.0]}, {"translations": [2262.5711684772637, 35.790634848105014, 1108.0], "angles": [0.0, 0.0, -0.8045270494160427], "sizes": [1.0, 1.0, 1.0]}], "SM_CardBoxD_05": [{"translations": [1886.898394712251, -9.009748981311304, 1108.0], "angles": [0.0, 0.0, 0.9447989893047629], "sizes": [1.0000000000000009, 1.0000000000000009, 1.0]}, {"translations": [1875.1724005300646, 23.94259597849248, 958.0], "angles": [0.0, 0.0, 0.9785990778573382], "sizes": [1.0, 1.0, 1.0]}, {"translations": [1512.7893497969703, -35.09824538344611, 1258.0], "angles": [0.0, 0.0, 0.9805693020311844], "sizes": [1.0000000000000013, 1.0000000000000013, 1.0]}, {"translations": [1083.5929737579934, 7.752551257248695, 1258.0], "angles": [0.0, 0.0, -0.605076214641747], "sizes": [1.0, 1.0, 1.0]}, {"translations": [672.5463065291924, 37.70086279977599, 358.0], "angles": [-0.0, -0.0, 0.004581350297041161], "sizes": [1.0, 1.0, 1.0]}, {"translations": [291.4241744612327, 20.757810219973628, 1258.0], "angles": [0.0, 0.0, -0.7997922833837404], "sizes": [1.0000000000000004, 1.0000000000000004, 1.0]}, {"translations": [277.70592374319205, -2.0841512967728777, 1108.0], "angles": [0.0, 0.0, 0.4888337544736488], "sizes": [0.9999999999999999, 0.9999999999999999, 1.0]}, {"translations": [247.82788150314144, -32.355213077241075, 208.0], "angles": [0.0, 0.0, 0.8828113613180644], "sizes": [1.0, 1.0, 1.0]}, {"translations": [2048.3262021994165, -28.052804517085534, 958.0], "angles": [0.0, 0.0, -0.04986038302849105], "sizes": [0.9999999999999999, 0.9999999999999999, 1.0]}, {"translations": [2099.8888671469776, 22.089943162431183, 808.0], "angles": [0.0, 0.0, 0.8969561889107913], "sizes": [1.0000000000000002, 1.0000000000000002, 1.0]}, {"translations": [2048.4824122745704, 31.326081962095127, 58.0], "angles": [0.0, 0.0, 0.8218254160140522], "sizes": [1.0000000000000002, 1.0000000000000002, 1.0]}, {"translations": [1728.1482641995633, -37.16477345917792, 1108.0], "angles": [0.0, 0.0, -0.7332543484569859], "sizes": [1.0000000000000004, 1.0000000000000004, 1.0]}, {"translations": [1787.9831681201276, -41.61272498958456, 1108.0], "angles": [0.0, 0.0, 0.7838070310046823], "sizes": [1.0000000000000004, 1.0000000000000004, 1.0]}, {"translations": [1323.8307500231033, -36.208792108088744, 958.0], "angles": [0.0, 0.0, 0.1269665593323476], "sizes": [1.0, 1.0, 1.0]}, {"translations": [1254.359856100725, -22.859349363194987, 808.0], "angles": [0.0, 0.0, -0.6064850999518294], "sizes": [1.0000000000000002, 1.0000000000000002, 1.0]}, {"translations": [922.1090431229715, -21.568031288392294, 1258.0], "angles": [0.0, 0.0, -0.7560420062117459], "sizes": [1.0, 1.0, 1.0]}, {"translations": [982.0248398554394, -24.745656488692365, 1258.0], "angles": [0.0, 0.0, -0.04925494455926565], "sizes": [1.0, 1.0, 1.0]}, {"translations": [102.59009334890084, 22.298435062765463, 508.0], "angles": [0.0, 0.0, -0.7471436542528047], "sizes": [1.0000000000000002, 1.0000000000000002, 1.0]}, {"translations": [198.10930256912854, -29.35374123116989, 358.0], "angles": [0.0, 0.0, -0.19379086615977736], "sizes": [1.0, 1.0, 1.0]}, {"translations": [2277.773364380451, -31.004613992218516, 508.0], "angles": [0.0, 0.0, 0.7782955878374329], "sizes": [1.0000000000000002, 1.0000000000000002, 1.0]}, {"translations": [2275.2135617005038, 32.36773523296375, 58.0], "angles": [0.0, 0.0, 0.5261448473161491], "sizes": [1.0, 1.0, 1.0]}, {"translations": [2346.8869722349796, -37.36999814830391, 1258.0], "angles": [0.0, 0.0, -0.0672258927464727], "sizes": [1.0, 1.0, 1.0]}], "SM_CardBoxD_03": [{"translations": [1925.1569471017576, -25.05752770107557, 808.0], "angles": [0.0, 0.0, -0.3130128852588511], "sizes": [1.0, 1.0, 1.0]}, {"translations": [1863.394978557422, 33.12717167537977, 808.0], "angles": [0.0, 0.0, -0.046530801443466385], "sizes": [1.0, 1.0, 1.0]}, {"translations": [1925.9758742724619, 37.2544615458972, 58.0], "angles": [0.0, 0.0, 0.9721857385646115], "sizes": [1.0000000000000004, 1.0000000000000004, 1.0]}, {"translations": [1519.2946121530824, 25.141186612044855, 508.0], "angles": [0.0, 0.0, -0.03242696846713266], "sizes": [1.0, 1.0, 1.0]}, {"translations": [1521.4982145884326, -27.600880913644737, 58.0], "angles": [0.0, 0.0, 0.9322430736463714], "sizes": [1.0000000000000007, 1.0000000000000007, 1.0]}, {"translations": [1119.0689260114007, 32.921000091114934, 1108.0], "angles": [0.0, 0.0, 0.5906800301589226], "sizes": [1.0000000000000002, 1.0000000000000002, 1.0]}, {"translations": [1074.787865139609, -34.33949257494281, 358.0], "angles": [0.0, 0.0, 0.9257123175762346], "sizes": [1.0000000000000002, 1.0000000000000002, 1.0]}, {"translations": [1088.1142889781015, 0.4116127019681042, 208.0], "angles": [0.0, 0.0, 0.7575136719521104], "sizes": [1.0, 1.0, 1.0]}, {"translations": [1762.513667690252, 20.446154696182997, 1108.0], "angles": [0.0, 0.0, 0.9135731043446542], "sizes": [1.0000000000000004, 1.0000000000000004, 1.0]}, {"translations": [1702.2473710464774, -18.120756587052895, 658.0], "angles": [0.0, 0.0, 0.1935133963908687], "sizes": [1.0, 1.0, 1.0]}, {"translations": [1713.1582734526364, -21.867327296018598, 508.0], "angles": [0.0, 0.0, 0.9608406525546519], "sizes": [1.0000000000000013, 1.0000000000000013, 1.0]}, {"translations": [880.4313381119325, 30.774833908435884, 1108.0], "angles": [0.0, 0.0, 0.567887529258376], "sizes": [1.0, 1.0, 1.0]}, {"translations": [952.0730309254325, 4.039996864770316, 808.0], "angles": [0.0, 0.0, -0.7599045947768855], "sizes": [1.0000000000000007, 1.0000000000000007, 1.0]}, {"translations": [504.59830708834966, -21.90738186917394, 808.0], "angles": [0.0, 0.0, 0.9954066803016914], "sizes": [1.0000000000000004, 1.0000000000000004, 1.0]}, {"translations": [132.3511602271687, 32.17762029726592, 1408.0], "angles": [0.0, 0.0, 0.2373398641076666], "sizes": [1.0, 1.0, 1.0]}], "SM_CardBoxC_02": [{"translations": [1883.6353597265406, -22.98022688175025, 358.0], "angles": [0.0, 0.0, 0.9905878017977222], "sizes": [1.0, 1.0, 1.0]}, {"translations": [1857.1462966505287, 38.650362417355545, 358.0], "angles": [0.0, 0.0, 0.948673823378571], "sizes": [1.0000000000000004, 1.0000000000000004, 1.0]}, {"translations": [1539.0323252663463, 26.63753223791155, 1258.0], "angles": [0.0, 0.0, 0.4328896580655627], "sizes": [1.0, 1.0, 1.0]}, {"translations": [1452.5904862305733, 36.66942553612532, 808.0], "angles": [0.0, 0.0, 0.07851720169611096], "sizes": [1.0, 1.0, 1.0]}, {"translations": [1094.3971445227673, -29.459310890613295, 1108.0], "angles": [0.0, 0.0, 0.5661286713512506], "sizes": [1.0, 1.0, 1.0]}, {"translations": [730.3057200761793, -38.36571794566926, 1408.0], "angles": [0.0, 0.0, -0.5849014666678015], "sizes": [0.9999999999999999, 0.9999999999999999, 1.0]}, {"translations": [259.1651337494582, 28.670710779209145, 58.0], "angles": [0.0, 0.0, 0.8822373955645479], "sizes": [1.0, 1.0, 1.0]}, {"translations": [2043.3280348307537, 31.73865242247096, 958.0], "angles": [0.0, 0.0, 0.2879592292735075], "sizes": [1.0, 1.0, 1.0]}, {"translations": [2108.4455702013834, 33.42838818243047, 58.0], "angles": [0.0, 0.0, -0.8121231823078603], "sizes": [0.9999999999999999, 0.9999999999999999, 1.0]}, {"translations": [1686.799594563845, 39.81913837707363, 508.0], "angles": [0.0, 0.0, 0.9861661798274396], "sizes": [1.0000000000000009, 1.0000000000000009, 1.0]}, {"translations": [1361.670922409317, -27.88456570084258, 1408.0], "angles": [0.0, 0.0, -0.11324333015158553], "sizes": [1.0, 1.0, 1.0]}, {"translations": [849.7299101160601, 38.44130370388652, 958.0], "angles": [0.0, 0.0, 0.05986058924782879], "sizes": [1.0, 1.0, 1.0]}, {"translations": [510.99514618677733, 20.447056393073254, 958.0], "angles": [0.0, 0.0, -0.4987086121230178], "sizes": [1.0, 1.0, 1.0]}, {"translations": [462.81295149799564, 28.00376026171581, 208.0], "angles": [0.0, 0.0, -0.4183075187414498], "sizes": [1.0, 1.0, 1.0]}, {"translations": [483.7965486788112, -23.85165386379455, 58.0], "angles": [-0.0, -0.0, 0.013474625567341142], "sizes": [1.0, 1.0, 1.0]}, {"translations": [73.0299956849771, 27.231858939879938, 58.0], "angles": [0.0, 0.0, 0.8838895462208222], "sizes": [1.0, 1.0, 1.0]}], "SM_CardBoxC_01": [{"translations": [1863.7255975670473, 12.256400619111226, 58.0], "angles": [0.0, 0.0, 0.8973777850100929], "sizes": [1.0000000000000004, 1.0000000000000004, 1.0]}, {"translations": [1522.7898302042072, 27.336745979673264, 658.0], "angles": [0.0, 0.0, -0.7199440545296301], "sizes": [1.0000000000000002, 1.0000000000000002, 1.0]}, {"translations": [1524.4339058922824, 32.32725702312501, 58.0], "angles": [0.0, 0.0, 0.9929515512148402], "sizes": [1.0, 1.0, 1.0]}, {"translations": [1131.2376400422404, 24.960050473637537, 1408.0], "angles": [0.0, 0.0, 0.9971741024849898], "sizes": [1.0, 1.0, 1.0]}, {"translations": [668.3312375333418, 34.92321382011131, 1108.0], "angles": [0.0, 0.0, 0.71734306859704], "sizes": [1.0000000000000007, 1.0000000000000007, 1.0]}, {"translations": [676.691047668457, -8.396973609924316, 958.0], "angles": [0.0, 0.0, 0.6061324417626308], "sizes": [1.0, 1.0, 1.0]}, {"translations": [738.2493627189107, 36.59942864922749, 658.0], "angles": [0.0, 0.0, -0.6905446566219112], "sizes": [1.0000000000000004, 1.0000000000000004, 1.0]}, {"translations": [704.3505555027521, -21.362575529090606, 358.0], "angles": [0.0, 0.0, -0.17462695263845937], "sizes": [1.0, 1.0, 1.0]}, {"translations": [285.8056499157161, 29.84841533750139, 1408.0], "angles": [0.0, 0.0, -0.7675704292575161], "sizes": [1.0000000000000002, 1.0000000000000002, 1.0]}, {"translations": [274.94019226614336, -39.116646359346745, 508.0], "angles": [0.0, 0.0, 0.9802314694117845], "sizes": [1.000000000000001, 1.000000000000001, 1.0]}, {"translations": [2127.6724608129807, -8.282666137621925, 1258.0], "angles": [0.0, 0.0, 0.9345478883229569], "sizes": [0.9999999999999999, 0.9999999999999999, 1.0]}, {"translations": [2110.5478764217187, -26.534769744382725, 58.0], "angles": [0.0, 0.0, -0.30897545192861936], "sizes": [1.0, 1.0, 1.0]}, {"translations": [1769.3419319227355, 28.459920494747138, 958.0], "angles": [0.0, 0.0, 0.8899285184438039], "sizes": [1.0, 1.0, 1.0]}, {"translations": [1683.1739510177736, -19.606443276191776, 58.0], "angles": [0.0, 0.0, 0.5780454188374217], "sizes": [1.0000000000000002, 1.0000000000000002, 1.0]}, {"translations": [1276.7451858520508, 9.815754890441895, 1108.0], "angles": [0.0, 0.0, 0.35289642247682224], "sizes": [1.0, 1.0, 1.0]}, {"translations": [985.2024650557395, 35.17014024377559, 1258.0], "angles": [0.0, 0.0, 0.742554865370108], "sizes": [1.0000000000000004, 1.0000000000000004, 1.0]}, {"translations": [559.449677436816, -36.875363296476934, 1408.0], "angles": [0.0, 0.0, 0.9996526401540577], "sizes": [1.0000000000000018, 1.0000000000000018, 1.0]}, {"translations": [564.5359734066495, -19.17312578823728, 808.0], "angles": [0.0, 0.0, -0.8524052466787255], "sizes": [1.0000000000000002, 1.0000000000000002, 1.0]}, {"translations": [565.0258794752295, 36.885535189112616, 358.0], "angles": [0.0, 0.0, -0.012790884651050766], "sizes": [1.0, 1.0, 1.0]}, {"translations": [103.91688551734846, -32.076112848734866, 958.0], "angles": [0.0, 0.0, 0.906114873812696], "sizes": [0.9999999999999996, 0.9999999999999996, 1.0]}, {"translations": [2286.84756774082, -37.896329465296965, 808.0], "angles": [0.0, 0.0, 0.9617107629055657], "sizes": [1.0000000000000009, 1.0000000000000009, 1.0]}, {"translations": [2289.8419815820184, 23.26826447990825, 658.0], "angles": [0.0, 0.0, 0.26355220300283566], "sizes": [1.0, 1.0, 1.0]}, {"translations": [2253.272125135697, -0.41386065365043767, 208.0], "angles": [0.0, 0.0, 0.6188656072927942], "sizes": [1.0000000000000002, 1.0000000000000002, 1.0]}, {"translations": [2312.695405735921, 30.712875807260254, 208.0], "angles": [0.0, 0.0, 0.893378959650165], "sizes": [1.0, 1.0, 1.0]}, {"translations": [2263.6997306571134, -24.198750441346082, 1108.0], "angles": [0.0, 0.0, 0.9854508111490929], "sizes": [1.0, 1.0, 1.0]}], "SM_CardBoxD_04": [{"translations": [1533.7984179470195, 2.8542659187391033, 1408.0], "angles": [0.0, 0.0, 0.6021547899896298], "sizes": [1.0000000000000002, 1.0000000000000002, 1.0]}, {"translations": [1542.862464155262, -3.385511240560483, 958.0], "angles": [0.0, 0.0, -0.46346166421005114], "sizes": [1.0, 1.0, 1.0]}, {"translations": [1447.9341258516615, -23.14962082890546, 808.0], "angles": [0.0, 0.0, 0.48119616074956345], "sizes": [1.0, 1.0, 1.0]}, {"translations": [1526.2106134914225, -32.5656599962298, 658.0], "angles": [0.0, 0.0, 0.9996109204289376], "sizes": [1.0000000000000007, 1.0000000000000007, 1.0]}, {"translations": [710.8582448737388, 28.79339952362032, 208.0], "angles": [0.0, 0.0, 0.9730243356255975], "sizes": [1.0000000000000013, 1.0000000000000013, 1.0]}, {"translations": [289.33114924608424, -35.417878844977594, 658.0], "angles": [0.0, 0.0, -0.2113895198826356], "sizes": [1.0, 1.0, 1.0]}, {"translations": [290.2235687714939, 24.575484016181207, 658.0], "angles": [0.0, 0.0, -0.8011275708624741], "sizes": [1.0000000000000002, 1.0000000000000002, 1.0]}, {"translations": [351.90882594818316, 29.243749972615653, 358.0], "angles": [0.0, 0.0, 0.14657572186193704], "sizes": [1.0, 1.0, 1.0]}, {"translations": [2141.4357261183027, -2.4464954647227035, 1408.0], "angles": [0.0, 0.0, -0.29392294922555745], "sizes": [1.0, 1.0, 1.0]}, {"translations": [2082.01023458694, 35.590941796915914, 1108.0], "angles": [0.0, 0.0, 0.8688361921562036], "sizes": [1.0, 1.0, 1.0]}, {"translations": [2196.1831520240057, -4.527471897571268, 658.0], "angles": [0.0, 0.0, 0.4241928908617499], "sizes": [1.0, 1.0, 1.0]}, {"translations": [2123.0300164680293, -0.3100095550279158, 208.0], "angles": [0.0, 0.0, 0.8456659442611026], "sizes": [0.9999999999999998, 0.9999999999999998, 1.0]}, {"translations": [1764.3246846755003, 7.303781414726519, 658.0], "angles": [0.0, 0.0, 0.9597257612723724], "sizes": [1.0000000000000004, 1.0000000000000004, 1.0]}, {"translations": [1328.8605361340922, -33.69426656957162, 508.0], "angles": [0.0, 0.0, -0.5460977590963718], "sizes": [1.0000000000000002, 1.0000000000000002, 1.0]}, {"translations": [925.6163024902344, -3.2606863975524902, 1408.0], "angles": [0.0, 0.0, 0.7731327819311814], "sizes": [1.0000000000000007, 1.0000000000000007, 1.0]}, {"translations": [516.8092220907388, 32.74618194557796, 1108.0], "angles": [0.0, 0.0, 0.9436748539276153], "sizes": [1.0000000000000009, 1.0000000000000009, 1.0]}, {"translations": [464.9142835160096, 9.853410746485938, 508.0], "angles": [0.0, 0.0, -0.445910515858959], "sizes": [1.0000000000000002, 1.0000000000000002, 1.0]}, {"translations": [192.35072935183135, 31.95023328174243, 1408.0], "angles": [0.0, 0.0, -0.15121870372226887], "sizes": [1.0, 1.0, 1.0]}, {"translations": [143.97811877987482, 38.43186227089137, 808.0], "angles": [0.0, 0.0, 0.5756050174444769], "sizes": [1.0000000000000002, 1.0000000000000002, 1.0]}, {"translations": [2336.165890356497, 2.0152725935459967, 508.0], "angles": [0.0, 0.0, 0.8118743567095492], "sizes": [1.0000000000000004, 1.0000000000000004, 1.0]}, {"translations": [2274.714465502258, 28.917361422924373, 508.0], "angles": [0.0, 0.0, 0.16842653586734918], "sizes": [1.0, 1.0, 1.0]}, {"translations": [2313.82748266456, -29.276443257283596, 208.0], "angles": [0.0, 0.0, 0.994309996974044], "sizes": [0.9999999999999994, 0.9999999999999994, 1.0]}], "SM_CardBoxD_02": [{"translations": [1462.887424228304, 23.91596269245783, 658.0], "angles": [0.0, 0.0, 0.9376332126021834], "sizes": [1.0000000000000009, 1.0000000000000009, 1.0]}, {"translations": [1551.4428762424725, -27.72220498791205, 208.0], "angles": [0.0, 0.0, 0.42922154807656987], "sizes": [0.9999999999999998, 0.9999999999999998, 1.0]}, {"translations": [1127.7788881163071, -34.94017519467571, 1408.0], "angles": [0.0, 0.0, 0.9566428431423925], "sizes": [1.0000000000000004, 1.0000000000000004, 1.0]}, {"translations": [1046.9829194355566, 10.077168805914978, 958.0], "angles": [0.0, 0.0, 0.1868893116233212], "sizes": [1.0, 1.0, 1.0]}, {"translations": [677.5502527915779, 8.040401109243454, 658.0], "angles": [0.0, 0.0, 0.9885343493950347], "sizes": [1.0, 1.0, 1.0]}, {"translations": [683.8268501776223, 38.45693714382563, 508.0], "angles": [0.0, 0.0, 0.8923516104704942], "sizes": [0.9999999999999994, 0.9999999999999994, 1.0]}, {"translations": [714.3945247639463, -31.102299191213245, 208.0], "angles": [0.0, 0.0, 0.9849122560915973], "sizes": [1.0000000000000007, 1.0000000000000007, 1.0]}, {"translations": [349.93159373662763, -25.720130883155687, 1408.0], "angles": [0.0, 0.0, -0.19539772315048048], "sizes": [1.0, 1.0, 1.0]}, {"translations": [351.3779426662627, 23.112736549509435, 1258.0], "angles": [0.0, 0.0, 0.999706708879391], "sizes": [1.0000000000000013, 1.0000000000000013, 1.0]}, {"translations": [334.85102192276287, -29.41632164260866, 958.0], "angles": [0.0, 0.0, -0.8167153715809127], "sizes": [1.0000000000000002, 1.0000000000000002, 1.0]}, {"translations": [302.6373458168362, 21.980552309572126, 508.0], "angles": [0.0, 0.0, 0.9587569462125035], "sizes": [1.0000000000000007, 1.0000000000000007, 1.0]}, {"translations": [2202.675648805006, 24.933640936080828, 1408.0], "angles": [0.0, 0.0, 0.5366789848950309], "sizes": [0.9999999999999999, 0.9999999999999999, 1.0]}, {"translations": [2138.894225338041, -29.51417279996447, 508.0], "angles": [0.0, 0.0, 0.7555166420194398], "sizes": [0.9999999999999999, 0.9999999999999999, 1.0]}, {"translations": [2126.3159593953, -27.186064768970255, 358.0], "angles": [0.0, 0.0, 0.09368233515842624], "sizes": [0.9999999999999999, 0.9999999999999999, 1.0]}, {"translations": [2062.098347245325, 28.27651982420707, 358.0], "angles": [0.0, 0.0, 0.9526558952506896], "sizes": [1.0000000000000013, 1.0000000000000013, 1.0]}, {"translations": [1682.9513929987736, 31.775690807688413, 808.0], "angles": [0.0, 0.0, 0.9970873682539766], "sizes": [1.0000000000000013, 1.0000000000000013, 1.0]}, {"translations": [1703.7397416104075, -28.182511334109392, 208.0], "angles": [0.0, 0.0, 0.18328308768518467], "sizes": [1.0, 1.0, 1.0]}, {"translations": [851.8499717995073, -0.24688640446923493, 658.0], "angles": [0.0, 0.0, 0.9929527725424983], "sizes": [1.0, 1.0, 1.0]}, {"translations": [476.1492226182114, -21.100189322246614, 1258.0], "angles": [0.0, 0.0, 0.6082687843443918], "sizes": [1.0000000000000002, 1.0000000000000002, 1.0]}, {"translations": [475.7546929180488, 38.89851354969629, 1258.0], "angles": [0.0, 0.0, 0.6631123932822962], "sizes": [1.0000000000000002, 1.0000000000000002, 1.0]}, {"translations": [2349.8419315293163, 23.345764942792474, 658.0], "angles": [0.0, 0.0, 0.9979162905662958], "sizes": [1.0, 1.0, 1.0]}, {"translations": [2254.39030227146, -29.982062923654503, 358.0], "angles": [0.0, 0.0, -0.5876641570495647], "sizes": [1.0000000000000002, 1.0000000000000002, 1.0]}, {"translations": [2243.0319470313193, 32.674611215053105, 958.0], "angles": [0.0, 0.0, 0.7232195471183486], "sizes": [1.0000000000000007, 1.0000000000000007, 1.0]}], "SM_CardBoxA_02": [{"translations": [1071.3374143739272, 28.41880239957073, 1408.0], "angles": [0.0, 0.0, -0.5907806101512999], "sizes": [0.9999999999999999, 0.9999999999999999, 1.0]}, {"translations": [1142.6112911811997, -24.135349403247123, 1258.0], "angles": [0.0, 0.0, 0.05309228851852369], "sizes": [1.0, 1.0, 1.0]}, {"translations": [1047.645724797373, 1.0986007757339353, 658.0], "angles": [0.0, 0.0, 0.23806218902446213], "sizes": [1.0, 1.0, 1.0]}, {"translations": [1074.5508901917808, 25.66003944718301, 358.0], "angles": [0.0, 0.0, -0.7587531017169631], "sizes": [1.0000000000000004, 1.0000000000000004, 1.0]}, {"translations": [1148.194370766713, 30.250911827010356, 208.0], "angles": [0.0, 0.0, 0.1159479805073824], "sizes": [1.0, 1.0, 1.0]}, {"translations": [273.27048919372413, -2.811096802216989, 958.0], "angles": [0.0, 0.0, -0.5726135035505708], "sizes": [0.9999999999999999, 0.9999999999999999, 1.0]}, {"translations": [294.0493387254307, -22.830966774138854, 808.0], "angles": [0.0, 0.0, -0.5656825452847558], "sizes": [1.0, 1.0, 1.0]}, {"translations": [2108.1176591389726, -23.054637148423108, 958.0], "angles": [0.0, 0.0, -0.4503588809818865], "sizes": [1.0, 1.0, 1.0]}, {"translations": [2062.5749500969378, -29.38207432633168, 208.0], "angles": [0.0, 0.0, 0.9822312000415795], "sizes": [1.0000000000000002, 1.0000000000000002, 1.0]}, {"translations": [1704.0489529372567, 26.297569967569583, 1408.0], "angles": [0.0, 0.0, -0.5104719453107622], "sizes": [0.9999999999999998, 0.9999999999999998, 1.0]}, {"translations": [1378.1077537568283, -35.42393541351828, 1258.0], "angles": [0.0, 0.0, -0.037397110838824195], "sizes": [1.0, 1.0, 1.0]}, {"translations": [1318.3799898607801, -4.885529758050265, 1258.0], "angles": [0.0, 0.0, 0.9993574236415637], "sizes": [1.0000000000000007, 1.0000000000000007, 1.0]}, {"translations": [1284.8419162455516, 24.89948130051672, 658.0], "angles": [0.0, 0.0, 0.6656092146241619], "sizes": [1.0000000000000004, 1.0000000000000004, 1.0]}, {"translations": [1270.3783517838492, -0.833437097018555, 508.0], "angles": [0.0, 0.0, 0.0572934136195611], "sizes": [1.0, 1.0, 1.0]}, {"translations": [1397.782826293322, 0.5301119415920785, 208.0], "angles": [0.0, 0.0, -0.36003511480501793], "sizes": [0.9999999999999999, 0.9999999999999999, 1.0]}, {"translations": [851.1636100076613, -21.541564722196796, 958.0], "angles": [0.0, 0.0, -0.16168866599708479], "sizes": [1.0, 1.0, 1.0]}, {"translations": [914.0149384773374, -25.456347286135752, 658.0], "angles": [0.0, 0.0, 0.8599497026249759], "sizes": [1.0000000000000007, 1.0000000000000007, 1.0]}, {"translations": [965.8231766878447, -3.2694228919112414, 358.0], "angles": [0.0, 0.0, 0.3534110339790645], "sizes": [1.0000000000000002, 1.0000000000000002, 1.0]}, {"translations": [498.132369071973, 21.777749961821172, 1408.0], "angles": [0.0, 0.0, -0.11524273616614082], "sizes": [0.9999999999999999, 0.9999999999999999, 1.0]}, {"translations": [536.1479254901543, -20.705659622083985, 1258.0], "angles": [0.0, 0.0, -0.7880565175636127], "sizes": [1.0, 1.0, 1.0]}, {"translations": [513.0438463032235, -24.06838247847268, 658.0], "angles": [0.0, 0.0, 0.605563439980587], "sizes": [1.0000000000000002, 1.0000000000000002, 1.0]}, {"translations": [501.74031009996577, -19.638235994776675, 358.0], "angles": [0.0, 0.0, -0.5191357263419177], "sizes": [1.0, 1.0, 1.0]}, {"translations": [111.92843497364547, -2.9601101517605013, 1108.0], "angles": [0.0, 0.0, 0.49818369632500603], "sizes": [0.9999999999999999, 0.9999999999999999, 1.0]}, {"translations": [137.9441167755405, 0.3135879108851797, 358.0], "angles": [0.0, 0.0, -0.80945447593277], "sizes": [0.9999999999999998, 0.9999999999999998, 1.0]}]}