{"SM_RackShelf_01": [{"translations": [200.0, 0.0, 37.0], "angles": [0.0, 0.0, 0.0], "sizes": [1.0, 1.0, 1.0]}, {"translations": [200.0, 0.0, 187.0], "angles": [0.0, 0.0, 0.0], "sizes": [1.0, 1.0, 1.0]}, {"translations": [200.0, 0.0, 337.0], "angles": [0.0, 0.0, 0.0], "sizes": [1.0, 1.0, 1.0]}, {"translations": [200.0, 0.0, 487.0], "angles": [0.0, 0.0, 0.0], "sizes": [1.0, 1.0, 1.0]}, {"translations": [200.0, 0.0, 637.0], "angles": [0.0, 0.0, 0.0], "sizes": [1.0, 1.0, 1.0]}, {"translations": [200.0, 0.0, 787.0], "angles": [0.0, 0.0, 0.0], "sizes": [1.0, 1.0, 1.0]}, {"translations": [200.0, 0.0, 937.0], "angles": [0.0, 0.0, 0.0], "sizes": [1.0, 1.0, 1.0]}, {"translations": [200.0, 0.0, 1087.0], "angles": [0.0, 0.0, 0.0], "sizes": [1.0, 1.0, 1.0]}, {"translations": [200.0, 0.0, 1237.0], "angles": [0.0, 0.0, 0.0], "sizes": [1.0, 1.0, 1.0]}, {"translations": [600.0, 0.0, 37.0], "angles": [0.0, 0.0, 0.0], "sizes": [1.0, 1.0, 1.0]}, {"translations": [600.0, 0.0, 187.0], "angles": [0.0, 0.0, 0.0], "sizes": [1.0, 1.0, 1.0]}, {"translations": [600.0, 0.0, 337.0], "angles": [0.0, 0.0, 0.0], "sizes": [1.0, 1.0, 1.0]}, {"translations": [600.0, 0.0, 487.0], "angles": [0.0, 0.0, 0.0], "sizes": [1.0, 1.0, 1.0]}, {"translations": [600.0, 0.0, 637.0], "angles": [0.0, 0.0, 0.0], "sizes": [1.0, 1.0, 1.0]}, {"translations": [600.0, 0.0, 787.0], "angles": [0.0, 0.0, 0.0], "sizes": [1.0, 1.0, 1.0]}, {"translations": [600.0, 0.0, 937.0], "angles": [0.0, 0.0, 0.0], "sizes": [1.0, 1.0, 1.0]}, {"translations": [600.0, 0.0, 1087.0], "angles": [0.0, 0.0, 0.0], "sizes": [1.0, 1.0, 1.0]}, {"translations": [600.0, 0.0, 1237.0], "angles": [0.0, 0.0, 0.0], "sizes": [1.0, 1.0, 1.0]}, {"translations": [1000.0, 0.0, 37.0], "angles": [0.0, 0.0, 0.0], "sizes": [1.0, 1.0, 1.0]}, {"translations": [1000.0, 0.0, 187.0], "angles": [0.0, 0.0, 0.0], "sizes": [1.0, 1.0, 1.0]}, {"translations": [1000.0, 0.0, 337.0], "angles": [0.0, 0.0, 0.0], "sizes": [1.0, 1.0, 1.0]}, {"translations": [1000.0, 0.0, 487.0], "angles": [0.0, 0.0, 0.0], "sizes": [1.0, 1.0, 1.0]}, {"translations": [1000.0, 0.0, 637.0], "angles": [0.0, 0.0, 0.0], "sizes": [1.0, 1.0, 1.0]}, {"translations": [1000.0, 0.0, 787.0], "angles": [0.0, 0.0, 0.0], "sizes": [1.0, 1.0, 1.0]}, {"translations": [1000.0, 0.0, 937.0], "angles": [0.0, 0.0, 0.0], "sizes": [1.0, 1.0, 1.0]}, {"translations": [1000.0, 0.0, 1087.0], "angles": [0.0, 0.0, 0.0], "sizes": [1.0, 1.0, 1.0]}, {"translations": [1000.0, 0.0, 1237.0], "angles": [0.0, 0.0, 0.0], "sizes": [1.0, 1.0, 1.0]}, {"translations": [1400.0, 0.0, 37.0], "angles": [0.0, 0.0, 0.0], "sizes": [1.0, 1.0, 1.0]}, {"translations": [1400.0, 0.0, 187.0], "angles": [0.0, 0.0, 0.0], "sizes": [1.0, 1.0, 1.0]}, {"translations": [1400.0, 0.0, 337.0], "angles": [0.0, 0.0, 0.0], "sizes": [1.0, 1.0, 1.0]}, {"translations": [1400.0, 0.0, 487.0], "angles": [0.0, 0.0, 0.0], "sizes": [1.0, 1.0, 1.0]}, {"translations": [1400.0, 0.0, 637.0], "angles": [0.0, 0.0, 0.0], "sizes": [1.0, 1.0, 1.0]}, {"translations": [1400.0, 0.0, 787.0], "angles": [0.0, 0.0, 0.0], "sizes": [1.0, 1.0, 1.0]}, {"translations": [1400.0, 0.0, 937.0], "angles": [0.0, 0.0, 0.0], "sizes": [1.0, 1.0, 1.0]}, {"translations": [1400.0, 0.0, 1087.0], "angles": [0.0, 0.0, 0.0], "sizes": [1.0, 1.0, 1.0]}, {"translations": [1400.0, 0.0, 1237.0], "angles": [0.0, 0.0, 0.0], "sizes": [1.0, 1.0, 1.0]}, {"translations": [1800.0, 0.0, 37.0], "angles": [0.0, 0.0, 0.0], "sizes": [1.0, 1.0, 1.0]}, {"translations": [1800.0, 0.0, 187.0], "angles": [0.0, 0.0, 0.0], "sizes": [1.0, 1.0, 1.0]}, {"translations": [1800.0, 0.0, 337.0], "angles": [0.0, 0.0, 0.0], "sizes": [1.0, 1.0, 1.0]}, {"translations": [1800.0, 0.0, 487.0], "angles": [0.0, 0.0, 0.0], "sizes": [1.0, 1.0, 1.0]}, {"translations": [1800.0, 0.0, 637.0], "angles": [0.0, 0.0, 0.0], "sizes": [1.0, 1.0, 1.0]}, {"translations": [1800.0, 0.0, 787.0], "angles": [0.0, 0.0, 0.0], "sizes": [1.0, 1.0, 1.0]}, {"translations": [1800.0, 0.0, 937.0], "angles": [0.0, 0.0, 0.0], "sizes": [1.0, 1.0, 1.0]}, {"translations": [1800.0, 0.0, 1087.0], "angles": [0.0, 0.0, 0.0], "sizes": [1.0, 1.0, 1.0]}, {"translations": [1800.0, 0.0, 1237.0], "angles": [0.0, 0.0, 0.0], "sizes": [1.0, 1.0, 1.0]}, {"translations": [2200.0, 0.0, 37.0], "angles": [0.0, 0.0, 0.0], "sizes": [1.0, 1.0, 1.0]}, {"translations": [2200.0, 0.0, 187.0], "angles": [0.0, 0.0, 0.0], "sizes": [1.0, 1.0, 1.0]}, {"translations": [2200.0, 0.0, 337.0], "angles": [0.0, 0.0, 0.0], "sizes": [1.0, 1.0, 1.0]}, {"translations": [2200.0, 0.0, 487.0], "angles": [0.0, 0.0, 0.0], "sizes": [1.0, 1.0, 1.0]}, {"translations": [2200.0, 0.0, 637.0], "angles": [0.0, 0.0, 0.0], "sizes": [1.0, 1.0, 1.0]}, {"translations": [2200.0, 0.0, 787.0], "angles": [0.0, 0.0, 0.0], "sizes": [1.0, 1.0, 1.0]}, {"translations": [2200.0, 0.0, 937.0], "angles": [0.0, 0.0, 0.0], "sizes": [1.0, 1.0, 1.0]}, {"translations": [2200.0, 0.0, 1087.0], "angles": [0.0, 0.0, 0.0], "sizes": [1.0, 1.0, 1.0]}, {"translations": [2200.0, 0.0, 1237.0], "angles": [0.0, 0.0, 0.0], "sizes": [1.0, 1.0, 1.0]}], "SM_RackFrame_03": [{"translations": [0.0, 0.0, 0.0], "angles": [0.0, 0.0, 0.0], "sizes": [1.0, 1.0, 1.0]}, {"translations": [400.0, 0.0, 0.0], "angles": [0.0, 0.0, 0.0], "sizes": [1.0, 1.0, 1.0]}, {"translations": [800.0, 0.0, 0.0], "angles": [0.0, 0.0, 0.0], "sizes": [1.0, 1.0, 1.0]}, {"translations": [1200.0, 0.0, 0.0], "angles": [0.0, 0.0, 0.0], "sizes": [1.0, 1.0, 1.0]}, {"translations": [1600.0, 0.0, 0.0], "angles": [0.0, 0.0, 0.0], "sizes": [1.0, 1.0, 1.0]}, {"translations": [2000.0, 0.0, 0.0], "angles": [0.0, 0.0, 0.0], "sizes": [1.0, 1.0, 1.0]}, {"translations": [0.0, 0.0, 300.0], "angles": [0.0, 0.0, 0.0], "sizes": [1.0, 1.0, 1.0]}, {"translations": [400.0, 0.0, 300.0], "angles": [0.0, 0.0, 0.0], "sizes": [1.0, 1.0, 1.0]}, {"translations": [800.0, 0.0, 300.0], "angles": [0.0, 0.0, 0.0], "sizes": [1.0, 1.0, 1.0]}, {"translations": [1200.0, 0.0, 300.0], "angles": [0.0, 0.0, 0.0], "sizes": [1.0, 1.0, 1.0]}, {"translations": [1600.0, 0.0, 300.0], "angles": [0.0, 0.0, 0.0], "sizes": [1.0, 1.0, 1.0]}, {"translations": [2000.0, 0.0, 300.0], "angles": [0.0, 0.0, 0.0], "sizes": [1.0, 1.0, 1.0]}, {"translations": [0.0, 0.0, 600.0], "angles": [0.0, 0.0, 0.0], "sizes": [1.0, 1.0, 1.0]}, {"translations": [400.0, 0.0, 600.0], "angles": [0.0, 0.0, 0.0], "sizes": [1.0, 1.0, 1.0]}, {"translations": [800.0, 0.0, 600.0], "angles": [0.0, 0.0, 0.0], "sizes": [1.0, 1.0, 1.0]}, {"translations": [1200.0, 0.0, 600.0], "angles": [0.0, 0.0, 0.0], "sizes": [1.0, 1.0, 1.0]}, {"translations": [1600.0, 0.0, 600.0], "angles": [0.0, 0.0, 0.0], "sizes": [1.0, 1.0, 1.0]}, {"translations": [2000.0, 0.0, 600.0], "angles": [0.0, 0.0, 0.0], "sizes": [1.0, 1.0, 1.0]}, {"translations": [0.0, 0.0, 900.0], "angles": [0.0, 0.0, 0.0], "sizes": [1.0, 1.0, 1.0]}, {"translations": [400.0, 0.0, 900.0], "angles": [0.0, 0.0, 0.0], "sizes": [1.0, 1.0, 1.0]}, {"translations": [800.0, 0.0, 900.0], "angles": [0.0, 0.0, 0.0], "sizes": [1.0, 1.0, 1.0]}, {"translations": [1200.0, 0.0, 900.0], "angles": [0.0, 0.0, 0.0], "sizes": [1.0, 1.0, 1.0]}, {"translations": [1600.0, 0.0, 900.0], "angles": [0.0, 0.0, 0.0], "sizes": [1.0, 1.0, 1.0]}, {"translations": [2000.0, 0.0, 900.0], "angles": [0.0, 0.0, 0.0], "sizes": [1.0, 1.0, 1.0]}, {"translations": [0.0, 0.0, 1200.0], "angles": [0.0, 0.0, 0.0], "sizes": [1.0, 1.0, 1.0]}, {"translations": [400.0, 0.0, 1200.0], "angles": [0.0, 0.0, 0.0], "sizes": [1.0, 1.0, 1.0]}, {"translations": [800.0, 0.0, 1200.0], "angles": [0.0, 0.0, 0.0], "sizes": [1.0, 1.0, 1.0]}, {"translations": [1200.0, 0.0, 1200.0], "angles": [0.0, 0.0, 0.0], "sizes": [1.0, 1.0, 1.0]}, {"translations": [1600.0, 0.0, 1200.0], "angles": [0.0, 0.0, 0.0], "sizes": [1.0, 1.0, 1.0]}, {"translations": [2000.0, 0.0, 1200.0], "angles": [0.0, 0.0, 0.0], "sizes": [1.0, 1.0, 1.0]}, {"translations": [2400.0, 0.0, 0.0], "angles": [0.0, 0.0, 0.0], "sizes": [1.0, 1.0, 1.0]}, {"translations": [2400.0, 0.0, 300.0], "angles": [0.0, 0.0, 0.0], "sizes": [1.0, 1.0, 1.0]}, {"translations": [2400.0, 0.0, 600.0], "angles": [0.0, 0.0, 0.0], "sizes": [1.0, 1.0, 1.0]}, {"translations": [2400.0, 0.0, 900.0], "angles": [0.0, 0.0, 0.0], "sizes": [1.0, 1.0, 1.0]}, {"translations": [2400.0, 0.0, 1200.0], "angles": [0.0, 0.0, 0.0], "sizes": [1.0, 1.0, 1.0]}], "SM_PaletteA_01": [{"translations": [104.04623413085938, -1.7162489891052246, 37.0], "angles": [0.0, 0.0, 0.0027204989215015483], "sizes": [0.9999999999999999, 0.9999999999999999, 1.0]}, {"translations": [77.0445785522461, -0.000858306884765625, 187.0], "angles": [0.0, 0.0, 0.02799367652489801], "sizes": [1.0, 1.0, 1.0]}, {"translations": [167.94365692138672, 0.4796934127807617, 337.0], "angles": [0.0, 0.0, -0.0037431786035675946], "sizes": [0.9999999999999999, 0.9999999999999999, 1.0]}, {"translations": [74.09922790527344, -9.138336181640625, 487.0], "angles": [0.0, 0.0, -0.027703496233972724], "sizes": [0.9999999999999999, 0.9999999999999999, 1.0]}, {"translations": [106.05471801757812, -5.421197414398193, 637.0], "angles": [0.0, 0.0, -0.03020589435199236], "sizes": [1.0, 1.0, 1.0]}, {"translations": [115.29872131347656, 7.166991233825684, 787.0], "angles": [0.0, 0.0, -0.03085808333405979], "sizes": [0.9999999999999999, 0.9999999999999999, 1.0]}, {"translations": [132.94749450683594, -1.137080192565918, 937.0], "angles": [0.0, 0.0, 0.03508501366931953], "sizes": [1.0, 1.0, 1.0]}, {"translations": [141.91117095947266, -1.9424939155578613, 1087.0], "angles": [0.0, 0.0, 0.006707323770591603], "sizes": [1.0, 1.0, 1.0]}, {"translations": [171.65704727172852, -8.041610717773438, 1237.0], "angles": [0.0, 0.0, 0.026204637762018743], "sizes": [1.0, 1.0, 1.0]}, {"translations": [482.2792282104492, 6.109950542449951, 37.0], "angles": [0.0, 0.0, 0.014448919820082558], "sizes": [0.9999999999999999, 0.9999999999999999, 1.0]}, {"translations": [491.85707092285156, -2.9225897789001465, 187.0], "angles": [0.0, 0.0, -0.03259896762590951], "sizes": [1.0, 1.0, 1.0]}, {"translations": [533.3830947875977, 8.623649597167969, 337.0], "angles": [0.0, 0.0, -0.036346583980867916], "sizes": [1.0, 1.0, 1.0]}, {"translations": [494.8818664550781, 8.459146499633789, 487.0], "angles": [0.0, 0.0, -0.02913840583529375], "sizes": [1.0, 1.0, 1.0]}, {"translations": [541.5834045410156, 7.324190139770508, 637.0], "angles": [0.0, 0.0, 0.012265255362908957], "sizes": [1.0, 1.0, 1.0]}, {"translations": [533.2000122070312, 9.428579330444336, 787.0], "angles": [0.0, 0.0, 0.02613008854592057], "sizes": [1.0, 1.0, 1.0]}, {"translations": [479.88209533691406, -8.396973609924316, 937.0], "angles": [0.0, 0.0, 0.02854474718263944], "sizes": [1.0, 1.0, 1.0]}, {"translations": [518.589485168457, 2.799050807952881, 1087.0], "angles": [0.0, 0.0, 0.04156256985696808], "sizes": [1.0, 1.0, 1.0]}, {"translations": [505.95130920410156, 9.096426963806152, 1237.0], "angles": [0.0, 0.0, -0.0353538302234713], "sizes": [1.0, 1.0, 1.0]}, {"translations": [911.4894409179688, 2.581357955932617, 37.0], "angles": [0.0, 0.0, 0.021936699657868798], "sizes": [0.9999999999999999, 0.9999999999999999, 1.0]}, {"translations": [962.7283554077148, 0.3313159942626953, 187.0], "angles": [0.0, 0.0, -0.03359979867201698], "sizes": [1.0, 1.0, 1.0]}, {"translations": [935.8382797241211, -4.22123908996582, 337.0], "angles": [0.0, 0.0, -0.0071121275933499675], "sizes": [0.9999999999999999, 0.9999999999999999, 1.0]}, {"translations": [966.4827346801758, 3.2526063919067383, 487.0], "angles": [0.0, 0.0, 0.012496937819190281], "sizes": [1.0, 1.0, 1.0]}, {"translations": [881.7578506469727, 2.102322578430176, 637.0], "angles": [0.0, 0.0, -0.03411883394256501], "sizes": [0.9999999999999999, 0.9999999999999999, 1.0]}, {"translations": [922.1294860839844, 5.8795952796936035, 787.0], "angles": [0.0, 0.0, -0.030269783071106775], "sizes": [1.0, 1.0, 1.0]}, {"translations": [880.4381942749023, 9.166719436645508, 937.0], "angles": [0.0, 0.0, 0.009953701890597744], "sizes": [1.0, 1.0, 1.0]}, {"translations": [910.0795974731445, 0.4271697998046875, 1087.0], "angles": [0.0, 0.0, -0.026308467316175987], "sizes": [1.0, 1.0, 1.0]}, {"translations": [953.6557540893555, 6.80105447769165, 1237.0], "angles": [0.0, 0.0, 0.026207300008485087], "sizes": [0.9999999999999999, 0.9999999999999999, 1.0]}, {"translations": [1312.5039825439453, 3.831033706665039, 37.0], "angles": [0.0, 0.0, 0.013737905640937022], "sizes": [1.0, 1.0, 1.0]}, {"translations": [1367.7973022460938, 1.4619636535644531, 187.0], "angles": [0.0, 0.0, -0.007474320870219511], "sizes": [1.0, 1.0, 1.0]}, {"translations": [1278.5350646972656, 1.4052867889404297, 337.0], "angles": [0.0, 0.0, 0.018435250017654555], "sizes": [1.0, 1.0, 1.0]}, {"translations": [1300.343391418457, -2.281332015991211, 487.0], "angles": [0.0, 0.0, 0.04020012981484358], "sizes": [1.0, 1.0, 1.0]}, {"translations": [1315.598030090332, -4.324848651885986, 637.0], "angles": [0.0, 0.0, 0.022852624324395252], "sizes": [0.9999999999999999, 0.9999999999999999, 1.0]}, {"translations": [1286.8436584472656, 4.431722164154053, 787.0], "angles": [0.0, 0.0, -0.017556524242205097], "sizes": [0.9999999999999999, 0.9999999999999999, 1.0]}, {"translations": [1352.2860984802246, -4.739868640899658, 937.0], "angles": [0.0, 0.0, 0.008646110027489119], "sizes": [1.0, 1.0, 1.0]}, {"translations": [1276.7451858520508, 9.815754890441895, 1087.0], "angles": [0.0, 0.0, -0.02012343213260547], "sizes": [1.0, 1.0, 1.0]}, {"translations": [1348.378776550293, -5.155339241027832, 1237.0], "angles": [0.0, 0.0, -0.03206127575619694], "sizes": [1.0, 1.0, 1.0]}, {"translations": [1713.750633239746, 9.805569648742676, 37.0], "angles": [0.0, 0.0, 0.01382045579686332], "sizes": [1.0, 1.0, 1.0]}, {"translations": [1675.6761093139648, 3.6362338066101074, 187.0], "angles": [0.0, 0.0, -0.041722225074895536], "sizes": [1.0, 1.0, 1.0]}, {"translations": [1697.231704711914, 6.969821453094482, 337.0], "angles": [0.0, 0.0, 0.02175830629389887], "sizes": [1.0, 1.0, 1.0]}, {"translations": [1714.9520950317383, 8.078994750976562, 487.0], "angles": [0.0, 0.0, 0.016829566902816437], "sizes": [1.0, 1.0, 1.0]}, {"translations": [1734.4088516235352, 9.549428939819336, 637.0], "angles": [0.0, 0.0, -0.02227751136672997], "sizes": [1.0, 1.0, 1.0]}, {"translations": [1715.0519256591797, 4.0348219871521, 787.0], "angles": [0.0, 0.0, 0.013807141261941493], "sizes": [1.0, 1.0, 1.0]}, {"translations": [1741.4865112304688, -3.541259765625, 937.0], "angles": [0.0, 0.0, -0.038246815934718466], "sizes": [1.0, 1.0, 1.0]}, {"translations": [1760.2896919250488, -9.471297264099121, 1087.0], "angles": [0.0, 0.0, 0.03196544901844564], "sizes": [1.0, 1.0, 1.0]}, {"translations": [1707.2485885620117, 5.535857677459717, 1237.0], "angles": [0.0, 0.0, -0.03777576045476061], "sizes": [1.0, 1.0, 1.0]}, {"translations": [2079.5151443481445, 2.395656108856201, 37.0], "angles": [0.0, 0.0, -0.03127068863879416], "sizes": [0.9999999999999999, 0.9999999999999999, 1.0]}, {"translations": [2093.033576965332, 0.1521778106689453, 187.0], "angles": [0.0, 0.0, 0.028342422592143278], "sizes": [0.9999999999999999, 0.9999999999999999, 1.0]}, {"translations": [2094.2071533203125, 0.5452275276184082, 337.0], "angles": [0.0, 0.0, 0.021228443030030814], "sizes": [1.0, 1.0, 1.0]}, {"translations": [2138.9098052978516, 0.4858231544494629, 487.0], "angles": [0.0, 0.0, 0.0014820954174102775], "sizes": [1.0, 1.0, 1.0]}, {"translations": [2166.2614097595215, -6.692960262298584, 637.0], "angles": [0.0, 0.0, 0.02697403997868957], "sizes": [1.0, 1.0, 1.0]}, {"translations": [2099.147735595703, -7.900900840759277, 787.0], "angles": [0.0, 0.0, 0.042823821397403435], "sizes": [0.9999999999999999, 0.9999999999999999, 1.0]}, {"translations": [2075.7228469848633, 4.342007637023926, 937.0], "angles": [0.0, 0.0, -0.03686822615355983], "sizes": [0.9999999999999999, 0.9999999999999999, 1.0]}, {"translations": [2112.7602767944336, 6.360223293304443, 1087.0], "angles": [0.0, 0.0, -0.04329211967525159], "sizes": [1.0, 1.0, 1.0]}, {"translations": [2157.669101715088, -8.731592178344727, 1237.0], "angles": [0.0, 0.0, 0.03682298315725144], "sizes": [0.9999999999999999, 0.9999999999999999, 1.0]}, {"translations": [288.7731170654297, -1.7162489891052246, 37.0], "angles": [0.0, 0.0, 0.02699533750902462], "sizes": [1.0, 1.0, 1.0]}, {"translations": [275.2722930908203, -0.000858306884765625, 187.0], "angles": [0.0, 0.0, 0.001665858506225605], "sizes": [1.0, 1.0, 1.0]}, {"translations": [320.7218246459961, 0.4796934127807617, 337.0], "angles": [0.0, 0.0, 0.03313665006099009], "sizes": [1.0, 1.0, 1.0]}, {"translations": [273.7996139526367, -9.138336181640625, 487.0], "angles": [0.0, 0.0, -0.042456626955774214], "sizes": [0.9999999999999999, 0.9999999999999999, 1.0]}, {"translations": [289.77735900878906, -5.421197414398193, 637.0], "angles": [0.0, 0.0, -0.007804553610082907], "sizes": [1.0, 1.0, 1.0]}, {"translations": [294.3993606567383, 7.166991233825684, 787.0], "angles": [0.0, 0.0, 0.04279987492300601], "sizes": [1.0, 1.0, 1.0]}, {"translations": [303.22374725341797, -1.137080192565918, 937.0], "angles": [0.0, 0.0, 0.038302701337711666], "sizes": [1.0, 1.0, 1.0]}, {"translations": [307.7055892944336, -1.9424939155578613, 1087.0], "angles": [0.0, 0.0, 0.0015726427888248479], "sizes": [1.0, 1.0, 1.0]}, {"translations": [322.5785217285156, -8.041610717773438, 1237.0], "angles": [0.0, 0.0, 0.0033863068838936587], "sizes": [0.9999999999999999, 0.9999999999999999, 1.0]}, {"translations": [677.8896102905273, 6.109950542449951, 37.0], "angles": [0.0, 0.0, 0.00966875216908257], "sizes": [1.0, 1.0, 1.0]}, {"translations": [682.6785354614258, -2.9225897789001465, 187.0], "angles": [0.0, 0.0, -0.020187337095033977], "sizes": [1.0, 1.0, 1.0]}, {"translations": [703.4415435791016, 8.623649597167969, 337.0], "angles": [0.0, 0.0, -0.013700621774032647], "sizes": [1.0, 1.0, 1.0]}, {"translations": [684.1909332275391, 8.459146499633789, 487.0], "angles": [0.0, 0.0, -0.002808385502366394], "sizes": [1.0, 1.0, 1.0]}, {"translations": [707.5417022705078, 7.324190139770508, 637.0], "angles": [0.0, 0.0, -0.037107754954105704], "sizes": [1.0, 1.0, 1.0]}, {"translations": [703.3500061035156, 9.428579330444336, 787.0], "angles": [0.0, 0.0, 0.020549464343306383], "sizes": [1.0, 1.0, 1.0]}, {"translations": [676.691047668457, -8.396973609924316, 937.0], "angles": [0.0, 0.0, 0.002874966861521351], "sizes": [0.9999999999999999, 0.9999999999999999, 1.0]}, {"translations": [696.0447387695312, 2.799050807952881, 1087.0], "angles": [0.0, 0.0, 0.01123198901535642], "sizes": [0.9999999999999999, 0.9999999999999999, 1.0]}, {"translations": [689.7256546020508, 9.096426963806152, 1237.0], "angles": [0.0, 0.0, 0.03438766368835392], "sizes": [1.0, 1.0, 1.0]}, {"translations": [1092.4947204589844, 2.581357955932617, 37.0], "angles": [0.0, 0.0, 0.03388992830397582], "sizes": [1.0, 1.0, 1.0]}, {"translations": [1118.1141815185547, 0.3313159942626953, 187.0], "angles": [0.0, 0.0, 0.016376876325736377], "sizes": [1.0, 1.0, 1.0]}, {"translations": [1104.6691436767578, -4.22123908996582, 337.0], "angles": [0.0, 0.0, 0.042065483714526855], "sizes": [1.0, 1.0, 1.0]}, {"translations": [1119.9913635253906, 3.2526063919067383, 487.0], "angles": [0.0, 0.0, -0.008177394658929677], "sizes": [0.9999999999999999, 0.9999999999999999, 1.0]}, {"translations": [1077.6289291381836, 2.102322578430176, 637.0], "angles": [0.0, 0.0, 0.005080113972778189], "sizes": [0.9999999999999999, 0.9999999999999999, 1.0]}, {"translations": [1097.8147430419922, 5.8795952796936035, 787.0], "angles": [0.0, 0.0, -0.018493831653278236], "sizes": [1.0, 1.0, 1.0]}, {"translations": [1076.9691009521484, 9.166719436645508, 937.0], "angles": [0.0, 0.0, 0.014488863054739991], "sizes": [0.9999999999999999, 0.9999999999999999, 1.0]}, {"translations": [1091.789794921875, 0.4271697998046875, 1087.0], "angles": [0.0, 0.0, 0.039777009269222], "sizes": [1.0, 1.0, 1.0]}, {"translations": [1113.577880859375, 6.80105447769165, 1237.0], "angles": [0.0, 0.0, 0.03801261986876235], "sizes": [1.0, 1.0, 1.0]}, {"translations": [1493.0019912719727, 3.831033706665039, 37.0], "angles": [0.0, 0.0, 0.007540898021095963], "sizes": [1.0, 1.0, 1.0]}, {"translations": [1520.6486511230469, 1.4619636535644531, 187.0], "angles": [0.0, 0.0, 0.039223491610445894], "sizes": [0.9999999999999999, 0.9999999999999999, 1.0]}, {"translations": [1476.0175323486328, 1.4052867889404297, 337.0], "angles": [0.0, 0.0, -0.029870477077990176], "sizes": [0.9999999999999999, 0.9999999999999999, 1.0]}, {"translations": [1486.9216995239258, -2.281332015991211, 487.0], "angles": [0.0, 0.0, -0.007876456749328064], "sizes": [1.0, 1.0, 1.0]}, {"translations": [1494.5490188598633, -4.324848651885986, 637.0], "angles": [0.0, 0.0, -0.024681755075666438], "sizes": [1.0, 1.0, 1.0]}, {"translations": [1480.1718292236328, 4.431722164154053, 787.0], "angles": [0.0, 0.0, -0.04140025270011836], "sizes": [1.0, 1.0, 1.0]}, {"translations": [1512.893051147461, -4.739868640899658, 937.0], "angles": [0.0, 0.0, 0.012635416462456398], "sizes": [1.0, 1.0, 1.0]}, {"translations": [1475.1225967407227, 9.815754890441895, 1087.0], "angles": [0.0, 0.0, 0.03895470959818585], "sizes": [0.9999999999999999, 0.9999999999999999, 1.0]}, {"translations": [1510.9393844604492, -5.155339241027832, 1237.0], "angles": [0.0, 0.0, -0.027490518253203016], "sizes": [1.0, 1.0, 1.0]}, {"translations": [1893.6253204345703, 9.805569648742676, 37.0], "angles": [0.0, 0.0, 0.014944229882722175], "sizes": [1.0, 1.0, 1.0]}, {"translations": [1874.5880508422852, 3.6362338066101074, 187.0], "angles": [0.0, 0.0, -0.025280798029145884], "sizes": [0.9999999999999999, 0.9999999999999999, 1.0]}, {"translations": [1885.365852355957, 6.969821453094482, 337.0], "angles": [0.0, 0.0, -0.01829412420359269], "sizes": [1.0, 1.0, 1.0]}, {"translations": [1894.2260513305664, 8.078994750976562, 487.0], "angles": [0.0, 0.0, -0.009964356087159669], "sizes": [0.9999999999999999, 0.9999999999999999, 1.0]}, {"translations": [1903.9544296264648, 9.549428939819336, 637.0], "angles": [0.0, 0.0, -0.01651268437564724], "sizes": [0.9999999999999999, 0.9999999999999999, 1.0]}, {"translations": [1894.2759628295898, 4.0348219871521, 787.0], "angles": [0.0, 0.0, 0.02155860566464333], "sizes": [0.9999999999999999, 0.9999999999999999, 1.0]}, {"translations": [1907.4932556152344, -3.541259765625, 937.0], "angles": [0.0, 0.0, 0.023478320022289223], "sizes": [1.0, 1.0, 1.0]}, {"translations": [1916.8948440551758, -9.471297264099121, 1087.0], "angles": [0.0, 0.0, -0.015921522688670794], "sizes": [1.0, 1.0, 1.0]}, {"translations": [1890.3742980957031, 5.535857677459717, 1237.0], "angles": [0.0, 0.0, 0.000667142609522299], "sizes": [1.0, 1.0, 1.0]}, {"translations": [2276.5075759887695, 2.395656108856201, 37.0], "angles": [0.0, 0.0, 0.03428385541035683], "sizes": [1.0, 1.0, 1.0]}, {"translations": [2283.2667846679688, 0.1521778106689453, 187.0], "angles": [0.0, 0.0, 0.04214796848914079], "sizes": [1.0, 1.0, 1.0]}, {"translations": [2283.8535766601562, 0.5452275276184082, 337.0], "angles": [0.0, 0.0, -0.031744510508968996], "sizes": [1.0, 1.0, 1.0]}, {"translations": [2306.204902648926, 0.4858231544494629, 487.0], "angles": [0.0, 0.0, -0.006867117557369503], "sizes": [1.0, 1.0, 1.0]}, {"translations": [2319.8807067871094, -6.692960262298584, 637.0], "angles": [0.0, 0.0, 0.025073131071935196], "sizes": [1.0, 1.0, 1.0]}, {"translations": [2286.3238677978516, -7.900900840759277, 787.0], "angles": [0.0, 0.0, -0.029545706515484403], "sizes": [1.0, 1.0, 1.0]}, {"translations": [2274.611427307129, 4.342007637023926, 937.0], "angles": [0.0, 0.0, 0.018685554437797323], "sizes": [0.9999999999999999, 0.9999999999999999, 1.0]}, {"translations": [2293.130142211914, 6.360223293304443, 1087.0], "angles": [0.0, 0.0, -0.021172525056655726], "sizes": [1.0, 1.0, 1.0]}, {"translations": [2315.5845489501953, -8.731592178344727, 1237.0], "angles": [0.0, 0.0, 0.03011272403531862], "sizes": [0.9999999999999999, 0.9999999999999999, 1.0]}], "SM_CardBoxA_02": [{"translations": [1477.68994375188, -25.465438980427926, 808.0], "angles": [0.0, 0.0, 0.30664269041133957], "sizes": [1.0, 1.0, 1.0]}, {"translations": [1447.8624959650613, 33.14318095726482, 358.0], "angles": [0.0, 0.0, -0.180772965724882], "sizes": [1.0, 1.0, 1.0]}, {"translations": [1090.4860029870383, 33.739221479545506, 508.0], "angles": [0.0, 0.0, -0.13031599874669442], "sizes": [1.0, 1.0, 1.0]}, {"translations": [1088.130273643246, -0.651164807077154, 208.0], "angles": [0.0, 0.0, 0.9991952918336904], "sizes": [1.0000000000000013, 1.0000000000000013, 1.0]}, {"translations": [1060.5314044358258, 30.48021866392015, 58.0], "angles": [0.0, 0.0, 0.9676903854143342], "sizes": [1.0000000000000013, 1.0000000000000013, 1.0]}, {"translations": [651.4919937831174, -31.6871446711132, 208.0], "angles": [0.0, 0.0, 0.953895671930736], "sizes": [1.0000000000000009, 1.0000000000000009, 1.0]}, {"translations": [277.8000961373994, -32.03670397388275, 1108.0], "angles": [0.0, 0.0, 0.6553152792539627], "sizes": [1.0000000000000002, 1.0000000000000002, 1.0]}, {"translations": [2127.750457640404, -10.939472775744228, 1258.0], "angles": [0.0, 0.0, -0.6108235526281758], "sizes": [0.9999999999999999, 0.9999999999999999, 1.0]}, {"translations": [2061.3819123401486, 28.404118035278607, 208.0], "angles": [0.0, 0.0, 0.9846173628324641], "sizes": [1.0000000000000002, 1.0000000000000002, 1.0]}, {"translations": [1734.8980402168572, -26.6434496983426, 1258.0], "angles": [0.0, 0.0, -0.5302260064251703], "sizes": [0.9999999999999999, 0.9999999999999999, 1.0]}, {"translations": [1744.5683210905859, -19.353821900605617, 58.0], "angles": [0.0, 0.0, 0.999187603576666], "sizes": [1.0000000000000002, 1.0000000000000002, 1.0]}, {"translations": [1367.3488555207496, -28.534684418087288, 208.0], "angles": [0.0, 0.0, 0.9933538734335314], "sizes": [0.9999999999999992, 0.9999999999999992, 1.0]}, {"translations": [1311.6797859918286, 33.819709903581085, 58.0], "angles": [0.0, 0.0, 0.9990529137271421], "sizes": [1.0000000000000013, 1.0000000000000013, 1.0]}, {"translations": [548.4858383356701, 5.290650154009246, 1108.0], "angles": [0.0, 0.0, 0.30080269917706176], "sizes": [1.0, 1.0, 1.0]}, {"translations": [111.91387025100246, -2.3449242891804203, 1108.0], "angles": [0.0, 0.0, 0.48926483479131383], "sizes": [0.9999999999999998, 0.9999999999999998, 1.0]}, {"translations": [137.9444976045502, 0.7042825555756909, 358.0], "angles": [0.0, 0.0, -0.8132608020646029], "sizes": [0.9999999999999999, 0.9999999999999999, 1.0]}, {"translations": [1933.9380695017473, 8.558802961277328, 658.0], "angles": [0.0, 0.0, -0.7898047116122886], "sizes": [1.0000000000000004, 1.0000000000000004, 1.0]}], "SM_CardBoxB_01": [{"translations": [1516.4454044642616, -32.75018244714447, 508.0], "angles": [0.0, 0.0, 0.7307351608324011], "sizes": [1.0000000000000002, 1.0000000000000002, 1.0]}, {"translations": [726.7110461444616, -26.519502907847748, 1108.0], "angles": [0.0, 0.0, -0.15733601562058377], "sizes": [1.0, 1.0, 1.0]}, {"translations": [706.6905517423897, -8.224476311120013, 958.0], "angles": [0.0, 0.0, 0.9244415267740319], "sizes": [1.0, 1.0, 1.0]}, {"translations": [734.5573767784044, -19.31337633649121, 808.0], "angles": [0.0, 0.0, -0.02673166116020712], "sizes": [1.0, 1.0, 1.0]}, {"translations": [673.3753429326034, 8.195871826467691, 808.0], "angles": [0.0, 0.0, 0.628079417961894], "sizes": [1.0000000000000002, 1.0000000000000002, 1.0]}, {"translations": [735.2341512778486, -24.81812259556063, 658.0], "angles": [0.0, 0.0, 0.9917710928300465], "sizes": [0.9999999999999999, 0.9999999999999999, 1.0]}, {"translations": [707.3039031913374, 36.684439469418955, 58.0], "angles": [0.0, 0.0, 0.9975239903029448], "sizes": [1.0, 1.0, 1.0]}, {"translations": [264.5092704143438, 4.601351878516183, 808.0], "angles": [0.0, 0.0, 0.8006895253692763], "sizes": [1.0000000000000002, 1.0000000000000002, 1.0]}, {"translations": [2129.0377028149587, -5.333828650142552, 808.0], "angles": [0.0, 0.0, -0.5478920749825379], "sizes": [1.0, 1.0, 1.0]}, {"translations": [1744.93510097241, 9.088625753689186, 508.0], "angles": [0.0, 0.0, 0.9998640384833061], "sizes": [1.0000000000000009, 1.0000000000000009, 1.0]}, {"translations": [1346.456088957123, -35.093663716840936, 1258.0], "angles": [0.0, 0.0, -0.530388198925805], "sizes": [1.0000000000000002, 1.0000000000000002, 1.0]}, {"translations": [1352.804845691256, -34.73538332778321, 958.0], "angles": [0.0, 0.0, 0.9642243862895586], "sizes": [1.0000000000000009, 1.0000000000000009, 1.0]}, {"translations": [906.2680315286741, 26.202442831518738, 358.0], "angles": [0.0, 0.0, -0.009998354950252497], "sizes": [1.0, 1.0, 1.0]}, {"translations": [481.41238352155426, 36.09742426541192, 58.0], "angles": [0.0, 0.0, -0.2562985733140719], "sizes": [1.0, 1.0, 1.0]}, {"translations": [45.80684871963652, 22.477186588292167, 508.0], "angles": [0.0, 0.0, 0.9965866117618111], "sizes": [0.9999999999999999, 0.9999999999999999, 1.0]}, {"translations": [1894.2759628295898, 4.0348219871521, 808.0], "angles": [0.0, 0.0, -0.6791971559755724], "sizes": [1.0000000000000002, 1.0000000000000002, 1.0]}, {"translations": [1479.3359204598064, -33.46118780912555, 1258.0], "angles": [0.0, 0.0, 0.2892861439835586], "sizes": [1.0, 1.0, 1.0]}, {"translations": [1542.542848461092, 23.15050932706988, 1258.0], "angles": [0.0, 0.0, -0.4488152400314661], "sizes": [1.0, 1.0, 1.0]}, {"translations": [2305.7114158378217, -24.51610583892534, 958.0], "angles": [0.0, 0.0, 0.4144662259266428], "sizes": [1.0, 1.0, 1.0]}], "SM_CardBoxA_01": [{"translations": [1456.9254218381811, -1.8087592705825153, 508.0], "angles": [0.0, 0.0, 0.9279468697974598], "sizes": [0.9999999999999998, 0.9999999999999998, 1.0]}, {"translations": [1488.3893616003177, 29.018056255541417, 208.0], "angles": [0.0, 0.0, -0.6572839087353485], "sizes": [1.0000000000000007, 1.0000000000000007, 1.0]}, {"translations": [1111.2987720635538, 36.71435692153443, 1258.0], "angles": [0.0, 0.0, 0.970713043336436], "sizes": [1.0000000000000007, 1.0000000000000007, 1.0]}, {"translations": [1107.8257458533133, -19.951444403875296, 958.0], "angles": [0.0, 0.0, 0.40264690588837077], "sizes": [1.0000000000000002, 1.0000000000000002, 1.0]}, {"translations": [1124.458036482143, -25.317502752054917, 58.0], "angles": [0.0, 0.0, -0.4420558210719537], "sizes": [1.0, 1.0, 1.0]}, {"translations": [717.5926643709113, 41.08751582527249, 1258.0], "angles": [0.0, 0.0, -0.7981079942805878], "sizes": [1.0000000000000007, 1.0000000000000007, 1.0]}, {"translations": [725.3632924853318, 33.46535818288332, 1108.0], "angles": [0.0, 0.0, 0.9763488517734183], "sizes": [1.0000000000000009, 1.0000000000000009, 1.0]}, {"translations": [733.4302811568818, 7.8016894454403465, 358.0], "angles": [0.0, 0.0, 0.47472225262292017], "sizes": [0.9999999999999999, 0.9999999999999999, 1.0]}, {"translations": [2112.7602767944336, 6.360223293304443, 1108.0], "angles": [0.0, 0.0, 0.8094213766476882], "sizes": [1.0000000000000007, 1.0000000000000007, 1.0]}, {"translations": [2168.909673501442, 0.5747487818265986, 508.0], "angles": [0.0, 0.0, 0.43356752747643534], "sizes": [0.9999999999999998, 0.9999999999999998, 1.0]}, {"translations": [1739.1933813336402, -33.45349062987634, 958.0], "angles": [0.0, 0.0, 0.7686098611958281], "sizes": [1.0000000000000004, 1.0000000000000004, 1.0]}, {"translations": [1734.4088516235352, 9.549428939819336, 658.0], "angles": [0.0, 0.0, -0.7979242312833335], "sizes": [1.0000000000000002, 1.0000000000000002, 1.0]}, {"translations": [1683.9594580883538, 37.052369688935755, 508.0], "angles": [0.0, 0.0, 0.9975913181261464], "sizes": [0.9999999999999994, 0.9999999999999994, 1.0]}, {"translations": [1742.9100247890945, 40.623257499582415, 58.0], "angles": [0.0, 0.0, 0.11105008556848749], "sizes": [1.0, 1.0, 1.0]}, {"translations": [1272.8504124824121, -34.594427027490646, 508.0], "angles": [0.0, 0.0, -0.5778918762894922], "sizes": [1.0000000000000002, 1.0000000000000002, 1.0]}, {"translations": [1327.836370354502, 30.031762995508224, 508.0], "angles": [0.0, 0.0, -0.14825910691284439], "sizes": [1.0, 1.0, 1.0]}, {"translations": [83.50525131353798, -20.925272209389522, 808.0], "angles": [0.0, 0.0, 0.9849548266566869], "sizes": [1.0000000000000002, 1.0000000000000002, 1.0]}, {"translations": [2314.4995224060967, -39.62049237969423, 808.0], "angles": [0.0, 0.0, 0.9945930637814596], "sizes": [1.0, 1.0, 1.0]}], "SM_CardBoxD_04": [{"translations": [1523.0320133576606, -35.76875147005487, 658.0], "angles": [0.0, 0.0, 0.9915905027149213], "sizes": [1.0000000000000004, 1.0000000000000004, 1.0]}, {"translations": [1145.770292099039, -20.833139170329904, 1258.0], "angles": [0.0, 0.0, -0.668155444184291], "sizes": [1.0, 1.0, 1.0]}, {"translations": [647.3151213635583, 35.52424344326009, 58.0], "angles": [0.0, 0.0, 0.9929170597106564], "sizes": [0.9999999999999997, 0.9999999999999997, 1.0]}, {"translations": [335.43219708586184, -28.752578728550134, 958.0], "angles": [0.0, 0.0, -0.6816476173097891], "sizes": [1.0, 1.0, 1.0]}, {"translations": [271.2545132959752, -39.030182271292915, 508.0], "angles": [0.0, 0.0, -0.5383283336940536], "sizes": [1.0, 1.0, 1.0]}, {"translations": [348.66883524611706, 32.40091830338804, 358.0], "angles": [0.0, 0.0, 0.9363577595276419], "sizes": [1.000000000000001, 1.000000000000001, 1.0]}, {"translations": [257.1977120014317, 26.62089615722963, 58.0], "angles": [0.0, 0.0, -0.174797042291795], "sizes": [1.0, 1.0, 1.0]}, {"translations": [905.4145978026365, -33.79148728541277, 358.0], "angles": [0.0, 0.0, 0.9967457077698045], "sizes": [1.0000000000000007, 1.0000000000000007, 1.0]}, {"translations": [932.7960921959628, 2.3461656220012297, 208.0], "angles": [0.0, 0.0, -0.35385862700943005], "sizes": [1.0000000000000002, 1.0000000000000002, 1.0]}, {"translations": [473.90639905935046, -18.708675694066358, 1258.0], "angles": [0.0, 0.0, -0.2626964199301041], "sizes": [1.0, 1.0, 1.0]}, {"translations": [535.8763156054133, 6.976523220366863, 1258.0], "angles": [0.0, 0.0, 0.9951335056493069], "sizes": [1.000000000000001, 1.000000000000001, 1.0]}, {"translations": [147.09219131341516, 35.259254677040886, 808.0], "angles": [0.0, 0.0, 0.5319726982075959], "sizes": [1.0000000000000002, 1.0000000000000002, 1.0]}, {"translations": [2285.638955519125, -10.537536269681837, 1258.0], "angles": [0.0, 0.0, 0.9969965239647783], "sizes": [1.0000000000000013, 1.0000000000000013, 1.0]}, {"translations": [1923.6222623428866, -22.51287962963548, 508.0], "angles": [0.0, 0.0, 0.9804311674004315], "sizes": [1.000000000000001, 1.000000000000001, 1.0]}, {"translations": [2280.7401537714163, 30.04559073580325, 208.0], "angles": [0.0, 0.0, -0.7796811879007881], "sizes": [1.0000000000000002, 1.0000000000000002, 1.0]}], "SM_CardBoxB_02": [{"translations": [1466.066024362066, 27.1190541662829, 658.0], "angles": [0.0, 0.0, 0.9981307181787331], "sizes": [1.000000000000001, 1.000000000000001, 1.0]}, {"translations": [1059.4999958091391, 27.94750543110043, 1108.0], "angles": [0.0, 0.0, 0.7156250911421584], "sizes": [1.0000000000000007, 1.0000000000000007, 1.0]}, {"translations": [1107.9321835898863, -27.591326062910003, 658.0], "angles": [0.0, 0.0, 0.9665807502162672], "sizes": [1.0000000000000009, 1.0000000000000009, 1.0]}, {"translations": [1134.5629733815497, -1.6995441082305103, 358.0], "angles": [0.0, 0.0, -0.09795172234064772], "sizes": [1.0, 1.0, 1.0]}, {"translations": [646.51904629572, 21.43003316520409, 958.0], "angles": [0.0, 0.0, -0.5883241168190873], "sizes": [1.0, 1.0, 1.0]}, {"translations": [245.17250822420758, 29.899023816354976, 208.0], "angles": [0.0, 0.0, 0.6877472111667318], "sizes": [1.0000000000000002, 1.0000000000000002, 1.0]}, {"translations": [305.1721752140601, 30.098926559727964, 208.0], "angles": [0.0, 0.0, -0.7613815954816896], "sizes": [0.9999999999999999, 0.9999999999999999, 1.0]}, {"translations": [2166.2614097595215, -6.692960262298584, 658.0], "angles": [0.0, 0.0, -0.8561588759113803], "sizes": [1.0000000000000002, 1.0000000000000002, 1.0]}, {"translations": [2107.5811492429934, -29.420996280141573, 58.0], "angles": [0.0, 0.0, -0.6073471057680899], "sizes": [1.0, 1.0, 1.0]}, {"translations": [1792.1453313606496, -37.49304303678423, 1108.0], "angles": [0.0, 0.0, 0.9992149851298325], "sizes": [1.0, 1.0, 1.0]}, {"translations": [1743.7796411272973, 26.370971098626345, 958.0], "angles": [0.0, 0.0, 0.26287251530264827], "sizes": [1.0, 1.0, 1.0]}, {"translations": [1744.212137922859, 34.85173326549348, 808.0], "angles": [0.0, 0.0, -0.09921645723250616], "sizes": [1.0, 1.0, 1.0]}, {"translations": [1313.328179096062, -26.157642490251003, 58.0], "angles": [0.0, 0.0, 0.9721955682260311], "sizes": [1.0000000000000007, 1.0000000000000007, 1.0]}, {"translations": [965.4085279195681, -34.64492101145038, 358.0], "angles": [0.0, 0.0, 0.9064242069778641], "sizes": [0.9999999999999998, 0.9999999999999998, 1.0]}, {"translations": [509.8332071814108, -6.684986671175548, 958.0], "angles": [0.0, 0.0, 0.04069725106670562], "sizes": [1.0, 1.0, 1.0]}, {"translations": [173.22878561633524, -38.00040973535912, 1258.0], "angles": [0.0, 0.0, 0.9922411699656898], "sizes": [1.0, 1.0, 1.0]}, {"translations": [1938.868492612693, -32.0998749868382, 958.0], "angles": [0.0, 0.0, 0.9835814735176562], "sizes": [1.0000000000000007, 1.0000000000000007, 1.0]}, {"translations": [1894.8238830147125, 38.07303744744266, 508.0], "angles": [0.0, 0.0, 0.9939144864288644], "sizes": [1.0, 1.0, 1.0]}, {"translations": [1904.5497037173457, 2.1198707252952933, 208.0], "angles": [0.0, 0.0, 0.9847527690046995], "sizes": [0.9999999999999997, 0.9999999999999997, 1.0]}, {"translations": [2245.7533138311796, -26.757980893669064, 958.0], "angles": [0.0, 0.0, 0.9949437901501543], "sizes": [1.0000000000000002, 1.0000000000000002, 1.0]}, {"translations": [2248.6339210229007, -29.58964299625933, 58.0], "angles": [0.0, 0.0, 0.3753508057210093], "sizes": [1.0, 1.0, 1.0]}], "SM_CardBoxD_05": [{"translations": [1525.9929216780322, 24.158145845911307, 658.0], "angles": [0.0, 0.0, -0.548143516985158], "sizes": [1.0000000000000002, 1.0000000000000002, 1.0]}, {"translations": [1493.0019912719727, 3.831033706665039, 58.0], "angles": [0.0, 0.0, 0.9615772728783919], "sizes": [1.0000000000000013, 1.0000000000000013, 1.0]}, {"translations": [1047.6304775916622, 1.7975196732489376, 658.0], "angles": [0.0, 0.0, 0.7356446314697079], "sizes": [1.0, 1.0, 1.0]}, {"translations": [1064.5958597509969, -29.381958067226016, 58.0], "angles": [0.0, 0.0, -0.7811008870188619], "sizes": [1.0000000000000007, 1.0000000000000007, 1.0]}, {"translations": [322.5785217285156, -8.041610717773438, 1258.0], "angles": [0.0, 0.0, 0.5633321204576974], "sizes": [1.0, 1.0, 1.0]}, {"translations": [2187.587745789772, -6.523711580945224, 1258.0], "angles": [0.0, 0.0, -0.7110822741451092], "sizes": [1.0000000000000002, 1.0000000000000002, 1.0]}, {"translations": [2107.8518806649636, 32.04986202495846, 958.0], "angles": [0.0, 0.0, 0.460271751034185], "sizes": [1.0, 1.0, 1.0]}, {"translations": [2066.690696185831, 19.421994187879392, 808.0], "angles": [0.0, 0.0, 0.3517713934564123], "sizes": [1.0, 1.0, 1.0]}, {"translations": [2065.507611681489, -30.701153218340494, 358.0], "angles": [0.0, 0.0, 0.9966050302361853], "sizes": [1.0000000000000002, 1.0000000000000002, 1.0]}, {"translations": [2049.573815706221, 4.270979855930641, 58.0], "angles": [0.0, 0.0, 0.9999308142968985], "sizes": [1.000000000000001, 1.000000000000001, 1.0]}, {"translations": [1715.8802751665107, -25.953739783858268, 808.0], "angles": [0.0, 0.0, 0.9237788003802531], "sizes": [1.0000000000000002, 1.0000000000000002, 1.0]}, {"translations": [504.80824908578523, -22.097723765019552, 808.0], "angles": [0.0, 0.0, 0.4987844249984795], "sizes": [0.9999999999999999, 0.9999999999999999, 1.0]}, {"translations": [570.8385183862347, 38.05102391585737, 658.0], "angles": [0.0, 0.0, 0.7098544996128223], "sizes": [1.0000000000000004, 1.0000000000000004, 1.0]}, {"translations": [494.8818664550781, 8.459146499633789, 508.0], "angles": [0.0, 0.0, 0.8801815452793869], "sizes": [1.0000000000000004, 1.0000000000000004, 1.0]}, {"translations": [105.71475067520623, 19.154043003996296, 508.0], "angles": [0.0, 0.0, -0.780846909430476], "sizes": [1.0000000000000002, 1.0000000000000002, 1.0]}, {"translations": [197.7182270954283, -29.744055046850676, 358.0], "angles": [0.0, 0.0, -0.20017489726895205], "sizes": [1.0, 1.0, 1.0]}, {"translations": [1886.9100537482593, -8.516126991189942, 1108.0], "angles": [0.0, 0.0, 0.9081575196696797], "sizes": [1.0000000000000002, 1.0000000000000002, 1.0]}, {"translations": [1874.9614157297242, 40.52369479364396, 658.0], "angles": [0.0, 0.0, -0.7851757603457488], "sizes": [1.0, 1.0, 1.0]}, {"translations": [1884.268388596682, -23.01009804808293, 358.0], "angles": [0.0, 0.0, 0.99423522223335], "sizes": [1.0000000000000002, 1.0000000000000002, 1.0]}, {"translations": [1916.4432356164095, 35.852277194996745, 358.0], "angles": [0.0, 0.0, -0.5391105326915161], "sizes": [1.0, 1.0, 1.0]}, {"translations": [1512.1349866808775, 25.250552134149558, 958.0], "angles": [0.0, 0.0, 0.03543618469819947], "sizes": [1.0, 1.0, 1.0]}], "SM_CardBoxC_01": [{"translations": [1444.2796381803084, -26.749749594631172, 358.0], "angles": [0.0, 0.0, 0.4933258735534835], "sizes": [1.0, 1.0, 1.0]}, {"translations": [1072.2536189902307, 23.150895633090645, 358.0], "angles": [0.0, 0.0, -0.4137881917888377], "sizes": [0.9999999999999999, 0.9999999999999999, 1.0]}, {"translations": [666.7261850537307, -27.867256566977563, 1108.0], "angles": [0.0, 0.0, 0.7319838239883151], "sizes": [1.0000000000000004, 1.0000000000000004, 1.0]}, {"translations": [684.1909332275391, 8.459146499633789, 508.0], "angles": [0.0, 0.0, -0.12206133063598106], "sizes": [1.0, 1.0, 1.0]}, {"translations": [330.8392457894022, 31.07136963987795, 958.0], "angles": [0.0, 0.0, 0.9210574547186573], "sizes": [1.0000000000000002, 1.0000000000000002, 1.0]}, {"translations": [305.372077957433, -29.900740430124507, 208.0], "angles": [0.0, 0.0, 0.2691075380057605], "sizes": [1.0, 1.0, 1.0]}, {"translations": [2064.781636740722, -31.4994868145144, 208.0], "angles": [0.0, 0.0, -0.5712068093788507], "sizes": [1.0, 1.0, 1.0]}, {"translations": [1679.5991369071662, 37.715165053262034, 1258.0], "angles": [0.0, 0.0, 0.9959025904919485], "sizes": [0.9999999999999996, 0.9999999999999996, 1.0]}, {"translations": [1306.720888700803, 8.608593458277443, 1108.0], "angles": [0.0, 0.0, -0.7742110209380305], "sizes": [1.0000000000000002, 1.0000000000000002, 1.0]}, {"translations": [1346.9374949184196, -32.922714731177074, 658.0], "angles": [0.0, 0.0, 0.9552226532492845], "sizes": [1.0000000000000013, 1.0000000000000013, 1.0]}, {"translations": [1309.6206002144982, -27.4683946806414, 358.0], "angles": [0.0, 0.0, 0.9472236046326356], "sizes": [1.000000000000001, 1.000000000000001, 1.0]}, {"translations": [1248.5554562038585, 0.29935976511506346, 358.0], "angles": [0.0, 0.0, -0.6857904602527221], "sizes": [1.0000000000000002, 1.0000000000000002, 1.0]}, {"translations": [850.4441388457819, 8.56952690918568, 958.0], "angles": [0.0, 0.0, 0.36216918409008525], "sizes": [1.0, 1.0, 1.0]}, {"translations": [849.7817581739048, -25.78189356894995, 658.0], "angles": [0.0, 0.0, -0.5925966315579473], "sizes": [1.0000000000000002, 1.0000000000000002, 1.0]}, {"translations": [883.8037888098165, 32.03247688865416, 658.0], "angles": [0.0, 0.0, -0.6471624338526637], "sizes": [1.0000000000000002, 1.0000000000000002, 1.0]}, {"translations": [937.2418628036338, -27.48778091696845, 508.0], "angles": [0.0, 0.0, -0.11662745840419342], "sizes": [1.0, 1.0, 1.0]}, {"translations": [486.2015326551876, 30.203804629109595, 1108.0], "angles": [0.0, 0.0, 0.999868762165052], "sizes": [1.0000000000000013, 1.0000000000000013, 1.0]}, {"translations": [448.21899655366855, 19.842151295823665, 958.0], "angles": [0.0, 0.0, -0.45905748051824447], "sizes": [1.0, 1.0, 1.0]}, {"translations": [561.5917753282772, 40.954882425908224, 808.0], "angles": [0.0, 0.0, -0.49622136280210843], "sizes": [1.0000000000000002, 1.0000000000000002, 1.0]}, {"translations": [511.59243073036265, 6.588330174336599, 658.0], "angles": [0.0, 0.0, -0.10323682417265714], "sizes": [1.0, 1.0, 1.0]}, {"translations": [105.12515677353719, -33.167027477165995, 958.0], "angles": [0.0, 0.0, 0.9140638968955508], "sizes": [1.0, 1.0, 1.0]}, {"translations": [1513.6511156140443, -34.730289415948874, 958.0], "angles": [0.0, 0.0, -0.36563916236999516], "sizes": [1.0, 1.0, 1.0]}], "SM_CardBoxD_01": [{"translations": [1507.7554265169572, 29.56032317251203, 358.0], "angles": [0.0, 0.0, 0.21874957824464142], "sizes": [1.0, 1.0, 1.0]}, {"translations": [1089.504748437752, -26.25275414644555, 508.0], "angles": [0.0, 0.0, -0.45830380216661376], "sizes": [0.9999999999999999, 0.9999999999999999, 1.0]}, {"translations": [739.684015005839, 35.01663914711129, 658.0], "angles": [0.0, 0.0, 0.9974206525228013], "sizes": [1.000000000000001, 1.000000000000001, 1.0]}, {"translations": [307.61123084378823, 28.057357692121663, 1108.0], "angles": [0.0, 0.0, -0.7338877426936], "sizes": [1.0000000000000002, 1.0000000000000002, 1.0]}, {"translations": [1685.978720093779, -22.913642192407877, 508.0], "angles": [0.0, 0.0, -0.5141486724412785], "sizes": [1.0, 1.0, 1.0]}, {"translations": [1255.80892324209, -24.496554845454398, 808.0], "angles": [0.0, 0.0, -0.679229890984401], "sizes": [1.0000000000000002, 1.0000000000000002, 1.0]}, {"translations": [493.8119694236122, 27.013648659683348, 208.0], "angles": [0.0, 0.0, 0.895549493742228], "sizes": [0.9999999999999998, 0.9999999999999998, 1.0]}, {"translations": [76.10946178079435, -3.609670734119283, 658.0], "angles": [0.0, 0.0, 0.9377729511966595], "sizes": [1.0000000000000009, 1.0000000000000009, 1.0]}, {"translations": [77.0445785522461, -0.000858306884765625, 208.0], "angles": [0.0, 0.0, 0.46138182296559815], "sizes": [1.0, 1.0, 1.0]}, {"translations": [1877.5263295058985, -4.949570653747659, 958.0], "angles": [0.0, 0.0, 0.9620004391317505], "sizes": [1.0000000000000007, 1.0000000000000007, 1.0]}, {"translations": [2293.130142211914, 6.360223293304443, 1108.0], "angles": [0.0, 0.0, 0.8361700631574375], "sizes": [1.0000000000000004, 1.0000000000000004, 1.0]}, {"translations": [2319.8807067871094, -6.692960262298584, 658.0], "angles": [0.0, 0.0, 0.982187152192743], "sizes": [0.9999999999999999, 0.9999999999999999, 1.0]}, {"translations": [2336.6140905489983, 30.07097637795144, 508.0], "angles": [0.0, 0.0, -0.7433065723528648], "sizes": [1.0000000000000002, 1.0000000000000002, 1.0]}, {"translations": [2311.8894031162436, -31.298020342599617, 358.0], "angles": [0.0, 0.0, 0.8889390093420452], "sizes": [0.9999999999999999, 0.9999999999999999, 1.0]}], "SM_CardBoxD_03": [{"translations": [1523.000249583423, -28.445727408788663, 208.0], "angles": [0.0, 0.0, 0.4961436691002538], "sizes": [1.0, 1.0, 1.0]}, {"translations": [1064.2694592905793, -31.862629312931112, 1108.0], "angles": [0.0, 0.0, 0.9453731261022442], "sizes": [1.0000000000000007, 1.0000000000000007, 1.0]}, {"translations": [732.0919617704511, 40.63595000533317, 808.0], "angles": [0.0, 0.0, 0.9872185055382925], "sizes": [1.0, 1.0, 1.0]}, {"translations": [677.6243213991719, 9.549122003765682, 658.0], "angles": [0.0, 0.0, -0.8368151954470069], "sizes": [1.0000000000000004, 1.0000000000000004, 1.0]}, {"translations": [260.2492726270917, 25.04340687705814, 658.0], "angles": [0.0, 0.0, -0.4689240354099383], "sizes": [1.0, 1.0, 1.0]}, {"translations": [2122.9853793902284, 1.8520400109557864, 208.0], "angles": [0.0, 0.0, 0.99288981840763], "sizes": [1.0000000000000002, 1.0000000000000002, 1.0]}, {"translations": [1739.4278959378141, 33.185309332305145, 1258.0], "angles": [0.0, 0.0, 0.14089851542285914], "sizes": [1.0, 1.0, 1.0]}, {"translations": [1667.260110145481, 5.664632139106388, 358.0], "angles": [0.0, 0.0, -0.37627580852763765], "sizes": [1.0, 1.0, 1.0]}, {"translations": [1678.1772630379648, 33.53178916269809, 208.0], "angles": [0.0, 0.0, -0.26400045392721927], "sizes": [1.0, 1.0, 1.0]}, {"translations": [1245.5623215711341, -18.95278652614592, 1108.0], "angles": [0.0, 0.0, -0.46711595056232025], "sizes": [1.0, 1.0, 1.0]}, {"translations": [1338.2491008997863, 31.907058450560402, 208.0], "angles": [0.0, 0.0, 0.44660886857851484], "sizes": [0.9999999999999998, 0.9999999999999998, 1.0]}, {"translations": [922.1250655289795, 35.18794720846743, 1258.0], "angles": [0.0, 0.0, 0.9997528600229111], "sizes": [1.0000000000000009, 1.0000000000000009, 1.0]}, {"translations": [908.501635799418, -29.531302073043733, 1108.0], "angles": [0.0, 0.0, 0.9844295649907525], "sizes": [1.0000000000000007, 1.0000000000000007, 1.0]}, {"translations": [911.0294422314826, -20.23014346501505, 958.0], "angles": [0.0, 0.0, -0.6242354924440716], "sizes": [1.0000000000000002, 1.0000000000000002, 1.0]}, {"translations": [965.7329769640091, 33.24323598461534, 508.0], "angles": [0.0, 0.0, 0.9868348446147913], "sizes": [0.9999999999999999, 0.9999999999999999, 1.0]}, {"translations": [564.7263153024951, -18.963183790801658, 808.0], "angles": [0.0, 0.0, -0.8004794532467879], "sizes": [1.0000000000000009, 1.0000000000000009, 1.0]}, {"translations": [489.9021724220909, -32.85882821748364, 208.0], "angles": [0.0, 0.0, 0.9952869044972175], "sizes": [1.0000000000000004, 1.0000000000000004, 1.0]}, {"translations": [1947.8348046350013, 19.55832276990815, 1108.0], "angles": [0.0, 0.0, -0.827002206760069], "sizes": [1.0000000000000002, 1.0000000000000002, 1.0]}, {"translations": [2335.7900558724277, -29.923364745622955, 508.0], "angles": [0.0, 0.0, 0.4660349521993177], "sizes": [1.0, 1.0, 1.0]}], "SM_CardBoxC_02": [{"translations": [1085.9436872113533, -25.391356761972354, 1258.0], "angles": [0.0, 0.0, 0.8334667877035284], "sizes": [1.0000000000000002, 1.0000000000000002, 1.0]}, {"translations": [1097.8147430419922, 5.8795952796936035, 808.0], "angles": [0.0, 0.0, 0.9525099769986771], "sizes": [1.000000000000001, 1.000000000000001, 1.0]}, {"translations": [1149.0805701952033, -28.670111079706146, 208.0], "angles": [0.0, 0.0, 0.6732463047743019], "sizes": [1.0000000000000002, 1.0000000000000002, 1.0]}, {"translations": [657.7345657405845, 36.963436732666615, 1258.0], "angles": [0.0, 0.0, -0.8119336502010668], "sizes": [1.0000000000000007, 1.0000000000000007, 1.0]}, {"translations": [321.7238115438233, 39.62272083152968, 808.0], "angles": [0.0, 0.0, 0.999909412108846], "sizes": [1.000000000000001, 1.000000000000001, 1.0]}, {"translations": [2043.593813304763, -23.365846750910606, 958.0], "angles": [0.0, 0.0, 0.9666941169075608], "sizes": [1.0000000000000004, 1.0000000000000004, 1.0]}, {"translations": [2092.933733766745, 30.518188720009654, 358.0], "angles": [0.0, 0.0, 0.9862660154652235], "sizes": [1.0000000000000002, 1.0000000000000002, 1.0]}, {"translations": [1703.0705109460528, -28.76047527347785, 208.0], "angles": [0.0, 0.0, 0.8526519527329003], "sizes": [1.0000000000000002, 1.0000000000000002, 1.0]}, {"translations": [1320.3631396676499, 26.70567282795529, 1258.0], "angles": [0.0, 0.0, 0.16900000077543847], "sizes": [1.0, 1.0, 1.0]}, {"translations": [1316.8251645546577, 3.3784930663705324, 808.0], "angles": [0.0, 0.0, -0.736955378082463], "sizes": [1.0000000000000004, 1.0000000000000004, 1.0]}, {"translations": [925.2688613585797, -24.729634082684406, 1258.0], "angles": [0.0, 0.0, 0.9730727982930089], "sizes": [1.0000000000000009, 1.0000000000000009, 1.0]}, {"translations": [909.8350571765629, 39.75796739322573, 958.0], "angles": [0.0, 0.0, -0.6600206881972425], "sizes": [1.0, 1.0, 1.0]}, {"translations": [922.1294860839844, 5.8795952796936035, 808.0], "angles": [0.0, 0.0, -0.534081218705154], "sizes": [1.0000000000000002, 1.0000000000000002, 1.0]}, {"translations": [990.6457689917283, -31.615796845227834, 208.0], "angles": [0.0, 0.0, 0.0794523631460346], "sizes": [1.0, 1.0, 1.0]}, {"translations": [565.4831844043653, 36.365031080350974, 358.0], "angles": [0.0, 0.0, 0.9773143964122911], "sizes": [1.0000000000000004, 1.0000000000000004, 1.0]}, {"translations": [73.88344886647502, 28.120077612784595, 58.0], "angles": [0.0, 0.0, 0.8770069508127845], "sizes": [0.9999999999999998, 0.9999999999999998, 1.0]}, {"translations": [2343.7241982899286, 23.019945344062748, 1258.0], "angles": [0.0, 0.0, 0.666455218386178], "sizes": [1.0000000000000004, 1.0000000000000004, 1.0]}, {"translations": [1860.4143533481222, -24.504144165447993, 1258.0], "angles": [0.0, 0.0, 0.5148084271406151], "sizes": [0.9999999999999997, 0.9999999999999997, 1.0]}, {"translations": [1856.4833966140548, 38.047204713547046, 358.0], "angles": [0.0, 0.0, 0.6394106221868782], "sizes": [1.0000000000000004, 1.0000000000000004, 1.0]}, {"translations": [1505.0315485767298, 12.151263415666737, 1108.0], "angles": [0.0, 0.0, 0.9531887004225985], "sizes": [1.0000000000000007, 1.0000000000000007, 1.0]}, {"translations": [1442.8781363794906, 37.38919820122432, 1108.0], "angles": [0.0, 0.0, -0.07979646481161005], "sizes": [0.9999999999999999, 0.9999999999999999, 1.0]}, {"translations": [2258.1482131896064, 23.81869069817567, 808.0], "angles": [0.0, 0.0, 0.9315000563672916], "sizes": [1.0000000000000002, 1.0000000000000002, 1.0]}], "SM_CardBoxD_02": [{"translations": [1149.496724063743, -27.234008695732026, 508.0], "angles": [0.0, 0.0, 0.9982140204780922], "sizes": [1.0000000000000002, 1.0000000000000002, 1.0]}, {"translations": [322.70893179123925, -29.45442433258337, 358.0], "angles": [0.0, 0.0, 0.8108078416680953], "sizes": [1.0000000000000007, 1.0000000000000007, 1.0]}, {"translations": [245.37241096758058, -30.100643173497495, 208.0], "angles": [0.0, 0.0, 0.734397652494094], "sizes": [1.0, 1.0, 1.0]}, {"translations": [1683.7620935396521, 8.97642149799695, 58.0], "angles": [0.0, 0.0, 0.9839544485487223], "sizes": [0.9999999999999999, 0.9999999999999999, 1.0]}, {"translations": [882.8341992962819, -28.705654167354993, 58.0], "angles": [0.0, 0.0, -0.7291701686240105], "sizes": [1.0000000000000002, 1.0000000000000002, 1.0]}, {"translations": [910.1735556671683, 32.55248482841985, 58.0], "angles": [-0.0, -0.0, 0.008849439797646718], "sizes": [1.0, 1.0, 1.0]}, {"translations": [501.67370911156735, 37.82034245169033, 808.0], "angles": [0.0, 0.0, -0.6444577388126639], "sizes": [1.0000000000000004, 1.0000000000000004, 1.0]}, {"translations": [1843.1100348859097, -24.80905598713565, 208.0], "angles": [0.0, 0.0, 0.9495015786514007], "sizes": [1.0000000000000007, 1.0000000000000007, 1.0]}, {"translations": [1892.7287667720466, 39.79216984833542, 58.0], "angles": [0.0, 0.0, 0.9011617141733937], "sizes": [1.0000000000000002, 1.0000000000000002, 1.0]}, {"translations": [1539.2452330285469, -36.75880324167056, 1258.0], "angles": [0.0, 0.0, -0.7716263025086662], "sizes": [1.0000000000000002, 1.0000000000000002, 1.0]}, {"translations": [2255.817750204069, 32.38847539783643, 358.0], "angles": [0.0, 0.0, 0.886393941311869], "sizes": [0.9999999999999999, 0.9999999999999999, 1.0]}]}