{"SM_RackShelf_01": [{"translations": [200.0, 0.0, 37.0], "angles": [0.0, 0.0, 0.0], "sizes": [1.0, 1.0, 1.0]}, {"translations": [200.0, 0.0, 187.0], "angles": [0.0, 0.0, 0.0], "sizes": [1.0, 1.0, 1.0]}, {"translations": [200.0, 0.0, 337.0], "angles": [0.0, 0.0, 0.0], "sizes": [1.0, 1.0, 1.0]}, {"translations": [200.0, 0.0, 487.0], "angles": [0.0, 0.0, 0.0], "sizes": [1.0, 1.0, 1.0]}, {"translations": [200.0, 0.0, 637.0], "angles": [0.0, 0.0, 0.0], "sizes": [1.0, 1.0, 1.0]}, {"translations": [200.0, 0.0, 787.0], "angles": [0.0, 0.0, 0.0], "sizes": [1.0, 1.0, 1.0]}, {"translations": [600.0, 0.0, 37.0], "angles": [0.0, 0.0, 0.0], "sizes": [1.0, 1.0, 1.0]}, {"translations": [600.0, 0.0, 187.0], "angles": [0.0, 0.0, 0.0], "sizes": [1.0, 1.0, 1.0]}, {"translations": [600.0, 0.0, 337.0], "angles": [0.0, 0.0, 0.0], "sizes": [1.0, 1.0, 1.0]}, {"translations": [600.0, 0.0, 487.0], "angles": [0.0, 0.0, 0.0], "sizes": [1.0, 1.0, 1.0]}, {"translations": [600.0, 0.0, 637.0], "angles": [0.0, 0.0, 0.0], "sizes": [1.0, 1.0, 1.0]}, {"translations": [600.0, 0.0, 787.0], "angles": [0.0, 0.0, 0.0], "sizes": [1.0, 1.0, 1.0]}, {"translations": [1000.0, 0.0, 37.0], "angles": [0.0, 0.0, 0.0], "sizes": [1.0, 1.0, 1.0]}, {"translations": [1000.0, 0.0, 187.0], "angles": [0.0, 0.0, 0.0], "sizes": [1.0, 1.0, 1.0]}, {"translations": [1000.0, 0.0, 337.0], "angles": [0.0, 0.0, 0.0], "sizes": [1.0, 1.0, 1.0]}, {"translations": [1000.0, 0.0, 487.0], "angles": [0.0, 0.0, 0.0], "sizes": [1.0, 1.0, 1.0]}, {"translations": [1000.0, 0.0, 637.0], "angles": [0.0, 0.0, 0.0], "sizes": [1.0, 1.0, 1.0]}, {"translations": [1000.0, 0.0, 787.0], "angles": [0.0, 0.0, 0.0], "sizes": [1.0, 1.0, 1.0]}, {"translations": [1400.0, 0.0, 37.0], "angles": [0.0, 0.0, 0.0], "sizes": [1.0, 1.0, 1.0]}, {"translations": [1400.0, 0.0, 187.0], "angles": [0.0, 0.0, 0.0], "sizes": [1.0, 1.0, 1.0]}, {"translations": [1400.0, 0.0, 337.0], "angles": [0.0, 0.0, 0.0], "sizes": [1.0, 1.0, 1.0]}, {"translations": [1400.0, 0.0, 487.0], "angles": [0.0, 0.0, 0.0], "sizes": [1.0, 1.0, 1.0]}, {"translations": [1400.0, 0.0, 637.0], "angles": [0.0, 0.0, 0.0], "sizes": [1.0, 1.0, 1.0]}, {"translations": [1400.0, 0.0, 787.0], "angles": [0.0, 0.0, 0.0], "sizes": [1.0, 1.0, 1.0]}, {"translations": [1800.0, 0.0, 37.0], "angles": [0.0, 0.0, 0.0], "sizes": [1.0, 1.0, 1.0]}, {"translations": [1800.0, 0.0, 187.0], "angles": [0.0, 0.0, 0.0], "sizes": [1.0, 1.0, 1.0]}, {"translations": [1800.0, 0.0, 337.0], "angles": [0.0, 0.0, 0.0], "sizes": [1.0, 1.0, 1.0]}, {"translations": [1800.0, 0.0, 487.0], "angles": [0.0, 0.0, 0.0], "sizes": [1.0, 1.0, 1.0]}, {"translations": [1800.0, 0.0, 637.0], "angles": [0.0, 0.0, 0.0], "sizes": [1.0, 1.0, 1.0]}, {"translations": [1800.0, 0.0, 787.0], "angles": [0.0, 0.0, 0.0], "sizes": [1.0, 1.0, 1.0]}, {"translations": [2200.0, 0.0, 37.0], "angles": [0.0, 0.0, 0.0], "sizes": [1.0, 1.0, 1.0]}, {"translations": [2200.0, 0.0, 187.0], "angles": [0.0, 0.0, 0.0], "sizes": [1.0, 1.0, 1.0]}, {"translations": [2200.0, 0.0, 337.0], "angles": [0.0, 0.0, 0.0], "sizes": [1.0, 1.0, 1.0]}, {"translations": [2200.0, 0.0, 487.0], "angles": [0.0, 0.0, 0.0], "sizes": [1.0, 1.0, 1.0]}, {"translations": [2200.0, 0.0, 637.0], "angles": [0.0, 0.0, 0.0], "sizes": [1.0, 1.0, 1.0]}, {"translations": [2200.0, 0.0, 787.0], "angles": [0.0, 0.0, 0.0], "sizes": [1.0, 1.0, 1.0]}, {"translations": [2600.0, 0.0, 37.0], "angles": [0.0, 0.0, 0.0], "sizes": [1.0, 1.0, 1.0]}, {"translations": [2600.0, 0.0, 187.0], "angles": [0.0, 0.0, 0.0], "sizes": [1.0, 1.0, 1.0]}, {"translations": [2600.0, 0.0, 337.0], "angles": [0.0, 0.0, 0.0], "sizes": [1.0, 1.0, 1.0]}, {"translations": [2600.0, 0.0, 487.0], "angles": [0.0, 0.0, 0.0], "sizes": [1.0, 1.0, 1.0]}, {"translations": [2600.0, 0.0, 637.0], "angles": [0.0, 0.0, 0.0], "sizes": [1.0, 1.0, 1.0]}, {"translations": [2600.0, 0.0, 787.0], "angles": [0.0, 0.0, 0.0], "sizes": [1.0, 1.0, 1.0]}, {"translations": [3000.0, 0.0, 37.0], "angles": [0.0, 0.0, 0.0], "sizes": [1.0, 1.0, 1.0]}, {"translations": [3000.0, 0.0, 187.0], "angles": [0.0, 0.0, 0.0], "sizes": [1.0, 1.0, 1.0]}, {"translations": [3000.0, 0.0, 337.0], "angles": [0.0, 0.0, 0.0], "sizes": [1.0, 1.0, 1.0]}, {"translations": [3000.0, 0.0, 487.0], "angles": [0.0, 0.0, 0.0], "sizes": [1.0, 1.0, 1.0]}, {"translations": [3000.0, 0.0, 637.0], "angles": [0.0, 0.0, 0.0], "sizes": [1.0, 1.0, 1.0]}, {"translations": [3000.0, 0.0, 787.0], "angles": [0.0, 0.0, 0.0], "sizes": [1.0, 1.0, 1.0]}, {"translations": [3400.0, 0.0, 37.0], "angles": [0.0, 0.0, 0.0], "sizes": [1.0, 1.0, 1.0]}, {"translations": [3400.0, 0.0, 187.0], "angles": [0.0, 0.0, 0.0], "sizes": [1.0, 1.0, 1.0]}, {"translations": [3400.0, 0.0, 337.0], "angles": [0.0, 0.0, 0.0], "sizes": [1.0, 1.0, 1.0]}, {"translations": [3400.0, 0.0, 487.0], "angles": [0.0, 0.0, 0.0], "sizes": [1.0, 1.0, 1.0]}, {"translations": [3400.0, 0.0, 637.0], "angles": [0.0, 0.0, 0.0], "sizes": [1.0, 1.0, 1.0]}, {"translations": [3400.0, 0.0, 787.0], "angles": [0.0, 0.0, 0.0], "sizes": [1.0, 1.0, 1.0]}, {"translations": [3800.0, 0.0, 37.0], "angles": [0.0, 0.0, 0.0], "sizes": [1.0, 1.0, 1.0]}, {"translations": [3800.0, 0.0, 187.0], "angles": [0.0, 0.0, 0.0], "sizes": [1.0, 1.0, 1.0]}, {"translations": [3800.0, 0.0, 337.0], "angles": [0.0, 0.0, 0.0], "sizes": [1.0, 1.0, 1.0]}, {"translations": [3800.0, 0.0, 487.0], "angles": [0.0, 0.0, 0.0], "sizes": [1.0, 1.0, 1.0]}, {"translations": [3800.0, 0.0, 637.0], "angles": [0.0, 0.0, 0.0], "sizes": [1.0, 1.0, 1.0]}, {"translations": [3800.0, 0.0, 787.0], "angles": [0.0, 0.0, 0.0], "sizes": [1.0, 1.0, 1.0]}], "SM_RackFrame_03": [{"translations": [0.0, 0.0, 0.0], "angles": [0.0, 0.0, 0.0], "sizes": [1.0, 1.0, 1.0]}, {"translations": [400.0, 0.0, 0.0], "angles": [0.0, 0.0, 0.0], "sizes": [1.0, 1.0, 1.0]}, {"translations": [800.0, 0.0, 0.0], "angles": [0.0, 0.0, 0.0], "sizes": [1.0, 1.0, 1.0]}, {"translations": [1200.0, 0.0, 0.0], "angles": [0.0, 0.0, 0.0], "sizes": [1.0, 1.0, 1.0]}, {"translations": [1600.0, 0.0, 0.0], "angles": [0.0, 0.0, 0.0], "sizes": [1.0, 1.0, 1.0]}, {"translations": [2000.0, 0.0, 0.0], "angles": [0.0, 0.0, 0.0], "sizes": [1.0, 1.0, 1.0]}, {"translations": [2400.0, 0.0, 0.0], "angles": [0.0, 0.0, 0.0], "sizes": [1.0, 1.0, 1.0]}, {"translations": [2800.0, 0.0, 0.0], "angles": [0.0, 0.0, 0.0], "sizes": [1.0, 1.0, 1.0]}, {"translations": [3200.0, 0.0, 0.0], "angles": [0.0, 0.0, 0.0], "sizes": [1.0, 1.0, 1.0]}, {"translations": [3600.0, 0.0, 0.0], "angles": [0.0, 0.0, 0.0], "sizes": [1.0, 1.0, 1.0]}, {"translations": [0.0, 0.0, 300.0], "angles": [0.0, 0.0, 0.0], "sizes": [1.0, 1.0, 1.0]}, {"translations": [400.0, 0.0, 300.0], "angles": [0.0, 0.0, 0.0], "sizes": [1.0, 1.0, 1.0]}, {"translations": [800.0, 0.0, 300.0], "angles": [0.0, 0.0, 0.0], "sizes": [1.0, 1.0, 1.0]}, {"translations": [1200.0, 0.0, 300.0], "angles": [0.0, 0.0, 0.0], "sizes": [1.0, 1.0, 1.0]}, {"translations": [1600.0, 0.0, 300.0], "angles": [0.0, 0.0, 0.0], "sizes": [1.0, 1.0, 1.0]}, {"translations": [2000.0, 0.0, 300.0], "angles": [0.0, 0.0, 0.0], "sizes": [1.0, 1.0, 1.0]}, {"translations": [2400.0, 0.0, 300.0], "angles": [0.0, 0.0, 0.0], "sizes": [1.0, 1.0, 1.0]}, {"translations": [2800.0, 0.0, 300.0], "angles": [0.0, 0.0, 0.0], "sizes": [1.0, 1.0, 1.0]}, {"translations": [3200.0, 0.0, 300.0], "angles": [0.0, 0.0, 0.0], "sizes": [1.0, 1.0, 1.0]}, {"translations": [3600.0, 0.0, 300.0], "angles": [0.0, 0.0, 0.0], "sizes": [1.0, 1.0, 1.0]}, {"translations": [0.0, 0.0, 600.0], "angles": [0.0, 0.0, 0.0], "sizes": [1.0, 1.0, 1.0]}, {"translations": [400.0, 0.0, 600.0], "angles": [0.0, 0.0, 0.0], "sizes": [1.0, 1.0, 1.0]}, {"translations": [800.0, 0.0, 600.0], "angles": [0.0, 0.0, 0.0], "sizes": [1.0, 1.0, 1.0]}, {"translations": [1200.0, 0.0, 600.0], "angles": [0.0, 0.0, 0.0], "sizes": [1.0, 1.0, 1.0]}, {"translations": [1600.0, 0.0, 600.0], "angles": [0.0, 0.0, 0.0], "sizes": [1.0, 1.0, 1.0]}, {"translations": [2000.0, 0.0, 600.0], "angles": [0.0, 0.0, 0.0], "sizes": [1.0, 1.0, 1.0]}, {"translations": [2400.0, 0.0, 600.0], "angles": [0.0, 0.0, 0.0], "sizes": [1.0, 1.0, 1.0]}, {"translations": [2800.0, 0.0, 600.0], "angles": [0.0, 0.0, 0.0], "sizes": [1.0, 1.0, 1.0]}, {"translations": [3200.0, 0.0, 600.0], "angles": [0.0, 0.0, 0.0], "sizes": [1.0, 1.0, 1.0]}, {"translations": [3600.0, 0.0, 600.0], "angles": [0.0, 0.0, 0.0], "sizes": [1.0, 1.0, 1.0]}, {"translations": [4000.0, 0.0, 0.0], "angles": [0.0, 0.0, 0.0], "sizes": [1.0, 1.0, 1.0]}, {"translations": [4000.0, 0.0, 300.0], "angles": [0.0, 0.0, 0.0], "sizes": [1.0, 1.0, 1.0]}, {"translations": [4000.0, 0.0, 600.0], "angles": [0.0, 0.0, 0.0], "sizes": [1.0, 1.0, 1.0]}], "SM_PaletteA_01": [{"translations": [104.04623413085938, -1.7162489891052246, 37.0], "angles": [0.0, 0.0, 0.022812687322300927], "sizes": [1.0, 1.0, 1.0]}, {"translations": [77.0445785522461, -0.000858306884765625, 187.0], "angles": [0.0, 0.0, -0.002121271235946423], "sizes": [1.0, 1.0, 1.0]}, {"translations": [167.94365692138672, 0.4796934127807617, 337.0], "angles": [0.0, 0.0, 0.020924901787495977], "sizes": [1.0, 1.0, 1.0]}, {"translations": [74.09922790527344, -9.138336181640625, 487.0], "angles": [0.0, 0.0, 0.020943539829800684], "sizes": [1.0, 1.0, 1.0]}, {"translations": [106.05471801757812, -5.421197414398193, 637.0], "angles": [0.0, 0.0, 0.028113475766036296], "sizes": [1.0, 1.0, 1.0]}, {"translations": [115.29872131347656, 7.166991233825684, 787.0], "angles": [0.0, 0.0, -0.0047312336668632925], "sizes": [1.0, 1.0, 1.0]}, {"translations": [482.2792282104492, 6.109950542449951, 37.0], "angles": [0.0, 0.0, -0.03415609646657929], "sizes": [0.9999999999999999, 0.9999999999999999, 1.0]}, {"translations": [491.85707092285156, -2.9225897789001465, 187.0], "angles": [0.0, 0.0, 0.007644763510940614], "sizes": [0.9999999999999999, 0.9999999999999999, 1.0]}, {"translations": [533.3830947875977, 8.623649597167969, 337.0], "angles": [0.0, 0.0, -0.03970782178512242], "sizes": [0.9999999999999999, 0.9999999999999999, 1.0]}, {"translations": [494.8818664550781, 8.459146499633789, 487.0], "angles": [0.0, 0.0, 0.008771273852076582], "sizes": [1.0, 1.0, 1.0]}, {"translations": [541.5834045410156, 7.324190139770508, 637.0], "angles": [0.0, 0.0, 0.027809985793265074], "sizes": [1.0, 1.0, 1.0]}, {"translations": [533.2000122070312, 9.428579330444336, 787.0], "angles": [0.0, 0.0, -0.043068614481257636], "sizes": [1.0, 1.0, 1.0]}, {"translations": [911.4894409179688, 2.581357955932617, 37.0], "angles": [0.0, 0.0, 0.037022588200598235], "sizes": [1.0, 1.0, 1.0]}, {"translations": [962.7283554077148, 0.3313159942626953, 187.0], "angles": [0.0, 0.0, -0.025682817250936435], "sizes": [1.0, 1.0, 1.0]}, {"translations": [935.8382797241211, -4.22123908996582, 337.0], "angles": [0.0, 0.0, -0.01558333279572904], "sizes": [1.0, 1.0, 1.0]}, {"translations": [966.4827346801758, 3.2526063919067383, 487.0], "angles": [0.0, 0.0, -0.008976336463489519], "sizes": [1.0, 1.0, 1.0]}, {"translations": [881.7578506469727, 2.102322578430176, 637.0], "angles": [0.0, 0.0, -0.0004833793234848466], "sizes": [0.9999999999999999, 0.9999999999999999, 1.0]}, {"translations": [922.1294860839844, 5.8795952796936035, 787.0], "angles": [0.0, 0.0, 0.03919155825016036], "sizes": [1.0, 1.0, 1.0]}, {"translations": [1312.5039825439453, 3.831033706665039, 37.0], "angles": [0.0, 0.0, 0.01607863115947867], "sizes": [1.0, 1.0, 1.0]}, {"translations": [1367.7973022460938, 1.4619636535644531, 187.0], "angles": [0.0, 0.0, 0.014249198101248845], "sizes": [1.0, 1.0, 1.0]}, {"translations": [1278.5350646972656, 1.4052867889404297, 337.0], "angles": [0.0, 0.0, -0.02376586948103017], "sizes": [0.9999999999999999, 0.9999999999999999, 1.0]}, {"translations": [1300.343391418457, -2.281332015991211, 487.0], "angles": [0.0, 0.0, -0.011564872926101378], "sizes": [1.0, 1.0, 1.0]}, {"translations": [1315.598030090332, -4.324848651885986, 637.0], "angles": [0.0, 0.0, 0.03813237938783592], "sizes": [1.0, 1.0, 1.0]}, {"translations": [1286.8436584472656, 4.431722164154053, 787.0], "angles": [0.0, 0.0, -0.017641734278565607], "sizes": [0.9999999999999999, 0.9999999999999999, 1.0]}, {"translations": [1713.750633239746, 9.805569648742676, 37.0], "angles": [0.0, 0.0, -0.008968347301814138], "sizes": [1.0, 1.0, 1.0]}, {"translations": [1675.6761093139648, 3.6362338066101074, 187.0], "angles": [0.0, 0.0, 0.03344275423404079], "sizes": [1.0, 1.0, 1.0]}, {"translations": [1697.231704711914, 6.969821453094482, 337.0], "angles": [0.0, 0.0, 0.0073065411023796765], "sizes": [1.0, 1.0, 1.0]}, {"translations": [1714.9520950317383, 8.078994750976562, 487.0], "angles": [0.0, 0.0, 0.041272521912153], "sizes": [0.9999999999999999, 0.9999999999999999, 1.0]}, {"translations": [1734.4088516235352, 9.549428939819336, 637.0], "angles": [0.0, 0.0, 0.03786890855697089], "sizes": [0.9999999999999999, 0.9999999999999999, 1.0]}, {"translations": [1715.0519256591797, 4.0348219871521, 787.0], "angles": [0.0, 0.0, -0.012153408853877485], "sizes": [1.0, 1.0, 1.0]}, {"translations": [2079.5151443481445, 2.395656108856201, 37.0], "angles": [0.0, 0.0, 0.005357084155198519], "sizes": [0.9999999999999999, 0.9999999999999999, 1.0]}, {"translations": [2093.033576965332, 0.1521778106689453, 187.0], "angles": [0.0, 0.0, 0.025150342548445066], "sizes": [1.0, 1.0, 1.0]}, {"translations": [2094.2071533203125, 0.5452275276184082, 337.0], "angles": [0.0, 0.0, -0.01672038746147352], "sizes": [1.0, 1.0, 1.0]}, {"translations": [2138.9098052978516, 0.4858231544494629, 487.0], "angles": [0.0, 0.0, 0.007399749220573585], "sizes": [1.0, 1.0, 1.0]}, {"translations": [2166.2614097595215, -6.692960262298584, 637.0], "angles": [0.0, 0.0, -0.0062812165823658735], "sizes": [1.0, 1.0, 1.0]}, {"translations": [2099.147735595703, -7.900900840759277, 787.0], "angles": [0.0, 0.0, 0.028941408791139562], "sizes": [1.0, 1.0, 1.0]}, {"translations": [2498.907196044922, -4.518120288848877, 37.0], "angles": [0.0, 0.0, -0.0027364778285628457], "sizes": [1.0, 1.0, 1.0]}, {"translations": [2502.4140243530273, -5.466940402984619, 187.0], "angles": [0.0, 0.0, 0.0061240878994112315], "sizes": [1.0, 1.0, 1.0]}, {"translations": [2532.563407897949, 9.540740966796875, 337.0], "angles": [0.0, 0.0, -0.03840383115850241], "sizes": [1.0, 1.0, 1.0]}, {"translations": [2560.399745941162, -8.810394287109375, 487.0], "angles": [0.0, 0.0, -0.02498793245807534], "sizes": [1.0, 1.0, 1.0]}, {"translations": [2504.8695068359375, 5.577380657196045, 637.0], "angles": [0.0, 0.0, -0.01154090399541416], "sizes": [1.0, 1.0, 1.0]}, {"translations": [2506.439613342285, 7.717952728271484, 787.0], "angles": [0.0, 0.0, -0.03428918068026783], "sizes": [1.0, 1.0, 1.0]}, {"translations": [2907.6520080566406, -5.5121564865112305, 37.0], "angles": [0.0, 0.0, 0.012174709445666964], "sizes": [1.0, 1.0, 1.0]}, {"translations": [2875.525344848633, 9.49099349975586, 187.0], "angles": [0.0, 0.0, -0.023898993874196212], "sizes": [0.9999999999999999, 0.9999999999999999, 1.0]}, {"translations": [2882.421142578125, 7.635831832885742, 337.0], "angles": [0.0, 0.0, -0.03413480360152464], "sizes": [1.0, 1.0, 1.0]}, {"translations": [2919.150360107422, -5.7010817527771, 487.0], "angles": [0.0, 0.0, -0.0044542574326267145], "sizes": [1.0, 1.0, 1.0]}, {"translations": [2953.922176361084, 1.8576598167419434, 637.0], "angles": [0.0, 0.0, -0.02467376802553207], "sizes": [0.9999999999999999, 0.9999999999999999, 1.0]}, {"translations": [2955.815299987793, 0.9525680541992188, 787.0], "angles": [0.0, 0.0, 0.02493468375219454], "sizes": [1.0, 1.0, 1.0]}, {"translations": [3281.321846008301, 1.9383478164672852, 37.0], "angles": [0.0, 0.0, -0.02259169360083578], "sizes": [0.9999999999999999, 0.9999999999999999, 1.0]}, {"translations": [3335.089340209961, 3.0927324295043945, 187.0], "angles": [0.0, 0.0, 0.0043770265139647544], "sizes": [1.0, 1.0, 1.0]}, {"translations": [3325.660598754883, 5.971324443817139, 337.0], "angles": [0.0, 0.0, 0.01086448481550691], "sizes": [1.0, 1.0, 1.0]}, {"translations": [3369.652936935425, -9.388505935668945, 487.0], "angles": [0.0, 0.0, 0.027602332733234453], "sizes": [1.0, 1.0, 1.0]}, {"translations": [3337.361083984375, 6.581850051879883, 637.0], "angles": [0.0, 0.0, -0.022876588588201314], "sizes": [1.0, 1.0, 1.0]}, {"translations": [3363.693546295166, -7.437701225280762, 787.0], "angles": [0.0, 0.0, 0.0224346048408095], "sizes": [1.0, 1.0, 1.0]}, {"translations": [3737.7925033569336, 1.735079288482666, 37.0], "angles": [0.0, 0.0, -0.04159183929759782], "sizes": [1.0, 1.0, 1.0]}, {"translations": [3735.742576599121, 1.8309926986694336, 187.0], "angles": [0.0, 0.0, 0.019811894008237203], "sizes": [0.9999999999999999, 0.9999999999999999, 1.0]}, {"translations": [3691.6289443969727, -8.20798110961914, 337.0], "angles": [0.0, 0.0, 0.016289003732800636], "sizes": [1.0, 1.0, 1.0]}, {"translations": [3719.700859069824, 7.732515335083008, 487.0], "angles": [0.0, 0.0, -0.012022917253774223], "sizes": [1.0, 1.0, 1.0]}, {"translations": [3749.3163681030273, 7.242178916931152, 637.0], "angles": [0.0, 0.0, 0.03236472687684482], "sizes": [1.0, 1.0, 1.0]}, {"translations": [3745.4949836730957, -3.4252285957336426, 787.0], "angles": [0.0, 0.0, 0.01241971214138828], "sizes": [1.0, 1.0, 1.0]}, {"translations": [288.7731170654297, -1.7162489891052246, 37.0], "angles": [0.0, 0.0, -0.024066728924318673], "sizes": [1.0, 1.0, 1.0]}, {"translations": [275.2722930908203, -0.000858306884765625, 187.0], "angles": [0.0, 0.0, 0.03704654020769752], "sizes": [1.0, 1.0, 1.0]}, {"translations": [320.7218246459961, 0.4796934127807617, 337.0], "angles": [0.0, 0.0, 0.00719468607547164], "sizes": [1.0, 1.0, 1.0]}, {"translations": [273.7996139526367, -9.138336181640625, 487.0], "angles": [0.0, 0.0, 0.003530121924152998], "sizes": [1.0, 1.0, 1.0]}, {"translations": [289.77735900878906, -5.421197414398193, 637.0], "angles": [0.0, 0.0, 0.02150535479139132], "sizes": [0.9999999999999999, 0.9999999999999999, 1.0]}, {"translations": [294.3993606567383, 7.166991233825684, 787.0], "angles": [0.0, 0.0, 0.023108230671712224], "sizes": [1.0, 1.0, 1.0]}, {"translations": [677.8896102905273, 6.109950542449951, 37.0], "angles": [0.0, 0.0, 0.014933578427108126], "sizes": [1.0, 1.0, 1.0]}, {"translations": [682.6785354614258, -2.9225897789001465, 187.0], "angles": [0.0, 0.0, 0.0397903186906658], "sizes": [1.0, 1.0, 1.0]}, {"translations": [703.4415435791016, 8.623649597167969, 337.0], "angles": [0.0, 0.0, 0.037094448316359434], "sizes": [1.0, 1.0, 1.0]}, {"translations": [684.1909332275391, 8.459146499633789, 487.0], "angles": [0.0, 0.0, 0.0034715275377562075], "sizes": [1.0, 1.0, 1.0]}, {"translations": [707.5417022705078, 7.324190139770508, 637.0], "angles": [0.0, 0.0, 0.013021553443881399], "sizes": [0.9999999999999999, 0.9999999999999999, 1.0]}, {"translations": [703.3500061035156, 9.428579330444336, 787.0], "angles": [0.0, 0.0, -0.008393108504032106], "sizes": [1.0, 1.0, 1.0]}, {"translations": [1092.4947204589844, 2.581357955932617, 37.0], "angles": [0.0, 0.0, 0.00547426672608817], "sizes": [1.0, 1.0, 1.0]}, {"translations": [1118.1141815185547, 0.3313159942626953, 187.0], "angles": [0.0, 0.0, -0.01711715414646179], "sizes": [1.0, 1.0, 1.0]}, {"translations": [1104.6691436767578, -4.22123908996582, 337.0], "angles": [0.0, 0.0, -0.0026752227470019717], "sizes": [1.0, 1.0, 1.0]}, {"translations": [1119.9913635253906, 3.2526063919067383, 487.0], "angles": [0.0, 0.0, -0.028041596685654285], "sizes": [0.9999999999999999, 0.9999999999999999, 1.0]}, {"translations": [1077.6289291381836, 2.102322578430176, 637.0], "angles": [0.0, 0.0, 0.027551751916690466], "sizes": [0.9999999999999999, 0.9999999999999999, 1.0]}, {"translations": [1097.8147430419922, 5.8795952796936035, 787.0], "angles": [0.0, 0.0, 0.040359793957872744], "sizes": [0.9999999999999999, 0.9999999999999999, 1.0]}, {"translations": [1493.0019912719727, 3.831033706665039, 37.0], "angles": [0.0, 0.0, 0.02516099182173484], "sizes": [1.0, 1.0, 1.0]}, {"translations": [1520.6486511230469, 1.4619636535644531, 187.0], "angles": [0.0, 0.0, 0.016531323958671348], "sizes": [1.0, 1.0, 1.0]}, {"translations": [1476.0175323486328, 1.4052867889404297, 337.0], "angles": [0.0, 0.0, 0.027865894661425188], "sizes": [1.0, 1.0, 1.0]}, {"translations": [1486.9216995239258, -2.281332015991211, 487.0], "angles": [0.0, 0.0, 0.0022118211012036705], "sizes": [0.9999999999999999, 0.9999999999999999, 1.0]}, {"translations": [1494.5490188598633, -4.324848651885986, 637.0], "angles": [0.0, 0.0, 0.02919164639945495], "sizes": [1.0, 1.0, 1.0]}, {"translations": [1480.1718292236328, 4.431722164154053, 787.0], "angles": [0.0, 0.0, 0.042068144518186155], "sizes": [1.0, 1.0, 1.0]}, {"translations": [1893.6253204345703, 9.805569648742676, 37.0], "angles": [0.0, 0.0, 0.02118583787531733], "sizes": [0.9999999999999999, 0.9999999999999999, 1.0]}, {"translations": [1874.5880508422852, 3.6362338066101074, 187.0], "angles": [0.0, 0.0, -0.03813770183562149], "sizes": [0.9999999999999999, 0.9999999999999999, 1.0]}, {"translations": [1885.365852355957, 6.969821453094482, 337.0], "angles": [0.0, 0.0, -0.02967881033424305], "sizes": [1.0, 1.0, 1.0]}, {"translations": [1894.2260513305664, 8.078994750976562, 487.0], "angles": [0.0, 0.0, 0.009482334238574145], "sizes": [1.0, 1.0, 1.0]}, {"translations": [1903.9544296264648, 9.549428939819336, 637.0], "angles": [0.0, 0.0, 0.026896836328657296], "sizes": [1.0, 1.0, 1.0]}, {"translations": [1894.2759628295898, 4.0348219871521, 787.0], "angles": [0.0, 0.0, 0.024109325057939567], "sizes": [0.9999999999999999, 0.9999999999999999, 1.0]}, {"translations": [2276.5075759887695, 2.395656108856201, 37.0], "angles": [0.0, 0.0, -0.038571490153404796], "sizes": [1.0, 1.0, 1.0]}, {"translations": [2283.2667846679688, 0.1521778106689453, 187.0], "angles": [0.0, 0.0, -0.00025700284459320965], "sizes": [0.9999999999999999, 0.9999999999999999, 1.0]}, {"translations": [2283.8535766601562, 0.5452275276184082, 337.0], "angles": [0.0, 0.0, -0.017138456309874803], "sizes": [1.0, 1.0, 1.0]}, {"translations": [2306.204902648926, 0.4858231544494629, 487.0], "angles": [0.0, 0.0, -0.03632795416480885], "sizes": [1.0, 1.0, 1.0]}, {"translations": [2319.8807067871094, -6.692960262298584, 637.0], "angles": [0.0, 0.0, 0.03745373769397616], "sizes": [1.0, 1.0, 1.0]}, {"translations": [2286.3238677978516, -7.900900840759277, 787.0], "angles": [0.0, 0.0, 0.04198299449568166], "sizes": [1.0, 1.0, 1.0]}, {"translations": [2686.203598022461, -4.518120288848877, 37.0], "angles": [0.0, 0.0, -0.0330940649333672], "sizes": [1.0, 1.0, 1.0]}, {"translations": [2687.9570083618164, -5.466940402984619, 187.0], "angles": [0.0, 0.0, -0.03226091367230326], "sizes": [1.0, 1.0, 1.0]}, {"translations": [2703.031707763672, 9.540740966796875, 337.0], "angles": [0.0, 0.0, -0.01085915672706164], "sizes": [0.9999999999999999, 0.9999999999999999, 1.0]}, {"translations": [2716.9498748779297, -8.810394287109375, 487.0], "angles": [0.0, 0.0, 0.01253955025890063], "sizes": [1.0, 1.0, 1.0]}, {"translations": [2689.1847534179688, 5.577380657196045, 637.0], "angles": [0.0, 0.0, 0.030554617815610485], "sizes": [0.9999999999999999, 0.9999999999999999, 1.0]}, {"translations": [2689.9698028564453, 7.717952728271484, 787.0], "angles": [0.0, 0.0, 0.011282585869776126], "sizes": [1.0, 1.0, 1.0]}, {"translations": [3090.5760040283203, -5.5121564865112305, 37.0], "angles": [0.0, 0.0, -0.01721035417433298], "sizes": [1.0, 1.0, 1.0]}, {"translations": [3074.5126724243164, 9.49099349975586, 187.0], "angles": [0.0, 0.0, -0.03228220994340844], "sizes": [1.0, 1.0, 1.0]}, {"translations": [3077.9605712890625, 7.635831832885742, 337.0], "angles": [0.0, 0.0, 0.04048220756442501], "sizes": [0.9999999999999999, 0.9999999999999999, 1.0]}, {"translations": [3096.325180053711, -5.7010817527771, 487.0], "angles": [0.0, 0.0, -0.005378391737691826], "sizes": [0.9999999999999999, 0.9999999999999999, 1.0]}, {"translations": [3113.7110900878906, 1.8576598167419434, 637.0], "angles": [0.0, 0.0, 0.027597008440081935], "sizes": [1.0, 1.0, 1.0]}, {"translations": [3114.6576538085938, 0.9525680541992188, 787.0], "angles": [0.0, 0.0, 0.007828521327666595], "sizes": [1.0, 1.0, 1.0]}, {"translations": [3477.410919189453, 1.9383478164672852, 37.0], "angles": [0.0, 0.0, -0.03335225518968992], "sizes": [0.9999999999999999, 0.9999999999999999, 1.0]}, {"translations": [3504.2946701049805, 3.0927324295043945, 187.0], "angles": [0.0, 0.0, 0.024348951671516898], "sizes": [1.0, 1.0, 1.0]}, {"translations": [3499.5802993774414, 5.971324443817139, 337.0], "angles": [0.0, 0.0, -0.027280201194551087], "sizes": [1.0, 1.0, 1.0]}, {"translations": [3521.5764694213867, -9.388505935668945, 487.0], "angles": [0.0, 0.0, 0.034943944365334385], "sizes": [1.0, 1.0, 1.0]}, {"translations": [3505.4305419921875, 6.581850051879883, 637.0], "angles": [0.0, 0.0, -0.03468044498765427], "sizes": [0.9999999999999999, 0.9999999999999999, 1.0]}, {"translations": [3518.5967712402344, -7.437701225280762, 787.0], "angles": [0.0, 0.0, 0.000432779268087613], "sizes": [1.0, 1.0, 1.0]}, {"translations": [3905.6462478637695, 1.735079288482666, 37.0], "angles": [0.0, 0.0, 0.015189218092229744], "sizes": [1.0, 1.0, 1.0]}, {"translations": [3904.621292114258, 1.8309926986694336, 187.0], "angles": [0.0, 0.0, -0.014659292462979156], "sizes": [0.9999999999999999, 0.9999999999999999, 1.0]}, {"translations": [3882.564468383789, -8.20798110961914, 337.0], "angles": [0.0, 0.0, -0.001830979442724072], "sizes": [0.9999999999999999, 0.9999999999999999, 1.0]}, {"translations": [3896.6004333496094, 7.732515335083008, 487.0], "angles": [0.0, 0.0, -0.015263781078547445], "sizes": [1.0, 1.0, 1.0]}, {"translations": [3911.408187866211, 7.242178916931152, 637.0], "angles": [0.0, 0.0, -0.0020973028394552615], "sizes": [1.0, 1.0, 1.0]}, {"translations": [3909.497489929199, -3.4252285957336426, 787.0], "angles": [0.0, 0.0, 0.026633267435445012], "sizes": [1.0, 1.0, 1.0]}], "SM_CardBoxD_05": [{"translations": [1883.5859081698618, -22.97732863993416, 358.0], "angles": [0.0, 0.0, -0.8041177503342061], "sizes": [1.0000000000000002, 1.0000000000000002, 1.0]}, {"translations": [1922.3275250818504, 41.04950423428518, 58.0], "angles": [0.0, 0.0, 0.7366158067212121], "sizes": [1.0000000000000004, 1.0000000000000004, 1.0]}, {"translations": [1047.6744750802043, 0.44984501779301933, 658.0], "angles": [0.0, 0.0, 0.7506814679048589], "sizes": [1.0000000000000004, 1.0000000000000004, 1.0]}, {"translations": [1062.8249695967656, -27.745295070306057, 58.0], "angles": [0.0, 0.0, -0.7985299379345369], "sizes": [1.0000000000000002, 1.0000000000000002, 1.0]}, {"translations": [1122.492922403213, 2.909809037942595, 58.0], "angles": [0.0, 0.0, -0.6562108395319955], "sizes": [1.0, 1.0, 1.0]}, {"translations": [247.57590641661076, -32.139778095711954, 208.0], "angles": [0.0, 0.0, 0.8809694124309424], "sizes": [1.0000000000000002, 1.0000000000000002, 1.0]}, {"translations": [3704.577646941851, 30.618961704096048, 208.0], "angles": [0.0, 0.0, 0.3199057458928943], "sizes": [0.9999999999999999, 0.9999999999999999, 1.0]}, {"translations": [3764.5305456045476, 32.995922355939584, 208.0], "angles": [0.0, 0.0, 0.033206197252926624], "sizes": [1.0, 1.0, 1.0]}, {"translations": [2938.3735430710094, -34.77283464613194, 58.0], "angles": [0.0, 0.0, 0.9579084559552988], "sizes": [1.000000000000001, 1.000000000000001, 1.0]}, {"translations": [1645.7432143826104, 1.630790955643639, 208.0], "angles": [0.0, 0.0, -0.6814914350079152], "sizes": [1.0000000000000004, 1.0000000000000004, 1.0]}, {"translations": [922.1294860839844, 5.8795952796936035, 808.0], "angles": [0.0, 0.0, 0.7847312335771636], "sizes": [1.0000000000000007, 1.0000000000000007, 1.0]}, {"translations": [881.7868534029934, 32.10230855909595, 658.0], "angles": [0.0, 0.0, 0.9380764376991105], "sizes": [0.9999999999999999, 0.9999999999999999, 1.0]}, {"translations": [937.0261276465804, 33.78633040435468, 508.0], "angles": [0.0, 0.0, -0.23654674941619355], "sizes": [1.0, 1.0, 1.0]}, {"translations": [102.81657322919237, 22.091682671168144, 508.0], "angles": [0.0, 0.0, -0.7495408721893366], "sizes": [1.0, 1.0, 1.0]}, {"translations": [199.1726050476556, -28.238816279172408, 358.0], "angles": [0.0, 0.0, -0.1759461318605957], "sizes": [1.0, 1.0, 1.0]}, {"translations": [3085.131027839501, -29.51345168716645, 808.0], "angles": [0.0, 0.0, 0.932340229982893], "sizes": [0.9999999999999998, 0.9999999999999998, 1.0]}, {"translations": [3110.2891841007404, -19.83889825992174, 358.0], "angles": [0.0, 0.0, 0.7879140327681556], "sizes": [1.0000000000000007, 1.0000000000000007, 1.0]}, {"translations": [3061.6262441156105, 25.50254004588234, 58.0], "angles": [0.0, 0.0, 0.9258471099417434], "sizes": [1.0000000000000007, 1.0000000000000007, 1.0]}, {"translations": [2733.0246324865825, 8.889229980077154, 358.0], "angles": [0.0, 0.0, 0.9998911424103224], "sizes": [1.0000000000000007, 1.0000000000000007, 1.0]}, {"translations": [2686.203598022461, -4.518120288848877, 58.0], "angles": [0.0, 0.0, -0.5014515675810576], "sizes": [1.0, 1.0, 1.0]}, {"translations": [2322.1263543122022, -36.608793314263636, 658.0], "angles": [0.0, 0.0, 0.5460077425829486], "sizes": [0.9999999999999999, 0.9999999999999999, 1.0]}], "SM_CardBoxD_01": [{"translations": [1924.8692550201129, -18.896634998537312, 58.0], "angles": [0.0, 0.0, 0.9653666145815057], "sizes": [1.0000000000000013, 1.0000000000000013, 1.0]}, {"translations": [1526.2486420798198, -32.52296716558822, 658.0], "angles": [0.0, 0.0, 0.999556574126214], "sizes": [1.0000000000000002, 1.0000000000000002, 1.0]}, {"translations": [1491.492809702555, 33.79304917609784, 58.0], "angles": [0.0, 0.0, 0.575331173376821], "sizes": [1.0000000000000002, 1.0000000000000002, 1.0]}, {"translations": [1088.3567092224473, -25.01837956778832, 508.0], "angles": [0.0, 0.0, -0.4758705924603764], "sizes": [1.0, 1.0, 1.0]}, {"translations": [1134.8292270581899, 25.617818710592694, 358.0], "angles": [0.0, 0.0, 0.14275123921203497], "sizes": [1.0, 1.0, 1.0]}, {"translations": [676.7706489563002, 36.53278952307191, 658.0], "angles": [0.0, 0.0, 0.08381503596250636], "sizes": [1.0, 1.0, 1.0]}, {"translations": [3737.7925033569336, 1.735079288482666, 58.0], "angles": [0.0, 0.0, -0.7060046200241017], "sizes": [1.0000000000000002, 1.0000000000000002, 1.0]}, {"translations": [2067.462234773339, 20.31308571973839, 808.0], "angles": [0.0, 0.0, 0.03554875711820083], "sizes": [1.0, 1.0, 1.0]}, {"translations": [1683.7554591149456, 10.34364884635396, 58.0], "angles": [0.0, 0.0, 0.9875629386277289], "sizes": [1.0000000000000002, 1.0000000000000002, 1.0]}, {"translations": [1336.9546195377811, 30.59491618766831, 208.0], "angles": [0.0, 0.0, 0.47352607247566414], "sizes": [0.9999999999999999, 0.9999999999999999, 1.0]}, {"translations": [76.10214006875697, -7.10733922925038, 658.0], "angles": [0.0, 0.0, 0.9159354522273021], "sizes": [1.0000000000000007, 1.0000000000000007, 1.0]}, {"translations": [77.0445785522461, -0.000858306884765625, 208.0], "angles": [0.0, 0.0, 0.43445533334164405], "sizes": [0.9999999999999999, 0.9999999999999999, 1.0]}, {"translations": [2246.596841579929, 4.708223323833989, 58.0], "angles": [0.0, 0.0, 0.438670345357323], "sizes": [1.0, 1.0, 1.0]}, {"translations": [2306.41831039761, 0.08308889387841356, 58.0], "angles": [0.0, 0.0, 0.660017229179775], "sizes": [1.0000000000000004, 1.0000000000000004, 1.0]}, {"translations": [3066.649614516362, 24.619881458151717, 508.0], "angles": [0.0, 0.0, 0.9846155646659125], "sizes": [1.0000000000000002, 1.0000000000000002, 1.0]}, {"translations": [2691.0171745273974, -24.366604262612473, 658.0], "angles": [0.0, 0.0, 0.8880003339931336], "sizes": [1.0000000000000004, 1.0000000000000004, 1.0]}, {"translations": [2672.3872720540417, -19.80067276939403, 358.0], "angles": [0.0, 0.0, 0.7748519396050808], "sizes": [1.0000000000000007, 1.0000000000000007, 1.0]}], "SM_CardBoxC_02": [{"translations": [1863.652250818159, 8.53470467961142, 58.0], "angles": [0.0, 0.0, 0.6536236666206785], "sizes": [1.0000000000000004, 1.0000000000000004, 1.0]}, {"translations": [1097.8147430419922, 5.8795952796936035, 808.0], "angles": [0.0, 0.0, 0.9329454788673506], "sizes": [1.0000000000000004, 1.0000000000000004, 1.0]}, {"translations": [1147.069722921052, -30.67798296731104, 208.0], "angles": [0.0, 0.0, 0.6481060366795319], "sizes": [1.0, 1.0, 1.0]}, {"translations": [260.25145499792944, 29.692584050460542, 58.0], "angles": [0.0, 0.0, 0.8903762073296629], "sizes": [1.0000000000000004, 1.0000000000000004, 1.0]}, {"translations": [3749.3163681030273, 7.242178916931152, 658.0], "angles": [0.0, 0.0, -0.22269322037760095], "sizes": [1.0, 1.0, 1.0]}, {"translations": [2948.8819168881496, -35.967144122936276, 508.0], "angles": [0.0, 0.0, 0.6755951147875107], "sizes": [1.0000000000000002, 1.0000000000000002, 1.0]}, {"translations": [2906.9215796292665, 24.478950100483583, 58.0], "angles": [0.0, 0.0, 0.7488896104073631], "sizes": [1.0000000000000002, 1.0000000000000002, 1.0]}, {"translations": [2476.5101582169887, 9.774093750395128, 808.0], "angles": [0.0, 0.0, -0.06328842510668041], "sizes": [1.0, 1.0, 1.0]}, {"translations": [2127.361722156201, 23.784599981605155, 808.0], "angles": [0.0, 0.0, 0.9593666088802838], "sizes": [1.0000000000000004, 1.0000000000000004, 1.0]}, {"translations": [2109.8348428842, -27.28120155301061, 58.0], "angles": [0.0, 0.0, -0.7666814545578048], "sizes": [1.0000000000000004, 1.0000000000000004, 1.0]}, {"translations": [1727.2285015793411, 7.408202217171181, 358.0], "angles": [0.0, 0.0, 0.9562093739952804], "sizes": [1.0000000000000007, 1.0000000000000007, 1.0]}, {"translations": [1281.5549007258146, 32.8509292029389, 58.0], "angles": [0.0, 0.0, 0.756480321608216], "sizes": [1.0000000000000007, 1.0000000000000007, 1.0]}, {"translations": [909.2696085227515, 32.49911763370835, 58.0], "angles": [0.0, 0.0, 0.960483037422687], "sizes": [1.0000000000000013, 1.0000000000000013, 1.0]}, {"translations": [524.8772503403789, 8.985402685765909, 508.0], "angles": [0.0, 0.0, -0.2579908903690786], "sizes": [1.0, 1.0, 1.0]}, {"translations": [72.7090542245183, 26.884120860209897, 58.0], "angles": [0.0, 0.0, 0.8864840476715307], "sizes": [1.0000000000000002, 1.0000000000000002, 1.0]}, {"translations": [3475.50270598806, 8.661425034911243, 658.0], "angles": [0.0, 0.0, 0.9976335833448853], "sizes": [0.9999999999999997, 0.9999999999999997, 1.0]}, {"translations": [3507.3441768138787, -0.06167418085179799, 58.0], "angles": [0.0, 0.0, 0.4748614476027288], "sizes": [1.0, 1.0, 1.0]}, {"translations": [3042.6392778340446, -18.510554980512495, 208.0], "angles": [0.0, 0.0, -0.6780611195670513], "sizes": [1.0000000000000004, 1.0000000000000004, 1.0]}, {"translations": [2314.8641094059176, 29.499447579694692, 358.0], "angles": [0.0, 0.0, 0.5272261861951822], "sizes": [1.0, 1.0, 1.0]}], "SM_CardBoxD_04": [{"translations": [1874.5880508422852, 3.6362338066101074, 208.0], "angles": [0.0, 0.0, 0.1312195893470774], "sizes": [0.9999999999999999, 0.9999999999999999, 1.0]}, {"translations": [1516.9214059947708, -2.1486230745363772, 508.0], "angles": [0.0, 0.0, 0.990748817979287], "sizes": [0.9999999999999996, 0.9999999999999996, 1.0]}, {"translations": [703.3500061035156, 9.428579330444336, 808.0], "angles": [0.0, 0.0, 0.7121938800937372], "sizes": [1.0000000000000007, 1.0000000000000007, 1.0]}, {"translations": [676.9936955013821, 36.09656983657163, 58.0], "angles": [0.0, 0.0, 0.28081326216288593], "sizes": [1.0, 1.0, 1.0]}, {"translations": [291.0673818876883, -35.39344859731598, 658.0], "angles": [0.0, 0.0, -0.18301489461612347], "sizes": [1.0, 1.0, 1.0]}, {"translations": [288.4873361298898, 24.55105376851959, 658.0], "angles": [0.0, 0.0, -0.7834715668227981], "sizes": [1.0000000000000004, 1.0000000000000004, 1.0]}, {"translations": [350.28704884381455, 30.90825759403535, 358.0], "angles": [0.0, 0.0, 0.17361295344278752], "sizes": [1.0, 1.0, 1.0]}, {"translations": [3775.4857287181153, -2.680103341405137, 808.0], "angles": [0.0, 0.0, -0.7619204901373231], "sizes": [1.0, 1.0, 1.0]}, {"translations": [3690.4308549979487, 38.445165198492546, 508.0], "angles": [0.0, 0.0, 0.5283557454307324], "sizes": [1.0000000000000002, 1.0000000000000002, 1.0]}, {"translations": [2924.3569884277554, 29.419647879702783, 808.0], "angles": [0.0, 0.0, -0.7946473339884683], "sizes": [1.0, 1.0, 1.0]}, {"translations": [2955.402151736137, 31.821132127027276, 658.0], "angles": [0.0, 0.0, 0.8500957634310844], "sizes": [1.0000000000000002, 1.0000000000000002, 1.0]}, {"translations": [2590.3622821350505, -10.309202089977116, 508.0], "angles": [0.0, 0.0, 0.8859845356399505], "sizes": [0.9999999999999998, 0.9999999999999998, 1.0]}, {"translations": [1732.138346876681, 39.46338568570157, 658.0], "angles": [0.0, 0.0, 0.8798339131616941], "sizes": [1.0000000000000002, 1.0000000000000002, 1.0]}, {"translations": [1307.0756262928453, -29.986373629217148, 358.0], "angles": [0.0, 0.0, 0.9963073726812648], "sizes": [1.0000000000000002, 1.0000000000000002, 1.0]}, {"translations": [966.7585957414923, 24.82930406134032, 358.0], "angles": [0.0, 0.0, 0.8446240916673051], "sizes": [1.0000000000000002, 1.0000000000000002, 1.0]}, {"translations": [509.9618544801917, 35.60983264176799, 658.0], "angles": [0.0, 0.0, 0.24700077401254175], "sizes": [1.0, 1.0, 1.0]}, {"translations": [145.58124908195072, 36.88177731671026, 808.0], "angles": [0.0, 0.0, 0.553915901128161], "sizes": [0.9999999999999999, 0.9999999999999999, 1.0]}, {"translations": [3867.5301325028254, 38.63425652676121, 508.0], "angles": [0.0, 0.0, 0.9018959037788814], "sizes": [1.0000000000000007, 1.0000000000000007, 1.0]}, {"translations": [3501.216502270308, 35.92667188118423, 358.0], "angles": [0.0, 0.0, -0.8448090556097051], "sizes": [1.0000000000000004, 1.0000000000000004, 1.0]}, {"translations": [3085.411975634482, -29.751834344868524, 658.0], "angles": [0.0, 0.0, -0.022526529320990283], "sizes": [1.0, 1.0, 1.0]}, {"translations": [3104.4501439595865, 7.5550704447540316, 208.0], "angles": [0.0, 0.0, -0.7736088146654887], "sizes": [1.0000000000000004, 1.0000000000000004, 1.0]}], "SM_CardBoxD_02": [{"translations": [1507.5437912907728, 36.84739264302962, 808.0], "angles": [0.0, 0.0, 0.9457611556705499], "sizes": [0.9999999999999996, 0.9999999999999996, 1.0]}, {"translations": [1148.2623494850857, -28.382047911036498, 508.0], "angles": [0.0, 0.0, 0.9968302077811596], "sizes": [1.0000000000000009, 1.0000000000000009, 1.0]}, {"translations": [303.58706025128976, 21.072722108410428, 508.0], "angles": [0.0, 0.0, 0.9542411894264665], "sizes": [1.0000000000000009, 1.0000000000000009, 1.0]}, {"translations": [3716.249363882405, -34.16109889508165, 808.0], "angles": [0.0, 0.0, 0.07927726406093694], "sizes": [1.0, 1.0, 1.0]}, {"translations": [3714.759113373748, 25.820391194957352, 808.0], "angles": [0.0, 0.0, 0.61196738853824], "sizes": [1.0000000000000002, 1.0000000000000002, 1.0]}, {"translations": [3367.997427988867, 20.565780737992082, 508.0], "angles": [0.0, 0.0, 0.8186797863988204], "sizes": [1.0000000000000002, 1.0000000000000002, 1.0]}, {"translations": [2984.2823798132968, 32.41087961423702, 808.0], "angles": [0.0, 0.0, 0.19469579180386665], "sizes": [1.0, 1.0, 1.0]}, {"translations": [2845.559614563125, 10.924523567869034, 208.0], "angles": [0.0, 0.0, -0.8382323651582829], "sizes": [1.0000000000000007, 1.0000000000000007, 1.0]}, {"translations": [560.5069987637411, -23.041845446445613, 808.0], "angles": [0.0, 0.0, 0.6327160655195398], "sizes": [1.0000000000000004, 1.0000000000000004, 1.0]}, {"translations": [569.8690470430131, 38.945740200594436, 658.0], "angles": [0.0, 0.0, -0.7646640999381644], "sizes": [1.0000000000000002, 1.0000000000000002, 1.0]}, {"translations": [3553.5985608576707, -37.21988498964793, 508.0], "angles": [0.0, 0.0, -0.1096758634159952], "sizes": [1.0, 1.0, 1.0]}, {"translations": [3519.4811132302343, 20.5382293094626, 508.0], "angles": [0.0, 0.0, -0.8517173890630215], "sizes": [1.0, 1.0, 1.0]}, {"translations": [3126.32344442785, -6.023780589566959, 508.0], "angles": [0.0, 0.0, -0.7781078385404268], "sizes": [1.0000000000000002, 1.0000000000000002, 1.0]}, {"translations": [2686.0223610860967, -35.404494409926315, 208.0], "angles": [0.0, 0.0, 0.6861626424833391], "sizes": [1.0000000000000007, 1.0000000000000007, 1.0]}, {"translations": [2306.204902648926, 0.4858231544494629, 508.0], "angles": [0.0, 0.0, 0.4837590289128633], "sizes": [1.0, 1.0, 1.0]}, {"translations": [2252.843043914395, -28.408992524457876, 358.0], "angles": [0.0, 0.0, 0.623899668509519], "sizes": [1.0000000000000002, 1.0000000000000002, 1.0]}], "SM_CardBoxC_01": [{"translations": [1466.350900346161, -36.02447187184246, 658.0], "angles": [0.0, 0.0, -0.29739823011042044], "sizes": [1.0, 1.0, 1.0]}, {"translations": [1522.7471373735655, 27.374774568070485, 658.0], "angles": [0.0, 0.0, 0.9995352456820863], "sizes": [1.0000000000000007, 1.0000000000000007, 1.0]}, {"translations": [1074.8300858761993, 25.93884429146614, 358.0], "angles": [0.0, 0.0, -0.45410233130177624], "sizes": [0.9999999999999999, 0.9999999999999999, 1.0]}, {"translations": [2884.4680372457924, 37.56592074387086, 358.0], "angles": [0.0, 0.0, 0.43394709063700104], "sizes": [0.9999999999999999, 0.9999999999999999, 1.0]}, {"translations": [2536.3690684675817, 5.661811706147841, 808.0], "angles": [0.0, 0.0, -0.6258048560397488], "sizes": [1.0000000000000002, 1.0000000000000002, 1.0]}, {"translations": [2166.2614097595215, -6.692960262298584, 658.0], "angles": [0.0, 0.0, 0.7767072987620512], "sizes": [1.0000000000000004, 1.0000000000000004, 1.0]}, {"translations": [2063.220844600081, -28.434915189326645, 358.0], "angles": [0.0, 0.0, -0.15881105532258433], "sizes": [1.0, 1.0, 1.0]}, {"translations": [965.9441761907495, -26.742559131114916, 508.0], "angles": [0.0, 0.0, 0.043194283932840576], "sizes": [1.0, 1.0, 1.0]}, {"translations": [906.787736572815, 26.699076927405347, 358.0], "angles": [0.0, 0.0, 0.9999315465659575], "sizes": [1.000000000000001, 1.000000000000001, 1.0]}, {"translations": [484.32739821462945, 36.0399522068999, 58.0], "angles": [0.0, 0.0, 0.9545881019029998], "sizes": [1.0000000000000009, 1.0000000000000009, 1.0]}, {"translations": [2313.2822008751073, 30.136753677474882, 208.0], "angles": [0.0, 0.0, -0.5344554959608817], "sizes": [0.9999999999999999, 0.9999999999999999, 1.0]}, {"translations": [1873.9978360147343, 7.936202612975057, 658.0], "angles": [-0.0, -0.0, 0.0035172524861411306], "sizes": [1.0, 1.0, 1.0]}, {"translations": [3493.7450903674076, -41.41059737195305, 508.0], "angles": [0.0, 0.0, -0.6710111884697892], "sizes": [1.0, 1.0, 1.0]}, {"translations": [3534.25909781813, 4.553236391640399, 208.0], "angles": [0.0, 0.0, 0.2000121725442435], "sizes": [1.0, 1.0, 1.0]}, {"translations": [3145.123673549959, -28.574057914893785, 808.0], "angles": [0.0, 0.0, 0.8045584801328177], "sizes": [1.0000000000000002, 1.0000000000000002, 1.0]}, {"translations": [2746.940440458688, -8.0580804255879, 508.0], "angles": [0.0, 0.0, 0.9999852752939242], "sizes": [1.0000000000000018, 1.0000000000000018, 1.0]}, {"translations": [2689.891655637536, 24.470613603957073, 208.0], "angles": [0.0, 0.0, -0.20176400226843452], "sizes": [1.0, 1.0, 1.0]}], "SM_CardBoxA_02": [{"translations": [1456.9219930530808, -2.4140409574460446, 508.0], "angles": [0.0, 0.0, 0.29631612957745795], "sizes": [1.0, 1.0, 1.0]}, {"translations": [1505.970941863516, 3.0765911997855917, 358.0], "angles": [0.0, 0.0, 0.6119021511584295], "sizes": [1.0000000000000002, 1.0000000000000002, 1.0]}, {"translations": [1091.7203775656956, 34.88726069484997, 508.0], "angles": [0.0, 0.0, -0.14998734880163173], "sizes": [1.0, 1.0, 1.0]}, {"translations": [1088.131761336519, 1.358194773800855, 208.0], "angles": [0.0, 0.0, 0.9999780572612307], "sizes": [1.000000000000001, 1.000000000000001, 1.0]}, {"translations": [1062.1680674327456, 32.25110881815134, 58.0], "angles": [0.0, 0.0, 0.9744649846224753], "sizes": [1.0000000000000007, 1.0000000000000007, 1.0]}, {"translations": [295.7854842604607, -22.800969346687694, 808.0], "angles": [0.0, 0.0, -0.5415809514904693], "sizes": [1.0, 1.0, 1.0]}, {"translations": [3281.321846008301, 1.9383478164672852, 58.0], "angles": [0.0, 0.0, -0.5648420051629149], "sizes": [1.0, 1.0, 1.0]}, {"translations": [2904.0575450660276, -21.908266853865385, 208.0], "angles": [0.0, 0.0, -0.8093371861944283], "sizes": [1.0000000000000007, 1.0000000000000007, 1.0]}, {"translations": [2504.8695068359375, 5.577380657196045, 658.0], "angles": [0.0, 0.0, 0.9336889628363221], "sizes": [1.0000000000000007, 1.0000000000000007, 1.0]}, {"translations": [2049.5168662491833, 2.074235671761767, 58.0], "angles": [0.0, 0.0, 0.9318927566142619], "sizes": [0.9999999999999998, 0.9999999999999998, 1.0]}, {"translations": [1255.8039929701974, -24.491264664175148, 808.0], "angles": [0.0, 0.0, 0.9272043569709572], "sizes": [1.0000000000000002, 1.0000000000000002, 1.0]}, {"translations": [994.2292397157611, 28.751278833983058, 208.0], "angles": [0.0, 0.0, 0.9896005358059914], "sizes": [1.0000000000000002, 1.0000000000000002, 1.0]}, {"translations": [137.9699280122757, -0.7755258043770903, 358.0], "angles": [0.0, 0.0, -0.7986595653901535], "sizes": [1.0000000000000004, 1.0000000000000004, 1.0]}, {"translations": [1894.2759628295898, 4.0348219871521, 808.0], "angles": [0.0, 0.0, 0.9898141214233516], "sizes": [0.9999999999999999, 0.9999999999999999, 1.0]}, {"translations": [3142.010204541299, 33.467153978352414, 658.0], "angles": [0.0, 0.0, 0.39323712308765785], "sizes": [1.0, 1.0, 1.0]}, {"translations": [2283.807109048474, 21.993344849631256, 808.0], "angles": [0.0, 0.0, -0.09574082603548638], "sizes": [1.0, 1.0, 1.0]}, {"translations": [2254.89935660808, 31.555760273379864, 358.0], "angles": [0.0, 0.0, -0.09164799710425738], "sizes": [1.0, 1.0, 1.0]}], "SM_CardBoxD_03": [{"translations": [1444.3928184229046, 29.68739189297837, 358.0], "angles": [0.0, 0.0, 0.3166315718046879], "sizes": [1.0, 1.0, 1.0]}, {"translations": [678.3331028872065, -23.44686317443706, 658.0], "angles": [0.0, 0.0, -0.3502192340465092], "sizes": [1.0, 1.0, 1.0]}, {"translations": [653.983365920598, 38.25013301227926, 508.0], "angles": [0.0, 0.0, -0.126153161469884], "sizes": [1.0, 1.0, 1.0]}, {"translations": [675.748238580015, -23.517925632238054, 358.0], "angles": [-0.0, -0.0, 0.017880376199601727], "sizes": [1.0, 1.0, 1.0]}, {"translations": [3363.693546295166, -7.437701225280762, 808.0], "angles": [0.0, 0.0, 0.9599198515835319], "sizes": [1.0000000000000013, 1.0000000000000013, 1.0]}, {"translations": [3308.764720385136, 37.922685855989144, 658.0], "angles": [0.0, 0.0, 0.8622959811417323], "sizes": [1.0, 1.0, 1.0]}, {"translations": [2534.865937938873, 39.452249711937824, 358.0], "angles": [0.0, 0.0, 0.9789080728776818], "sizes": [0.9999999999999996, 0.9999999999999996, 1.0]}, {"translations": [2070.9337490352054, -39.58640166312371, 808.0], "angles": [0.0, 0.0, -0.47623184335947066], "sizes": [0.9999999999999999, 0.9999999999999999, 1.0]}, {"translations": [2138.9098052978516, 0.4858231544494629, 508.0], "angles": [0.0, 0.0, 0.8890027717517405], "sizes": [1.0, 1.0, 1.0]}, {"translations": [2095.2102363219556, 30.5284532462067, 358.0], "angles": [0.0, 0.0, 0.9990507339063749], "sizes": [1.0000000000000007, 1.0000000000000007, 1.0]}, {"translations": [1317.884308824447, -34.23760395041931, 658.0], "angles": [0.0, 0.0, -0.19923656698606426], "sizes": [1.0, 1.0, 1.0]}, {"translations": [1313.311751356217, 25.587906646647344, 658.0], "angles": [0.0, 0.0, -0.20674676631085423], "sizes": [1.0, 1.0, 1.0]}, {"translations": [1313.4685757048737, -26.153454950537206, 58.0], "angles": [0.0, 0.0, 0.9996558361241521], "sizes": [1.0000000000000013, 1.0000000000000013, 1.0]}, {"translations": [461.8605774673999, -3.3812621860088403, 208.0], "angles": [0.0, 0.0, 0.4035174153489107], "sizes": [0.9999999999999999, 0.9999999999999999, 1.0]}, {"translations": [3882.564468383789, -8.20798110961914, 358.0], "angles": [0.0, 0.0, 0.9071340457028867], "sizes": [1.0, 1.0, 1.0]}, {"translations": [3089.5435357184783, -35.49438470906287, 58.0], "angles": [0.0, 0.0, 0.15878235925162804], "sizes": [1.0, 1.0, 1.0]}, {"translations": [2258.9463808568385, -40.31190528052707, 808.0], "angles": [0.0, 0.0, -0.3087971851241486], "sizes": [1.0, 1.0, 1.0]}], "SM_CardBoxB_01": [{"translations": [1490.6650482033565, 0.4702197580284788, 208.0], "angles": [0.0, 0.0, 0.9703155599499076], "sizes": [1.0000000000000013, 1.0000000000000013, 1.0]}, {"translations": [1494.5111728413904, -26.130981762767757, 58.0], "angles": [0.0, 0.0, 0.24842209162973658], "sizes": [1.0, 1.0, 1.0]}, {"translations": [731.1348485781881, 40.76522482657399, 358.0], "angles": [0.0, 0.0, 0.5786749962798395], "sizes": [1.0000000000000004, 1.0000000000000004, 1.0]}, {"translations": [3748.9708631416997, -22.980134528326527, 508.0], "angles": [0.0, 0.0, -0.5638194042704282], "sizes": [1.0, 1.0, 1.0]}, {"translations": [3721.613024498416, -7.230770553896451, 358.0], "angles": [0.0, 0.0, 0.8924868453670095], "sizes": [0.9999999999999999, 0.9999999999999999, 1.0]}, {"translations": [3341.3541592083216, -40.99830155588789, 508.0], "angles": [0.0, 0.0, 0.9024208550203188], "sizes": [0.9999999999999999, 0.9999999999999999, 1.0]}, {"translations": [2922.4787286757455, -26.625837118490118, 658.0], "angles": [0.0, 0.0, 0.9948478622945868], "sizes": [0.9999999999999998, 0.9999999999999998, 1.0]}, {"translations": [2889.418803326694, 24.564980617382073, 508.0], "angles": [0.0, 0.0, 0.2587487350603388], "sizes": [1.0, 1.0, 1.0]}, {"translations": [2528.9067467462673, -4.6823083438135935, 58.0], "angles": [0.0, 0.0, 0.5131555014611483], "sizes": [0.9999999999999998, 0.9999999999999998, 1.0]}, {"translations": [1715.0519256591797, 4.0348219871521, 808.0], "angles": [0.0, 0.0, 0.9984018592344154], "sizes": [1.0000000000000004, 1.0000000000000004, 1.0]}, {"translations": [1706.7653996245072, -22.63503255291704, 658.0], "angles": [0.0, 0.0, -0.8646222085077657], "sizes": [1.0, 1.0, 1.0]}, {"translations": [1317.8833239243338, 33.35470899248325, 808.0], "angles": [0.0, 0.0, -0.23272721642751798], "sizes": [1.0, 1.0, 1.0]}, {"translations": [1270.3514161956048, -1.5874860447407688, 508.0], "angles": [0.0, 0.0, -0.8511393899913957], "sizes": [1.0000000000000004, 1.0000000000000004, 1.0]}, {"translations": [42.86920905246467, 19.57900914227831, 508.0], "angles": [0.0, 0.0, 0.9913925390949069], "sizes": [1.0, 1.0, 1.0]}, {"translations": [3911.408187866211, 7.242178916931152, 658.0], "angles": [0.0, 0.0, 0.9262363692443616], "sizes": [1.0, 1.0, 1.0]}, {"translations": [1933.9110232381954, 11.162655266663615, 658.0], "angles": [0.0, 0.0, 0.4291997295989154], "sizes": [1.0, 1.0, 1.0]}, {"translations": [3906.5574958130346, -28.251077970742134, 58.0], "angles": [0.0, 0.0, -0.7934719606123222], "sizes": [1.0000000000000004, 1.0000000000000004, 1.0]}, {"translations": [3050.485841196255, -24.692780978792072, 358.0], "angles": [0.0, 0.0, -0.4604695277496773], "sizes": [1.0, 1.0, 1.0]}, {"translations": [2719.9621650518106, 8.394864791993431, 808.0], "angles": [0.0, 0.0, -0.5505419494316139], "sizes": [1.0000000000000002, 1.0000000000000002, 1.0]}, {"translations": [2687.35233230854, 35.52136557700456, 658.0], "angles": [0.0, 0.0, 0.6277207107195049], "sizes": [1.0000000000000004, 1.0000000000000004, 1.0]}], "SM_CardBoxB_02": [{"translations": [1109.2358607568, -26.199653918911938, 658.0], "angles": [0.0, 0.0, 0.9605753507843737], "sizes": [1.000000000000001, 1.000000000000001, 1.0]}, {"translations": [291.15660044817764, -29.948870768473828, 358.0], "angles": [0.0, 0.0, 0.8971083174419331], "sizes": [0.9999999999999997, 0.9999999999999997, 1.0]}, {"translations": [3766.907506256391, -26.95697630675718, 208.0], "angles": [0.0, 0.0, 0.5621243058203022], "sizes": [1.0000000000000002, 1.0000000000000002, 1.0]}, {"translations": [3356.3053471485136, -23.369762718915123, 358.0], "angles": [0.0, 0.0, 0.9999689018342943], "sizes": [1.0000000000000013, 1.0000000000000013, 1.0]}, {"translations": [3295.6676809767014, 5.319493828367785, 358.0], "angles": [0.0, 0.0, -0.8116932675852923], "sizes": [1.0, 1.0, 1.0]}, {"translations": [2927.348220162289, -30.505743505838584, 808.0], "angles": [0.0, 0.0, 0.8767444132205006], "sizes": [1.0000000000000002, 1.0000000000000002, 1.0]}, {"translations": [2880.3742479104576, -22.294257078099378, 358.0], "angles": [0.0, 0.0, -0.8054627258118725], "sizes": [1.0000000000000002, 1.0000000000000002, 1.0]}, {"translations": [2091.5250337456473, 30.114225426850698, 208.0], "angles": [0.0, 0.0, -0.6866711264685004], "sizes": [1.0000000000000004, 1.0000000000000004, 1.0]}, {"translations": [1687.528541576918, -24.293041266404515, 508.0], "angles": [0.0, 0.0, 0.8034921616614831], "sizes": [1.0000000000000004, 1.0000000000000004, 1.0]}, {"translations": [1682.5800590143572, 35.502548205796785, 508.0], "angles": [0.0, 0.0, -0.5308183597666418], "sizes": [1.0, 1.0, 1.0]}, {"translations": [1707.6144470962859, -24.29121827377792, 208.0], "angles": [0.0, 0.0, 0.9435445237038195], "sizes": [1.0000000000000004, 1.0000000000000004, 1.0]}, {"translations": [1249.994503101686, 32.79694720709801, 358.0], "angles": [0.0, 0.0, 0.06017422591661137], "sizes": [1.0, 1.0, 1.0]}, {"translations": [997.0164586926237, 32.70921342550211, 508.0], "angles": [0.0, 0.0, 0.6557479847722066], "sizes": [1.0000000000000002, 1.0000000000000002, 1.0]}, {"translations": [573.2049546018395, -20.96145236222697, 658.0], "angles": [0.0, 0.0, 0.9366858694705531], "sizes": [0.9999999999999996, 0.9999999999999996, 1.0]}, {"translations": [531.0025044543462, -21.28174773617689, 358.0], "angles": [0.0, 0.0, 0.957342760009311], "sizes": [1.0000000000000007, 1.0000000000000007, 1.0]}, {"translations": [3903.7418290777528, -28.156113609999657, 208.0], "angles": [0.0, 0.0, -0.8088005557254819], "sizes": [1.0000000000000004, 1.0000000000000004, 1.0]}, {"translations": [1924.7895709265226, -21.34669589355377, 508.0], "angles": [0.0, 0.0, 0.9116146041735343], "sizes": [0.9999999999999999, 0.9999999999999999, 1.0]}, {"translations": [1864.2314462103232, 7.510080275263615, 508.0], "angles": [0.0, 0.0, 0.629217697839474], "sizes": [1.0000000000000004, 1.0000000000000004, 1.0]}, {"translations": [3046.511123944048, 41.364388090027866, 208.0], "angles": [0.0, 0.0, -0.8617998533432657], "sizes": [1.0000000000000007, 1.0000000000000007, 1.0]}], "SM_CardBoxA_01": [{"translations": [714.1902101373323, 8.667436896781597, 508.0], "angles": [0.0, 0.0, 0.9912730163833858], "sizes": [0.9999999999999999, 0.9999999999999999, 1.0]}, {"translations": [671.2999683496955, 36.31695459625455, 358.0], "angles": [0.0, 0.0, 0.9750460275387576], "sizes": [1.0000000000000009, 1.0000000000000009, 1.0]}, {"translations": [652.7735316291161, -5.308118187773378, 208.0], "angles": [0.0, 0.0, -0.4841827957181857], "sizes": [1.0, 1.0, 1.0]}, {"translations": [322.98119763352923, 38.521075418061464, 808.0], "angles": [0.0, 0.0, 0.9975050463016569], "sizes": [1.0000000000000009, 1.0000000000000009, 1.0]}, {"translations": [317.29477913292993, -33.12508202867099, 58.0], "angles": [0.0, 0.0, 0.6264194253195339], "sizes": [1.0000000000000002, 1.0000000000000002, 1.0]}, {"translations": [3750.413508933234, 37.00251940695854, 508.0], "angles": [0.0, 0.0, 0.7640758160532888], "sizes": [1.0000000000000004, 1.0000000000000004, 1.0]}, {"translations": [3335.089340209961, 3.0927324295043945, 208.0], "angles": [0.0, 0.0, 0.7472329174313186], "sizes": [1.0, 1.0, 1.0]}, {"translations": [2472.4162746201832, -5.834378786467756, 208.0], "angles": [0.0, 0.0, -0.10892201778606077], "sizes": [1.0, 1.0, 1.0]}, {"translations": [1398.6399849544064, -27.670988880539404, 208.0], "angles": [0.0, 0.0, -0.521042810104073], "sizes": [1.0000000000000002, 1.0000000000000002, 1.0]}, {"translations": [904.9179637067499, -33.271782241271964, 358.0], "angles": [0.0, 0.0, 0.26521456928667386], "sizes": [1.0, 1.0, 1.0]}, {"translations": [932.7679318338315, 1.8717767284256348, 208.0], "angles": [0.0, 0.0, -0.20726872643625005], "sizes": [1.0, 1.0, 1.0]}, {"translations": [535.7817313171213, 39.31728499724423, 808.0], "angles": [0.0, 0.0, -0.7822555607155361], "sizes": [1.0000000000000004, 1.0000000000000004, 1.0]}, {"translations": [85.0161935450024, -22.547794849058896, 808.0], "angles": [0.0, 0.0, 0.9891339120156177], "sizes": [0.9999999999999997, 0.9999999999999997, 1.0]}, {"translations": [2313.251360534775, -29.863238396469665, 208.0], "angles": [0.0, 0.0, -0.8220392247180632], "sizes": [0.9999999999999997, 0.9999999999999997, 1.0]}, {"translations": [3518.5967712402344, -7.437701225280762, 808.0], "angles": [0.0, 0.0, -0.3015905568740497], "sizes": [1.0, 1.0, 1.0]}, {"translations": [3449.4776835623466, 33.87162743821207, 58.0], "angles": [0.0, 0.0, 0.9963966068415052], "sizes": [1.000000000000001, 1.000000000000001, 1.0]}, {"translations": [3066.004216842782, -35.37664729012619, 508.0], "angles": [0.0, 0.0, 0.9832091405394997], "sizes": [1.0000000000000002, 1.0000000000000002, 1.0]}, {"translations": [2687.711623158693, -39.55327372938912, 508.0], "angles": [0.0, 0.0, -0.5422101686783682], "sizes": [1.0, 1.0, 1.0]}, {"translations": [2673.690294027481, 40.18517667642722, 358.0], "angles": [0.0, 0.0, -0.5189634105957301], "sizes": [1.0, 1.0, 1.0]}]}