{"SM_RackShelf_01": [{"translations": [200.0, 0.0, 37.0], "angles": [0.0, 0.0, 0.0], "sizes": [1.0, 1.0, 1.0]}, {"translations": [200.0, 0.0, 187.0], "angles": [0.0, 0.0, 0.0], "sizes": [1.0, 1.0, 1.0]}, {"translations": [200.0, 0.0, 337.0], "angles": [0.0, 0.0, 0.0], "sizes": [1.0, 1.0, 1.0]}, {"translations": [200.0, 0.0, 487.0], "angles": [0.0, 0.0, 0.0], "sizes": [1.0, 1.0, 1.0]}, {"translations": [200.0, 0.0, 637.0], "angles": [0.0, 0.0, 0.0], "sizes": [1.0, 1.0, 1.0]}, {"translations": [200.0, 0.0, 787.0], "angles": [0.0, 0.0, 0.0], "sizes": [1.0, 1.0, 1.0]}, {"translations": [200.0, 0.0, 937.0], "angles": [0.0, 0.0, 0.0], "sizes": [1.0, 1.0, 1.0]}, {"translations": [200.0, 0.0, 1087.0], "angles": [0.0, 0.0, 0.0], "sizes": [1.0, 1.0, 1.0]}, {"translations": [200.0, 0.0, 1237.0], "angles": [0.0, 0.0, 0.0], "sizes": [1.0, 1.0, 1.0]}, {"translations": [600.0, 0.0, 37.0], "angles": [0.0, 0.0, 0.0], "sizes": [1.0, 1.0, 1.0]}, {"translations": [600.0, 0.0, 187.0], "angles": [0.0, 0.0, 0.0], "sizes": [1.0, 1.0, 1.0]}, {"translations": [600.0, 0.0, 337.0], "angles": [0.0, 0.0, 0.0], "sizes": [1.0, 1.0, 1.0]}, {"translations": [600.0, 0.0, 487.0], "angles": [0.0, 0.0, 0.0], "sizes": [1.0, 1.0, 1.0]}, {"translations": [600.0, 0.0, 637.0], "angles": [0.0, 0.0, 0.0], "sizes": [1.0, 1.0, 1.0]}, {"translations": [600.0, 0.0, 787.0], "angles": [0.0, 0.0, 0.0], "sizes": [1.0, 1.0, 1.0]}, {"translations": [600.0, 0.0, 937.0], "angles": [0.0, 0.0, 0.0], "sizes": [1.0, 1.0, 1.0]}, {"translations": [600.0, 0.0, 1087.0], "angles": [0.0, 0.0, 0.0], "sizes": [1.0, 1.0, 1.0]}, {"translations": [600.0, 0.0, 1237.0], "angles": [0.0, 0.0, 0.0], "sizes": [1.0, 1.0, 1.0]}, {"translations": [1000.0, 0.0, 37.0], "angles": [0.0, 0.0, 0.0], "sizes": [1.0, 1.0, 1.0]}, {"translations": [1000.0, 0.0, 187.0], "angles": [0.0, 0.0, 0.0], "sizes": [1.0, 1.0, 1.0]}, {"translations": [1000.0, 0.0, 337.0], "angles": [0.0, 0.0, 0.0], "sizes": [1.0, 1.0, 1.0]}, {"translations": [1000.0, 0.0, 487.0], "angles": [0.0, 0.0, 0.0], "sizes": [1.0, 1.0, 1.0]}, {"translations": [1000.0, 0.0, 637.0], "angles": [0.0, 0.0, 0.0], "sizes": [1.0, 1.0, 1.0]}, {"translations": [1000.0, 0.0, 787.0], "angles": [0.0, 0.0, 0.0], "sizes": [1.0, 1.0, 1.0]}, {"translations": [1000.0, 0.0, 937.0], "angles": [0.0, 0.0, 0.0], "sizes": [1.0, 1.0, 1.0]}, {"translations": [1000.0, 0.0, 1087.0], "angles": [0.0, 0.0, 0.0], "sizes": [1.0, 1.0, 1.0]}, {"translations": [1000.0, 0.0, 1237.0], "angles": [0.0, 0.0, 0.0], "sizes": [1.0, 1.0, 1.0]}], "SM_RackFrame_03": [{"translations": [0.0, 0.0, 0.0], "angles": [0.0, 0.0, 0.0], "sizes": [1.0, 1.0, 1.0]}, {"translations": [400.0, 0.0, 0.0], "angles": [0.0, 0.0, 0.0], "sizes": [1.0, 1.0, 1.0]}, {"translations": [800.0, 0.0, 0.0], "angles": [0.0, 0.0, 0.0], "sizes": [1.0, 1.0, 1.0]}, {"translations": [0.0, 0.0, 300.0], "angles": [0.0, 0.0, 0.0], "sizes": [1.0, 1.0, 1.0]}, {"translations": [400.0, 0.0, 300.0], "angles": [0.0, 0.0, 0.0], "sizes": [1.0, 1.0, 1.0]}, {"translations": [800.0, 0.0, 300.0], "angles": [0.0, 0.0, 0.0], "sizes": [1.0, 1.0, 1.0]}, {"translations": [0.0, 0.0, 600.0], "angles": [0.0, 0.0, 0.0], "sizes": [1.0, 1.0, 1.0]}, {"translations": [400.0, 0.0, 600.0], "angles": [0.0, 0.0, 0.0], "sizes": [1.0, 1.0, 1.0]}, {"translations": [800.0, 0.0, 600.0], "angles": [0.0, 0.0, 0.0], "sizes": [1.0, 1.0, 1.0]}, {"translations": [0.0, 0.0, 900.0], "angles": [0.0, 0.0, 0.0], "sizes": [1.0, 1.0, 1.0]}, {"translations": [400.0, 0.0, 900.0], "angles": [0.0, 0.0, 0.0], "sizes": [1.0, 1.0, 1.0]}, {"translations": [800.0, 0.0, 900.0], "angles": [0.0, 0.0, 0.0], "sizes": [1.0, 1.0, 1.0]}, {"translations": [0.0, 0.0, 1200.0], "angles": [0.0, 0.0, 0.0], "sizes": [1.0, 1.0, 1.0]}, {"translations": [400.0, 0.0, 1200.0], "angles": [0.0, 0.0, 0.0], "sizes": [1.0, 1.0, 1.0]}, {"translations": [800.0, 0.0, 1200.0], "angles": [0.0, 0.0, 0.0], "sizes": [1.0, 1.0, 1.0]}, {"translations": [1200.0, 0.0, 0.0], "angles": [0.0, 0.0, 0.0], "sizes": [1.0, 1.0, 1.0]}, {"translations": [1200.0, 0.0, 300.0], "angles": [0.0, 0.0, 0.0], "sizes": [1.0, 1.0, 1.0]}, {"translations": [1200.0, 0.0, 600.0], "angles": [0.0, 0.0, 0.0], "sizes": [1.0, 1.0, 1.0]}, {"translations": [1200.0, 0.0, 900.0], "angles": [0.0, 0.0, 0.0], "sizes": [1.0, 1.0, 1.0]}, {"translations": [1200.0, 0.0, 1200.0], "angles": [0.0, 0.0, 0.0], "sizes": [1.0, 1.0, 1.0]}], "SM_PaletteA_01": [{"translations": [104.04623413085938, -1.7162489891052246, 37.0], "angles": [0.0, 0.0, -0.00580983008376347], "sizes": [1.0, 1.0, 1.0]}, {"translations": [77.0445785522461, -0.000858306884765625, 187.0], "angles": [0.0, 0.0, -0.023928280268704163], "sizes": [1.0, 1.0, 1.0]}, {"translations": [167.94365692138672, 0.4796934127807617, 337.0], "angles": [0.0, 0.0, 0.0361975367823333], "sizes": [1.0, 1.0, 1.0]}, {"translations": [74.09922790527344, -9.138336181640625, 487.0], "angles": [0.0, 0.0, 0.02335317953056709], "sizes": [1.0, 1.0, 1.0]}, {"translations": [106.05471801757812, -5.421197414398193, 637.0], "angles": [0.0, 0.0, 0.008153427008168275], "sizes": [1.0, 1.0, 1.0]}, {"translations": [115.29872131347656, 7.166991233825684, 787.0], "angles": [0.0, 0.0, -0.040865393724036005], "sizes": [0.9999999999999999, 0.9999999999999999, 1.0]}, {"translations": [132.94749450683594, -1.137080192565918, 937.0], "angles": [0.0, 0.0, -0.020344437569961137], "sizes": [0.9999999999999999, 0.9999999999999999, 1.0]}, {"translations": [141.91117095947266, -1.9424939155578613, 1087.0], "angles": [0.0, 0.0, 0.0019801213943397076], "sizes": [1.0, 1.0, 1.0]}, {"translations": [171.65704727172852, -8.041610717773438, 1237.0], "angles": [0.0, 0.0, 0.003298417857388069], "sizes": [1.0, 1.0, 1.0]}, {"translations": [482.2792282104492, 6.109950542449951, 37.0], "angles": [0.0, 0.0, 0.012409060317936359], "sizes": [1.0, 1.0, 1.0]}, {"translations": [491.85707092285156, -2.9225897789001465, 187.0], "angles": [0.0, 0.0, 0.03377014841443481], "sizes": [1.0, 1.0, 1.0]}, {"translations": [533.3830947875977, 8.623649597167969, 337.0], "angles": [0.0, 0.0, 0.03982757339105834], "sizes": [1.0, 1.0, 1.0]}, {"translations": [494.8818664550781, 8.459146499633789, 487.0], "angles": [0.0, 0.0, -0.008531593123288269], "sizes": [0.9999999999999999, 0.9999999999999999, 1.0]}, {"translations": [541.5834045410156, 7.324190139770508, 637.0], "angles": [0.0, 0.0, -0.00829723544264796], "sizes": [1.0, 1.0, 1.0]}, {"translations": [533.2000122070312, 9.428579330444336, 787.0], "angles": [0.0, 0.0, 0.04104101905508952], "sizes": [1.0, 1.0, 1.0]}, {"translations": [479.88209533691406, -8.396973609924316, 937.0], "angles": [0.0, 0.0, -0.019758641212587937], "sizes": [1.0, 1.0, 1.0]}, {"translations": [518.589485168457, 2.799050807952881, 1087.0], "angles": [0.0, 0.0, 0.0178441089004209], "sizes": [0.9999999999999999, 0.9999999999999999, 1.0]}, {"translations": [505.95130920410156, 9.096426963806152, 1237.0], "angles": [0.0, 0.0, 0.03248983586002391], "sizes": [0.9999999999999999, 0.9999999999999999, 1.0]}, {"translations": [911.4894409179688, 2.581357955932617, 37.0], "angles": [0.0, 0.0, -0.04003780361980753], "sizes": [1.0, 1.0, 1.0]}, {"translations": [962.7283554077148, 0.3313159942626953, 187.0], "angles": [0.0, 0.0, 0.03098586017615196], "sizes": [0.9999999999999999, 0.9999999999999999, 1.0]}, {"translations": [935.8382797241211, -4.22123908996582, 337.0], "angles": [0.0, 0.0, 0.03840648819672537], "sizes": [1.0, 1.0, 1.0]}, {"translations": [966.4827346801758, 3.2526063919067383, 487.0], "angles": [0.0, 0.0, -0.031398461758613334], "sizes": [1.0, 1.0, 1.0]}, {"translations": [881.7578506469727, 2.102322578430176, 637.0], "angles": [0.0, 0.0, 0.005660690314274129], "sizes": [1.0, 1.0, 1.0]}, {"translations": [922.1294860839844, 5.8795952796936035, 787.0], "angles": [0.0, 0.0, 0.004070755318997489], "sizes": [0.9999999999999999, 0.9999999999999999, 1.0]}, {"translations": [880.4381942749023, 9.166719436645508, 937.0], "angles": [0.0, 0.0, -0.013546168604782367], "sizes": [1.0, 1.0, 1.0]}, {"translations": [910.0795974731445, 0.4271697998046875, 1087.0], "angles": [0.0, 0.0, 0.016251719212101307], "sizes": [1.0, 1.0, 1.0]}, {"translations": [953.6557540893555, 6.80105447769165, 1237.0], "angles": [0.0, 0.0, -0.03877906546167301], "sizes": [0.9999999999999999, 0.9999999999999999, 1.0]}, {"translations": [288.7731170654297, -1.7162489891052246, 37.0], "angles": [0.0, 0.0, -0.0031972182697553937], "sizes": [1.0, 1.0, 1.0]}, {"translations": [275.2722930908203, -0.000858306884765625, 187.0], "angles": [0.0, 0.0, -0.034693752779939364], "sizes": [1.0, 1.0, 1.0]}, {"translations": [320.7218246459961, 0.4796934127807617, 337.0], "angles": [0.0, 0.0, 0.03216774933250694], "sizes": [1.0, 1.0, 1.0]}, {"translations": [273.7996139526367, -9.138336181640625, 487.0], "angles": [0.0, 0.0, -0.02556567247954156], "sizes": [0.9999999999999999, 0.9999999999999999, 1.0]}, {"translations": [289.77735900878906, -5.421197414398193, 637.0], "angles": [0.0, 0.0, 0.019132895903276298], "sizes": [0.9999999999999999, 0.9999999999999999, 1.0]}, {"translations": [294.3993606567383, 7.166991233825684, 787.0], "angles": [0.0, 0.0, 0.024753638455917815], "sizes": [1.0, 1.0, 1.0]}, {"translations": [303.22374725341797, -1.137080192565918, 937.0], "angles": [0.0, 0.0, 0.020738514725115675], "sizes": [1.0, 1.0, 1.0]}, {"translations": [307.7055892944336, -1.9424939155578613, 1087.0], "angles": [0.0, 0.0, -0.0364716737196645], "sizes": [0.9999999999999999, 0.9999999999999999, 1.0]}, {"translations": [322.5785217285156, -8.041610717773438, 1237.0], "angles": [0.0, 0.0, 0.042424697817138195], "sizes": [0.9999999999999999, 0.9999999999999999, 1.0]}, {"translations": [677.8896102905273, 6.109950542449951, 37.0], "angles": [0.0, 0.0, -0.018049145518559424], "sizes": [1.0, 1.0, 1.0]}, {"translations": [682.6785354614258, -2.9225897789001465, 187.0], "angles": [0.0, 0.0, -0.01583364633064276], "sizes": [0.9999999999999999, 0.9999999999999999, 1.0]}, {"translations": [703.4415435791016, 8.623649597167969, 337.0], "angles": [0.0, 0.0, 0.033873958511884975], "sizes": [0.9999999999999999, 0.9999999999999999, 1.0]}, {"translations": [684.1909332275391, 8.459146499633789, 487.0], "angles": [0.0, 0.0, -0.018331402206553896], "sizes": [0.9999999999999999, 0.9999999999999999, 1.0]}, {"translations": [707.5417022705078, 7.324190139770508, 637.0], "angles": [0.0, 0.0, -0.034241269851035955], "sizes": [1.0, 1.0, 1.0]}, {"translations": [703.3500061035156, 9.428579330444336, 787.0], "angles": [0.0, 0.0, -0.04175149432052356], "sizes": [1.0, 1.0, 1.0]}, {"translations": [676.691047668457, -8.396973609924316, 937.0], "angles": [0.0, 0.0, -0.010963017987728713], "sizes": [1.0, 1.0, 1.0]}, {"translations": [696.0447387695312, 2.799050807952881, 1087.0], "angles": [0.0, 0.0, 0.039031882532947856], "sizes": [0.9999999999999999, 0.9999999999999999, 1.0]}, {"translations": [689.7256546020508, 9.096426963806152, 1237.0], "angles": [0.0, 0.0, -0.03607511138425549], "sizes": [1.0, 1.0, 1.0]}, {"translations": [1092.4947204589844, 2.581357955932617, 37.0], "angles": [0.0, 0.0, -0.014459571351581688], "sizes": [1.0, 1.0, 1.0]}, {"translations": [1118.1141815185547, 0.3313159942626953, 187.0], "angles": [0.0, 0.0, -0.010832526682576287], "sizes": [0.9999999999999999, 0.9999999999999999, 1.0]}, {"translations": [1104.6691436767578, -4.22123908996582, 337.0], "angles": [0.0, 0.0, -0.03889083800805369], "sizes": [0.9999999999999999, 0.9999999999999999, 1.0]}, {"translations": [1119.9913635253906, 3.2526063919067383, 487.0], "angles": [0.0, 0.0, 0.011940363105773141], "sizes": [1.0, 1.0, 1.0]}, {"translations": [1077.6289291381836, 2.102322578430176, 637.0], "angles": [0.0, 0.0, -0.0038949828799693803], "sizes": [0.9999999999999999, 0.9999999999999999, 1.0]}, {"translations": [1097.8147430419922, 5.8795952796936035, 787.0], "angles": [0.0, 0.0, 0.0037218734632578636], "sizes": [1.0, 1.0, 1.0]}, {"translations": [1076.9691009521484, 9.166719436645508, 937.0], "angles": [0.0, 0.0, -0.0063797541688937285], "sizes": [1.0, 1.0, 1.0]}, {"translations": [1091.789794921875, 0.4271697998046875, 1087.0], "angles": [0.0, 0.0, 0.0009787427532606994], "sizes": [1.0, 1.0, 1.0]}, {"translations": [1113.577880859375, 6.80105447769165, 1237.0], "angles": [0.0, 0.0, -0.04176479851123848], "sizes": [1.0, 1.0, 1.0]}], "SM_CardBoxC_01": [{"translations": [1140.9695215070262, -25.59798906729499, 1258.0], "angles": [0.0, 0.0, 0.8380145289930386], "sizes": [1.0000000000000002, 1.0000000000000002, 1.0]}, {"translations": [1098.0380539030823, -24.119573579781807, 808.0], "angles": [0.0, 0.0, 0.9439719147537414], "sizes": [0.9999999999999999, 0.9999999999999999, 1.0]}, {"translations": [1134.5783938398997, -6.552924034077576, 358.0], "angles": [0.0, 0.0, -0.6334834264630561], "sizes": [1.0000000000000002, 1.0000000000000002, 1.0]}, {"translations": [1088.1212221366145, 0.9812294602570191, 208.0], "angles": [0.0, 0.0, 0.6021878570663707], "sizes": [1.0000000000000002, 1.0000000000000002, 1.0]}, {"translations": [714.1707708091276, 7.359447185469133, 508.0], "angles": [0.0, 0.0, -0.4233270440314411], "sizes": [1.0, 1.0, 1.0]}, {"translations": [655.3107949601152, 39.53868339538694, 508.0], "angles": [0.0, 0.0, 0.7541372453576496], "sizes": [1.0000000000000007, 1.0000000000000007, 1.0]}, {"translations": [850.4492041959345, 9.979414978387897, 958.0], "angles": [0.0, 0.0, 0.34016613757021275], "sizes": [1.0, 1.0, 1.0]}, {"translations": [852.0994092290401, -28.235390793857192, 658.0], "angles": [0.0, 0.0, -0.5600883843796597], "sizes": [1.0, 1.0, 1.0]}, {"translations": [881.4182146697952, 32.10039997354013, 658.0], "angles": [0.0, 0.0, -0.61632721563199], "sizes": [1.0000000000000002, 1.0000000000000002, 1.0]}, {"translations": [934.6589076455265, -24.805262965347122, 508.0], "angles": [0.0, 0.0, -0.16010237997614007], "sizes": [1.0, 1.0, 1.0]}, {"translations": [560.6385638650177, 41.78790384304825, 808.0], "angles": [0.0, 0.0, -0.4832135783785614], "sizes": [0.9999999999999999, 0.9999999999999999, 1.0]}, {"translations": [511.58753518797505, 7.822007129559262, 658.0], "angles": [0.0, 0.0, -0.12366657964692697], "sizes": [1.0, 1.0, 1.0]}, {"translations": [101.75191466171046, -29.89183281063587, 958.0], "angles": [0.0, 0.0, 0.8901871156148259], "sizes": [0.9999999999999999, 0.9999999999999999, 1.0]}], "SM_CardBoxB_02": [{"translations": [1116.0815823080427, 36.69639657401059, 1258.0], "angles": [0.0, 0.0, 0.9116533723758558], "sizes": [1.0, 1.0, 1.0]}, {"translations": [1097.591432180902, 35.878764139169014, 808.0], "angles": [0.0, 0.0, 0.9962766649359437], "sizes": [0.9999999999999993, 0.9999999999999993, 1.0]}, {"translations": [1047.6298393916818, 2.3360197785107193, 658.0], "angles": [0.0, 0.0, -0.4948330798488044], "sizes": [0.9999999999999999, 0.9999999999999999, 1.0]}, {"translations": [723.6132011642493, 35.047769870746976, 1108.0], "angles": [0.0, 0.0, 0.6880044977057502], "sizes": [1.0000000000000004, 1.0000000000000004, 1.0]}, {"translations": [701.4102724582726, 38.554802893252074, 358.0], "angles": [0.0, 0.0, 0.10885073852080747], "sizes": [1.0, 1.0, 1.0]}, {"translations": [295.88412386609207, -22.796244209165938, 808.0], "angles": [0.0, 0.0, 0.19672543689474434], "sizes": [1.0, 1.0, 1.0]}, {"translations": [245.34451247973766, 2.0795137018926035, 208.0], "angles": [0.0, 0.0, 0.9924420300432858], "sizes": [1.0, 1.0, 1.0]}, {"translations": [968.0524653342735, -31.830046479540766, 358.0], "angles": [0.0, 0.0, 0.9247079499042663], "sizes": [1.0, 1.0, 1.0]}, {"translations": [171.8549512666088, -38.04095794415172, 1258.0], "angles": [0.0, 0.0, 0.9891327929120851], "sizes": [0.9999999999999996, 0.9999999999999996, 1.0]}], "SM_CardBoxC_02": [{"translations": [1106.5838814162203, -21.213615947691903, 958.0], "angles": [0.0, 0.0, -0.36546866194977956], "sizes": [1.0, 1.0, 1.0]}, {"translations": [1089.2835471480712, 32.527681342055516, 508.0], "angles": [0.0, 0.0, 0.7892335074526009], "sizes": [1.0000000000000007, 1.0000000000000007, 1.0]}, {"translations": [1062.5072652112046, 3.448841536416459, 58.0], "angles": [0.0, 0.0, 0.9234823493252313], "sizes": [1.0000000000000007, 1.0000000000000007, 1.0]}, {"translations": [675.9575026268569, 41.82689338042601, 808.0], "angles": [0.0, 0.0, 0.9994003974147257], "sizes": [1.0000000000000007, 1.0000000000000007, 1.0]}, {"translations": [705.4728146999305, -21.307503698916136, 358.0], "angles": [0.0, 0.0, 0.978437964841742], "sizes": [1.0000000000000013, 1.0000000000000013, 1.0]}, {"translations": [335.4389337965281, -34.049527455393715, 1108.0], "angles": [0.0, 0.0, 0.4461522457750898], "sizes": [0.9999999999999999, 0.9999999999999999, 1.0]}, {"translations": [921.4209892722433, -20.783722795026495, 1258.0], "angles": [0.0, 0.0, 0.9560463494696645], "sizes": [1.0000000000000009, 1.0000000000000009, 1.0]}, {"translations": [983.5655251342706, 4.476060705494639, 1258.0], "angles": [0.0, 0.0, 0.21975200613861567], "sizes": [1.0, 1.0, 1.0]}, {"translations": [911.2398798956126, 38.34301397387097, 958.0], "angles": [0.0, 0.0, -0.6774914683220249], "sizes": [1.0000000000000002, 1.0000000000000002, 1.0]}, {"translations": [922.1294860839844, 5.8795952796936035, 808.0], "angles": [0.0, 0.0, -0.5047354096788329], "sizes": [1.0, 1.0, 1.0]}, {"translations": [994.529006884496, -27.752817705253488, 208.0], "angles": [0.0, 0.0, 0.143634611462148], "sizes": [0.9999999999999999, 0.9999999999999999, 1.0]}, {"translations": [560.9001622776327, 40.91623383486654, 358.0], "angles": [0.0, 0.0, 0.9906004783599387], "sizes": [0.9999999999999999, 0.9999999999999999, 1.0]}, {"translations": [161.70224712490588, -32.332660037691404, 958.0], "angles": [0.0, 0.0, 0.8082770575821007], "sizes": [1.0000000000000002, 1.0000000000000002, 1.0]}, {"translations": [74.39684330019963, 28.630309685162775, 58.0], "angles": [0.0, 0.0, 0.8728764420043628], "sizes": [1.0, 1.0, 1.0]}], "SM_CardBoxA_02": [{"translations": [1046.9715430279439, 9.549496896778248, 958.0], "angles": [0.0, 0.0, 0.7637954643998823], "sizes": [1.0000000000000004, 1.0000000000000004, 1.0]}, {"translations": [676.0333061189995, -38.389762344120356, 958.0], "angles": [0.0, 0.0, 0.26469603764225635], "sizes": [1.0, 1.0, 1.0]}, {"translations": [648.9919289095096, 37.17317656295825, 58.0], "angles": [0.0, 0.0, 0.6674850051559871], "sizes": [1.0000000000000004, 1.0000000000000004, 1.0]}, {"translations": [279.9722447923391, 30.164539624277992, 1108.0], "angles": [0.0, 0.0, 0.9901444309328447], "sizes": [1.0, 1.0, 1.0]}, {"translations": [339.81262283426946, 25.790850586536646, 1108.0], "angles": [0.0, 0.0, -0.04381658881362764], "sizes": [1.0, 1.0, 1.0]}, {"translations": [548.57038043511, 3.869526874936178, 1108.0], "angles": [0.0, 0.0, 0.27808964651010193], "sizes": [1.0, 1.0, 1.0]}, {"translations": [111.91140621231683, -2.0613009663034205, 1108.0], "angles": [0.0, 0.0, 0.48513658074592536], "sizes": [0.9999999999999997, 0.9999999999999997, 1.0]}, {"translations": [138.02227262153323, -1.6907354804291983, 358.0], "angles": [0.0, 0.0, -0.7893720478176168], "sizes": [1.0000000000000002, 1.0000000000000002, 1.0]}], "SM_CardBoxD_02": [{"translations": [1107.6280188846854, 1.8686253783496323, 658.0], "angles": [0.0, 0.0, -0.08930805756617102], "sizes": [1.0, 1.0, 1.0]}, {"translations": [670.951692053534, -17.96392414621439, 808.0], "angles": [0.0, 0.0, 0.9982282742113027], "sizes": [0.9999999999999998, 0.9999999999999998, 1.0]}, {"translations": [709.5949737080709, 37.25384226610982, 658.0], "angles": [0.0, 0.0, 0.9996335365337528], "sizes": [1.0000000000000004, 1.0000000000000004, 1.0]}, {"translations": [683.6284351468762, 27.06236795973242, 208.0], "angles": [0.0, 0.0, 0.611977131538126], "sizes": [1.0000000000000004, 1.0000000000000004, 1.0]}, {"translations": [707.8700639912903, 5.02717822270465, 58.0], "angles": [0.0, 0.0, 0.33954579619869163], "sizes": [1.0, 1.0, 1.0]}, {"translations": [325.1217118167458, -37.933619418680905, 1258.0], "angles": [0.0, 0.0, 0.0778487450582164], "sizes": [1.0, 1.0, 1.0]}, {"translations": [288.62959539188455, 24.55683852326307, 658.0], "angles": [0.0, 0.0, -0.6120991020540842], "sizes": [1.0000000000000004, 1.0000000000000004, 1.0]}, {"translations": [879.185280465025, -24.922118504879826, 58.0], "angles": [0.0, 0.0, -0.770162272739974], "sizes": [1.0000000000000002, 1.0000000000000002, 1.0]}, {"translations": [913.8897829140344, 32.485176412810716, 58.0], "angles": [0.0, 0.0, -0.05311240960748163], "sizes": [1.0, 1.0, 1.0]}, {"translations": [500.84068769442734, 36.8671309884308, 808.0], "angles": [0.0, 0.0, -0.6329784032372612], "sizes": [1.0, 1.0, 1.0]}], "SM_CardBoxA_01": [{"translations": [1149.2664384755394, 33.96042276922624, 508.0], "angles": [0.0, 0.0, -0.10740930479987297], "sizes": [1.0, 1.0, 1.0]}, {"translations": [663.7960197067372, 30.367513202670885, 1108.0], "angles": [0.0, 0.0, -0.5605134937803696], "sizes": [1.0000000000000002, 1.0000000000000002, 1.0]}, {"translations": [82.94904470195515, -20.282934506146443, 808.0], "angles": [0.0, 0.0, 0.9831749685294227], "sizes": [0.9999999999999997, 0.9999999999999997, 1.0]}], "SM_CardBoxD_01": [{"translations": [1072.4282085695042, -31.798804308995944, 358.0], "angles": [0.0, 0.0, 0.9757376205840516], "sizes": [1.0000000000000018, 1.0000000000000018, 1.0]}, {"translations": [730.7425095801743, -22.969734719537335, 808.0], "angles": [0.0, 0.0, 0.9781576613978112], "sizes": [1.0000000000000002, 1.0000000000000002, 1.0]}, {"translations": [260.9470866880323, -36.54699696896398, 658.0], "angles": [0.0, 0.0, 0.9209493836128385], "sizes": [1.0000000000000002, 1.0000000000000002, 1.0]}, {"translations": [288.8548443712933, 28.488541446423707, 358.0], "angles": [0.0, 0.0, -0.46591341784699314], "sizes": [1.0, 1.0, 1.0]}, {"translations": [288.96494918113393, 28.283137678614906, 58.0], "angles": [0.0, 0.0, 0.49400369868395566], "sizes": [0.9999999999999998, 0.9999999999999998, 1.0]}, {"translations": [489.8320177151172, 27.008984845663875, 208.0], "angles": [0.0, 0.0, 0.9230925772358549], "sizes": [0.9999999999999997, 0.9999999999999997, 1.0]}, {"translations": [76.05870671989678, -5.910386773821426, 658.0], "angles": [0.0, 0.0, 0.9237643333707429], "sizes": [1.0, 1.0, 1.0]}, {"translations": [77.0445785522461, -0.000858306884765625, 208.0], "angles": [0.0, 0.0, 0.41471008692392763], "sizes": [1.0, 1.0, 1.0]}], "SM_CardBoxD_03": [{"translations": [1148.7570543664892, 29.67436191020865, 208.0], "angles": [0.0, 0.0, -0.13837482612900057], "sizes": [0.9999999999999999, 0.9999999999999999, 1.0]}, {"translations": [651.7436780373428, -31.957647832082237, 208.0], "angles": [0.0, 0.0, -0.7700681946514151], "sizes": [1.0000000000000002, 1.0000000000000002, 1.0]}, {"translations": [243.8388301691966, -7.604897209281109, 508.0], "angles": [0.0, 0.0, -0.5846837824701763], "sizes": [1.0000000000000002, 1.0000000000000002, 1.0]}, {"translations": [307.28044571068034, 27.84655029542053, 208.0], "angles": [0.0, 0.0, 0.9652591535768922], "sizes": [1.0000000000000004, 1.0000000000000004, 1.0]}, {"translations": [926.0709768166373, 39.035819294803815, 1258.0], "angles": [0.0, 0.0, 0.9961977047711014], "sizes": [1.0000000000000007, 1.0000000000000007, 1.0]}, {"translations": [911.0545718460355, -29.556983097554372, 1108.0], "angles": [0.0, 0.0, 0.976058350958442], "sizes": [1.0000000000000004, 1.0000000000000004, 1.0]}, {"translations": [909.6144888121278, -21.63496618406473, 958.0], "angles": [0.0, 0.0, -0.6424208392814443], "sizes": [1.0000000000000004, 1.0000000000000004, 1.0]}, {"translations": [565.5593367196352, -18.009972327542126, 808.0], "angles": [0.0, 0.0, -0.7914485506957792], "sizes": [1.0000000000000004, 1.0000000000000004, 1.0]}, {"translations": [493.8821241305859, -32.85416440346417, 208.0], "angles": [0.0, 0.0, 0.9995273964603323], "sizes": [0.9999999999999998, 0.9999999999999998, 1.0]}], "SM_CardBoxD_04": [{"translations": [719.6475697823676, 6.933329198580033, 1258.0], "angles": [0.0, 0.0, 0.9999836935006131], "sizes": [1.000000000000002, 1.000000000000002, 1.0]}, {"translations": [711.7135935146079, -33.85744720298319, 208.0], "angles": [0.0, 0.0, 0.3312407908963397], "sizes": [1.0, 1.0, 1.0]}, {"translations": [908.2294723345461, -36.43542470011825, 358.0], "angles": [0.0, 0.0, 0.9920440934010608], "sizes": [1.0000000000000009, 1.0000000000000009, 1.0]}, {"translations": [932.7859628195662, -1.5269428943697614, 208.0], "angles": [0.0, 0.0, -0.292745155773045], "sizes": [1.0000000000000002, 1.0000000000000002, 1.0]}, {"translations": [477.96300557227056, -22.78859867225747, 1258.0], "angles": [0.0, 0.0, -0.19666856312279166], "sizes": [1.0, 1.0, 1.0]}, {"translations": [535.8879738380489, 11.044787965922453, 1258.0], "angles": [0.0, 0.0, 0.9995245092546863], "sizes": [1.0000000000000013, 1.0000000000000013, 1.0]}, {"translations": [488.608589901804, 1.7285747409695835, 1108.0], "angles": [0.0, 0.0, 0.9979529351960013], "sizes": [1.0000000000000009, 1.0000000000000009, 1.0]}, {"translations": [478.6968083022687, -38.37354937577025, 958.0], "angles": [0.0, 0.0, 0.2920519026291486], "sizes": [1.0, 1.0, 1.0]}, {"translations": [147.648397924998, 34.616916973797814, 808.0], "angles": [0.0, 0.0, 0.523466873103639], "sizes": [1.0000000000000002, 1.0000000000000002, 1.0]}], "SM_CardBoxD_05": [{"translations": [728.2934578323253, -24.769411586765123, 1108.0], "angles": [0.0, 0.0, 0.9990100932311462], "sizes": [1.0000000000000002, 1.0000000000000002, 1.0]}, {"translations": [707.3415779521107, 20.93807357481415, 958.0], "angles": [0.0, 0.0, -0.5917078136967648], "sizes": [1.0000000000000002, 1.0000000000000002, 1.0]}, {"translations": [273.2495524129982, -2.381123466955061, 958.0], "angles": [0.0, 0.0, 0.8962404358679775], "sizes": [1.0, 1.0, 1.0]}, {"translations": [305.29383670843634, 19.289008629439987, 508.0], "angles": [0.0, 0.0, 0.8958295300777858], "sizes": [1.0, 1.0, 1.0]}, {"translations": [505.7614605490448, -22.930745182159576, 808.0], "angles": [0.0, 0.0, 0.5116595415795847], "sizes": [0.9999999999999998, 0.9999999999999998, 1.0]}, {"translations": [572.0770908838449, 36.82224250302231, 658.0], "angles": [0.0, 0.0, 0.6952220107296994], "sizes": [1.0000000000000002, 1.0000000000000002, 1.0]}, {"translations": [494.8818664550781, 8.459146499633789, 508.0], "angles": [0.0, 0.0, 0.8897765739339186], "sizes": [1.0000000000000004, 1.0000000000000004, 1.0]}, {"translations": [565.6756790252962, -18.893417892867042, 358.0], "angles": [0.0, 0.0, 0.9161529942383306], "sizes": [1.0000000000000007, 1.0000000000000007, 1.0]}, {"translations": [102.66569701029898, 22.2297501940314, 508.0], "angles": [0.0, 0.0, -0.7479432244130696], "sizes": [1.0000000000000007, 1.0000000000000007, 1.0]}, {"translations": [200.03547011445016, -27.271261993862776, 358.0], "angles": [0.0, 0.0, -0.1608855190029536], "sizes": [1.0, 1.0, 1.0]}], "SM_CardBoxB_01": [{"translations": [675.5587787066054, -20.552190549005644, 658.0], "angles": [0.0, 0.0, -0.3552053296428501], "sizes": [1.0, 1.0, 1.0]}, {"translations": [334.4419853682269, -29.867231758596546, 958.0], "angles": [0.0, 0.0, -0.6575825330748977], "sizes": [1.0000000000000002, 1.0000000000000002, 1.0]}, {"translations": [903.6240941139687, 23.387568299609125, 358.0], "angles": [-0.0, -0.0, 0.03552212777241726], "sizes": [1.0, 1.0, 1.0]}, {"translations": [481.5347419177719, 36.1007114557715, 58.0], "angles": [0.0, 0.0, -0.25826994019857175], "sizes": [1.0, 1.0, 1.0]}, {"translations": [42.731141529601416, 19.428132923384926, 508.0], "angles": [0.0, 0.0, 0.9910741050391519], "sizes": [1.0, 1.0, 1.0]}, {"translations": [1091.8485194589434, -29.57277272395269, 1108.0], "angles": [0.0, 0.0, 0.9994419381820763], "sizes": [1.0000000000000004, 1.0000000000000004, 1.0]}, {"translations": [1061.7311278610491, 30.368387786493656, 1108.0], "angles": [0.0, 0.0, -0.8460009719485417], "sizes": [0.9999999999999998, 0.9999999999999998, 1.0]}]}