{"SM_RackShelf_01": [{"translations": [200.0, 0.0, 37.0], "angles": [0.0, 0.0, 0.0], "sizes": [1.0, 1.0, 1.0]}, {"translations": [200.0, 0.0, 187.0], "angles": [0.0, 0.0, 0.0], "sizes": [1.0, 1.0, 1.0]}, {"translations": [200.0, 0.0, 337.0], "angles": [0.0, 0.0, 0.0], "sizes": [1.0, 1.0, 1.0]}, {"translations": [200.0, 0.0, 487.0], "angles": [0.0, 0.0, 0.0], "sizes": [1.0, 1.0, 1.0]}, {"translations": [600.0, 0.0, 37.0], "angles": [0.0, 0.0, 0.0], "sizes": [1.0, 1.0, 1.0]}, {"translations": [600.0, 0.0, 187.0], "angles": [0.0, 0.0, 0.0], "sizes": [1.0, 1.0, 1.0]}, {"translations": [600.0, 0.0, 337.0], "angles": [0.0, 0.0, 0.0], "sizes": [1.0, 1.0, 1.0]}, {"translations": [600.0, 0.0, 487.0], "angles": [0.0, 0.0, 0.0], "sizes": [1.0, 1.0, 1.0]}, {"translations": [1000.0, 0.0, 37.0], "angles": [0.0, 0.0, 0.0], "sizes": [1.0, 1.0, 1.0]}, {"translations": [1000.0, 0.0, 187.0], "angles": [0.0, 0.0, 0.0], "sizes": [1.0, 1.0, 1.0]}, {"translations": [1000.0, 0.0, 337.0], "angles": [0.0, 0.0, 0.0], "sizes": [1.0, 1.0, 1.0]}, {"translations": [1000.0, 0.0, 487.0], "angles": [0.0, 0.0, 0.0], "sizes": [1.0, 1.0, 1.0]}, {"translations": [1400.0, 0.0, 37.0], "angles": [0.0, 0.0, 0.0], "sizes": [1.0, 1.0, 1.0]}, {"translations": [1400.0, 0.0, 187.0], "angles": [0.0, 0.0, 0.0], "sizes": [1.0, 1.0, 1.0]}, {"translations": [1400.0, 0.0, 337.0], "angles": [0.0, 0.0, 0.0], "sizes": [1.0, 1.0, 1.0]}, {"translations": [1400.0, 0.0, 487.0], "angles": [0.0, 0.0, 0.0], "sizes": [1.0, 1.0, 1.0]}, {"translations": [1800.0, 0.0, 37.0], "angles": [0.0, 0.0, 0.0], "sizes": [1.0, 1.0, 1.0]}, {"translations": [1800.0, 0.0, 187.0], "angles": [0.0, 0.0, 0.0], "sizes": [1.0, 1.0, 1.0]}, {"translations": [1800.0, 0.0, 337.0], "angles": [0.0, 0.0, 0.0], "sizes": [1.0, 1.0, 1.0]}, {"translations": [1800.0, 0.0, 487.0], "angles": [0.0, 0.0, 0.0], "sizes": [1.0, 1.0, 1.0]}, {"translations": [2200.0, 0.0, 37.0], "angles": [0.0, 0.0, 0.0], "sizes": [1.0, 1.0, 1.0]}, {"translations": [2200.0, 0.0, 187.0], "angles": [0.0, 0.0, 0.0], "sizes": [1.0, 1.0, 1.0]}, {"translations": [2200.0, 0.0, 337.0], "angles": [0.0, 0.0, 0.0], "sizes": [1.0, 1.0, 1.0]}, {"translations": [2200.0, 0.0, 487.0], "angles": [0.0, 0.0, 0.0], "sizes": [1.0, 1.0, 1.0]}], "SM_RackFrame_03": [{"translations": [0.0, 0.0, 0.0], "angles": [0.0, 0.0, 0.0], "sizes": [1.0, 1.0, 1.0]}, {"translations": [400.0, 0.0, 0.0], "angles": [0.0, 0.0, 0.0], "sizes": [1.0, 1.0, 1.0]}, {"translations": [800.0, 0.0, 0.0], "angles": [0.0, 0.0, 0.0], "sizes": [1.0, 1.0, 1.0]}, {"translations": [1200.0, 0.0, 0.0], "angles": [0.0, 0.0, 0.0], "sizes": [1.0, 1.0, 1.0]}, {"translations": [1600.0, 0.0, 0.0], "angles": [0.0, 0.0, 0.0], "sizes": [1.0, 1.0, 1.0]}, {"translations": [2000.0, 0.0, 0.0], "angles": [0.0, 0.0, 0.0], "sizes": [1.0, 1.0, 1.0]}, {"translations": [0.0, 0.0, 300.0], "angles": [0.0, 0.0, 0.0], "sizes": [1.0, 1.0, 1.0]}, {"translations": [400.0, 0.0, 300.0], "angles": [0.0, 0.0, 0.0], "sizes": [1.0, 1.0, 1.0]}, {"translations": [800.0, 0.0, 300.0], "angles": [0.0, 0.0, 0.0], "sizes": [1.0, 1.0, 1.0]}, {"translations": [1200.0, 0.0, 300.0], "angles": [0.0, 0.0, 0.0], "sizes": [1.0, 1.0, 1.0]}, {"translations": [1600.0, 0.0, 300.0], "angles": [0.0, 0.0, 0.0], "sizes": [1.0, 1.0, 1.0]}, {"translations": [2000.0, 0.0, 300.0], "angles": [0.0, 0.0, 0.0], "sizes": [1.0, 1.0, 1.0]}, {"translations": [2400.0, 0.0, 0.0], "angles": [0.0, 0.0, 0.0], "sizes": [1.0, 1.0, 1.0]}, {"translations": [2400.0, 0.0, 300.0], "angles": [0.0, 0.0, 0.0], "sizes": [1.0, 1.0, 1.0]}], "SM_PaletteA_01": [{"translations": [104.04623413085938, -1.7162489891052246, 37.0], "angles": [0.0, 0.0, -0.02520358888632939], "sizes": [1.0, 1.0, 1.0]}, {"translations": [77.0445785522461, -0.000858306884765625, 187.0], "angles": [0.0, 0.0, -0.016408832044884022], "sizes": [1.0, 1.0, 1.0]}, {"translations": [167.94365692138672, 0.4796934127807617, 337.0], "angles": [0.0, 0.0, 0.015141286705310947], "sizes": [1.0, 1.0, 1.0]}, {"translations": [74.09922790527344, -9.138336181640625, 487.0], "angles": [0.0, 0.0, 0.009969680064279715], "sizes": [1.0, 1.0, 1.0]}, {"translations": [482.2792282104492, 6.109950542449951, 37.0], "angles": [0.0, 0.0, -0.02926352310938154], "sizes": [0.9999999999999999, 0.9999999999999999, 1.0]}, {"translations": [491.85707092285156, -2.9225897789001465, 187.0], "angles": [0.0, 0.0, 0.004318432322308453], "sizes": [1.0, 1.0, 1.0]}, {"translations": [533.3830947875977, 8.623649597167969, 337.0], "angles": [0.0, 0.0, -0.015237152564774122], "sizes": [1.0, 1.0, 1.0]}, {"translations": [494.8818664550781, 8.459146499633789, 487.0], "angles": [0.0, 0.0, 0.007892435219198508], "sizes": [1.0, 1.0, 1.0]}, {"translations": [911.4894409179688, 2.581357955932617, 37.0], "angles": [0.0, 0.0, -0.01185248292851016], "sizes": [0.9999999999999999, 0.9999999999999999, 1.0]}, {"translations": [962.7283554077148, 0.3313159942626953, 187.0], "angles": [0.0, 0.0, 0.02573872722577719], "sizes": [1.0, 1.0, 1.0]}, {"translations": [935.8382797241211, -4.22123908996582, 337.0], "angles": [0.0, 0.0, -0.011261281934586531], "sizes": [0.9999999999999999, 0.9999999999999999, 1.0]}, {"translations": [966.4827346801758, 3.2526063919067383, 487.0], "angles": [0.0, 0.0, -0.02928481926707283], "sizes": [0.9999999999999999, 0.9999999999999999, 1.0]}, {"translations": [1312.5039825439453, 3.831033706665039, 37.0], "angles": [0.0, 0.0, -0.013918986399555914], "sizes": [1.0, 1.0, 1.0]}, {"translations": [1367.7973022460938, 1.4619636535644531, 187.0], "angles": [0.0, 0.0, -0.019103606485505634], "sizes": [1.0, 1.0, 1.0]}, {"translations": [1278.5350646972656, 1.4052867889404297, 337.0], "angles": [0.0, 0.0, -0.0315874565640055], "sizes": [1.0, 1.0, 1.0]}, {"translations": [1300.343391418457, -2.281332015991211, 487.0], "angles": [0.0, 0.0, 0.023997504654042663], "sizes": [1.0, 1.0, 1.0]}, {"translations": [1713.750633239746, 9.805569648742676, 37.0], "angles": [0.0, 0.0, -0.04275996407771053], "sizes": [1.0, 1.0, 1.0]}, {"translations": [1675.6761093139648, 3.6362338066101074, 187.0], "angles": [0.0, 0.0, -0.038361247821873445], "sizes": [1.0, 1.0, 1.0]}, {"translations": [1697.231704711914, 6.969821453094482, 337.0], "angles": [0.0, 0.0, 0.005700637086067096], "sizes": [1.0, 1.0, 1.0]}, {"translations": [1714.9520950317383, 8.078994750976562, 487.0], "angles": [0.0, 0.0, 0.02768219703646915], "sizes": [1.0, 1.0, 1.0]}, {"translations": [2079.5151443481445, 2.395656108856201, 37.0], "angles": [0.0, 0.0, -0.038983982118058744], "sizes": [1.0, 1.0, 1.0]}, {"translations": [2093.033576965332, 0.1521778106689453, 187.0], "angles": [0.0, 0.0, 0.04298878948691817], "sizes": [0.9999999999999999, 0.9999999999999999, 1.0]}, {"translations": [2094.2071533203125, 0.5452275276184082, 337.0], "angles": [0.0, 0.0, 0.03176314115620408], "sizes": [0.9999999999999999, 0.9999999999999999, 1.0]}, {"translations": [2138.9098052978516, 0.4858231544494629, 487.0], "angles": [0.0, 0.0, 0.02471902795545384], "sizes": [0.9999999999999999, 0.9999999999999999, 1.0]}, {"translations": [288.7731170654297, -1.7162489891052246, 37.0], "angles": [0.0, 0.0, -0.03339484411025355], "sizes": [0.9999999999999999, 0.9999999999999999, 1.0]}, {"translations": [275.2722930908203, -0.000858306884765625, 187.0], "angles": [0.0, 0.0, -0.020299171100711735], "sizes": [1.0, 1.0, 1.0]}, {"translations": [320.7218246459961, 0.4796934127807617, 337.0], "angles": [0.0, 0.0, 0.006904398328044833], "sizes": [1.0, 1.0, 1.0]}, {"translations": [273.7996139526367, -9.138336181640625, 487.0], "angles": [0.0, 0.0, -0.025935741595244453], "sizes": [0.9999999999999999, 0.9999999999999999, 1.0]}, {"translations": [677.8896102905273, 6.109950542449951, 37.0], "angles": [0.0, 0.0, 0.010438387612939538], "sizes": [1.0, 1.0, 1.0]}, {"translations": [682.6785354614258, -2.9225897789001465, 187.0], "angles": [0.0, 0.0, -0.03381007509826267], "sizes": [0.9999999999999999, 0.9999999999999999, 1.0]}, {"translations": [703.4415435791016, 8.623649597167969, 337.0], "angles": [0.0, 0.0, -0.03640513474907553], "sizes": [1.0, 1.0, 1.0]}, {"translations": [684.1909332275391, 8.459146499633789, 487.0], "angles": [0.0, 0.0, -0.0185177959985576], "sizes": [1.0, 1.0, 1.0]}, {"translations": [1092.4947204589844, 2.581357955932617, 37.0], "angles": [0.0, 0.0, -0.005397033594753453], "sizes": [1.0, 1.0, 1.0]}, {"translations": [1118.1141815185547, 0.3313159942626953, 187.0], "angles": [0.0, 0.0, 0.030722322356361565], "sizes": [1.0, 1.0, 1.0]}, {"translations": [1104.6691436767578, -4.22123908996582, 337.0], "angles": [0.0, 0.0, -0.04096651325730352], "sizes": [1.0, 1.0, 1.0]}, {"translations": [1119.9913635253906, 3.2526063919067383, 487.0], "angles": [0.0, 0.0, 0.016533986755777393], "sizes": [0.9999999999999999, 0.9999999999999999, 1.0]}, {"translations": [1493.0019912719727, 3.831033706665039, 37.0], "angles": [0.0, 0.0, -0.02036840105318795], "sizes": [1.0, 1.0, 1.0]}, {"translations": [1520.6486511230469, 1.4619636535644531, 187.0], "angles": [0.0, 0.0, 0.04048220756442501], "sizes": [0.9999999999999999, 0.9999999999999999, 1.0]}, {"translations": [1476.0175323486328, 1.4052867889404297, 337.0], "angles": [0.0, 0.0, 0.027173710083077257], "sizes": [0.9999999999999999, 0.9999999999999999, 1.0]}, {"translations": [1486.9216995239258, -2.281332015991211, 487.0], "angles": [0.0, 0.0, -0.019913078325363178], "sizes": [0.9999999999999999, 0.9999999999999999, 1.0]}, {"translations": [1893.6253204345703, 9.805569648742676, 37.0], "angles": [0.0, 0.0, 0.03641844588285744], "sizes": [1.0, 1.0, 1.0]}, {"translations": [1874.5880508422852, 3.6362338066101074, 187.0], "angles": [0.0, 0.0, -0.017769550132798694], "sizes": [1.0, 1.0, 1.0]}, {"translations": [1885.365852355957, 6.969821453094482, 337.0], "angles": [0.0, 0.0, 0.002121268635209024], "sizes": [1.0, 1.0, 1.0]}, {"translations": [1894.2260513305664, 8.078994750976562, 487.0], "angles": [0.0, 0.0, -0.016589908588348953], "sizes": [1.0, 1.0, 1.0]}, {"translations": [2276.5075759887695, 2.395656108856201, 37.0], "angles": [0.0, 0.0, -0.012808513125173285], "sizes": [1.0, 1.0, 1.0]}, {"translations": [2283.2667846679688, 0.1521778106689453, 187.0], "angles": [0.0, 0.0, -0.03502645597826014], "sizes": [0.9999999999999999, 0.9999999999999999, 1.0]}, {"translations": [2283.8535766601562, 0.5452275276184082, 337.0], "angles": [0.0, 0.0, 0.0008189479510904372], "sizes": [1.0, 1.0, 1.0]}, {"translations": [2306.204902648926, 0.4858231544494629, 487.0], "angles": [0.0, 0.0, -0.04209475253836606], "sizes": [0.9999999999999999, 0.9999999999999999, 1.0]}], "SM_CardBoxC_01": [{"translations": [2306.204902648926, 0.4858231544494629, 508.0], "angles": [0.0, 0.0, -0.5669424836320335], "sizes": [1.0, 1.0, 1.0]}, {"translations": [1865.888555841742, -22.298509374366304, 58.0], "angles": [0.0, 0.0, 0.6150615566636056], "sizes": [1.0000000000000002, 1.0000000000000002, 1.0]}, {"translations": [1891.44166321943, 39.72599145671132, 58.0], "angles": [0.0, 0.0, 0.8846654349451797], "sizes": [0.9999999999999998, 0.9999999999999998, 1.0]}, {"translations": [2062.362860293975, 28.579866844947844, 358.0], "angles": [0.0, 0.0, 0.5099972251296377], "sizes": [1.0, 1.0, 1.0]}, {"translations": [2111.761220169502, 29.967210184085044, 58.0], "angles": [0.0, 0.0, -0.7476951877836353], "sizes": [1.0, 1.0, 1.0]}, {"translations": [1743.2458214789247, 39.69331181985834, 508.0], "angles": [0.0, 0.0, 0.8423807575220614], "sizes": [1.0000000000000007, 1.0000000000000007, 1.0]}, {"translations": [2283.8535766601562, 0.5452275276184082, 358.0], "angles": [0.0, 0.0, 0.9649357030108368], "sizes": [1.0000000000000007, 1.0000000000000007, 1.0]}], "SM_CardBoxD_01": [{"translations": [2255.4406936191435, 32.17886444763601, 208.0], "angles": [0.0, 0.0, 0.4524017165345543], "sizes": [1.0, 1.0, 1.0]}, {"translations": [1491.7801407433128, -26.14407398764715, 58.0], "angles": [0.0, 0.0, 0.929310876740784], "sizes": [1.0000000000000002, 1.0000000000000002, 1.0]}, {"translations": [2090.456634043207, 30.04129564937591, 208.0], "angles": [0.0, 0.0, 0.9999080117226448], "sizes": [1.0000000000000009, 1.0000000000000009, 1.0]}, {"translations": [1343.3274165338828, 32.98435113484069, 58.0], "angles": [0.0, 0.0, 0.9956130276848061], "sizes": [0.9999999999999998, 0.9999999999999998, 1.0]}, {"translations": [932.768104332467, -1.2124960111679253, 208.0], "angles": [0.0, 0.0, -0.41162097039447815], "sizes": [1.0, 1.0, 1.0]}, {"translations": [77.0445785522461, -0.000858306884765625, 208.0], "angles": [0.0, 0.0, 0.42154205048939497], "sizes": [1.0, 1.0, 1.0]}], "SM_CardBoxC_02": [{"translations": [2245.748971724528, -26.826052665885157, 58.0], "angles": [0.0, 0.0, -0.38914898920865976], "sizes": [0.9999999999999999, 0.9999999999999999, 1.0]}, {"translations": [1865.2378223616981, 39.05773877407195, 508.0], "angles": [0.0, 0.0, 0.9838700922953845], "sizes": [1.0000000000000009, 1.0000000000000009, 1.0]}, {"translations": [1488.320038311369, 28.936693746371937, 208.0], "angles": [0.0, 0.0, 0.33765710190112697], "sizes": [1.0, 1.0, 1.0]}, {"translations": [714.1703587014204, 7.34826925349266, 508.0], "angles": [0.0, 0.0, 0.9718514767763435], "sizes": [1.0000000000000013, 1.0000000000000013, 1.0]}, {"translations": [1686.658368584552, -23.535322317905216, 508.0], "angles": [0.0, 0.0, 0.9793875022152069], "sizes": [1.0000000000000007, 1.0000000000000007, 1.0]}, {"translations": [1280.429366347095, 31.345420744209452, 358.0], "angles": [0.0, 0.0, -0.7546322822637497], "sizes": [1.0000000000000002, 1.0000000000000002, 1.0]}, {"translations": [1396.629398163768, -29.66214669507086, 208.0], "angles": [0.0, 0.0, -0.216038719282473], "sizes": [1.0, 1.0, 1.0]}, {"translations": [936.513913795357, 25.771151921785567, 358.0], "angles": [0.0, 0.0, 0.5856114036207725], "sizes": [1.0000000000000002, 1.0000000000000002, 1.0]}, {"translations": [532.4689717685372, -21.362420153735098, 358.0], "angles": [0.0, 0.0, -0.8511300822416488], "sizes": [1.0000000000000004, 1.0000000000000004, 1.0]}, {"translations": [75.59608234591957, 29.757372718824836, 58.0], "angles": [0.0, 0.0, 0.8632485413551927], "sizes": [1.0000000000000004, 1.0000000000000004, 1.0]}], "SM_CardBoxD_03": [{"translations": [1893.2307938034528, -21.904491745005252, 508.0], "angles": [0.0, 0.0, 0.9570633160009828], "sizes": [1.0000000000000018, 1.0000000000000018, 1.0]}, {"translations": [1120.9832671232418, -26.73099124501085, 508.0], "angles": [0.0, 0.0, 0.9745061705440621], "sizes": [1.0000000000000009, 1.0000000000000009, 1.0]}, {"translations": [1149.9000190609677, -27.769583132408172, 208.0], "angles": [0.0, 0.0, 0.6449773197080594], "sizes": [1.0000000000000004, 1.0000000000000004, 1.0]}, {"translations": [735.5448836852606, 36.36126943067714, 358.0], "angles": [0.0, 0.0, 0.6452933426097819], "sizes": [1.0000000000000002, 1.0000000000000002, 1.0]}, {"translations": [707.8830726943698, 6.736219677315443, 58.0], "angles": [0.0, 0.0, 0.9886943621267205], "sizes": [1.0000000000000002, 1.0000000000000002, 1.0]}, {"translations": [350.30471037758315, 30.89108719524102, 358.0], "angles": [0.0, 0.0, 0.759702579236482], "sizes": [1.0000000000000004, 1.0000000000000004, 1.0]}, {"translations": [1283.3506651157697, 34.65446769660247, 58.0], "angles": [0.0, 0.0, -0.6896100923985841], "sizes": [1.0000000000000002, 1.0000000000000002, 1.0]}, {"translations": [524.4045976588546, 38.92894043181461, 508.0], "angles": [0.0, 0.0, 0.9979691706311532], "sizes": [1.0000000000000009, 1.0000000000000009, 1.0]}, {"translations": [461.5990863310026, 26.817187766324167, 208.0], "angles": [0.0, 0.0, 0.035783626353793174], "sizes": [1.0, 1.0, 1.0]}], "SM_CardBoxB_02": [{"translations": [1855.3661223427944, 6.842545621339568, 358.0], "angles": [0.0, 0.0, -0.7415106170002514], "sizes": [1.0000000000000002, 1.0000000000000002, 1.0]}, {"translations": [1455.750943573595, -31.062992383053228, 508.0], "angles": [0.0, 0.0, 0.9380056237613753], "sizes": [1.0000000000000007, 1.0000000000000007, 1.0]}, {"translations": [1074.7698389892655, -1.7653117285607731, 358.0], "angles": [0.0, 0.0, 0.5622565150676391], "sizes": [1.0000000000000002, 1.0000000000000002, 1.0]}, {"translations": [1122.492972780687, 2.2575406564209954, 58.0], "angles": [0.0, 0.0, 0.9875125109160036], "sizes": [0.9999999999999992, 0.9999999999999992, 1.0]}, {"translations": [1726.8877222086571, 37.30990428476902, 358.0], "angles": [0.0, 0.0, 0.9815462806830872], "sizes": [0.9999999999999998, 0.9999999999999998, 1.0]}, {"translations": [1683.8603381114217, 12.368820932106868, 58.0], "angles": [0.0, 0.0, 0.9826889646775223], "sizes": [1.000000000000001, 1.000000000000001, 1.0]}, {"translations": [504.3111480557549, 39.523842367131394, 358.0], "angles": [0.0, 0.0, 0.8139085055557985], "sizes": [1.0000000000000007, 1.0000000000000007, 1.0]}], "SM_CardBoxD_02": [{"translations": [1903.50310075864, -27.410825447604605, 208.0], "angles": [0.0, 0.0, 0.19657905087006658], "sizes": [1.0, 1.0, 1.0]}, {"translations": [1507.6030482506706, -26.920588046660267, 358.0], "angles": [0.0, 0.0, -0.25500391783025134], "sizes": [1.0, 1.0, 1.0]}, {"translations": [1552.9772639347248, -26.01276643924303, 208.0], "angles": [0.0, 0.0, 0.5277601375259037], "sizes": [1.0, 1.0, 1.0]}, {"translations": [290.3104308635358, 30.062579144367824, 358.0], "angles": [0.0, 0.0, 0.778573363591867], "sizes": [1.0000000000000004, 1.0000000000000004, 1.0]}, {"translations": [318.7062041286408, -3.7188220504998832, 58.0], "angles": [0.0, 0.0, 0.9998039893829999], "sizes": [1.0000000000000007, 1.0000000000000007, 1.0]}, {"translations": [2095.610519887457, -29.73694002803802, 208.0], "angles": [0.0, 0.0, -0.04375270514288181], "sizes": [1.0, 1.0, 1.0]}, {"translations": [1703.2878335035882, -28.575451763632337, 208.0], "angles": [0.0, 0.0, -0.46316806329889365], "sizes": [0.9999999999999999, 0.9999999999999999, 1.0]}, {"translations": [1328.8694029757978, 29.123550799113556, 508.0], "angles": [0.0, 0.0, 0.9981457444280902], "sizes": [1.0000000000000007, 1.0000000000000007, 1.0]}, {"translations": [998.1876141958309, 31.444814799511043, 508.0], "angles": [0.0, 0.0, 0.9247911065674529], "sizes": [1.0000000000000002, 1.0000000000000002, 1.0]}, {"translations": [881.497869799063, 3.292456978304149, 58.0], "angles": [0.0, 0.0, -0.23840092350364267], "sizes": [1.0, 1.0, 1.0]}], "SM_CardBoxB_01": [{"translations": [1446.0618369798135, -0.2245337442781281, 358.0], "angles": [0.0, 0.0, -0.07130254441062372], "sizes": [0.9999999999999999, 0.9999999999999999, 1.0]}, {"translations": [1088.1708131840128, -1.5111532136083452, 208.0], "angles": [0.0, 0.0, 0.8873500532332762], "sizes": [1.0000000000000002, 1.0000000000000002, 1.0]}, {"translations": [647.2698787518193, 35.477143811426984, 58.0], "angles": [0.0, 0.0, 0.15172483203940237], "sizes": [1.0, 1.0, 1.0]}, {"translations": [2168.8731434772676, 1.9685116402537177, 508.0], "angles": [0.0, 0.0, -0.8022617426984763], "sizes": [1.0, 1.0, 1.0]}, {"translations": [2051.9435902729156, 34.64173193021363, 58.0], "angles": [0.0, 0.0, 0.9852994417749356], "sizes": [1.0000000000000016, 1.0000000000000016, 1.0]}, {"translations": [1338.9652063284195, 32.586074002199766, 208.0], "angles": [0.0, 0.0, 0.9590515990420438], "sizes": [1.0000000000000016, 1.0000000000000016, 1.0]}, {"translations": [43.50704050133755, 20.25754907195339, 508.0], "angles": [0.0, 0.0, 0.9927697110377192], "sizes": [0.9999999999999998, 0.9999999999999998, 1.0]}], "SM_CardBoxA_02": [{"translations": [1062.4964681372817, 2.905175255444239, 58.0], "angles": [0.0, 0.0, 0.8734497511877525], "sizes": [0.9999999999999998, 0.9999999999999998, 1.0]}, {"translations": [671.3382034729425, -19.113970236341206, 358.0], "angles": [0.0, 0.0, 0.8414538788808134], "sizes": [1.0000000000000004, 1.0000000000000004, 1.0]}, {"translations": [731.1791634126107, -23.479690508991048, 358.0], "angles": [0.0, 0.0, 0.9999996178259967], "sizes": [1.000000000000001, 1.000000000000001, 1.0]}, {"translations": [994.2324184883933, -28.085123075554506, 208.0], "angles": [0.0, 0.0, 0.8284038174939888], "sizes": [1.0000000000000007, 1.0000000000000007, 1.0]}, {"translations": [484.03428763812883, 36.058569315363556, 58.0], "angles": [0.0, 0.0, -0.4642991950186345], "sizes": [1.0, 1.0, 1.0]}, {"translations": [137.95741243517227, -0.42867964547957094, 358.0], "angles": [0.0, 0.0, -0.8021272366878641], "sizes": [1.0000000000000004, 1.0000000000000004, 1.0]}], "SM_CardBoxD_04": [{"translations": [653.1006305075166, -20.40940172810643, 508.0], "angles": [0.0, 0.0, -0.8350019116629054], "sizes": [1.0000000000000007, 1.0000000000000007, 1.0]}, {"translations": [2077.1778834750803, -27.513158839436933, 58.0], "angles": [0.0, 0.0, 0.603981390635595], "sizes": [1.0, 1.0, 1.0]}, {"translations": [1270.3779442322343, -3.7207676448732228, 508.0], "angles": [0.0, 0.0, 0.816136289683984], "sizes": [1.0000000000000007, 1.0000000000000007, 1.0]}, {"translations": [1246.700629092167, -26.640545516499074, 358.0], "angles": [0.0, 0.0, 0.9731348302979151], "sizes": [1.000000000000001, 1.000000000000001, 1.0]}, {"translations": [934.7778551645207, -24.939602015697567, 508.0], "angles": [0.0, 0.0, 0.7188533362110201], "sizes": [1.0000000000000004, 1.0000000000000004, 1.0]}, {"translations": [965.1550366646367, -34.88926417295305, 358.0], "angles": [0.0, 0.0, 0.8241977135000642], "sizes": [1.0000000000000002, 1.0000000000000002, 1.0]}], "SM_CardBoxA_01": [{"translations": [684.7059801653918, 27.008822950410845, 208.0], "angles": [0.0, 0.0, 0.8763891536810746], "sizes": [0.9999999999999999, 0.9999999999999999, 1.0]}, {"translations": [648.5224170215503, -24.509780996258062, 58.0], "angles": [0.0, 0.0, -0.48566697348870136], "sizes": [1.0, 1.0, 1.0]}, {"translations": [245.39559474166003, 22.376925084331244, 508.0], "angles": [0.0, 0.0, 0.9944946789631838], "sizes": [1.0000000000000007, 1.0000000000000007, 1.0]}, {"translations": [305.31487521860856, 19.26568302933607, 508.0], "angles": [0.0, 0.0, -0.33797561429558326], "sizes": [1.0000000000000002, 1.0000000000000002, 1.0]}, {"translations": [291.13893891440904, -29.931700369679497, 358.0], "angles": [0.0, 0.0, 0.8729793981629987], "sizes": [0.9999999999999999, 0.9999999999999999, 1.0]}, {"translations": [2066.172514002983, -31.29906549871908, 358.0], "angles": [0.0, 0.0, 0.99687173336125], "sizes": [0.9999999999999993, 0.9999999999999993, 1.0]}, {"translations": [464.4120725228973, 37.98187770341026, 508.0], "angles": [0.0, 0.0, 0.9312323666052722], "sizes": [1.0000000000000002, 1.0000000000000002, 1.0]}, {"translations": [564.283287557561, 37.69559632901068, 358.0], "angles": [0.0, 0.0, 0.9921061525046225], "sizes": [1.0000000000000002, 1.0000000000000002, 1.0]}, {"translations": [462.1172933776272, -33.18057437074915, 208.0], "angles": [0.0, 0.0, -0.22648008661345664], "sizes": [1.0, 1.0, 1.0]}], "SM_CardBoxD_05": [{"translations": [274.05459378270143, -29.976134926042207, 208.0], "angles": [0.0, 0.0, 0.2763579608041043], "sizes": [1.0, 1.0, 1.0]}, {"translations": [246.51471577978177, 31.19211762039156, 208.0], "angles": [0.0, 0.0, 0.824940817934798], "sizes": [1.0000000000000009, 1.0000000000000009, 1.0]}, {"translations": [1683.3377779628565, 36.37272119816288, 508.0], "angles": [0.0, 0.0, -0.6563813262360081], "sizes": [1.0000000000000004, 1.0000000000000004, 1.0]}, {"translations": [1648.0643851243415, 35.84791937685255, 208.0], "angles": [0.0, 0.0, -0.21195291014635814], "sizes": [1.0, 1.0, 1.0]}, {"translations": [103.49511315886745, 21.453851222295263, 508.0], "angles": [0.0, 0.0, -0.7567607229644284], "sizes": [1.0000000000000002, 1.0000000000000002, 1.0]}, {"translations": [198.8382744658615, -28.59817801517336, 358.0], "angles": [0.0, 0.0, -0.18163747983439849], "sizes": [1.0, 1.0, 1.0]}]}