{"SM_RackShelf_01": [{"translations": [200.0, 0.0, 37.0], "angles": [0.0, 0.0, 0.0], "sizes": [1.0, 1.0, 1.0]}, {"translations": [200.0, 0.0, 187.0], "angles": [0.0, 0.0, 0.0], "sizes": [1.0, 1.0, 1.0]}, {"translations": [200.0, 0.0, 337.0], "angles": [0.0, 0.0, 0.0], "sizes": [1.0, 1.0, 1.0]}, {"translations": [200.0, 0.0, 487.0], "angles": [0.0, 0.0, 0.0], "sizes": [1.0, 1.0, 1.0]}, {"translations": [200.0, 0.0, 637.0], "angles": [0.0, 0.0, 0.0], "sizes": [1.0, 1.0, 1.0]}, {"translations": [200.0, 0.0, 787.0], "angles": [0.0, 0.0, 0.0], "sizes": [1.0, 1.0, 1.0]}, {"translations": [200.0, 0.0, 937.0], "angles": [0.0, 0.0, 0.0], "sizes": [1.0, 1.0, 1.0]}, {"translations": [600.0, 0.0, 37.0], "angles": [0.0, 0.0, 0.0], "sizes": [1.0, 1.0, 1.0]}, {"translations": [600.0, 0.0, 187.0], "angles": [0.0, 0.0, 0.0], "sizes": [1.0, 1.0, 1.0]}, {"translations": [600.0, 0.0, 337.0], "angles": [0.0, 0.0, 0.0], "sizes": [1.0, 1.0, 1.0]}, {"translations": [600.0, 0.0, 487.0], "angles": [0.0, 0.0, 0.0], "sizes": [1.0, 1.0, 1.0]}, {"translations": [600.0, 0.0, 637.0], "angles": [0.0, 0.0, 0.0], "sizes": [1.0, 1.0, 1.0]}, {"translations": [600.0, 0.0, 787.0], "angles": [0.0, 0.0, 0.0], "sizes": [1.0, 1.0, 1.0]}, {"translations": [600.0, 0.0, 937.0], "angles": [0.0, 0.0, 0.0], "sizes": [1.0, 1.0, 1.0]}, {"translations": [1000.0, 0.0, 37.0], "angles": [0.0, 0.0, 0.0], "sizes": [1.0, 1.0, 1.0]}, {"translations": [1000.0, 0.0, 187.0], "angles": [0.0, 0.0, 0.0], "sizes": [1.0, 1.0, 1.0]}, {"translations": [1000.0, 0.0, 337.0], "angles": [0.0, 0.0, 0.0], "sizes": [1.0, 1.0, 1.0]}, {"translations": [1000.0, 0.0, 487.0], "angles": [0.0, 0.0, 0.0], "sizes": [1.0, 1.0, 1.0]}, {"translations": [1000.0, 0.0, 637.0], "angles": [0.0, 0.0, 0.0], "sizes": [1.0, 1.0, 1.0]}, {"translations": [1000.0, 0.0, 787.0], "angles": [0.0, 0.0, 0.0], "sizes": [1.0, 1.0, 1.0]}, {"translations": [1000.0, 0.0, 937.0], "angles": [0.0, 0.0, 0.0], "sizes": [1.0, 1.0, 1.0]}, {"translations": [1400.0, 0.0, 37.0], "angles": [0.0, 0.0, 0.0], "sizes": [1.0, 1.0, 1.0]}, {"translations": [1400.0, 0.0, 187.0], "angles": [0.0, 0.0, 0.0], "sizes": [1.0, 1.0, 1.0]}, {"translations": [1400.0, 0.0, 337.0], "angles": [0.0, 0.0, 0.0], "sizes": [1.0, 1.0, 1.0]}, {"translations": [1400.0, 0.0, 487.0], "angles": [0.0, 0.0, 0.0], "sizes": [1.0, 1.0, 1.0]}, {"translations": [1400.0, 0.0, 637.0], "angles": [0.0, 0.0, 0.0], "sizes": [1.0, 1.0, 1.0]}, {"translations": [1400.0, 0.0, 787.0], "angles": [0.0, 0.0, 0.0], "sizes": [1.0, 1.0, 1.0]}, {"translations": [1400.0, 0.0, 937.0], "angles": [0.0, 0.0, 0.0], "sizes": [1.0, 1.0, 1.0]}, {"translations": [1800.0, 0.0, 37.0], "angles": [0.0, 0.0, 0.0], "sizes": [1.0, 1.0, 1.0]}, {"translations": [1800.0, 0.0, 187.0], "angles": [0.0, 0.0, 0.0], "sizes": [1.0, 1.0, 1.0]}, {"translations": [1800.0, 0.0, 337.0], "angles": [0.0, 0.0, 0.0], "sizes": [1.0, 1.0, 1.0]}, {"translations": [1800.0, 0.0, 487.0], "angles": [0.0, 0.0, 0.0], "sizes": [1.0, 1.0, 1.0]}, {"translations": [1800.0, 0.0, 637.0], "angles": [0.0, 0.0, 0.0], "sizes": [1.0, 1.0, 1.0]}, {"translations": [1800.0, 0.0, 787.0], "angles": [0.0, 0.0, 0.0], "sizes": [1.0, 1.0, 1.0]}, {"translations": [1800.0, 0.0, 937.0], "angles": [0.0, 0.0, 0.0], "sizes": [1.0, 1.0, 1.0]}, {"translations": [2200.0, 0.0, 37.0], "angles": [0.0, 0.0, 0.0], "sizes": [1.0, 1.0, 1.0]}, {"translations": [2200.0, 0.0, 187.0], "angles": [0.0, 0.0, 0.0], "sizes": [1.0, 1.0, 1.0]}, {"translations": [2200.0, 0.0, 337.0], "angles": [0.0, 0.0, 0.0], "sizes": [1.0, 1.0, 1.0]}, {"translations": [2200.0, 0.0, 487.0], "angles": [0.0, 0.0, 0.0], "sizes": [1.0, 1.0, 1.0]}, {"translations": [2200.0, 0.0, 637.0], "angles": [0.0, 0.0, 0.0], "sizes": [1.0, 1.0, 1.0]}, {"translations": [2200.0, 0.0, 787.0], "angles": [0.0, 0.0, 0.0], "sizes": [1.0, 1.0, 1.0]}, {"translations": [2200.0, 0.0, 937.0], "angles": [0.0, 0.0, 0.0], "sizes": [1.0, 1.0, 1.0]}, {"translations": [2600.0, 0.0, 37.0], "angles": [0.0, 0.0, 0.0], "sizes": [1.0, 1.0, 1.0]}, {"translations": [2600.0, 0.0, 187.0], "angles": [0.0, 0.0, 0.0], "sizes": [1.0, 1.0, 1.0]}, {"translations": [2600.0, 0.0, 337.0], "angles": [0.0, 0.0, 0.0], "sizes": [1.0, 1.0, 1.0]}, {"translations": [2600.0, 0.0, 487.0], "angles": [0.0, 0.0, 0.0], "sizes": [1.0, 1.0, 1.0]}, {"translations": [2600.0, 0.0, 637.0], "angles": [0.0, 0.0, 0.0], "sizes": [1.0, 1.0, 1.0]}, {"translations": [2600.0, 0.0, 787.0], "angles": [0.0, 0.0, 0.0], "sizes": [1.0, 1.0, 1.0]}, {"translations": [2600.0, 0.0, 937.0], "angles": [0.0, 0.0, 0.0], "sizes": [1.0, 1.0, 1.0]}, {"translations": [3000.0, 0.0, 37.0], "angles": [0.0, 0.0, 0.0], "sizes": [1.0, 1.0, 1.0]}, {"translations": [3000.0, 0.0, 187.0], "angles": [0.0, 0.0, 0.0], "sizes": [1.0, 1.0, 1.0]}, {"translations": [3000.0, 0.0, 337.0], "angles": [0.0, 0.0, 0.0], "sizes": [1.0, 1.0, 1.0]}, {"translations": [3000.0, 0.0, 487.0], "angles": [0.0, 0.0, 0.0], "sizes": [1.0, 1.0, 1.0]}, {"translations": [3000.0, 0.0, 637.0], "angles": [0.0, 0.0, 0.0], "sizes": [1.0, 1.0, 1.0]}, {"translations": [3000.0, 0.0, 787.0], "angles": [0.0, 0.0, 0.0], "sizes": [1.0, 1.0, 1.0]}, {"translations": [3000.0, 0.0, 937.0], "angles": [0.0, 0.0, 0.0], "sizes": [1.0, 1.0, 1.0]}, {"translations": [3400.0, 0.0, 37.0], "angles": [0.0, 0.0, 0.0], "sizes": [1.0, 1.0, 1.0]}, {"translations": [3400.0, 0.0, 187.0], "angles": [0.0, 0.0, 0.0], "sizes": [1.0, 1.0, 1.0]}, {"translations": [3400.0, 0.0, 337.0], "angles": [0.0, 0.0, 0.0], "sizes": [1.0, 1.0, 1.0]}, {"translations": [3400.0, 0.0, 487.0], "angles": [0.0, 0.0, 0.0], "sizes": [1.0, 1.0, 1.0]}, {"translations": [3400.0, 0.0, 637.0], "angles": [0.0, 0.0, 0.0], "sizes": [1.0, 1.0, 1.0]}, {"translations": [3400.0, 0.0, 787.0], "angles": [0.0, 0.0, 0.0], "sizes": [1.0, 1.0, 1.0]}, {"translations": [3400.0, 0.0, 937.0], "angles": [0.0, 0.0, 0.0], "sizes": [1.0, 1.0, 1.0]}, {"translations": [3800.0, 0.0, 37.0], "angles": [0.0, 0.0, 0.0], "sizes": [1.0, 1.0, 1.0]}, {"translations": [3800.0, 0.0, 187.0], "angles": [0.0, 0.0, 0.0], "sizes": [1.0, 1.0, 1.0]}, {"translations": [3800.0, 0.0, 337.0], "angles": [0.0, 0.0, 0.0], "sizes": [1.0, 1.0, 1.0]}, {"translations": [3800.0, 0.0, 487.0], "angles": [0.0, 0.0, 0.0], "sizes": [1.0, 1.0, 1.0]}, {"translations": [3800.0, 0.0, 637.0], "angles": [0.0, 0.0, 0.0], "sizes": [1.0, 1.0, 1.0]}, {"translations": [3800.0, 0.0, 787.0], "angles": [0.0, 0.0, 0.0], "sizes": [1.0, 1.0, 1.0]}, {"translations": [3800.0, 0.0, 937.0], "angles": [0.0, 0.0, 0.0], "sizes": [1.0, 1.0, 1.0]}], "SM_RackFrame_03": [{"translations": [0.0, 0.0, 0.0], "angles": [0.0, 0.0, 0.0], "sizes": [1.0, 1.0, 1.0]}, {"translations": [400.0, 0.0, 0.0], "angles": [0.0, 0.0, 0.0], "sizes": [1.0, 1.0, 1.0]}, {"translations": [800.0, 0.0, 0.0], "angles": [0.0, 0.0, 0.0], "sizes": [1.0, 1.0, 1.0]}, {"translations": [1200.0, 0.0, 0.0], "angles": [0.0, 0.0, 0.0], "sizes": [1.0, 1.0, 1.0]}, {"translations": [1600.0, 0.0, 0.0], "angles": [0.0, 0.0, 0.0], "sizes": [1.0, 1.0, 1.0]}, {"translations": [2000.0, 0.0, 0.0], "angles": [0.0, 0.0, 0.0], "sizes": [1.0, 1.0, 1.0]}, {"translations": [2400.0, 0.0, 0.0], "angles": [0.0, 0.0, 0.0], "sizes": [1.0, 1.0, 1.0]}, {"translations": [2800.0, 0.0, 0.0], "angles": [0.0, 0.0, 0.0], "sizes": [1.0, 1.0, 1.0]}, {"translations": [3200.0, 0.0, 0.0], "angles": [0.0, 0.0, 0.0], "sizes": [1.0, 1.0, 1.0]}, {"translations": [3600.0, 0.0, 0.0], "angles": [0.0, 0.0, 0.0], "sizes": [1.0, 1.0, 1.0]}, {"translations": [0.0, 0.0, 300.0], "angles": [0.0, 0.0, 0.0], "sizes": [1.0, 1.0, 1.0]}, {"translations": [400.0, 0.0, 300.0], "angles": [0.0, 0.0, 0.0], "sizes": [1.0, 1.0, 1.0]}, {"translations": [800.0, 0.0, 300.0], "angles": [0.0, 0.0, 0.0], "sizes": [1.0, 1.0, 1.0]}, {"translations": [1200.0, 0.0, 300.0], "angles": [0.0, 0.0, 0.0], "sizes": [1.0, 1.0, 1.0]}, {"translations": [1600.0, 0.0, 300.0], "angles": [0.0, 0.0, 0.0], "sizes": [1.0, 1.0, 1.0]}, {"translations": [2000.0, 0.0, 300.0], "angles": [0.0, 0.0, 0.0], "sizes": [1.0, 1.0, 1.0]}, {"translations": [2400.0, 0.0, 300.0], "angles": [0.0, 0.0, 0.0], "sizes": [1.0, 1.0, 1.0]}, {"translations": [2800.0, 0.0, 300.0], "angles": [0.0, 0.0, 0.0], "sizes": [1.0, 1.0, 1.0]}, {"translations": [3200.0, 0.0, 300.0], "angles": [0.0, 0.0, 0.0], "sizes": [1.0, 1.0, 1.0]}, {"translations": [3600.0, 0.0, 300.0], "angles": [0.0, 0.0, 0.0], "sizes": [1.0, 1.0, 1.0]}, {"translations": [0.0, 0.0, 600.0], "angles": [0.0, 0.0, 0.0], "sizes": [1.0, 1.0, 1.0]}, {"translations": [400.0, 0.0, 600.0], "angles": [0.0, 0.0, 0.0], "sizes": [1.0, 1.0, 1.0]}, {"translations": [800.0, 0.0, 600.0], "angles": [0.0, 0.0, 0.0], "sizes": [1.0, 1.0, 1.0]}, {"translations": [1200.0, 0.0, 600.0], "angles": [0.0, 0.0, 0.0], "sizes": [1.0, 1.0, 1.0]}, {"translations": [1600.0, 0.0, 600.0], "angles": [0.0, 0.0, 0.0], "sizes": [1.0, 1.0, 1.0]}, {"translations": [2000.0, 0.0, 600.0], "angles": [0.0, 0.0, 0.0], "sizes": [1.0, 1.0, 1.0]}, {"translations": [2400.0, 0.0, 600.0], "angles": [0.0, 0.0, 0.0], "sizes": [1.0, 1.0, 1.0]}, {"translations": [2800.0, 0.0, 600.0], "angles": [0.0, 0.0, 0.0], "sizes": [1.0, 1.0, 1.0]}, {"translations": [3200.0, 0.0, 600.0], "angles": [0.0, 0.0, 0.0], "sizes": [1.0, 1.0, 1.0]}, {"translations": [3600.0, 0.0, 600.0], "angles": [0.0, 0.0, 0.0], "sizes": [1.0, 1.0, 1.0]}, {"translations": [0.0, 0.0, 900.0], "angles": [0.0, 0.0, 0.0], "sizes": [1.0, 1.0, 1.0]}, {"translations": [400.0, 0.0, 900.0], "angles": [0.0, 0.0, 0.0], "sizes": [1.0, 1.0, 1.0]}, {"translations": [800.0, 0.0, 900.0], "angles": [0.0, 0.0, 0.0], "sizes": [1.0, 1.0, 1.0]}, {"translations": [1200.0, 0.0, 900.0], "angles": [0.0, 0.0, 0.0], "sizes": [1.0, 1.0, 1.0]}, {"translations": [1600.0, 0.0, 900.0], "angles": [0.0, 0.0, 0.0], "sizes": [1.0, 1.0, 1.0]}, {"translations": [2000.0, 0.0, 900.0], "angles": [0.0, 0.0, 0.0], "sizes": [1.0, 1.0, 1.0]}, {"translations": [2400.0, 0.0, 900.0], "angles": [0.0, 0.0, 0.0], "sizes": [1.0, 1.0, 1.0]}, {"translations": [2800.0, 0.0, 900.0], "angles": [0.0, 0.0, 0.0], "sizes": [1.0, 1.0, 1.0]}, {"translations": [3200.0, 0.0, 900.0], "angles": [0.0, 0.0, 0.0], "sizes": [1.0, 1.0, 1.0]}, {"translations": [3600.0, 0.0, 900.0], "angles": [0.0, 0.0, 0.0], "sizes": [1.0, 1.0, 1.0]}, {"translations": [4000.0, 0.0, 0.0], "angles": [0.0, 0.0, 0.0], "sizes": [1.0, 1.0, 1.0]}, {"translations": [4000.0, 0.0, 300.0], "angles": [0.0, 0.0, 0.0], "sizes": [1.0, 1.0, 1.0]}, {"translations": [4000.0, 0.0, 600.0], "angles": [0.0, 0.0, 0.0], "sizes": [1.0, 1.0, 1.0]}, {"translations": [4000.0, 0.0, 900.0], "angles": [0.0, 0.0, 0.0], "sizes": [1.0, 1.0, 1.0]}], "SM_PaletteA_01": [{"translations": [104.04623413085938, -1.7162489891052246, 37.0], "angles": [0.0, 0.0, 0.02605288316713703], "sizes": [0.9999999999999999, 0.9999999999999999, 1.0]}, {"translations": [77.0445785522461, -0.000858306884765625, 187.0], "angles": [0.0, 0.0, -0.03588614106466473], "sizes": [1.0, 1.0, 1.0]}, {"translations": [167.94365692138672, 0.4796934127807617, 337.0], "angles": [0.0, 0.0, -0.019684085124349444], "sizes": [1.0, 1.0, 1.0]}, {"translations": [74.09922790527344, -9.138336181640625, 487.0], "angles": [0.0, 0.0, -0.01094703789958639], "sizes": [1.0, 1.0, 1.0]}, {"translations": [106.05471801757812, -5.421197414398193, 637.0], "angles": [0.0, 0.0, -0.032713426633951645], "sizes": [1.0, 1.0, 1.0]}, {"translations": [115.29872131347656, 7.166991233825684, 787.0], "angles": [0.0, 0.0, -0.030370940823198515], "sizes": [0.9999999999999999, 0.9999999999999999, 1.0]}, {"translations": [132.94749450683594, -1.137080192565918, 937.0], "angles": [0.0, 0.0, -0.0050055438097123], "sizes": [0.9999999999999999, 0.9999999999999999, 1.0]}, {"translations": [482.2792282104492, 6.109950542449951, 37.0], "angles": [0.0, 0.0, -0.014209252648814836], "sizes": [0.9999999999999999, 0.9999999999999999, 1.0]}, {"translations": [491.85707092285156, -2.9225897789001465, 187.0], "angles": [0.0, 0.0, -0.025094429656999175], "sizes": [1.0, 1.0, 1.0]}, {"translations": [533.3830947875977, 8.623649597167969, 337.0], "angles": [0.0, 0.0, 0.029098475357915793], "sizes": [1.0, 1.0, 1.0]}, {"translations": [494.8818664550781, 8.459146499633789, 487.0], "angles": [0.0, 0.0, 0.040109651209494855], "sizes": [1.0, 1.0, 1.0]}, {"translations": [541.5834045410156, 7.324190139770508, 637.0], "angles": [0.0, 0.0, 0.036884194251866266], "sizes": [1.0, 1.0, 1.0]}, {"translations": [533.2000122070312, 9.428579330444336, 787.0], "angles": [0.0, 0.0, 0.006837820872493119], "sizes": [1.0, 1.0, 1.0]}, {"translations": [479.88209533691406, -8.396973609924316, 937.0], "angles": [0.0, 0.0, 0.02339045360132552], "sizes": [1.0, 1.0, 1.0]}, {"translations": [911.4894409179688, 2.581357955932617, 37.0], "angles": [0.0, 0.0, 0.031222773067105854], "sizes": [1.0, 1.0, 1.0]}, {"translations": [962.7283554077148, 0.3313159942626953, 187.0], "angles": [0.0, 0.0, 0.019790592896713734], "sizes": [1.0, 1.0, 1.0]}, {"translations": [935.8382797241211, -4.22123908996582, 337.0], "angles": [0.0, 0.0, 0.031475657336744116], "sizes": [1.0, 1.0, 1.0]}, {"translations": [966.4827346801758, 3.2526063919067383, 487.0], "angles": [0.0, 0.0, -0.020144733102505325], "sizes": [1.0, 1.0, 1.0]}, {"translations": [881.7578506469727, 2.102322578430176, 637.0], "angles": [0.0, 0.0, -0.042315602109279885], "sizes": [1.0, 1.0, 1.0]}, {"translations": [922.1294860839844, 5.8795952796936035, 787.0], "angles": [0.0, 0.0, -0.02979061572121984], "sizes": [0.9999999999999999, 0.9999999999999999, 1.0]}, {"translations": [880.4381942749023, 9.166719436645508, 937.0], "angles": [0.0, 0.0, -0.0260661944504406], "sizes": [1.0, 1.0, 1.0]}, {"translations": [1312.5039825439453, 3.831033706665039, 37.0], "angles": [0.0, 0.0, -0.01722100523996288], "sizes": [0.9999999999999999, 0.9999999999999999, 1.0]}, {"translations": [1367.7973022460938, 1.4619636535644531, 187.0], "angles": [0.0, 0.0, 0.031443711063020525], "sizes": [1.0, 1.0, 1.0]}, {"translations": [1278.5350646972656, 1.4052867889404297, 337.0], "angles": [0.0, 0.0, -0.004310445514117279], "sizes": [1.0, 1.0, 1.0]}, {"translations": [1300.343391418457, -2.281332015991211, 487.0], "angles": [0.0, 0.0, 0.02988378693898322], "sizes": [0.9999999999999999, 0.9999999999999999, 1.0]}, {"translations": [1315.598030090332, -4.324848651885986, 637.0], "angles": [0.0, 0.0, 0.02802828403428691], "sizes": [1.0, 1.0, 1.0]}, {"translations": [1286.8436584472656, 4.431722164154053, 787.0], "angles": [0.0, 0.0, 0.04323092431606799], "sizes": [0.9999999999999999, 0.9999999999999999, 1.0]}, {"translations": [1352.2860984802246, -4.739868640899658, 937.0], "angles": [0.0, 0.0, 0.03663402214063383], "sizes": [1.0, 1.0, 1.0]}, {"translations": [1713.750633239746, 9.805569648742676, 37.0], "angles": [0.0, 0.0, 0.040884020272066446], "sizes": [0.9999999999999999, 0.9999999999999999, 1.0]}, {"translations": [1675.6761093139648, 3.6362338066101074, 187.0], "angles": [0.0, 0.0, -0.011652753400455733], "sizes": [0.9999999999999999, 0.9999999999999999, 1.0]}, {"translations": [1697.231704711914, 6.969821453094482, 337.0], "angles": [0.0, 0.0, -0.042504524739844146], "sizes": [1.0, 1.0, 1.0]}, {"translations": [1714.9520950317383, 8.078994750976562, 487.0], "angles": [0.0, 0.0, 0.01199894845245626], "sizes": [0.9999999999999999, 0.9999999999999999, 1.0]}, {"translations": [1734.4088516235352, 9.549428939819336, 637.0], "angles": [0.0, 0.0, -0.015548712775664074], "sizes": [0.9999999999999999, 0.9999999999999999, 1.0]}, {"translations": [1715.0519256591797, 4.0348219871521, 787.0], "angles": [0.0, 0.0, -0.013519539432625838], "sizes": [1.0, 1.0, 1.0]}, {"translations": [1741.4865112304688, -3.541259765625, 937.0], "angles": [0.0, 0.0, -0.018121041188205764], "sizes": [1.0, 1.0, 1.0]}, {"translations": [2079.5151443481445, 2.395656108856201, 37.0], "angles": [0.0, 0.0, -0.029428574222394224], "sizes": [0.9999999999999999, 0.9999999999999999, 1.0]}, {"translations": [2093.033576965332, 0.1521778106689453, 187.0], "angles": [0.0, 0.0, 0.010941711896407472], "sizes": [1.0, 1.0, 1.0]}, {"translations": [2094.2071533203125, 0.5452275276184082, 337.0], "angles": [0.0, 0.0, 0.033567856686853643], "sizes": [1.0, 1.0, 1.0]}, {"translations": [2138.9098052978516, 0.4858231544494629, 487.0], "angles": [0.0, 0.0, -0.03848632811835637], "sizes": [1.0, 1.0, 1.0]}, {"translations": [2166.2614097595215, -6.692960262298584, 637.0], "angles": [0.0, 0.0, -0.0002117265065659202], "sizes": [0.9999999999999999, 0.9999999999999999, 1.0]}, {"translations": [2099.147735595703, -7.900900840759277, 787.0], "angles": [0.0, 0.0, -0.013586112344997164], "sizes": [1.0, 1.0, 1.0]}, {"translations": [2075.7228469848633, 4.342007637023926, 937.0], "angles": [0.0, 0.0, 0.015415565480120502], "sizes": [1.0, 1.0, 1.0]}, {"translations": [2498.907196044922, -4.518120288848877, 37.0], "angles": [0.0, 0.0, -0.0017830400206320937], "sizes": [1.0, 1.0, 1.0]}, {"translations": [2502.4140243530273, -5.466940402984619, 187.0], "angles": [0.0, 0.0, 0.0365195786843291], "sizes": [1.0, 1.0, 1.0]}, {"translations": [2532.563407897949, 9.540740966796875, 337.0], "angles": [0.0, 0.0, 0.02753577901259372], "sizes": [1.0, 1.0, 1.0]}, {"translations": [2560.399745941162, -8.810394287109375, 487.0], "angles": [0.0, 0.0, 0.01836868226427588], "sizes": [1.0, 1.0, 1.0]}, {"translations": [2504.8695068359375, 5.577380657196045, 637.0], "angles": [0.0, 0.0, -0.036309320177679474], "sizes": [1.0, 1.0, 1.0]}, {"translations": [2506.439613342285, 7.717952728271484, 787.0], "angles": [0.0, 0.0, 0.029806589671539863], "sizes": [1.0, 1.0, 1.0]}, {"translations": [2474.9809494018555, 0.40405988693237305, 937.0], "angles": [0.0, 0.0, -0.0193405923503615], "sizes": [1.0, 1.0, 1.0]}, {"translations": [2907.6520080566406, -5.5121564865112305, 37.0], "angles": [0.0, 0.0, -0.016731038615693715], "sizes": [1.0, 1.0, 1.0]}, {"translations": [2875.525344848633, 9.49099349975586, 187.0], "angles": [0.0, 0.0, -0.01856838943943112], "sizes": [1.0, 1.0, 1.0]}, {"translations": [2882.421142578125, 7.635831832885742, 337.0], "angles": [0.0, 0.0, -0.010805896630408048], "sizes": [1.0, 1.0, 1.0]}, {"translations": [2919.150360107422, -5.7010817527771, 487.0], "angles": [0.0, 0.0, 0.029332737652960898], "sizes": [1.0, 1.0, 1.0]}, {"translations": [2953.922176361084, 1.8576598167419434, 637.0], "angles": [0.0, 0.0, -0.011948352019102512], "sizes": [1.0, 1.0, 1.0]}, {"translations": [2955.815299987793, 0.9525680541992188, 787.0], "angles": [0.0, 0.0, -0.017500602291136282], "sizes": [0.9999999999999999, 0.9999999999999999, 1.0]}, {"translations": [2941.3526153564453, -6.521337032318115, 937.0], "angles": [0.0, 0.0, 0.019684083044157953], "sizes": [1.0, 1.0, 1.0]}, {"translations": [3281.321846008301, 1.9383478164672852, 37.0], "angles": [0.0, 0.0, 0.03330434284159883], "sizes": [1.0, 1.0, 1.0]}, {"translations": [3335.089340209961, 3.0927324295043945, 187.0], "angles": [0.0, 0.0, -0.027099169033245406], "sizes": [1.0, 1.0, 1.0]}, {"translations": [3325.660598754883, 5.971324443817139, 337.0], "angles": [0.0, 0.0, -0.026271195947748467], "sizes": [1.0, 1.0, 1.0]}, {"translations": [3369.652936935425, -9.388505935668945, 487.0], "angles": [0.0, 0.0, -0.03588880251024554], "sizes": [0.9999999999999999, 0.9999999999999999, 1.0]}, {"translations": [3337.361083984375, 6.581850051879883, 637.0], "angles": [0.0, 0.0, -0.042227796348534644], "sizes": [0.9999999999999999, 0.9999999999999999, 1.0]}, {"translations": [3363.693546295166, -7.437701225280762, 787.0], "angles": [0.0, 0.0, 0.0341241550838035], "sizes": [0.9999999999999999, 0.9999999999999999, 1.0]}, {"translations": [3336.607395172119, -4.453272819519043, 937.0], "angles": [0.0, 0.0, -0.003990858534638707], "sizes": [1.0, 1.0, 1.0]}, {"translations": [3737.7925033569336, 1.735079288482666, 37.0], "angles": [0.0, 0.0, -0.02440752380306449], "sizes": [1.0, 1.0, 1.0]}, {"translations": [3735.742576599121, 1.8309926986694336, 187.0], "angles": [0.0, 0.0, 0.04299145018590904], "sizes": [1.0, 1.0, 1.0]}, {"translations": [3691.6289443969727, -8.20798110961914, 337.0], "angles": [0.0, 0.0, 0.01331448616562138], "sizes": [1.0, 1.0, 1.0]}, {"translations": [3719.700859069824, 7.732515335083008, 487.0], "angles": [0.0, 0.0, 0.0152238351833035], "sizes": [0.9999999999999999, 0.9999999999999999, 1.0]}, {"translations": [3749.3163681030273, 7.242178916931152, 637.0], "angles": [0.0, 0.0, -0.01696004629138329], "sizes": [1.0, 1.0, 1.0]}, {"translations": [3745.4949836730957, -3.4252285957336426, 787.0], "angles": [0.0, 0.0, 0.01916751064856159], "sizes": [0.9999999999999999, 0.9999999999999999, 1.0]}, {"translations": [3682.6909790039062, -1.4323806762695312, 937.0], "angles": [0.0, 0.0, 0.03149429022207948], "sizes": [1.0, 1.0, 1.0]}, {"translations": [288.7731170654297, -1.7162489891052246, 37.0], "angles": [0.0, 0.0, 0.03217041111525457], "sizes": [1.0, 1.0, 1.0]}, {"translations": [275.2722930908203, -0.000858306884765625, 187.0], "angles": [0.0, 0.0, -0.01694140684213993], "sizes": [1.0, 1.0, 1.0]}, {"translations": [320.7218246459961, 0.4796934127807617, 337.0], "angles": [0.0, 0.0, 0.03028309485174715], "sizes": [1.0, 1.0, 1.0]}, {"translations": [273.7996139526367, -9.138336181640625, 487.0], "angles": [0.0, 0.0, -0.0031572684543093414], "sizes": [1.0, 1.0, 1.0]}, {"translations": [289.77735900878906, -5.421197414398193, 637.0], "angles": [0.0, 0.0, 0.043395889505013316], "sizes": [1.0, 1.0, 1.0]}, {"translations": [294.3993606567383, 7.166991233825684, 787.0], "angles": [0.0, 0.0, -0.0061001198973097215], "sizes": [1.0, 1.0, 1.0]}, {"translations": [303.22374725341797, -1.137080192565918, 937.0], "angles": [0.0, 0.0, 0.04156256985696808], "sizes": [1.0, 1.0, 1.0]}, {"translations": [677.8896102905273, 6.109950542449951, 37.0], "angles": [0.0, 0.0, -0.0026219597120287074], "sizes": [0.9999999999999999, 0.9999999999999999, 1.0]}, {"translations": [682.6785354614258, -2.9225897789001465, 187.0], "angles": [0.0, 0.0, -0.035313907751732015], "sizes": [0.9999999999999999, 0.9999999999999999, 1.0]}, {"translations": [703.4415435791016, 8.623649597167969, 337.0], "angles": [0.0, 0.0, 0.034132139912920884], "sizes": [1.0, 1.0, 1.0]}, {"translations": [684.1909332275391, 8.459146499633789, 487.0], "angles": [0.0, 0.0, -0.04200162017972579], "sizes": [1.0, 1.0, 1.0]}, {"translations": [707.5417022705078, 7.324190139770508, 637.0], "angles": [0.0, 0.0, 0.043512957906762254], "sizes": [1.0, 1.0, 1.0]}, {"translations": [703.3500061035156, 9.428579330444336, 787.0], "angles": [0.0, 0.0, 0.021638488100119365], "sizes": [1.0, 1.0, 1.0]}, {"translations": [676.691047668457, -8.396973609924316, 937.0], "angles": [0.0, 0.0, 0.008768610793402848], "sizes": [1.0, 1.0, 1.0]}, {"translations": [1092.4947204589844, 2.581357955932617, 37.0], "angles": [0.0, 0.0, 0.02042964309284488], "sizes": [1.0, 1.0, 1.0]}, {"translations": [1118.1141815185547, 0.3313159942626953, 187.0], "angles": [0.0, 0.0, 0.02484416432583851], "sizes": [1.0, 1.0, 1.0]}, {"translations": [1104.6691436767578, -4.22123908996582, 337.0], "angles": [0.0, 0.0, -0.02585586939570965], "sizes": [0.9999999999999999, 0.9999999999999999, 1.0]}, {"translations": [1119.9913635253906, 3.2526063919067383, 487.0], "angles": [0.0, 0.0, 0.04000853232019477], "sizes": [1.0, 1.0, 1.0]}, {"translations": [1077.6289291381836, 2.102322578430176, 637.0], "angles": [0.0, 0.0, 0.042422037053628917], "sizes": [0.9999999999999999, 0.9999999999999999, 1.0]}, {"translations": [1097.8147430419922, 5.8795952796936035, 787.0], "angles": [0.0, 0.0, 0.003780462595015378], "sizes": [1.0, 1.0, 1.0]}, {"translations": [1076.9691009521484, 9.166719436645508, 937.0], "angles": [0.0, 0.0, 0.03494128283058243], "sizes": [1.0, 1.0, 1.0]}, {"translations": [1493.0019912719727, 3.831033706665039, 37.0], "angles": [0.0, 0.0, -0.00891774926459717], "sizes": [1.0, 1.0, 1.0]}, {"translations": [1520.6486511230469, 1.4619636535644531, 187.0], "angles": [0.0, 0.0, 0.020778453533573046], "sizes": [1.0, 1.0, 1.0]}, {"translations": [1476.0175323486328, 1.4052867889404297, 337.0], "angles": [0.0, 0.0, -0.034515421615122714], "sizes": [1.0, 1.0, 1.0]}, {"translations": [1486.9216995239258, -2.281332015991211, 487.0], "angles": [0.0, 0.0, 0.016667131661935543], "sizes": [1.0, 1.0, 1.0]}, {"translations": [1494.5490188598633, -4.324848651885986, 637.0], "angles": [0.0, 0.0, 0.029071855013862533], "sizes": [1.0, 1.0, 1.0]}, {"translations": [1480.1718292236328, 4.431722164154053, 787.0], "angles": [0.0, 0.0, -0.015245141120041692], "sizes": [1.0, 1.0, 1.0]}, {"translations": [1512.893051147461, -4.739868640899658, 937.0], "angles": [0.0, 0.0, 0.01915419728770695], "sizes": [1.0, 1.0, 1.0]}, {"translations": [1893.6253204345703, 9.805569648742676, 37.0], "angles": [0.0, 0.0, 0.004009503113840335], "sizes": [0.9999999999999999, 0.9999999999999999, 1.0]}, {"translations": [1874.5880508422852, 3.6362338066101074, 187.0], "angles": [0.0, 0.0, 0.015495455970745238], "sizes": [1.0, 1.0, 1.0]}, {"translations": [1885.365852355957, 6.969821453094482, 337.0], "angles": [0.0, 0.0, -0.04055937580529472], "sizes": [0.9999999999999999, 0.9999999999999999, 1.0]}, {"translations": [1894.2260513305664, 8.078994750976562, 487.0], "angles": [0.0, 0.0, -0.0044489311632218646], "sizes": [1.0, 1.0, 1.0]}, {"translations": [1903.9544296264648, 9.549428939819336, 637.0], "angles": [0.0, 0.0, -0.042153290077644255], "sizes": [1.0, 1.0, 1.0]}, {"translations": [1894.2759628295898, 4.0348219871521, 787.0], "angles": [0.0, 0.0, 0.006776569586608384], "sizes": [1.0, 1.0, 1.0]}, {"translations": [1907.4932556152344, -3.541259765625, 937.0], "angles": [0.0, 0.0, 0.0020653423748574736], "sizes": [1.0, 1.0, 1.0]}, {"translations": [2276.5075759887695, 2.395656108856201, 37.0], "angles": [0.0, 0.0, -0.04047688145009392], "sizes": [1.0, 1.0, 1.0]}, {"translations": [2283.2667846679688, 0.1521778106689453, 187.0], "angles": [0.0, 0.0, -0.02267955747924556], "sizes": [1.0, 1.0, 1.0]}, {"translations": [2283.8535766601562, 0.5452275276184082, 337.0], "angles": [0.0, 0.0, 0.002344984011462198], "sizes": [1.0, 1.0, 1.0]}, {"translations": [2306.204902648926, 0.4858231544494629, 487.0], "angles": [0.0, 0.0, -0.03471238367880332], "sizes": [0.9999999999999999, 0.9999999999999999, 1.0]}, {"translations": [2319.8807067871094, -6.692960262298584, 637.0], "angles": [0.0, 0.0, -0.02856870793722652], "sizes": [1.0, 1.0, 1.0]}, {"translations": [2286.3238677978516, -7.900900840759277, 787.0], "angles": [0.0, 0.0, 0.022988416098487254], "sizes": [1.0, 1.0, 1.0]}, {"translations": [2274.611427307129, 4.342007637023926, 937.0], "angles": [0.0, 0.0, 0.0010080375107961285], "sizes": [1.0, 1.0, 1.0]}, {"translations": [2686.203598022461, -4.518120288848877, 37.0], "angles": [0.0, 0.0, -0.006680692756376153], "sizes": [0.9999999999999999, 0.9999999999999999, 1.0]}, {"translations": [2687.9570083618164, -5.466940402984619, 187.0], "angles": [0.0, 0.0, 0.0056260697714109915], "sizes": [1.0, 1.0, 1.0]}, {"translations": [2703.031707763672, 9.540740966796875, 337.0], "angles": [0.0, 0.0, 0.041496048268380256], "sizes": [0.9999999999999999, 0.9999999999999999, 1.0]}, {"translations": [2716.9498748779297, -8.810394287109375, 487.0], "angles": [0.0, 0.0, -0.013405027642104043], "sizes": [0.9999999999999999, 0.9999999999999999, 1.0]}, {"translations": [2689.1847534179688, 5.577380657196045, 637.0], "angles": [0.0, 0.0, 0.008765947734666919], "sizes": [1.0, 1.0, 1.0]}, {"translations": [2689.9698028564453, 7.717952728271484, 787.0], "angles": [0.0, 0.0, 0.017593802738720136], "sizes": [1.0, 1.0, 1.0]}, {"translations": [2674.2404708862305, 0.40405988693237305, 937.0], "angles": [0.0, 0.0, -0.00689641163567019], "sizes": [0.9999999999999999, 0.9999999999999999, 1.0]}, {"translations": [3090.5760040283203, -5.5121564865112305, 37.0], "angles": [0.0, 0.0, 0.031055069041648408], "sizes": [1.0, 1.0, 1.0]}, {"translations": [3074.5126724243164, 9.49099349975586, 187.0], "angles": [0.0, 0.0, -0.01856838943943112], "sizes": [1.0, 1.0, 1.0]}, {"translations": [3077.9605712890625, 7.635831832885742, 337.0], "angles": [0.0, 0.0, 0.020900938579562555], "sizes": [1.0, 1.0, 1.0]}, {"translations": [3096.325180053711, -5.7010817527771, 487.0], "angles": [0.0, 0.0, 0.02443947220315279], "sizes": [0.9999999999999999, 0.9999999999999999, 1.0]}, {"translations": [3113.7110900878906, 1.8576598167419434, 637.0], "angles": [0.0, 0.0, -0.03861140781182727], "sizes": [1.0, 1.0, 1.0]}, {"translations": [3114.6576538085938, 0.9525680541992188, 787.0], "angles": [0.0, 0.0, 0.022194969625740447], "sizes": [1.0, 1.0, 1.0]}, {"translations": [3107.4263076782227, -6.521337032318115, 937.0], "angles": [0.0, 0.0, -0.008880464405201799], "sizes": [0.9999999999999999, 0.9999999999999999, 1.0]}, {"translations": [3477.410919189453, 1.9383478164672852, 37.0], "angles": [0.0, 0.0, 0.025959699895012497], "sizes": [1.0, 1.0, 1.0]}, {"translations": [3504.2946701049805, 3.0927324295043945, 187.0], "angles": [0.0, 0.0, 0.00024634759982714504], "sizes": [1.0, 1.0, 1.0]}, {"translations": [3499.5802993774414, 5.971324443817139, 337.0], "angles": [0.0, 0.0, -0.0009094979950503592], "sizes": [1.0, 1.0, 1.0]}, {"translations": [3521.5764694213867, -9.388505935668945, 487.0], "angles": [0.0, 0.0, -0.018738808333831288], "sizes": [1.0, 1.0, 1.0]}, {"translations": [3505.4305419921875, 6.581850051879883, 637.0], "angles": [0.0, 0.0, 0.038246811776573915], "sizes": [1.0, 1.0, 1.0]}, {"translations": [3518.5967712402344, -7.437701225280762, 787.0], "angles": [0.0, 0.0, -0.005759230869623523], "sizes": [0.9999999999999999, 0.9999999999999999, 1.0]}, {"translations": [3505.053695678711, -4.453272819519043, 937.0], "angles": [0.0, 0.0, -0.012635416462456398], "sizes": [1.0, 1.0, 1.0]}, {"translations": [3905.6462478637695, 1.735079288482666, 37.0], "angles": [0.0, 0.0, 0.004238538220885554], "sizes": [1.0, 1.0, 1.0]}, {"translations": [3904.621292114258, 1.8309926986694336, 187.0], "angles": [0.0, 0.0, -0.03888551571487003], "sizes": [0.9999999999999999, 0.9999999999999999, 1.0]}, {"translations": [3882.564468383789, -8.20798110961914, 337.0], "angles": [0.0, 0.0, 0.03576637159186025], "sizes": [1.0, 1.0, 1.0]}, {"translations": [3896.6004333496094, 7.732515335083008, 487.0], "angles": [0.0, 0.0, 0.029087827222769983], "sizes": [1.0, 1.0, 1.0]}, {"translations": [3911.408187866211, 7.242178916931152, 637.0], "angles": [0.0, 0.0, -0.020445618721855373], "sizes": [1.0, 1.0, 1.0]}, {"translations": [3909.497489929199, -3.4252285957336426, 787.0], "angles": [0.0, 0.0, 0.02972672400324736], "sizes": [1.0, 1.0, 1.0]}, {"translations": [3878.095489501953, -1.4323806762695312, 937.0], "angles": [0.0, 0.0, 0.005215938589894682], "sizes": [1.0, 1.0, 1.0]}], "SM_CardBoxA_01": [{"translations": [1050.2799377655756, -30.33273054162818, 658.0], "angles": [0.0, 0.0, 0.9991452628776487], "sizes": [1.0, 1.0, 1.0]}, {"translations": [1133.078198600394, -35.73196104846478, 358.0], "angles": [0.0, 0.0, 0.7833845081403845], "sizes": [1.0000000000000007, 1.0000000000000007, 1.0]}, {"translations": [678.0469273324946, 36.10953806208606, 58.0], "angles": [0.0, 0.0, -0.6686688097977742], "sizes": [1.0, 1.0, 1.0]}, {"translations": [333.12010042063105, 1.3545191534904468, 958.0], "angles": [-0.0, -0.0, 0.006021841043883331], "sizes": [1.0, 1.0, 1.0]}, {"translations": [290.7768485960241, -1.3364589394746897, 358.0], "angles": [0.0, 0.0, 0.2805957252083937], "sizes": [1.0000000000000002, 1.0000000000000002, 1.0]}, {"translations": [3780.316565926528, 36.20746391300616, 658.0], "angles": [0.0, 0.0, 0.7853910454427981], "sizes": [1.0000000000000004, 1.0000000000000004, 1.0]}, {"translations": [3769.2207748802534, 30.235320498979135, 58.0], "angles": [0.0, 0.0, 0.9861682886806254], "sizes": [1.0000000000000002, 1.0000000000000002, 1.0]}, {"translations": [3366.366989949804, -34.69176680761281, 958.0], "angles": [0.0, 0.0, -0.254234538593552], "sizes": [1.0, 1.0, 1.0]}, {"translations": [3355.6191882106914, 4.395596733100676, 358.0], "angles": [0.0, 0.0, 0.908930059491046], "sizes": [1.0000000000000004, 1.0000000000000004, 1.0]}, {"translations": [2910.195046989171, 22.274599025372826, 958.0], "angles": [0.0, 0.0, -0.18712754430474574], "sizes": [1.0, 1.0, 1.0]}, {"translations": [2920.909567058683, -35.64945718288405, 508.0], "angles": [0.0, 0.0, 0.9846913579101557], "sizes": [1.000000000000001, 1.000000000000001, 1.0]}, {"translations": [2913.0624524774307, 36.98050984534138, 358.0], "angles": [0.0, 0.0, -0.10479099725423197], "sizes": [1.0, 1.0, 1.0]}, {"translations": [2878.6725255185265, 25.47476965699542, 58.0], "angles": [0.0, 0.0, 0.41386608585743584], "sizes": [0.9999999999999999, 0.9999999999999999, 1.0]}, {"translations": [2508.227214111502, -22.228741304457664, 808.0], "angles": [0.0, 0.0, 0.957190835131879], "sizes": [1.0000000000000007, 1.0000000000000007, 1.0]}, {"translations": [2590.3795014318744, -7.708459299418617, 508.0], "angles": [0.0, 0.0, 0.9842121008900969], "sizes": [1.0000000000000009, 1.0000000000000009, 1.0]}, {"translations": [2123.0263937017785, 0.8086412246769668, 208.0], "angles": [0.0, 0.0, 0.999970493930763], "sizes": [1.0000000000000009, 1.0000000000000009, 1.0]}, {"translations": [1312.5039825439453, 3.831033706665039, 58.0], "angles": [0.0, 0.0, 0.21009631933895417], "sizes": [1.0, 1.0, 1.0]}, {"translations": [932.751855461747, -0.8558870167648731, 208.0], "angles": [0.0, 0.0, 0.6086494463761127], "sizes": [1.0000000000000002, 1.0000000000000002, 1.0]}, {"translations": [83.53264912001274, -20.956249287132138, 808.0], "angles": [0.0, 0.0, 0.9850389332288011], "sizes": [0.9999999999999996, 0.9999999999999996, 1.0]}, {"translations": [1882.9342923133518, -22.93147476896261, 358.0], "angles": [0.0, 0.0, 0.9870649557525148], "sizes": [0.9999999999999992, 0.9999999999999992, 1.0]}, {"translations": [1511.744010150177, 25.238118362676158, 958.0], "angles": [0.0, 0.0, -0.7723461973817654], "sizes": [1.0000000000000004, 1.0000000000000004, 1.0]}, {"translations": [1108.9910441490867, -18.66483017691456, 958.0], "angles": [0.0, 0.0, -0.7687869949305668], "sizes": [1.0000000000000002, 1.0000000000000002, 1.0]}, {"translations": [1097.8147430419922, 5.8795952796936035, 808.0], "angles": [0.0, 0.0, 0.972961542238061], "sizes": [1.000000000000001, 1.000000000000001, 1.0]}, {"translations": [2689.710690073914, -24.41800883242274, 658.0], "angles": [0.0, 0.0, 0.010981422859893892], "sizes": [1.0, 1.0, 1.0]}, {"translations": [2730.440774058604, 41.92504402923763, 358.0], "angles": [0.0, 0.0, 0.9921149661478875], "sizes": [0.9999999999999991, 0.9999999999999991, 1.0]}, {"translations": [2257.7345162933116, -39.24813326325345, 808.0], "angles": [0.0, 0.0, -0.37519502653788445], "sizes": [1.0, 1.0, 1.0]}, {"translations": [2338.214093516429, 28.332038337266763, 508.0], "angles": [0.0, 0.0, -0.07444099074913316], "sizes": [1.0, 1.0, 1.0]}, {"translations": [2283.7128780063176, 30.544897590617566, 358.0], "angles": [0.0, 0.0, 0.2079391629369634], "sizes": [1.0, 1.0, 1.0]}, {"translations": [3907.714674728848, 26.521750717068443, 808.0], "angles": [0.0, 0.0, 0.5362589298353858], "sizes": [1.0, 1.0, 1.0]}], "SM_CardBoxD_01": [{"translations": [1074.7092552356903, -2.670405572534376, 358.0], "angles": [0.0, 0.0, 0.9906307254071954], "sizes": [0.9999999999999998, 0.9999999999999998, 1.0]}, {"translations": [677.6553049208555, 4.715885430059934, 658.0], "angles": [0.0, 0.0, 0.5327023549424968], "sizes": [0.9999999999999999, 0.9999999999999999, 1.0]}, {"translations": [654.8708726695636, 29.1200987795539, 208.0], "angles": [0.0, 0.0, 0.929878855287051], "sizes": [1.0000000000000004, 1.0000000000000004, 1.0]}, {"translations": [292.3786595253669, -35.30820522084231, 658.0], "angles": [0.0, 0.0, -0.05794667346816912], "sizes": [1.0, 1.0, 1.0]}, {"translations": [3776.62277942419, -32.25334562890395, 808.0], "angles": [0.0, 0.0, 0.744991025074283], "sizes": [1.0000000000000004, 1.0000000000000004, 1.0]}, {"translations": [3722.4171062212777, -37.39854622029157, 358.0], "angles": [0.0, 0.0, 0.8752026331478897], "sizes": [1.0000000000000002, 1.0000000000000002, 1.0]}, {"translations": [3309.2581432047336, 33.86894910978132, 58.0], "angles": [0.0, 0.0, 0.1546089583674514], "sizes": [1.0, 1.0, 1.0]}, {"translations": [2986.846799050263, 29.88431646206293, 808.0], "angles": [0.0, 0.0, 0.9926995062935114], "sizes": [0.9999999999999996, 0.9999999999999996, 1.0]}, {"translations": [2923.9307421480426, 2.5745097625425917, 658.0], "angles": [0.0, 0.0, 0.31077073018274615], "sizes": [1.0, 1.0, 1.0]}, {"translations": [2876.665081913134, -34.4916390246254, 58.0], "angles": [0.0, 0.0, 0.9932948519236598], "sizes": [0.9999999999999998, 0.9999999999999998, 1.0]}, {"translations": [2099.9628271001943, 22.08802421232167, 808.0], "angles": [0.0, 0.0, 0.12258631978584919], "sizes": [1.0, 1.0, 1.0]}, {"translations": [1683.8509234265625, 7.354579422851802, 58.0], "angles": [0.0, 0.0, -0.12008235174171081], "sizes": [0.9999999999999999, 0.9999999999999999, 1.0]}, {"translations": [1354.4826643710512, -34.65934554620763, 958.0], "angles": [0.0, 0.0, 0.9887372896168485], "sizes": [1.0000000000000004, 1.0000000000000004, 1.0]}, {"translations": [935.2986445834063, -25.514606278711234, 508.0], "angles": [0.0, 0.0, -0.37069454458651774], "sizes": [1.0, 1.0, 1.0]}, {"translations": [511.6650311681522, 5.112644363184329, 658.0], "angles": [0.0, 0.0, 0.43343392245517676], "sizes": [0.9999999999999999, 0.9999999999999999, 1.0]}, {"translations": [76.11892811450622, -3.459442363649437, 658.0], "angles": [0.0, 0.0, 0.9386411687385517], "sizes": [1.0, 1.0, 1.0]}, {"translations": [77.0445785522461, -0.000858306884765625, 208.0], "angles": [0.0, 0.0, 0.403794637236586], "sizes": [1.0, 1.0, 1.0]}, {"translations": [1923.9579305232057, -22.186750897764675, 508.0], "angles": [0.0, 0.0, -0.33045399474004794], "sizes": [1.0, 1.0, 1.0]}, {"translations": [1904.5736442929406, 4.565849540128361, 208.0], "angles": [0.0, 0.0, -0.04238621337751574], "sizes": [1.0, 1.0, 1.0]}, {"translations": [1491.92099382462, -29.758569752259017, 208.0], "angles": [0.0, 0.0, -0.10466952971338167], "sizes": [1.0, 1.0, 1.0]}, {"translations": [3045.647270816194, 40.58421768126858, 208.0], "angles": [0.0, 0.0, -0.0795008888309695], "sizes": [1.0, 1.0, 1.0]}, {"translations": [3122.380544413904, -33.59188602334591, 58.0], "angles": [0.0, 0.0, 0.9220090499172956], "sizes": [1.0000000000000002, 1.0000000000000002, 1.0]}, {"translations": [2283.994275313995, -29.45444253538075, 358.0], "angles": [0.0, 0.0, 0.7527364025596304], "sizes": [0.9999999999999999, 0.9999999999999999, 1.0]}, {"translations": [2311.8754994898795, -31.177383888125586, 208.0], "angles": [0.0, 0.0, -0.6607109937192895], "sizes": [1.0000000000000004, 1.0000000000000004, 1.0]}, {"translations": [2303.9826507342814, -29.93266379380077, 58.0], "angles": [0.0, 0.0, 0.8692728259205275], "sizes": [1.0000000000000004, 1.0000000000000004, 1.0]}, {"translations": [3548.5947811158217, -7.7832493466176755, 808.0], "angles": [0.0, 0.0, -0.18448038094821254], "sizes": [1.0, 1.0, 1.0]}], "SM_CardBoxC_02": [{"translations": [1136.1798656352569, 24.187815833670253, 358.0], "angles": [0.0, 0.0, -0.2518387878062007], "sizes": [1.0, 1.0, 1.0]}, {"translations": [673.3780995535511, 8.13057402991682, 808.0], "angles": [0.0, 0.0, 0.06692942601296399], "sizes": [1.0, 1.0, 1.0]}, {"translations": [324.7631283529163, 36.798758162116286, 808.0], "angles": [0.0, 0.0, 0.6845554725423374], "sizes": [1.0000000000000007, 1.0000000000000007, 1.0]}, {"translations": [3718.316170279527, -21.723106079143854, 658.0], "angles": [0.0, 0.0, -0.4511074258261295], "sizes": [1.0, 1.0, 1.0]}, {"translations": [3307.468075191442, 9.113257823386132, 658.0], "angles": [0.0, 0.0, -0.2542153202218085], "sizes": [1.0, 1.0, 1.0]}, {"translations": [3337.5782763503166, -37.15928461308623, 508.0], "angles": [0.0, 0.0, 0.9767840906356277], "sizes": [1.0000000000000009, 1.0000000000000009, 1.0]}, {"translations": [3295.7020092990742, 7.547052154533602, 358.0], "angles": [0.0, 0.0, -0.0913745917929733], "sizes": [1.0, 1.0, 1.0]}, {"translations": [3303.508049095759, -25.237852660818675, 208.0], "angles": [0.0, 0.0, 0.2534282522568661], "sizes": [1.0, 1.0, 1.0]}, {"translations": [2887.4427777260535, 22.488086726068545, 508.0], "angles": [0.0, 0.0, 0.802622359275656], "sizes": [1.0000000000000007, 1.0000000000000007, 1.0]}, {"translations": [2477.125731506882, 37.67540132032865, 658.0], "angles": [0.0, 0.0, 0.6921205965171255], "sizes": [1.0000000000000002, 1.0000000000000002, 1.0]}, {"translations": [2536.96752749907, 33.321155986251604, 658.0], "angles": [0.0, 0.0, 0.38168893944510857], "sizes": [0.9999999999999999, 0.9999999999999999, 1.0]}, {"translations": [2534.2149281753045, -20.4137658856533, 358.0], "angles": [0.0, 0.0, 0.8713276013998492], "sizes": [1.0000000000000002, 1.0000000000000002, 1.0]}, {"translations": [2092.194216967772, 30.47761946746546, 358.0], "angles": [0.0, 0.0, 0.9580710866962614], "sizes": [1.0000000000000002, 1.0000000000000002, 1.0]}, {"translations": [1712.59329750178, 27.526121849636738, 958.0], "angles": [0.0, 0.0, -0.5017479139387419], "sizes": [1.0, 1.0, 1.0]}, {"translations": [1715.0519256591797, 4.0348219871521, 808.0], "angles": [0.0, 0.0, -0.49990210421785014], "sizes": [1.0000000000000002, 1.0000000000000002, 1.0]}, {"translations": [1704.9688443804948, -27.05473672744246, 208.0], "angles": [0.0, 0.0, -0.39887736669980217], "sizes": [1.0, 1.0, 1.0]}, {"translations": [1743.6503430529297, 12.256559874633549, 58.0], "angles": [0.0, 0.0, 0.9144230250327214], "sizes": [1.0000000000000007, 1.0000000000000007, 1.0]}, {"translations": [505.17906727969364, -23.070716342749414, 358.0], "angles": [-0.0, -0.0, 0.013312574268647081], "sizes": [0.9999999999999999, 0.9999999999999999, 1.0]}, {"translations": [561.5871222955017, 40.31801553708535, 358.0], "angles": [0.0, 0.0, 0.9935559476036234], "sizes": [1.0000000000000002, 1.0000000000000002, 1.0]}, {"translations": [72.52431689812164, 26.680383451598576, 58.0], "angles": [0.0, 0.0, 0.8879792674177793], "sizes": [1.0000000000000002, 1.0000000000000002, 1.0]}, {"translations": [1514.0420921447449, -34.71785564447548, 958.0], "angles": [0.0, 0.0, 0.27823416475727314], "sizes": [1.0, 1.0, 1.0]}, {"translations": [3113.7110900878906, 1.8576598167419434, 658.0], "angles": [0.0, 0.0, -0.13343833642533237], "sizes": [1.0, 1.0, 1.0]}, {"translations": [2746.9390931919647, -9.614623677989746, 508.0], "angles": [0.0, 0.0, -0.6697645759992813], "sizes": [1.0000000000000002, 1.0000000000000002, 1.0]}, {"translations": [2657.958907521481, -5.804499246824613, 208.0], "angles": [0.0, 0.0, -0.7370628983409053], "sizes": [1.0000000000000002, 1.0000000000000002, 1.0]}, {"translations": [3908.0938571410306, -1.1194286180519697, 958.0], "angles": [0.0, 0.0, 0.8466435532078774], "sizes": [1.0000000000000002, 1.0000000000000002, 1.0]}, {"translations": [3552.679531927812, 19.466294405373063, 508.0], "angles": [0.0, 0.0, -0.3352918887341943], "sizes": [1.0, 1.0, 1.0]}, {"translations": [3942.6095871608604, 35.99061682329135, 658.0], "angles": [0.0, 0.0, -0.05414496039621412], "sizes": [0.9999999999999999, 0.9999999999999999, 1.0]}, {"translations": [3905.6462478637695, 1.735079288482666, 58.0], "angles": [0.0, 0.0, 0.43915252935805893], "sizes": [0.9999999999999998, 0.9999999999999998, 1.0]}, {"translations": [3488.944309485984, 22.905856771643574, 808.0], "angles": [0.0, 0.0, 0.5802656348574595], "sizes": [1.0000000000000002, 1.0000000000000002, 1.0]}], "SM_CardBoxA_02": [{"translations": [1090.0874044848956, 0.8540164510466468, 508.0], "angles": [0.0, 0.0, 0.9922085683261799], "sizes": [1.0, 1.0, 1.0]}, {"translations": [294.0333602727946, -22.830776078408622, 808.0], "angles": [0.0, 0.0, 0.8566387793718964], "sizes": [1.0000000000000002, 1.0000000000000002, 1.0]}, {"translations": [246.30585229558932, 30.99825954598934, 208.0], "angles": [0.0, 0.0, 0.821171604972296], "sizes": [1.0000000000000002, 1.0000000000000002, 1.0]}, {"translations": [3369.785500548814, 33.943451073306434, 658.0], "angles": [0.0, 0.0, 0.08412102646764168], "sizes": [1.0, 1.0, 1.0]}, {"translations": [2534.5237166464017, -33.19720655433649, 208.0], "angles": [0.0, 0.0, -0.21498460667368982], "sizes": [1.0, 1.0, 1.0]}, {"translations": [2045.7371053644076, 3.417183615238404, 958.0], "angles": [0.0, 0.0, 0.9512331938916042], "sizes": [1.0000000000000007, 1.0000000000000007, 1.0]}, {"translations": [563.6074665203793, -20.158355660893513, 808.0], "angles": [0.0, 0.0, 0.19067708117558324], "sizes": [1.0, 1.0, 1.0]}, {"translations": [532.7897525460262, 39.42577398278728, 808.0], "angles": [0.0, 0.0, -0.5322688117226947], "sizes": [1.0, 1.0, 1.0]}, {"translations": [569.2902321372928, 39.45410928922012, 658.0], "angles": [-0.0, -0.0, 0.015652414673953806], "sizes": [1.0, 1.0, 1.0]}, {"translations": [565.077460727515, -19.58037791073602, 358.0], "angles": [0.0, 0.0, -0.09247900638815834], "sizes": [0.9999999999999999, 0.9999999999999999, 1.0]}, {"translations": [501.6887288476803, 36.827677105071956, 358.0], "angles": [0.0, 0.0, -0.019672741838911656], "sizes": [1.0, 1.0, 1.0]}, {"translations": [483.13169729837057, 36.09783637079968, 58.0], "angles": [0.0, 0.0, 0.9262684782436243], "sizes": [1.0000000000000004, 1.0000000000000004, 1.0]}, {"translations": [137.96690471381768, 1.6605096923113973, 358.0], "angles": [0.0, 0.0, -0.8224338031279539], "sizes": [1.0000000000000004, 1.0000000000000004, 1.0]}, {"translations": [3113.3262836798203, 30.923011053597968, 808.0], "angles": [0.0, 0.0, -0.37786501530621863], "sizes": [1.0, 1.0, 1.0]}, {"translations": [1877.6174318317728, -33.66492410546849, 958.0], "angles": [0.0, 0.0, 0.2534312390607533], "sizes": [1.0, 1.0, 1.0]}, {"translations": [2244.671970495425, -25.71841361451724, 958.0], "angles": [0.0, 0.0, 0.13038335263816675], "sizes": [1.0, 1.0, 1.0]}, {"translations": [2314.9132193023916, 23.446331581734896, 808.0], "angles": [0.0, 0.0, -0.7468536706509269], "sizes": [1.0000000000000004, 1.0000000000000004, 1.0]}, {"translations": [3469.5803490086378, 6.0258943009504184, 358.0], "angles": [0.0, 0.0, 0.49996535051747554], "sizes": [0.9999999999999998, 0.9999999999999998, 1.0]}, {"translations": [3477.410919189453, 1.9383478164672852, 58.0], "angles": [0.0, 0.0, 0.995834374481738], "sizes": [1.0000000000000009, 1.0000000000000009, 1.0]}], "SM_CardBoxD_04": [{"translations": [1149.8953225658856, 5.65119633276683, 508.0], "angles": [0.0, 0.0, 0.9758983826459056], "sizes": [1.0000000000000018, 1.0000000000000018, 1.0]}, {"translations": [654.2967813934024, 10.97701983194866, 508.0], "angles": [0.0, 0.0, 0.10078044767246486], "sizes": [1.0, 1.0, 1.0]}, {"translations": [707.7318807681961, -24.046954019153503, 58.0], "angles": [0.0, 0.0, -0.810711850940198], "sizes": [1.0000000000000002, 1.0000000000000002, 1.0]}, {"translations": [3750.6002774145904, -21.34025450122817, 508.0], "angles": [0.0, 0.0, -0.27166068642875796], "sizes": [1.0, 1.0, 1.0]}, {"translations": [2912.5566792987543, -37.67890539959245, 958.0], "angles": [0.0, 0.0, -0.7896358387287601], "sizes": [1.0000000000000002, 1.0000000000000002, 1.0]}, {"translations": [2853.0764645656695, 38.27714173219166, 358.0], "angles": [0.0, 0.0, -0.11606846639432207], "sizes": [0.9999999999999999, 0.9999999999999999, 1.0]}, {"translations": [2876.639256135328, 39.4703063945734, 208.0], "angles": [0.0, 0.0, -0.837627185775974], "sizes": [1.0000000000000004, 1.0000000000000004, 1.0]}, {"translations": [2504.9585058911075, -0.756158598393394, 958.0], "angles": [0.0, 0.0, -0.6661306273053478], "sizes": [1.0000000000000004, 1.0000000000000004, 1.0]}, {"translations": [1284.2522279667064, 34.319587395120756, 808.0], "angles": [0.0, 0.0, 0.866216160365424], "sizes": [0.9999999999999998, 0.9999999999999998, 1.0]}, {"translations": [1278.7936890254668, 31.40417199250862, 358.0], "angles": [0.0, 0.0, -0.8171387881635723], "sizes": [1.0000000000000004, 1.0000000000000004, 1.0]}, {"translations": [478.47905209022196, 21.57019959089514, 958.0], "angles": [0.0, 0.0, 0.9432256276732714], "sizes": [1.0000000000000007, 1.0000000000000007, 1.0]}, {"translations": [147.0647935069404, 35.290231754783505, 808.0], "angles": [0.0, 0.0, 0.5323853219821468], "sizes": [1.0, 1.0, 1.0]}, {"translations": [1845.532073125148, -27.27897537756367, 208.0], "angles": [0.0, 0.0, 0.07797039168809454], "sizes": [1.0, 1.0, 1.0]}, {"translations": [1457.9382561101502, -33.26455340887532, 508.0], "angles": [0.0, 0.0, -0.8473696570860468], "sizes": [1.0, 1.0, 1.0]}, {"translations": [1448.158702576197, 33.40349929699221, 358.0], "angles": [0.0, 0.0, 0.6203813391186178], "sizes": [1.0000000000000004, 1.0000000000000004, 1.0]}, {"translations": [2658.6634272724045, 35.046833490869545, 658.0], "angles": [0.0, 0.0, -0.3021212099661088], "sizes": [1.0, 1.0, 1.0]}, {"translations": [3077.9638462908956, 24.006738062588454, 958.0], "angles": [0.0, 0.0, -0.6840745933443806], "sizes": [1.0000000000000002, 1.0000000000000002, 1.0]}, {"translations": [3904.621292114258, 1.8309926986694336, 208.0], "angles": [0.0, 0.0, 0.9761324629356353], "sizes": [1.0000000000000002, 1.0000000000000002, 1.0]}, {"translations": [3488.2532132433103, -37.09016297953127, 808.0], "angles": [0.0, 0.0, 0.522540818945134], "sizes": [1.0, 1.0, 1.0]}, {"translations": [3477.8114407567396, -25.62351047934346, 658.0], "angles": [0.0, 0.0, 0.3821203203906851], "sizes": [1.0, 1.0, 1.0]}], "SM_CardBoxC_01": [{"translations": [1149.567337318262, -28.141460305904175, 208.0], "angles": [0.0, 0.0, -0.42642328407153085], "sizes": [1.0, 1.0, 1.0]}, {"translations": [3399.5756565666875, -11.540446889514499, 508.0], "angles": [0.0, 0.0, 0.9193278068836154], "sizes": [1.0000000000000002, 1.0000000000000002, 1.0]}, {"translations": [2937.635212397451, -6.515878289207471, 58.0], "angles": [0.0, 0.0, -0.1084125585489599], "sizes": [1.0, 1.0, 1.0]}, {"translations": [2104.7837645835334, 35.252573279265135, 958.0], "angles": [0.0, 0.0, 0.6436864950861005], "sizes": [1.0000000000000002, 1.0000000000000002, 1.0]}, {"translations": [1684.2408484386674, 37.350471186229996, 508.0], "angles": [0.0, 0.0, 0.27831505857187083], "sizes": [1.0, 1.0, 1.0]}, {"translations": [1328.497582560796, 29.457311955052024, 508.0], "angles": [0.0, 0.0, -0.028891963339983052], "sizes": [0.9999999999999999, 0.9999999999999999, 1.0]}, {"translations": [1397.7379798281688, 3.347653428215771, 208.0], "angles": [0.0, 0.0, -0.1310852465941036], "sizes": [1.0, 1.0, 1.0]}, {"translations": [1335.9709348893673, 29.516951460988253, 208.0], "angles": [0.0, 0.0, 0.9517667608208954], "sizes": [1.0000000000000002, 1.0000000000000002, 1.0]}, {"translations": [890.3960913218413, -22.280512263957313, 808.0], "angles": [0.0, 0.0, -0.17416100087444564], "sizes": [1.0, 1.0, 1.0]}, {"translations": [102.64866896889403, -30.8352479983643, 958.0], "angles": [0.0, 0.0, 0.8970710572158042], "sizes": [0.9999999999999994, 0.9999999999999994, 1.0]}, {"translations": [199.10122540848639, 29.27562934081917, 358.0], "angles": [0.0, 0.0, 0.34142324485962816], "sizes": [1.0, 1.0, 1.0]}, {"translations": [1485.9218105343714, 27.70200038733861, 508.0], "angles": [0.0, 0.0, 0.9714517331438024], "sizes": [1.0000000000000007, 1.0000000000000007, 1.0]}, {"translations": [1047.0423545468993, 7.071522644956383, 958.0], "angles": [0.0, 0.0, 0.947191038934749], "sizes": [1.0000000000000007, 1.0000000000000007, 1.0]}, {"translations": [2674.2404708862305, 0.40405988693237305, 958.0], "angles": [0.0, 0.0, -0.19307993347315297], "sizes": [1.0, 1.0, 1.0]}, {"translations": [2675.62264146874, -22.843562095643883, 358.0], "angles": [0.0, 0.0, 0.9834655913677395], "sizes": [0.9999999999999998, 0.9999999999999998, 1.0]}, {"translations": [2735.4160108261126, -17.86832532813536, 358.0], "angles": [0.0, 0.0, 0.9676126245890551], "sizes": [1.0000000000000002, 1.0000000000000002, 1.0]}, {"translations": [2278.3586874661087, 32.49501402195243, 508.0], "angles": [0.0, 0.0, -0.7292650206680817], "sizes": [1.0000000000000004, 1.0000000000000004, 1.0]}, {"translations": [3492.721669080345, 21.7145565707564, 508.0], "angles": [0.0, 0.0, 0.7362207715623701], "sizes": [1.0000000000000007, 1.0000000000000007, 1.0]}, {"translations": [3880.2067885715614, -21.506258989429046, 658.0], "angles": [0.0, 0.0, -0.7270211307721349], "sizes": [1.0000000000000004, 1.0000000000000004, 1.0]}], "SM_CardBoxD_02": [{"translations": [1123.695200997046, -26.168077067977574, 58.0], "angles": [0.0, 0.0, 0.8039254224399899], "sizes": [1.0000000000000009, 1.0000000000000009, 1.0]}, {"translations": [731.3249082748023, 40.60048454446307, 358.0], "angles": [0.0, 0.0, 0.8439233189793981], "sizes": [1.0, 1.0, 1.0]}, {"translations": [3720.8195095076453, 22.580180714685888, 358.0], "angles": [0.0, 0.0, -0.7991598565242178], "sizes": [1.0000000000000004, 1.0000000000000004, 1.0]}, {"translations": [3766.29274456743, -29.693192234837205, 58.0], "angles": [0.0, 0.0, 0.9972704209577604], "sizes": [1.0000000000000009, 1.0000000000000009, 1.0]}, {"translations": [2062.3842968148774, 29.488531133107482, 208.0], "angles": [0.0, 0.0, -0.3682298236107778], "sizes": [1.0, 1.0, 1.0]}, {"translations": [1289.4350889278248, -25.45614306681265, 808.0], "angles": [0.0, 0.0, 0.9977862957203282], "sizes": [1.0000000000000013, 1.0000000000000013, 1.0]}, {"translations": [1248.277555165496, -28.334974086426524, 358.0], "angles": [0.0, 0.0, 0.9882811575847426], "sizes": [1.0000000000000007, 1.0000000000000007, 1.0]}, {"translations": [850.47896106449, 10.730159695858555, 958.0], "angles": [0.0, 0.0, 0.7748912491005043], "sizes": [1.0000000000000007, 1.0000000000000007, 1.0]}, {"translations": [909.1137520504244, -30.326902796293595, 658.0], "angles": [0.0, 0.0, 0.07352389437855836], "sizes": [1.0, 1.0, 1.0]}, {"translations": [993.8920583647102, -28.457980940677526, 208.0], "angles": [0.0, 0.0, 0.9430163795739395], "sizes": [1.0000000000000002, 1.0000000000000002, 1.0]}, {"translations": [879.6754795865122, 30.650413237516126, 58.0], "angles": [0.0, 0.0, 0.9719890810408668], "sizes": [1.0000000000000009, 1.0000000000000009, 1.0]}, {"translations": [1894.2759628295898, 4.0348219871521, 808.0], "angles": [0.0, 0.0, 0.9669871753253202], "sizes": [1.0000000000000013, 1.0000000000000013, 1.0]}, {"translations": [1843.6728416581113, 32.692211523747375, 208.0], "angles": [0.0, 0.0, -0.5566408960902108], "sizes": [1.0, 1.0, 1.0]}, {"translations": [1503.8763621210687, -30.592925719111353, 358.0], "angles": [0.0, 0.0, -0.09024210383968331], "sizes": [1.0, 1.0, 1.0]}, {"translations": [3046.7329998749906, 36.35583851079315, 358.0], "angles": [0.0, 0.0, 0.06141353867521065], "sizes": [0.9999999999999999, 0.9999999999999999, 1.0]}, {"translations": [2685.8027654022894, -34.515442389506575, 58.0], "angles": [0.0, 0.0, 0.9689723387350765], "sizes": [1.000000000000001, 1.000000000000001, 1.0]}, {"translations": [2254.9766353753575, 20.688450663780486, 808.0], "angles": [0.0, 0.0, 0.9967748883670361], "sizes": [0.9999999999999998, 0.9999999999999998, 1.0]}, {"translations": [2319.8807067871094, -6.692960262298584, 658.0], "angles": [0.0, 0.0, 0.9442977753662316], "sizes": [1.0000000000000009, 1.0000000000000009, 1.0]}, {"translations": [3076.8982325833163, -35.9837984196453, 958.0], "angles": [0.0, 0.0, 0.7736105496727894], "sizes": [1.0, 1.0, 1.0]}, {"translations": [3136.8887690655497, -37.049412127224684, 958.0], "angles": [0.0, 0.0, 0.9250595602838239], "sizes": [0.9999999999999999, 0.9999999999999999, 1.0]}, {"translations": [3940.1566257725713, -23.959220377718314, 658.0], "angles": [0.0, 0.0, -0.3213568348261033], "sizes": [1.0, 1.0, 1.0]}, {"translations": [3505.811760145294, 25.537147955530173, 958.0], "angles": [0.0, 0.0, 0.755184016631939], "sizes": [1.0, 1.0, 1.0]}], "SM_CardBoxD_05": [{"translations": [1091.2691977019085, 32.556315736918556, 58.0], "angles": [0.0, 0.0, 0.9973307688517246], "sizes": [1.0000000000000002, 1.0000000000000002, 1.0]}, {"translations": [706.6864343563423, -7.870877188878152, 958.0], "angles": [0.0, 0.0, 0.9508435555798913], "sizes": [1.0000000000000007, 1.0000000000000007, 1.0]}, {"translations": [273.3273940862049, -3.6286795386222828, 958.0], "angles": [0.0, 0.0, 0.5761860685581001], "sizes": [1.0, 1.0, 1.0]}, {"translations": [3710.742745570538, 30.3968259191078, 958.0], "angles": [0.0, 0.0, -0.37980665613181164], "sizes": [1.0, 1.0, 1.0]}, {"translations": [2472.771486172805, -22.166394671859514, 658.0], "angles": [0.0, 0.0, -0.24104868636253665], "sizes": [1.0, 1.0, 1.0]}, {"translations": [2529.318055462759, 20.067426215912313, 508.0], "angles": [0.0, 0.0, -0.3832403794885402], "sizes": [1.0, 1.0, 1.0]}, {"translations": [2138.9098052978516, 0.4858231544494629, 508.0], "angles": [0.0, 0.0, 0.9168058639835832], "sizes": [0.9999999999999998, 0.9999999999999998, 1.0]}, {"translations": [1710.419129615207, -32.434473494313906, 958.0], "angles": [0.0, 0.0, 0.9986604666633627], "sizes": [1.0000000000000013, 1.0000000000000013, 1.0]}, {"translations": [1347.2319313625148, -32.59667721499447, 658.0], "angles": [0.0, 0.0, -0.6828157385197537], "sizes": [1.0000000000000002, 1.0000000000000002, 1.0]}, {"translations": [1270.396973861766, -4.073558430343318, 508.0], "angles": [0.0, 0.0, 0.12755353128309813], "sizes": [1.0, 1.0, 1.0]}, {"translations": [908.8339872261016, -22.355954032979852, 958.0], "angles": [0.0, 0.0, -0.12043865365712536], "sizes": [1.0, 1.0, 1.0]}, {"translations": [997.6668247769453, 32.01981906252471, 508.0], "angles": [0.0, 0.0, -0.7348550838708989], "sizes": [1.0000000000000002, 1.0000000000000002, 1.0]}, {"translations": [905.8977227444079, -6.108842794281868, 358.0], "angles": [0.0, 0.0, 0.9012731577227675], "sizes": [1.0000000000000004, 1.0000000000000004, 1.0]}, {"translations": [943.3034022494253, -25.487697325650892, 58.0], "angles": [0.0, 0.0, -0.2031297486369234], "sizes": [1.0, 1.0, 1.0]}, {"translations": [104.74882056372776, 20.19769064325205, 508.0], "angles": [0.0, 0.0, -0.7702675227627976], "sizes": [1.0000000000000002, 1.0000000000000002, 1.0]}, {"translations": [1933.8478156346027, 7.022479599513661, 658.0], "angles": [0.0, 0.0, -0.17112242731943872], "sizes": [1.0, 1.0, 1.0]}, {"translations": [1887.7974123985623, 36.871117675151574, 358.0], "angles": [0.0, 0.0, 0.9579826624778744], "sizes": [1.0000000000000004, 1.0000000000000004, 1.0]}, {"translations": [1526.2418825174504, -32.53056426382509, 658.0], "angles": [0.0, 0.0, 0.9108060751965181], "sizes": [1.0000000000000002, 1.0000000000000002, 1.0]}, {"translations": [3097.7911103985307, -35.66524448468298, 508.0], "angles": [0.0, 0.0, 0.9482483611364929], "sizes": [1.0000000000000002, 1.0000000000000002, 1.0]}, {"translations": [3109.1881427031344, -21.084174845021668, 358.0], "angles": [0.0, 0.0, -0.2286356515884972], "sizes": [1.0, 1.0, 1.0]}, {"translations": [2719.951230342757, 8.773417499378354, 808.0], "angles": [0.0, 0.0, -0.1540550999932327], "sizes": [1.0, 1.0, 1.0]}, {"translations": [2717.617550358312, 24.868719281191005, 208.0], "angles": [0.0, 0.0, 0.7012079267790262], "sizes": [1.0000000000000002, 1.0000000000000002, 1.0]}, {"translations": [2244.5510060555875, 34.28146444872798, 958.0], "angles": [0.0, 0.0, 0.6409466840624781], "sizes": [1.0, 1.0, 1.0]}, {"translations": [2284.6272081064108, 30.12131607102168, 208.0], "angles": [0.0, 0.0, 0.19956777599927208], "sizes": [1.0, 1.0, 1.0]}, {"translations": [3848.0971218628756, -1.7453327344870928, 958.0], "angles": [0.0, 0.0, 0.1408860976742811], "sizes": [0.9999999999999999, 0.9999999999999999, 1.0]}], "SM_CardBoxB_02": [{"translations": [646.1695645595256, 21.072316656914747, 958.0], "angles": [0.0, 0.0, 0.7571638343502235], "sizes": [1.0000000000000004, 1.0000000000000004, 1.0]}, {"translations": [714.0850850616757, 5.941273167318919, 508.0], "angles": [0.0, 0.0, 0.19106967652442794], "sizes": [1.0, 1.0, 1.0]}, {"translations": [675.5581788834008, -23.35318535012713, 358.0], "angles": [0.0, 0.0, 0.8167270675397211], "sizes": [1.0000000000000002, 1.0000000000000002, 1.0]}, {"translations": [671.4647086318065, 36.50701429286865, 358.0], "angles": [0.0, 0.0, -0.7659446492603738], "sizes": [1.0000000000000002, 1.0000000000000002, 1.0]}, {"translations": [287.1760584922112, 24.465810392045928, 658.0], "angles": [0.0, 0.0, -0.8612959289281502], "sizes": [1.0000000000000004, 1.0000000000000004, 1.0]}, {"translations": [244.2731752379462, -28.967299102115753, 208.0], "angles": [0.0, 0.0, 0.8541138725667549], "sizes": [1.0, 1.0, 1.0]}, {"translations": [256.9059876070304, 26.29242931033657, 58.0], "angles": [0.0, 0.0, 0.36857980032642856], "sizes": [1.0, 1.0, 1.0]}, {"translations": [3774.323100706266, 27.70256715536052, 808.0], "angles": [0.0, 0.0, -0.22873396741304977], "sizes": [1.0, 1.0, 1.0]}, {"translations": [3707.8282469900255, 3.1990944448943655, 58.0], "angles": [0.0, 0.0, 0.9855957788431899], "sizes": [1.0000000000000016, 1.0000000000000016, 1.0]}, {"translations": [3306.60835078923, -4.213823214314664, 958.0], "angles": [0.0, 0.0, -0.760731111555051], "sizes": [1.0000000000000007, 1.0000000000000007, 1.0]}, {"translations": [3363.693546295166, -7.437701225280762, 808.0], "angles": [0.0, 0.0, -0.6781727621781433], "sizes": [1.0, 1.0, 1.0]}, {"translations": [2924.783800925323, -27.979180353664493, 808.0], "angles": [0.0, 0.0, 0.12007125565718788], "sizes": [1.0, 1.0, 1.0]}, {"translations": [2049.5671068069905, 4.160605806047987, 58.0], "angles": [0.0, 0.0, 0.8782047945363676], "sizes": [1.0000000000000002, 1.0000000000000002, 1.0]}, {"translations": [2111.2281315864907, 30.578743952818638, 58.0], "angles": [0.0, 0.0, -0.7287318732777377], "sizes": [1.0000000000000007, 1.0000000000000007, 1.0]}, {"translations": [1703.4905473848066, -19.503255325174603, 658.0], "angles": [0.0, 0.0, 0.9846085188656172], "sizes": [1.0000000000000004, 1.0000000000000004, 1.0]}, {"translations": [1764.3943458753963, 8.61661895295208, 658.0], "angles": [0.0, 0.0, 0.8683591703478272], "sizes": [1.0000000000000002, 1.0000000000000002, 1.0]}, {"translations": [1676.3752270477262, 33.6280866069014, 208.0], "angles": [0.0, 0.0, 0.9845773384617079], "sizes": [1.0000000000000004, 1.0000000000000004, 1.0]}, {"translations": [1380.0090094947059, 27.376174155234914, 958.0], "angles": [0.0, 0.0, -0.7833919994017303], "sizes": [1.0000000000000002, 1.0000000000000002, 1.0]}, {"translations": [481.28513858360617, -38.364146810743776, 958.0], "angles": [0.0, 0.0, 0.12726731295844448], "sizes": [1.0, 1.0, 1.0]}, {"translations": [524.7853394078693, 10.863788959894261, 508.0], "angles": [0.0, 0.0, 0.19666164765130328], "sizes": [1.0, 1.0, 1.0]}, {"translations": [460.38966312383627, -31.379614331907653, 208.0], "angles": [0.0, 0.0, 0.29133826825666476], "sizes": [1.0, 1.0, 1.0]}, {"translations": [1893.3847521814646, 39.80460508182948, 58.0], "angles": [0.0, 0.0, 0.670750000707609], "sizes": [1.0000000000000004, 1.0000000000000004, 1.0]}, {"translations": [1492.4669475923752, -26.164194718218187, 58.0], "angles": [0.0, 0.0, 0.2764917670402476], "sizes": [1.0, 1.0, 1.0]}, {"translations": [3103.3780740324387, -21.602230681756865, 208.0], "angles": [0.0, 0.0, 0.9585804840231971], "sizes": [1.0000000000000013, 1.0000000000000013, 1.0]}, {"translations": [3088.7135986039457, 24.429978474697876, 58.0], "angles": [0.0, 0.0, -0.015258107957808893], "sizes": [1.0, 1.0, 1.0]}, {"translations": [2687.7648859547753, 21.983053417805863, 508.0], "angles": [0.0, 0.0, 0.30703394428282144], "sizes": [1.0, 1.0, 1.0]}, {"translations": [3866.651199451162, 5.987984195755496, 508.0], "angles": [0.0, 0.0, 0.9926797755085379], "sizes": [0.9999999999999999, 0.9999999999999999, 1.0]}], "SM_CardBoxB_01": [{"translations": [734.6199179540076, -19.245321918992605, 808.0], "angles": [0.0, 0.0, 0.9992035158994147], "sizes": [1.0000000000000018, 1.0000000000000018, 1.0]}, {"translations": [273.61017878956267, -39.13773808099507, 508.0], "angles": [0.0, 0.0, -0.18992383366980534], "sizes": [1.0, 1.0, 1.0]}, {"translations": [318.7110209443502, 0.2129765903735117, 58.0], "angles": [0.0, 0.0, 0.7665765967772934], "sizes": [1.0000000000000004, 1.0000000000000004, 1.0]}, {"translations": [3688.801440725058, 36.80528517139419, 508.0], "angles": [0.0, 0.0, 0.8615702208290404], "sizes": [1.0000000000000007, 1.0000000000000007, 1.0]}, {"translations": [3708.4305746076257, -30.635213535144835, 208.0], "angles": [0.0, 0.0, -0.4862815044470622], "sizes": [1.0, 1.0, 1.0]}, {"translations": [3733.1654744779617, 31.720096811324183, 208.0], "angles": [0.0, 0.0, 0.9904166670341306], "sizes": [1.0000000000000002, 1.0000000000000002, 1.0]}, {"translations": [2983.9136105741254, 1.1408098709412953, 658.0], "angles": [0.0, 0.0, 0.8047995628289369], "sizes": [1.0000000000000007, 1.0000000000000007, 1.0]}, {"translations": [2851.7798326788193, -21.708846179569896, 358.0], "angles": [0.0, 0.0, 0.8815642559961215], "sizes": [0.9999999999999997, 0.9999999999999997, 1.0]}, {"translations": [2560.8663944730442, 41.146768096602266, 358.0], "angles": [0.0, 0.0, -0.7503982888546619], "sizes": [1.0000000000000002, 1.0000000000000002, 1.0]}, {"translations": [2498.907196044922, -4.518120288848877, 58.0], "angles": [0.0, 0.0, -0.08164787095091802], "sizes": [0.9999999999999999, 0.9999999999999999, 1.0]}, {"translations": [2166.2614097595215, -6.692960262298584, 658.0], "angles": [0.0, 0.0, 0.105465285988554], "sizes": [1.0, 1.0, 1.0]}, {"translations": [1745.6633416248092, -21.192481684276874, 508.0], "angles": [0.0, 0.0, -0.11258736095170453], "sizes": [1.0, 1.0, 1.0]}, {"translations": [462.5737510420265, 35.957976992164475, 508.0], "angles": [0.0, 0.0, 0.3491478877139663], "sizes": [1.0, 1.0, 1.0]}, {"translations": [44.76320108038077, 21.511256476813703, 508.0], "angles": [0.0, 0.0, 0.9950631305818868], "sizes": [1.0000000000000002, 1.0000000000000002, 1.0]}, {"translations": [3115.989023937367, -29.01787494519953, 808.0], "angles": [0.0, 0.0, 0.047388603848289884], "sizes": [1.0, 1.0, 1.0]}, {"translations": [1863.8668532545892, -20.43403403744976, 58.0], "angles": [0.0, 0.0, 0.9652359419916491], "sizes": [1.0000000000000007, 1.0000000000000007, 1.0]}, {"translations": [1551.8691845288704, -27.265693644862456, 208.0], "angles": [0.0, 0.0, -0.5329266232790294], "sizes": [1.0, 1.0, 1.0]}, {"translations": [1489.4281177172234, 30.189620951991362, 208.0], "angles": [0.0, 0.0, 0.19480312748525547], "sizes": [1.0, 1.0, 1.0]}, {"translations": [3106.68057796697, 38.86340324695753, 358.0], "angles": [0.0, 0.0, 0.7505012703759644], "sizes": [1.0000000000000002, 1.0000000000000002, 1.0]}, {"translations": [2718.292668045992, -35.12748239948026, 208.0], "angles": [0.0, 0.0, -0.26023857286482854], "sizes": [1.0, 1.0, 1.0]}, {"translations": [2304.123414806583, -29.44187987071067, 508.0], "angles": [0.0, 0.0, -0.08560997873680411], "sizes": [1.0, 1.0, 1.0]}, {"translations": [3881.3333258167486, -35.15502310888711, 808.0], "angles": [0.0, 0.0, 0.7110189561625768], "sizes": [1.0000000000000004, 1.0000000000000004, 1.0]}, {"translations": [3474.3052104370786, -33.685629127984896, 958.0], "angles": [0.0, 0.0, 0.9997835887418656], "sizes": [1.0000000000000007, 1.0000000000000007, 1.0]}], "SM_CardBoxD_03": [{"translations": [350.6668006959681, 2.295845765036213, 358.0], "angles": [0.0, 0.0, 0.746023365943421], "sizes": [1.0000000000000009, 1.0000000000000009, 1.0]}, {"translations": [3654.6392124372746, -33.26158727164686, 958.0], "angles": [0.0, 0.0, 0.9849183973097098], "sizes": [0.9999999999999999, 0.9999999999999999, 1.0]}, {"translations": [3716.6668666399255, -34.553024346827804, 808.0], "angles": [0.0, 0.0, -0.4238946141785978], "sizes": [1.0, 1.0, 1.0]}, {"translations": [3365.045278312223, 1.4673794175650092, 208.0], "angles": [0.0, 0.0, 0.1596928247116606], "sizes": [1.0, 1.0, 1.0]}, {"translations": [2971.329367568928, -5.3405208775264175, 958.0], "angles": [0.0, 0.0, 0.5497440687251669], "sizes": [1.0, 1.0, 1.0]}, {"translations": [2947.3395285862675, 26.006500628591162, 508.0], "angles": [0.0, 0.0, -0.6277701303933256], "sizes": [1.0000000000000002, 1.0000000000000002, 1.0]}, {"translations": [2068.343719038131, -37.074734389348905, 808.0], "angles": [0.0, 0.0, 0.15749160644509883], "sizes": [1.0, 1.0, 1.0]}, {"translations": [1729.6712733730928, 34.313456637112544, 358.0], "angles": [0.0, 0.0, 0.1994359491739517], "sizes": [1.0, 1.0, 1.0]}, {"translations": [1332.0820353895003, -30.43552315833023, 508.0], "angles": [0.0, 0.0, 0.24982698733215833], "sizes": [1.0, 1.0, 1.0]}, {"translations": [893.9693785403334, 37.61299004183676, 808.0], "angles": [0.0, 0.0, 0.8122320358577346], "sizes": [1.0000000000000002, 1.0000000000000002, 1.0]}, {"translations": [463.40004636984406, 28.544818020115137, 208.0], "angles": [0.0, 0.0, 0.9994305090771488], "sizes": [1.0000000000000009, 1.0000000000000009, 1.0]}, {"translations": [523.3244787218669, 25.53443477410736, 208.0], "angles": [0.0, 0.0, 0.1375905944127527], "sizes": [0.9999999999999999, 0.9999999999999999, 1.0]}, {"translations": [1479.257227058284, -25.554332976179747, 808.0], "angles": [0.0, 0.0, -0.23679404372816165], "sizes": [1.0, 1.0, 1.0]}, {"translations": [1464.5997292251002, -6.068422674710055, 658.0], "angles": [0.0, 0.0, 0.728604467400216], "sizes": [1.0000000000000002, 1.0000000000000002, 1.0]}, {"translations": [3504.3094509605216, -26.90726392926721, 208.0], "angles": [0.0, 0.0, -0.29648281755465455], "sizes": [1.0, 1.0, 1.0]}, {"translations": [3912.4877143835783, -6.063371859405728, 358.0], "angles": [0.0, 0.0, -0.34467420953913686], "sizes": [1.0, 1.0, 1.0]}, {"translations": [3503.1374123442997, 36.49408093521552, 658.0], "angles": [0.0, 0.0, 0.9973947412243731], "sizes": [1.0000000000000007, 1.0000000000000007, 1.0]}]}