{"SM_RackShelf_01": [{"translations": [200.0, 0.0, 37.0], "angles": [0.0, 0.0, 0.0], "sizes": [1.0, 1.0, 1.0]}, {"translations": [200.0, 0.0, 187.0], "angles": [0.0, 0.0, 0.0], "sizes": [1.0, 1.0, 1.0]}, {"translations": [200.0, 0.0, 337.0], "angles": [0.0, 0.0, 0.0], "sizes": [1.0, 1.0, 1.0]}, {"translations": [200.0, 0.0, 487.0], "angles": [0.0, 0.0, 0.0], "sizes": [1.0, 1.0, 1.0]}, {"translations": [200.0, 0.0, 637.0], "angles": [0.0, 0.0, 0.0], "sizes": [1.0, 1.0, 1.0]}, {"translations": [600.0, 0.0, 37.0], "angles": [0.0, 0.0, 0.0], "sizes": [1.0, 1.0, 1.0]}, {"translations": [600.0, 0.0, 187.0], "angles": [0.0, 0.0, 0.0], "sizes": [1.0, 1.0, 1.0]}, {"translations": [600.0, 0.0, 337.0], "angles": [0.0, 0.0, 0.0], "sizes": [1.0, 1.0, 1.0]}, {"translations": [600.0, 0.0, 487.0], "angles": [0.0, 0.0, 0.0], "sizes": [1.0, 1.0, 1.0]}, {"translations": [600.0, 0.0, 637.0], "angles": [0.0, 0.0, 0.0], "sizes": [1.0, 1.0, 1.0]}, {"translations": [1000.0, 0.0, 37.0], "angles": [0.0, 0.0, 0.0], "sizes": [1.0, 1.0, 1.0]}, {"translations": [1000.0, 0.0, 187.0], "angles": [0.0, 0.0, 0.0], "sizes": [1.0, 1.0, 1.0]}, {"translations": [1000.0, 0.0, 337.0], "angles": [0.0, 0.0, 0.0], "sizes": [1.0, 1.0, 1.0]}, {"translations": [1000.0, 0.0, 487.0], "angles": [0.0, 0.0, 0.0], "sizes": [1.0, 1.0, 1.0]}, {"translations": [1000.0, 0.0, 637.0], "angles": [0.0, 0.0, 0.0], "sizes": [1.0, 1.0, 1.0]}, {"translations": [1400.0, 0.0, 37.0], "angles": [0.0, 0.0, 0.0], "sizes": [1.0, 1.0, 1.0]}, {"translations": [1400.0, 0.0, 187.0], "angles": [0.0, 0.0, 0.0], "sizes": [1.0, 1.0, 1.0]}, {"translations": [1400.0, 0.0, 337.0], "angles": [0.0, 0.0, 0.0], "sizes": [1.0, 1.0, 1.0]}, {"translations": [1400.0, 0.0, 487.0], "angles": [0.0, 0.0, 0.0], "sizes": [1.0, 1.0, 1.0]}, {"translations": [1400.0, 0.0, 637.0], "angles": [0.0, 0.0, 0.0], "sizes": [1.0, 1.0, 1.0]}, {"translations": [1800.0, 0.0, 37.0], "angles": [0.0, 0.0, 0.0], "sizes": [1.0, 1.0, 1.0]}, {"translations": [1800.0, 0.0, 187.0], "angles": [0.0, 0.0, 0.0], "sizes": [1.0, 1.0, 1.0]}, {"translations": [1800.0, 0.0, 337.0], "angles": [0.0, 0.0, 0.0], "sizes": [1.0, 1.0, 1.0]}, {"translations": [1800.0, 0.0, 487.0], "angles": [0.0, 0.0, 0.0], "sizes": [1.0, 1.0, 1.0]}, {"translations": [1800.0, 0.0, 637.0], "angles": [0.0, 0.0, 0.0], "sizes": [1.0, 1.0, 1.0]}, {"translations": [2200.0, 0.0, 37.0], "angles": [0.0, 0.0, 0.0], "sizes": [1.0, 1.0, 1.0]}, {"translations": [2200.0, 0.0, 187.0], "angles": [0.0, 0.0, 0.0], "sizes": [1.0, 1.0, 1.0]}, {"translations": [2200.0, 0.0, 337.0], "angles": [0.0, 0.0, 0.0], "sizes": [1.0, 1.0, 1.0]}, {"translations": [2200.0, 0.0, 487.0], "angles": [0.0, 0.0, 0.0], "sizes": [1.0, 1.0, 1.0]}, {"translations": [2200.0, 0.0, 637.0], "angles": [0.0, 0.0, 0.0], "sizes": [1.0, 1.0, 1.0]}, {"translations": [2600.0, 0.0, 37.0], "angles": [0.0, 0.0, 0.0], "sizes": [1.0, 1.0, 1.0]}, {"translations": [2600.0, 0.0, 187.0], "angles": [0.0, 0.0, 0.0], "sizes": [1.0, 1.0, 1.0]}, {"translations": [2600.0, 0.0, 337.0], "angles": [0.0, 0.0, 0.0], "sizes": [1.0, 1.0, 1.0]}, {"translations": [2600.0, 0.0, 487.0], "angles": [0.0, 0.0, 0.0], "sizes": [1.0, 1.0, 1.0]}, {"translations": [2600.0, 0.0, 637.0], "angles": [0.0, 0.0, 0.0], "sizes": [1.0, 1.0, 1.0]}, {"translations": [3000.0, 0.0, 37.0], "angles": [0.0, 0.0, 0.0], "sizes": [1.0, 1.0, 1.0]}, {"translations": [3000.0, 0.0, 187.0], "angles": [0.0, 0.0, 0.0], "sizes": [1.0, 1.0, 1.0]}, {"translations": [3000.0, 0.0, 337.0], "angles": [0.0, 0.0, 0.0], "sizes": [1.0, 1.0, 1.0]}, {"translations": [3000.0, 0.0, 487.0], "angles": [0.0, 0.0, 0.0], "sizes": [1.0, 1.0, 1.0]}, {"translations": [3000.0, 0.0, 637.0], "angles": [0.0, 0.0, 0.0], "sizes": [1.0, 1.0, 1.0]}, {"translations": [3400.0, 0.0, 37.0], "angles": [0.0, 0.0, 0.0], "sizes": [1.0, 1.0, 1.0]}, {"translations": [3400.0, 0.0, 187.0], "angles": [0.0, 0.0, 0.0], "sizes": [1.0, 1.0, 1.0]}, {"translations": [3400.0, 0.0, 337.0], "angles": [0.0, 0.0, 0.0], "sizes": [1.0, 1.0, 1.0]}, {"translations": [3400.0, 0.0, 487.0], "angles": [0.0, 0.0, 0.0], "sizes": [1.0, 1.0, 1.0]}, {"translations": [3400.0, 0.0, 637.0], "angles": [0.0, 0.0, 0.0], "sizes": [1.0, 1.0, 1.0]}], "SM_RackFrame_03": [{"translations": [0.0, 0.0, 0.0], "angles": [0.0, 0.0, 0.0], "sizes": [1.0, 1.0, 1.0]}, {"translations": [400.0, 0.0, 0.0], "angles": [0.0, 0.0, 0.0], "sizes": [1.0, 1.0, 1.0]}, {"translations": [800.0, 0.0, 0.0], "angles": [0.0, 0.0, 0.0], "sizes": [1.0, 1.0, 1.0]}, {"translations": [1200.0, 0.0, 0.0], "angles": [0.0, 0.0, 0.0], "sizes": [1.0, 1.0, 1.0]}, {"translations": [1600.0, 0.0, 0.0], "angles": [0.0, 0.0, 0.0], "sizes": [1.0, 1.0, 1.0]}, {"translations": [2000.0, 0.0, 0.0], "angles": [0.0, 0.0, 0.0], "sizes": [1.0, 1.0, 1.0]}, {"translations": [2400.0, 0.0, 0.0], "angles": [0.0, 0.0, 0.0], "sizes": [1.0, 1.0, 1.0]}, {"translations": [2800.0, 0.0, 0.0], "angles": [0.0, 0.0, 0.0], "sizes": [1.0, 1.0, 1.0]}, {"translations": [3200.0, 0.0, 0.0], "angles": [0.0, 0.0, 0.0], "sizes": [1.0, 1.0, 1.0]}, {"translations": [0.0, 0.0, 300.0], "angles": [0.0, 0.0, 0.0], "sizes": [1.0, 1.0, 1.0]}, {"translations": [400.0, 0.0, 300.0], "angles": [0.0, 0.0, 0.0], "sizes": [1.0, 1.0, 1.0]}, {"translations": [800.0, 0.0, 300.0], "angles": [0.0, 0.0, 0.0], "sizes": [1.0, 1.0, 1.0]}, {"translations": [1200.0, 0.0, 300.0], "angles": [0.0, 0.0, 0.0], "sizes": [1.0, 1.0, 1.0]}, {"translations": [1600.0, 0.0, 300.0], "angles": [0.0, 0.0, 0.0], "sizes": [1.0, 1.0, 1.0]}, {"translations": [2000.0, 0.0, 300.0], "angles": [0.0, 0.0, 0.0], "sizes": [1.0, 1.0, 1.0]}, {"translations": [2400.0, 0.0, 300.0], "angles": [0.0, 0.0, 0.0], "sizes": [1.0, 1.0, 1.0]}, {"translations": [2800.0, 0.0, 300.0], "angles": [0.0, 0.0, 0.0], "sizes": [1.0, 1.0, 1.0]}, {"translations": [3200.0, 0.0, 300.0], "angles": [0.0, 0.0, 0.0], "sizes": [1.0, 1.0, 1.0]}, {"translations": [0.0, 0.0, 600.0], "angles": [0.0, 0.0, 0.0], "sizes": [1.0, 1.0, 1.0]}, {"translations": [400.0, 0.0, 600.0], "angles": [0.0, 0.0, 0.0], "sizes": [1.0, 1.0, 1.0]}, {"translations": [800.0, 0.0, 600.0], "angles": [0.0, 0.0, 0.0], "sizes": [1.0, 1.0, 1.0]}, {"translations": [1200.0, 0.0, 600.0], "angles": [0.0, 0.0, 0.0], "sizes": [1.0, 1.0, 1.0]}, {"translations": [1600.0, 0.0, 600.0], "angles": [0.0, 0.0, 0.0], "sizes": [1.0, 1.0, 1.0]}, {"translations": [2000.0, 0.0, 600.0], "angles": [0.0, 0.0, 0.0], "sizes": [1.0, 1.0, 1.0]}, {"translations": [2400.0, 0.0, 600.0], "angles": [0.0, 0.0, 0.0], "sizes": [1.0, 1.0, 1.0]}, {"translations": [2800.0, 0.0, 600.0], "angles": [0.0, 0.0, 0.0], "sizes": [1.0, 1.0, 1.0]}, {"translations": [3200.0, 0.0, 600.0], "angles": [0.0, 0.0, 0.0], "sizes": [1.0, 1.0, 1.0]}, {"translations": [3600.0, 0.0, 0.0], "angles": [0.0, 0.0, 0.0], "sizes": [1.0, 1.0, 1.0]}, {"translations": [3600.0, 0.0, 300.0], "angles": [0.0, 0.0, 0.0], "sizes": [1.0, 1.0, 1.0]}, {"translations": [3600.0, 0.0, 600.0], "angles": [0.0, 0.0, 0.0], "sizes": [1.0, 1.0, 1.0]}], "SM_PaletteA_01": [{"translations": [104.04623413085938, -1.7162489891052246, 37.0], "angles": [0.0, 0.0, 0.0425098420904596], "sizes": [1.0, 1.0, 1.0]}, {"translations": [77.0445785522461, -0.000858306884765625, 187.0], "angles": [0.0, 0.0, -0.0013436059775731798], "sizes": [1.0, 1.0, 1.0]}, {"translations": [167.94365692138672, 0.4796934127807617, 337.0], "angles": [0.0, 0.0, -0.008214677661882507], "sizes": [1.0, 1.0, 1.0]}, {"translations": [74.09922790527344, -9.138336181640625, 487.0], "angles": [0.0, 0.0, -0.008081521427176627], "sizes": [1.0, 1.0, 1.0]}, {"translations": [106.05471801757812, -5.421197414398193, 637.0], "angles": [0.0, 0.0, 0.00791373984255705], "sizes": [0.9999999999999999, 0.9999999999999999, 1.0]}, {"translations": [482.2792282104492, 6.109950542449951, 37.0], "angles": [0.0, 0.0, 0.00223578949174803], "sizes": [0.9999999999999999, 0.9999999999999999, 1.0]}, {"translations": [491.85707092285156, -2.9225897789001465, 187.0], "angles": [0.0, 0.0, 0.01060349966291715], "sizes": [1.0, 1.0, 1.0]}, {"translations": [533.3830947875977, 8.623649597167969, 337.0], "angles": [0.0, 0.0, -0.03779438926984403], "sizes": [1.0, 1.0, 1.0]}, {"translations": [494.8818664550781, 8.459146499633789, 487.0], "angles": [0.0, 0.0, 0.019795918175437154], "sizes": [1.0, 1.0, 1.0]}, {"translations": [541.5834045410156, 7.324190139770508, 637.0], "angles": [0.0, 0.0, 0.015215846625443036], "sizes": [1.0, 1.0, 1.0]}, {"translations": [911.4894409179688, 2.581357955932617, 37.0], "angles": [0.0, 0.0, 0.0263776896345019], "sizes": [1.0, 1.0, 1.0]}, {"translations": [962.7283554077148, 0.3313159942626953, 187.0], "angles": [0.0, 0.0, 0.02154263040908277], "sizes": [1.0, 1.0, 1.0]}, {"translations": [935.8382797241211, -4.22123908996582, 337.0], "angles": [0.0, 0.0, 0.01821690332208363], "sizes": [1.0, 1.0, 1.0]}, {"translations": [966.4827346801758, 3.2526063919067383, 487.0], "angles": [0.0, 0.0, 0.008196036161830268], "sizes": [1.0, 1.0, 1.0]}, {"translations": [881.7578506469727, 2.102322578430176, 637.0], "angles": [0.0, 0.0, 0.01333845248700117], "sizes": [1.0, 1.0, 1.0]}, {"translations": [1312.5039825439453, 3.831033706665039, 37.0], "angles": [0.0, 0.0, 0.022016575194712534], "sizes": [1.0, 1.0, 1.0]}, {"translations": [1367.7973022460938, 1.4619636535644531, 187.0], "angles": [0.0, 0.0, 0.03202134677150806], "sizes": [1.0, 1.0, 1.0]}, {"translations": [1278.5350646972656, 1.4052867889404297, 337.0], "angles": [0.0, 0.0, -0.03851027879952841], "sizes": [1.0, 1.0, 1.0]}, {"translations": [1300.343391418457, -2.281332015991211, 487.0], "angles": [0.0, 0.0, -0.03909309264610723], "sizes": [1.0, 1.0, 1.0]}, {"translations": [1315.598030090332, -4.324848651885986, 637.0], "angles": [0.0, 0.0, -0.013807141261941493], "sizes": [1.0, 1.0, 1.0]}, {"translations": [1713.750633239746, 9.805569648742676, 37.0], "angles": [0.0, 0.0, -0.02265559518794926], "sizes": [1.0, 1.0, 1.0]}, {"translations": [1675.6761093139648, 3.6362338066101074, 187.0], "angles": [0.0, 0.0, -0.04298878948691817], "sizes": [0.9999999999999999, 0.9999999999999999, 1.0]}, {"translations": [1697.231704711914, 6.969821453094482, 337.0], "angles": [0.0, 0.0, 0.00151937963068316], "sizes": [1.0, 1.0, 1.0]}, {"translations": [1714.9520950317383, 8.078994750976562, 487.0], "angles": [0.0, 0.0, -0.0036473028582071744], "sizes": [1.0, 1.0, 1.0]}, {"translations": [1734.4088516235352, 9.549428939819336, 637.0], "angles": [0.0, 0.0, -0.04270940608499529], "sizes": [1.0, 1.0, 1.0]}, {"translations": [2079.5151443481445, 2.395656108856201, 37.0], "angles": [0.0, 0.0, -0.01185248292851016], "sizes": [0.9999999999999999, 0.9999999999999999, 1.0]}, {"translations": [2093.033576965332, 0.1521778106689453, 187.0], "angles": [0.0, 0.0, -0.01146367743296907], "sizes": [1.0, 1.0, 1.0]}, {"translations": [2094.2071533203125, 0.5452275276184082, 337.0], "angles": [0.0, 0.0, -0.011615469588087898], "sizes": [1.0, 1.0, 1.0]}, {"translations": [2138.9098052978516, 0.4858231544494629, 487.0], "angles": [0.0, 0.0, -0.025142353511667836], "sizes": [1.0, 1.0, 1.0]}, {"translations": [2166.2614097595215, -6.692960262298584, 637.0], "angles": [0.0, 0.0, -0.04065250956687662], "sizes": [1.0, 1.0, 1.0]}, {"translations": [2498.907196044922, -4.518120288848877, 37.0], "angles": [0.0, 0.0, -0.011612806606618387], "sizes": [0.9999999999999999, 0.9999999999999999, 1.0]}, {"translations": [2502.4140243530273, -5.466940402984619, 187.0], "angles": [0.0, 0.0, 0.03127335257693781], "sizes": [1.0, 1.0, 1.0]}, {"translations": [2532.563407897949, 9.540740966796875, 337.0], "angles": [0.0, 0.0, 0.021715701624136486], "sizes": [0.9999999999999999, 0.9999999999999999, 1.0]}, {"translations": [2560.399745941162, -8.810394287109375, 487.0], "angles": [0.0, 0.0, 0.04155990899695995], "sizes": [1.0, 1.0, 1.0]}, {"translations": [2504.8695068359375, 5.577380657196045, 637.0], "angles": [0.0, 0.0, -0.03347735802175026], "sizes": [1.0, 1.0, 1.0]}, {"translations": [2907.6520080566406, -5.5121564865112305, 37.0], "angles": [0.0, 0.0, -0.02862195145783352], "sizes": [0.9999999999999999, 0.9999999999999999, 1.0]}, {"translations": [2875.525344848633, 9.49099349975586, 187.0], "angles": [0.0, 0.0, -0.02181954445715145], "sizes": [1.0, 1.0, 1.0]}, {"translations": [2882.421142578125, 7.635831832885742, 337.0], "angles": [0.0, 0.0, 0.023305255677611856], "sizes": [1.0, 1.0, 1.0]}, {"translations": [2919.150360107422, -5.7010817527771, 487.0], "angles": [0.0, 0.0, -0.043185688702059855], "sizes": [1.0, 1.0, 1.0]}, {"translations": [2953.922176361084, 1.8576598167419434, 637.0], "angles": [0.0, 0.0, -0.017812153966272014], "sizes": [1.0, 1.0, 1.0]}, {"translations": [3281.321846008301, 1.9383478164672852, 37.0], "angles": [0.0, 0.0, 0.02545118757565236], "sizes": [1.0, 1.0, 1.0]}, {"translations": [3335.089340209961, 3.0927324295043945, 187.0], "angles": [0.0, 0.0, 0.004534156659883936], "sizes": [1.0, 1.0, 1.0]}, {"translations": [3325.660598754883, 5.971324443817139, 337.0], "angles": [0.0, 0.0, 0.040923934255707416], "sizes": [1.0, 1.0, 1.0]}, {"translations": [3369.652936935425, -9.388505935668945, 487.0], "angles": [0.0, 0.0, 0.02627918059275448], "sizes": [0.9999999999999999, 0.9999999999999999, 1.0]}, {"translations": [3337.361083984375, 6.581850051879883, 637.0], "angles": [0.0, 0.0, -0.041634412965698885], "sizes": [1.0, 1.0, 1.0]}, {"translations": [288.7731170654297, -1.7162489891052246, 37.0], "angles": [0.0, 0.0, 0.02611677728482321], "sizes": [1.0, 1.0, 1.0]}, {"translations": [275.2722930908203, -0.000858306884765625, 187.0], "angles": [0.0, 0.0, 0.03140378337461918], "sizes": [1.0, 1.0, 1.0]}, {"translations": [320.7218246459961, 0.4796934127807617, 337.0], "angles": [0.0, 0.0, 0.03181372188328621], "sizes": [1.0, 1.0, 1.0]}, {"translations": [273.7996139526367, -9.138336181640625, 487.0], "angles": [0.0, 0.0, 0.01919946686116413], "sizes": [0.9999999999999999, 0.9999999999999999, 1.0]}, {"translations": [289.77735900878906, -5.421197414398193, 637.0], "angles": [0.0, 0.0, 0.022479867161502687], "sizes": [1.0, 1.0, 1.0]}, {"translations": [677.8896102905273, 6.109950542449951, 37.0], "angles": [0.0, 0.0, 0.017127803148850727], "sizes": [1.0, 1.0, 1.0]}, {"translations": [682.6785354614258, -2.9225897789001465, 187.0], "angles": [0.0, 0.0, 0.012012263298238015], "sizes": [1.0, 1.0, 1.0]}, {"translations": [703.4415435791016, 8.623649597167969, 337.0], "angles": [0.0, 0.0, -0.016866845865907077], "sizes": [1.0, 1.0, 1.0]}, {"translations": [684.1909332275391, 8.459146499633789, 487.0], "angles": [0.0, 0.0, -0.04148273977097284], "sizes": [1.0, 1.0, 1.0]}, {"translations": [707.5417022705078, 7.324190139770508, 637.0], "angles": [0.0, 0.0, 0.007178707521582375], "sizes": [0.9999999999999999, 0.9999999999999999, 1.0]}, {"translations": [1092.4947204589844, 2.581357955932617, 37.0], "angles": [0.0, 0.0, 0.010196047651815017], "sizes": [1.0, 1.0, 1.0]}, {"translations": [1118.1141815185547, 0.3313159942626953, 187.0], "angles": [0.0, 0.0, -0.011721993980243092], "sizes": [1.0, 1.0, 1.0]}, {"translations": [1104.6691436767578, -4.22123908996582, 337.0], "angles": [0.0, 0.0, -0.03200005032166016], "sizes": [1.0, 1.0, 1.0]}, {"translations": [1119.9913635253906, 3.2526063919067383, 487.0], "angles": [0.0, 0.0, 0.006355783604340104], "sizes": [0.9999999999999999, 0.9999999999999999, 1.0]}, {"translations": [1077.6289291381836, 2.102322578430176, 637.0], "angles": [0.0, 0.0, -0.028526114726172457], "sizes": [1.0, 1.0, 1.0]}, {"translations": [1493.0019912719727, 3.831033706665039, 37.0], "angles": [0.0, 0.0, 0.015482141762640863], "sizes": [1.0, 1.0, 1.0]}, {"translations": [1520.6486511230469, 1.4619636535644531, 187.0], "angles": [0.0, 0.0, 0.005516876660073764], "sizes": [1.0, 1.0, 1.0]}, {"translations": [1476.0175323486328, 1.4052867889404297, 337.0], "angles": [0.0, 0.0, -0.020280532810754235], "sizes": [1.0, 1.0, 1.0]}, {"translations": [1486.9216995239258, -2.281332015991211, 487.0], "angles": [0.0, 0.0, 0.034451541682432224], "sizes": [0.9999999999999999, 0.9999999999999999, 1.0]}, {"translations": [1494.5490188598633, -4.324848651885986, 637.0], "angles": [0.0, 0.0, 0.027479867553488996], "sizes": [0.9999999999999999, 0.9999999999999999, 1.0]}, {"translations": [1893.6253204345703, 9.805569648742676, 37.0], "angles": [0.0, 0.0, -0.03662603801914373], "sizes": [0.9999999999999999, 0.9999999999999999, 1.0]}, {"translations": [1874.5880508422852, 3.6362338066101074, 187.0], "angles": [0.0, 0.0, -0.007474320870219511], "sizes": [1.0, 1.0, 1.0]}, {"translations": [1885.365852355957, 6.969821453094482, 337.0], "angles": [0.0, 0.0, 0.03509832127353554], "sizes": [1.0, 1.0, 1.0]}, {"translations": [1894.2260513305664, 8.078994750976562, 487.0], "angles": [0.0, 0.0, 0.028486181464018292], "sizes": [1.0, 1.0, 1.0]}, {"translations": [1903.9544296264648, 9.549428939819336, 637.0], "angles": [0.0, 0.0, 0.027346755382311266], "sizes": [1.0, 1.0, 1.0]}, {"translations": [2276.5075759887695, 2.395656108856201, 37.0], "angles": [0.0, 0.0, -0.017106503061841027], "sizes": [1.0, 1.0, 1.0]}, {"translations": [2283.2667846679688, 0.1521778106689453, 187.0], "angles": [0.0, 0.0, 0.025147680229676644], "sizes": [1.0, 1.0, 1.0]}, {"translations": [2283.8535766601562, 0.5452275276184082, 337.0], "angles": [0.0, 0.0, -0.04035447197494574], "sizes": [1.0, 1.0, 1.0]}, {"translations": [2306.204902648926, 0.4858231544494629, 487.0], "angles": [0.0, 0.0, 0.04140025270011836], "sizes": [1.0, 1.0, 1.0]}, {"translations": [2319.8807067871094, -6.692960262298584, 637.0], "angles": [0.0, 0.0, -0.022937825220278586], "sizes": [1.0, 1.0, 1.0]}, {"translations": [2686.203598022461, -4.518120288848877, 37.0], "angles": [0.0, 0.0, -0.013745891249208301], "sizes": [1.0, 1.0, 1.0]}, {"translations": [2687.9570083618164, -5.466940402984619, 187.0], "angles": [0.0, 0.0, 0.00023303179475935127], "sizes": [0.9999999999999999, 0.9999999999999999, 1.0]}, {"translations": [2703.031707763672, 9.540740966796875, 337.0], "angles": [0.0, 0.0, 0.011016281113766829], "sizes": [0.9999999999999999, 0.9999999999999999, 1.0]}, {"translations": [2716.9498748779297, -8.810394287109375, 487.0], "angles": [0.0, 0.0, 0.030091428401519855], "sizes": [1.0, 1.0, 1.0]}, {"translations": [2689.1847534179688, 5.577380657196045, 637.0], "angles": [0.0, 0.0, 0.018816026388612263], "sizes": [1.0, 1.0, 1.0]}, {"translations": [3090.5760040283203, -5.5121564865112305, 37.0], "angles": [0.0, 0.0, -0.03138515251578085], "sizes": [1.0, 1.0, 1.0]}, {"translations": [3074.5126724243164, 9.49099349975586, 187.0], "angles": [0.0, 0.0, -0.0082679416755047], "sizes": [1.0, 1.0, 1.0]}, {"translations": [3077.9605712890625, 7.635831832885742, 337.0], "angles": [0.0, 0.0, 0.00380176773062935], "sizes": [1.0, 1.0, 1.0]}, {"translations": [3096.325180053711, -5.7010817527771, 487.0], "angles": [0.0, 0.0, -0.028084192561092867], "sizes": [0.9999999999999999, 0.9999999999999999, 1.0]}, {"translations": [3113.7110900878906, 1.8576598167419434, 637.0], "angles": [0.0, 0.0, -0.0367724173661811], "sizes": [0.9999999999999999, 0.9999999999999999, 1.0]}, {"translations": [3477.410919189453, 1.9383478164672852, 37.0], "angles": [0.0, 0.0, 0.009338524706381902], "sizes": [0.9999999999999999, 0.9999999999999999, 1.0]}, {"translations": [3504.2946701049805, 3.0927324295043945, 187.0], "angles": [0.0, 0.0, 0.035465617002568235], "sizes": [1.0, 1.0, 1.0]}, {"translations": [3499.5802993774414, 5.971324443817139, 337.0], "angles": [0.0, 0.0, -0.032101202610194945], "sizes": [1.0, 1.0, 1.0]}, {"translations": [3521.5764694213867, -9.388505935668945, 487.0], "angles": [0.0, 0.0, -0.022101779772604357], "sizes": [0.9999999999999999, 0.9999999999999999, 1.0]}, {"translations": [3505.4305419921875, 6.581850051879883, 637.0], "angles": [0.0, 0.0, 0.003298417857388069], "sizes": [1.0, 1.0, 1.0]}], "SM_CardBoxA_01": [{"translations": [3108.187808498163, -22.135196545468204, 358.0], "angles": [0.0, 0.0, -0.8045571234310981], "sizes": [1.0000000000000002, 1.0000000000000002, 1.0]}, {"translations": [3077.732466873689, 37.63496462661308, 358.0], "angles": [0.0, 0.0, 0.9725127562231459], "sizes": [1.0000000000000007, 1.0000000000000007, 1.0]}, {"translations": [2660.334757704149, -25.530138487097524, 658.0], "angles": [0.0, 0.0, 0.645092124302273], "sizes": [1.0000000000000002, 1.0000000000000002, 1.0]}, {"translations": [2687.004204521724, -10.615062377779461, 508.0], "angles": [0.0, 0.0, 0.14156903469844476], "sizes": [1.0, 1.0, 1.0]}, {"translations": [1456.9929140473835, -4.347197427656646, 508.0], "angles": [0.0, 0.0, -0.26285830473883676], "sizes": [1.0, 1.0, 1.0]}, {"translations": [1147.4026658926955, -30.363711014451827, 208.0], "angles": [0.0, 0.0, -0.7270266171629464], "sizes": [1.0000000000000002, 1.0000000000000002, 1.0]}, {"translations": [2166.2614097595215, -6.692960262298584, 658.0], "angles": [0.0, 0.0, 0.8372259952721485], "sizes": [1.0000000000000002, 1.0000000000000002, 1.0]}, {"translations": [2122.3379165621063, -30.527712684522314, 208.0], "angles": [0.0, 0.0, 0.995844716170488], "sizes": [1.0, 1.0, 1.0]}, {"translations": [1678.2530522360896, 33.52535164531707, 208.0], "angles": [0.0, 0.0, 0.6977621459320679], "sizes": [1.0000000000000004, 1.0000000000000004, 1.0]}, {"translations": [1313.824656854261, -26.139882518336695, 58.0], "angles": [0.0, 0.0, 0.9976966498742125], "sizes": [1.0000000000000009, 1.0000000000000009, 1.0]}], "SM_CardBoxC_01": [{"translations": [3060.6351056962267, -3.629975021500362, 58.0], "angles": [0.0, 0.0, 0.9586907415347281], "sizes": [1.0000000000000009, 1.0000000000000009, 1.0]}, {"translations": [2655.390259441153, -33.68210776439246, 58.0], "angles": [0.0, 0.0, -0.14025707478990035], "sizes": [1.0, 1.0, 1.0]}, {"translations": [2288.5363680089326, -35.2854842250214, 658.0], "angles": [0.0, 0.0, 0.6400565156644168], "sizes": [1.0000000000000007, 1.0000000000000007, 1.0]}, {"translations": [2311.336571638091, -31.77635948544178, 358.0], "angles": [0.0, 0.0, 0.9616898760494608], "sizes": [1.0000000000000007, 1.0000000000000007, 1.0]}, {"translations": [1903.9544296264648, 9.549428939819336, 658.0], "angles": [0.0, 0.0, 0.9303998393526826], "sizes": [1.0000000000000004, 1.0000000000000004, 1.0]}, {"translations": [1062.5009580222475, 1.9696268968963473, 58.0], "angles": [0.0, 0.0, -0.5320703071583148], "sizes": [1.0, 1.0, 1.0]}, {"translations": [3364.7611797880763, -25.810043223259207, 658.0], "angles": [0.0, 0.0, -0.5789840284437486], "sizes": [1.0, 1.0, 1.0]}, {"translations": [3298.2144639089597, -26.381568502864084, 358.0], "angles": [0.0, 0.0, 0.9528945136258213], "sizes": [1.000000000000001, 1.000000000000001, 1.0]}, {"translations": [2875.9845475065176, -33.74639000375759, 58.0], "angles": [0.0, 0.0, -0.8186668048824008], "sizes": [1.0000000000000004, 1.0000000000000004, 1.0]}, {"translations": [2138.9098052978516, 0.4858231544494629, 508.0], "angles": [0.0, 0.0, -0.5634442231710725], "sizes": [1.0000000000000002, 1.0000000000000002, 1.0]}, {"translations": [2108.7956164446787, -28.307014032421094, 58.0], "angles": [0.0, 0.0, 0.993528274725205], "sizes": [1.0000000000000002, 1.0000000000000002, 1.0]}, {"translations": [1399.6560757921811, -26.5562188024608, 208.0], "angles": [-0.0, -0.0, 0.012248815739408777], "sizes": [1.0, 1.0, 1.0]}, {"translations": [912.547411741092, -27.086766609680744, 658.0], "angles": [0.0, 0.0, 0.9515120183139048], "sizes": [1.0000000000000007, 1.0000000000000007, 1.0]}, {"translations": [461.2276427622697, 26.434489955905796, 208.0], "angles": [0.0, 0.0, 0.7462543103596895], "sizes": [1.0000000000000007, 1.0000000000000007, 1.0]}], "SM_CardBoxC_02": [{"translations": [2718.0347491317884, 36.684899801489614, 658.0], "angles": [0.0, 0.0, -0.3900622327318241], "sizes": [1.0, 1.0, 1.0]}, {"translations": [2672.3780525126012, 38.872522701777015, 358.0], "angles": [0.0, 0.0, 0.6683496290293376], "sizes": [1.0000000000000004, 1.0000000000000004, 1.0]}, {"translations": [2657.9570116200453, -5.480922310290545, 208.0], "angles": [0.0, 0.0, 0.8011978827417335], "sizes": [1.0, 1.0, 1.0]}, {"translations": [2246.52513393559, 3.4218961040428297, 58.0], "angles": [0.0, 0.0, -0.2977479037113994], "sizes": [1.0000000000000002, 1.0000000000000002, 1.0]}, {"translations": [1904.1362521885926, -26.808860990385842, 208.0], "angles": [0.0, 0.0, -0.02855156043246671], "sizes": [0.9999999999999999, 0.9999999999999999, 1.0]}, {"translations": [1875.0364975676293, 33.63288187826185, 208.0], "angles": [0.0, 0.0, 0.9997077231013703], "sizes": [1.000000000000001, 1.000000000000001, 1.0]}, {"translations": [648.9347294276308, -24.899965197768843, 58.0], "angles": [0.0, 0.0, -0.4903464954638662], "sizes": [1.0, 1.0, 1.0]}, {"translations": [3369.752977259514, 33.98194585558099, 658.0], "angles": [0.0, 0.0, -0.7032715667545962], "sizes": [1.0000000000000004, 1.0000000000000004, 1.0]}, {"translations": [2528.0119393949003, 18.594532042328446, 508.0], "angles": [0.0, 0.0, -0.6061801965666413], "sizes": [1.0000000000000002, 1.0000000000000002, 1.0]}, {"translations": [2531.2607730520363, 39.512446664975165, 358.0], "angles": [0.0, 0.0, -0.19318412105741625], "sizes": [1.0, 1.0, 1.0]}, {"translations": [2094.904034479539, 30.537132379593302, 358.0], "angles": [0.0, 0.0, 0.9926860467727612], "sizes": [0.9999999999999998, 0.9999999999999998, 1.0]}, {"translations": [1683.7814297993452, 11.164556458049404, 58.0], "angles": [0.0, 0.0, 0.6938307823167913], "sizes": [1.0000000000000004, 1.0000000000000004, 1.0]}, {"translations": [512.4130753193897, -23.755602498051395, 58.0], "angles": [0.0, 0.0, 0.21037617210531734], "sizes": [1.0, 1.0, 1.0]}, {"translations": [71.60637441706132, 25.62704089615002, 58.0], "angles": [0.0, 0.0, 0.895431357908279], "sizes": [1.0000000000000004, 1.0000000000000004, 1.0]}, {"translations": [3501.5053788818977, 35.909495211275896, 358.0], "angles": [0.0, 0.0, -0.3808609009386024], "sizes": [1.0, 1.0, 1.0]}], "SM_CardBoxB_02": [{"translations": [2746.895545234135, -7.005726196439289, 508.0], "angles": [0.0, 0.0, -0.17956039433565482], "sizes": [1.0, 1.0, 1.0]}, {"translations": [1090.3751265982426, -27.12630916271815, 508.0], "angles": [0.0, 0.0, 0.976397939802606], "sizes": [1.0000000000000007, 1.0000000000000007, 1.0]}, {"translations": [1132.6886837606496, -36.0788186196033, 358.0], "angles": [0.0, 0.0, -0.7820977158709894], "sizes": [1.0000000000000007, 1.0000000000000007, 1.0]}, {"translations": [1088.122425827127, 1.034587311549589, 208.0], "angles": [0.0, 0.0, -0.6338101653373924], "sizes": [1.0000000000000002, 1.0000000000000002, 1.0]}, {"translations": [243.44816728422563, 28.056672173291737, 208.0], "angles": [0.0, 0.0, -0.194119978839552], "sizes": [1.0, 1.0, 1.0]}, {"translations": [3368.0767306422745, 20.570058344373457, 508.0], "angles": [0.0, 0.0, 0.9678071145467811], "sizes": [1.0000000000000007, 1.0000000000000007, 1.0]}, {"translations": [3323.2072197045036, 35.87083834011921, 358.0], "angles": [0.0, 0.0, -0.7997846998000436], "sizes": [1.0000000000000002, 1.0000000000000002, 1.0]}, {"translations": [3311.28298023136, 3.4649244007965967, 58.0], "angles": [0.0, 0.0, 0.9761545725726251], "sizes": [1.0000000000000013, 1.0000000000000013, 1.0]}, {"translations": [2916.5616361570137, -35.58918153025682, 508.0], "angles": [0.0, 0.0, -0.4943600894585916], "sizes": [1.0, 1.0, 1.0]}, {"translations": [1764.299406021447, 6.989202819832565, 658.0], "angles": [0.0, 0.0, 0.9561008249852172], "sizes": [1.0000000000000004, 1.0000000000000004, 1.0]}, {"translations": [1286.4378178266527, 26.49206262645539, 658.0], "angles": [0.0, 0.0, -0.29327659766277187], "sizes": [1.0, 1.0, 1.0]}, {"translations": [934.7454469012682, 25.758849576035413, 358.0], "angles": [0.0, 0.0, 0.9158789172596027], "sizes": [1.0000000000000002, 1.0000000000000002, 1.0]}, {"translations": [993.9927681736566, -28.34858104880242, 208.0], "angles": [0.0, 0.0, 0.8988299470240885], "sizes": [1.0000000000000004, 1.0000000000000004, 1.0]}, {"translations": [462.4999911880456, -33.55201793948203, 208.0], "angles": [0.0, 0.0, 0.9503300126614787], "sizes": [1.000000000000001, 1.000000000000001, 1.0]}, {"translations": [521.8503248705455, -2.2864155660121783, 208.0], "angles": [0.0, 0.0, -0.10028154185530246], "sizes": [1.0, 1.0, 1.0]}, {"translations": [3490.2799958888113, -38.033413762799576, 508.0], "angles": [0.0, 0.0, 0.9495491440252258], "sizes": [1.000000000000001, 1.000000000000001, 1.0]}, {"translations": [3507.4056867068316, 2.4986348664833944, 58.0], "angles": [0.0, 0.0, -0.16507752995692263], "sizes": [0.9999999999999999, 0.9999999999999999, 1.0]}], "SM_CardBoxD_04": [{"translations": [2673.6999260286916, -21.11291428427368, 358.0], "angles": [0.0, 0.0, 0.5298931828493189], "sizes": [1.0000000000000002, 1.0000000000000002, 1.0]}, {"translations": [2717.970987010893, -35.45295523744965, 208.0], "angles": [0.0, 0.0, 0.4011884717960291], "sizes": [1.0, 1.0, 1.0]}, {"translations": [2306.204902648926, 0.4858231544494629, 508.0], "angles": [0.0, 0.0, -0.6117350058614032], "sizes": [1.0000000000000002, 1.0000000000000002, 1.0]}, {"translations": [2281.758401035824, 30.1142334614129, 208.0], "angles": [0.0, 0.0, 0.4873954436272894], "sizes": [1.0, 1.0, 1.0]}, {"translations": [1862.5662617995968, 36.32182971587873, 508.0], "angles": [0.0, 0.0, 0.5288816889996231], "sizes": [1.0000000000000002, 1.0000000000000002, 1.0]}, {"translations": [1887.4704541122446, -22.9562650175323, 358.0], "angles": [0.0, 0.0, 0.8587521530732569], "sizes": [1.0000000000000002, 1.0000000000000002, 1.0]}, {"translations": [1844.142956045289, -25.911967539697425, 208.0], "angles": [0.0, 0.0, 0.9610732835989196], "sizes": [1.0000000000000009, 1.0000000000000009, 1.0]}, {"translations": [1109.2909751421935, 30.34262786785569, 658.0], "angles": [0.0, 0.0, 0.9656991173070071], "sizes": [1.0000000000000009, 1.0000000000000009, 1.0]}, {"translations": [1149.6076004525387, 33.63152194653163, 508.0], "angles": [0.0, 0.0, 0.9868468501307482], "sizes": [1.0000000000000004, 1.0000000000000004, 1.0]}, {"translations": [674.470479796467, 39.61844695579764, 358.0], "angles": [0.0, 0.0, 0.9918763533207393], "sizes": [0.9999999999999994, 0.9999999999999994, 1.0]}, {"translations": [652.6871931295985, -3.6432735758236765, 208.0], "angles": [0.0, 0.0, 0.9931331055430244], "sizes": [0.9999999999999999, 0.9999999999999999, 1.0]}, {"translations": [257.24757009953385, 26.676353718309525, 58.0], "angles": [0.0, 0.0, 0.5681099259849391], "sizes": [1.0000000000000002, 1.0000000000000002, 1.0]}, {"translations": [2879.4177745393945, 26.155304063611858, 58.0], "angles": [0.0, 0.0, 0.9648243857285993], "sizes": [1.000000000000001, 1.000000000000001, 1.0]}, {"translations": [1742.3608498708402, -21.52262060096484, 58.0], "angles": [0.0, 0.0, 0.12296907543287239], "sizes": [1.0, 1.0, 1.0]}, {"translations": [850.9682895528533, 31.291411766541096, 658.0], "angles": [0.0, 0.0, -0.039814511383822665], "sizes": [0.9999999999999999, 0.9999999999999999, 1.0]}, {"translations": [452.14538110150875, 35.9755035829513, 58.0], "angles": [0.0, 0.0, 0.9986715273066442], "sizes": [1.0000000000000002, 1.0000000000000002, 1.0]}], "SM_CardBoxD_05": [{"translations": [2732.363489498652, 40.19439621786743, 358.0], "angles": [0.0, 0.0, 0.695612890554488], "sizes": [1.0000000000000002, 1.0000000000000002, 1.0]}, {"translations": [2284.7751683001134, -29.80987784007501, 208.0], "angles": [0.0, 0.0, -0.7721066558151934], "sizes": [1.0000000000000002, 1.0000000000000002, 1.0]}, {"translations": [1863.705808434229, 12.001657456968491, 58.0], "angles": [0.0, 0.0, 0.9659629823510026], "sizes": [1.0000000000000013, 1.0000000000000013, 1.0]}, {"translations": [1550.9778325295902, -28.20520262852234, 208.0], "angles": [0.0, 0.0, -0.3426943367937444], "sizes": [1.0, 1.0, 1.0]}, {"translations": [677.5447943010087, 6.893478787009861, 658.0], "angles": [0.0, 0.0, 0.9461269063684256], "sizes": [1.0000000000000002, 1.0000000000000002, 1.0]}, {"translations": [676.8620928518662, 36.0923488440076, 58.0], "angles": [0.0, 0.0, 0.10777914934664896], "sizes": [1.0, 1.0, 1.0]}, {"translations": [3364.8160600922597, 33.36354551801186, 208.0], "angles": [0.0, 0.0, 0.9959768660351734], "sizes": [0.9999999999999999, 0.9999999999999999, 1.0]}, {"translations": [2876.834205835303, 39.4624279485368, 208.0], "angles": [0.0, 0.0, 0.2256455719596909], "sizes": [1.0, 1.0, 1.0]}, {"translations": [2536.809778415792, 33.50262105732745, 658.0], "angles": [0.0, 0.0, 0.9535147536621769], "sizes": [1.0000000000000013, 1.0000000000000013, 1.0]}, {"translations": [1314.769680583001, -34.313410422896354, 658.0], "angles": [0.0, 0.0, 0.7053728648239456], "sizes": [1.0000000000000002, 1.0000000000000002, 1.0]}, {"translations": [1270.4350876120152, 0.062460513560108843, 508.0], "angles": [0.0, 0.0, 0.2250094433444514], "sizes": [1.0, 1.0, 1.0]}, {"translations": [561.0313466417151, -23.556688645480953, 358.0], "angles": [0.0, 0.0, 0.9166159027236608], "sizes": [1.0, 1.0, 1.0]}, {"translations": [104.5801846969662, 20.37286970803726, 508.0], "angles": [0.0, 0.0, -0.7684368794954959], "sizes": [1.0000000000000002, 1.0000000000000002, 1.0]}, {"translations": [197.44674403623145, -30.009121760883886, 358.0], "angles": [0.0, 0.0, -0.20455396009876856], "sizes": [1.0, 1.0, 1.0]}], "SM_CardBoxA_02": [{"translations": [2716.192261050887, -5.34279584173119, 58.0], "angles": [0.0, 0.0, -0.8128884215508986], "sizes": [1.0000000000000004, 1.0000000000000004, 1.0]}, {"translations": [1072.8115641471204, -32.24077917385769, 358.0], "angles": [0.0, 0.0, 0.9936020235015227], "sizes": [1.0000000000000002, 1.0000000000000002, 1.0]}, {"translations": [2881.0232070260054, 37.60324373635381, 358.0], "angles": [0.0, 0.0, 0.8507494763687034], "sizes": [1.0000000000000004, 1.0000000000000004, 1.0]}, {"translations": [2503.894337045684, -21.73359957729454, 358.0], "angles": [0.0, 0.0, 0.4464561464034123], "sizes": [1.0, 1.0, 1.0]}, {"translations": [2534.2308263469454, -33.532775699298355, 208.0], "angles": [0.0, 0.0, 0.5241528119875724], "sizes": [1.0000000000000002, 1.0000000000000002, 1.0]}, {"translations": [2063.7292373685577, 30.832068305860204, 208.0], "angles": [0.0, 0.0, 0.7544357611121586], "sizes": [1.0000000000000004, 1.0000000000000004, 1.0]}, {"translations": [910.9469398350835, 32.8918836725495, 658.0], "angles": [0.0, 0.0, 0.028309354412193104], "sizes": [0.9999999999999999, 0.9999999999999999, 1.0]}, {"translations": [966.4827346801758, 3.2526063919067383, 508.0], "angles": [0.0, 0.0, 0.3038048376981712], "sizes": [1.0, 1.0, 1.0]}, {"translations": [931.4639426417731, 29.01121303732781, 208.0], "angles": [0.0, 0.0, 0.8614023288181587], "sizes": [1.0, 1.0, 1.0]}, {"translations": [503.4687997392145, 10.889692791433728, 358.0], "angles": [0.0, 0.0, 0.6960078069893181], "sizes": [1.0000000000000002, 1.0000000000000002, 1.0]}, {"translations": [137.94770577713203, 0.9725574421907266, 358.0], "angles": [0.0, 0.0, -0.8158546739376525], "sizes": [1.0000000000000004, 1.0000000000000004, 1.0]}, {"translations": [3550.2213772485175, -40.68497946824431, 508.0], "angles": [0.0, 0.0, 0.10694474251329214], "sizes": [1.0, 1.0, 1.0]}, {"translations": [3497.655219872985, -23.966846323641615, 358.0], "angles": [0.0, 0.0, 0.999961664242362], "sizes": [1.000000000000001, 1.000000000000001, 1.0]}], "SM_CardBoxB_01": [{"translations": [2657.039610546917, 26.29521829245933, 58.0], "angles": [0.0, 0.0, 0.1611745306705365], "sizes": [1.0, 1.0, 1.0]}, {"translations": [2307.5162580371357, 31.351858166849286, 58.0], "angles": [0.0, 0.0, -0.14778859293049995], "sizes": [0.9999999999999999, 0.9999999999999999, 1.0]}, {"translations": [272.64785827948896, 20.8395466466942, 508.0], "angles": [0.0, 0.0, -0.04492566319918416], "sizes": [1.0, 1.0, 1.0]}, {"translations": [3305.362620327662, -27.178080659003072, 208.0], "angles": [0.0, 0.0, 0.6952967063872465], "sizes": [1.0000000000000002, 1.0000000000000002, 1.0]}, {"translations": [3249.834135200912, 30.37290545519731, 58.0], "angles": [0.0, 0.0, 0.6808697082480442], "sizes": [1.0000000000000007, 1.0000000000000007, 1.0]}, {"translations": [2953.922176361084, 1.8576598167419434, 658.0], "angles": [0.0, 0.0, 0.9021241487652163], "sizes": [1.0000000000000002, 1.0000000000000002, 1.0]}, {"translations": [2844.2450494131817, -19.17157996235502, 208.0], "angles": [0.0, 0.0, 0.15540383275095612], "sizes": [0.9999999999999999, 0.9999999999999999, 1.0]}, {"translations": [2093.510272161086, -29.446677324356486, 358.0], "angles": [0.0, 0.0, -0.1816162844098035], "sizes": [1.0, 1.0, 1.0]}, {"translations": [1715.1709317476436, 38.07819658188819, 508.0], "angles": [0.0, 0.0, 0.8423690848267376], "sizes": [0.9999999999999999, 0.9999999999999999, 1.0]}, {"translations": [1276.226161975349, -28.505730716666527, 358.0], "angles": [0.0, 0.0, 0.6803241931714669], "sizes": [1.0000000000000004, 1.0000000000000004, 1.0]}, {"translations": [511.59729586032734, 6.411345032453718, 658.0], "angles": [0.0, 0.0, 0.9857131344914959], "sizes": [1.0, 1.0, 1.0]}, {"translations": [44.588022015595556, 21.34262061005214, 508.0], "angles": [0.0, 0.0, 0.9947746470689027], "sizes": [0.9999999999999997, 0.9999999999999997, 1.0]}, {"translations": [3522.9022522741093, 20.58218474418405, 508.0], "angles": [0.0, 0.0, -0.6962439519844089], "sizes": [1.0000000000000004, 1.0000000000000004, 1.0]}, {"translations": [3113.7110900878906, 1.8576598167419434, 658.0], "angles": [0.0, 0.0, -0.41050302998466853], "sizes": [1.0000000000000002, 1.0000000000000002, 1.0]}], "SM_CardBoxD_02": [{"translations": [1494.5490188598633, -4.324848651885986, 658.0], "angles": [0.0, 0.0, -0.25833536228120096], "sizes": [1.0, 1.0, 1.0]}, {"translations": [1493.9308084405038, -26.15458449052145, 58.0], "angles": [0.0, 0.0, 0.38077606137602343], "sizes": [1.0000000000000002, 1.0000000000000002, 1.0]}, {"translations": [684.1909332275391, 8.459146499633789, 508.0], "angles": [0.0, 0.0, -0.4046668303235679], "sizes": [1.0, 1.0, 1.0]}, {"translations": [1280.8439674191823, 31.316304294547386, 358.0], "angles": [0.0, 0.0, -0.023565803538800174], "sizes": [1.0, 1.0, 1.0]}, {"translations": [941.4476939673415, 4.1634686441425535, 58.0], "angles": [0.0, 0.0, 0.6322703925052409], "sizes": [1.0000000000000002, 1.0000000000000002, 1.0]}, {"translations": [879.9490771803861, 30.957500317095434, 58.0], "angles": [0.0, 0.0, 0.4900565114901072], "sizes": [0.9999999999999998, 0.9999999999999998, 1.0]}, {"translations": [3094.640793149635, -35.653758440468586, 508.0], "angles": [0.0, 0.0, -0.6177194004769103], "sizes": [1.0000000000000002, 1.0000000000000002, 1.0]}], "SM_CardBoxD_01": [{"translations": [1504.7762726465598, -29.786616911802064, 358.0], "angles": [0.0, 0.0, 0.9126199250519229], "sizes": [1.0000000000000002, 1.0000000000000002, 1.0]}, {"translations": [1045.9668831341737, -26.137982710995338, 658.0], "angles": [0.0, 0.0, -0.4022535671878495], "sizes": [1.0, 1.0, 1.0]}, {"translations": [1106.5881633996307, 25.717320716798852, 358.0], "angles": [0.0, 0.0, 0.9996293933914857], "sizes": [1.0000000000000004, 1.0000000000000004, 1.0]}, {"translations": [711.9491939963294, 27.78943634985061, 208.0], "angles": [0.0, 0.0, -0.7905319878420779], "sizes": [1.0, 1.0, 1.0]}, {"translations": [321.09548952748867, -34.04242556438672, 658.0], "angles": [0.0, 0.0, 0.9939437852465078], "sizes": [0.9999999999999999, 0.9999999999999999, 1.0]}, {"translations": [348.75324077588647, 32.32682373488235, 358.0], "angles": [0.0, 0.0, 0.9919271034350112], "sizes": [0.9999999999999998, 0.9999999999999998, 1.0]}, {"translations": [3304.969190709236, -20.818245751821227, 658.0], "angles": [0.0, 0.0, -0.18994067335889006], "sizes": [1.0, 1.0, 1.0]}, {"translations": [2498.907196044922, -4.518120288848877, 58.0], "angles": [0.0, 0.0, 0.8148842165996366], "sizes": [1.0000000000000002, 1.0000000000000002, 1.0]}, {"translations": [2080.226243370516, 32.38722722776197, 58.0], "angles": [0.0, 0.0, 0.17231336259880448], "sizes": [1.0, 1.0, 1.0]}, {"translations": [1697.231704711914, 6.969821453094482, 358.0], "angles": [0.0, 0.0, 0.9246573968430009], "sizes": [0.9999999999999999, 0.9999999999999999, 1.0]}, {"translations": [76.05847565427587, -5.896006936239191, 658.0], "angles": [0.0, 0.0, 0.9238561007349823], "sizes": [0.9999999999999999, 0.9999999999999999, 1.0]}, {"translations": [77.0445785522461, -0.000858306884765625, 208.0], "angles": [0.0, 0.0, 0.43515564091756787], "sizes": [0.9999999999999999, 0.9999999999999999, 1.0]}, {"translations": [3104.012511348115, -21.00096451329976, 208.0], "angles": [0.0, 0.0, 0.915904204948582], "sizes": [1.0000000000000002, 1.0000000000000002, 1.0]}, {"translations": [3127.9622436454783, 22.567208030838334, 508.0], "angles": [0.0, 0.0, 0.699104550175675], "sizes": [1.0000000000000002, 1.0000000000000002, 1.0]}], "SM_CardBoxD_03": [{"translations": [1447.2587920507058, 32.59719048968292, 358.0], "angles": [0.0, 0.0, -0.007912248102932872], "sizes": [1.0, 1.0, 1.0]}, {"translations": [1490.3194697165036, 31.129129935651246, 208.0], "angles": [0.0, 0.0, 0.6790313528788768], "sizes": [1.0000000000000002, 1.0000000000000002, 1.0]}, {"translations": [1123.1002139547575, -26.80067342176803, 58.0], "angles": [0.0, 0.0, 0.2359202045056965], "sizes": [1.0, 1.0, 1.0]}, {"translations": [259.807679674445, -6.769648598753744, 658.0], "angles": [0.0, 0.0, -0.3759641303911421], "sizes": [1.0, 1.0, 1.0]}, {"translations": [274.9513696257845, -39.11621900997545, 508.0], "angles": [0.0, 0.0, -0.613019206547885], "sizes": [1.0000000000000002, 1.0000000000000002, 1.0]}, {"translations": [290.7825514200001, -1.4281636833248568, 358.0], "angles": [0.0, 0.0, 0.9967764486297206], "sizes": [0.9999999999999998, 0.9999999999999998, 1.0]}, {"translations": [277.1555907540294, -29.941686450270364, 208.0], "angles": [0.0, 0.0, -0.8120033460242263], "sizes": [1.0000000000000004, 1.0000000000000004, 1.0]}, {"translations": [3371.229143228575, -39.34707021571135, 508.0], "angles": [0.0, 0.0, 0.7740690249062071], "sizes": [1.0000000000000004, 1.0000000000000004, 1.0]}, {"translations": [2590.296112379012, -6.318954178697332, 508.0], "angles": [0.0, 0.0, -0.8296957144582634], "sizes": [1.0, 1.0, 1.0]}, {"translations": [1335.9385287000064, 29.480146109589707, 208.0], "angles": [0.0, 0.0, 0.508613569882936], "sizes": [1.0, 1.0, 1.0]}, {"translations": [883.113298556806, -28.959005781650074, 58.0], "angles": [0.0, 0.0, 0.0684169827719536], "sizes": [1.0, 1.0, 1.0]}, {"translations": [3475.4311947658093, 6.383946056999612, 658.0], "angles": [0.0, 0.0, 0.6224235776163117], "sizes": [1.0000000000000004, 1.0000000000000004, 1.0]}, {"translations": [3068.0568902700957, 25.93598183899044, 508.0], "angles": [0.0, 0.0, 0.48042828131305615], "sizes": [1.0, 1.0, 1.0]}, {"translations": [3504.2946701049805, 3.0927324295043945, 208.0], "angles": [0.0, 0.0, -0.750459034328465], "sizes": [1.0000000000000004, 1.0000000000000004, 1.0]}]}