{"SM_RackShelf_01": [{"translations": [200.0, 0.0, 37.0], "angles": [0.0, 0.0, 0.0], "sizes": [1.0, 1.0, 1.0]}, {"translations": [200.0, 0.0, 187.0], "angles": [0.0, 0.0, 0.0], "sizes": [1.0, 1.0, 1.0]}, {"translations": [200.0, 0.0, 337.0], "angles": [0.0, 0.0, 0.0], "sizes": [1.0, 1.0, 1.0]}, {"translations": [200.0, 0.0, 487.0], "angles": [0.0, 0.0, 0.0], "sizes": [1.0, 1.0, 1.0]}, {"translations": [200.0, 0.0, 637.0], "angles": [0.0, 0.0, 0.0], "sizes": [1.0, 1.0, 1.0]}, {"translations": [200.0, 0.0, 787.0], "angles": [0.0, 0.0, 0.0], "sizes": [1.0, 1.0, 1.0]}, {"translations": [200.0, 0.0, 937.0], "angles": [0.0, 0.0, 0.0], "sizes": [1.0, 1.0, 1.0]}, {"translations": [200.0, 0.0, 1087.0], "angles": [0.0, 0.0, 0.0], "sizes": [1.0, 1.0, 1.0]}, {"translations": [200.0, 0.0, 1237.0], "angles": [0.0, 0.0, 0.0], "sizes": [1.0, 1.0, 1.0]}, {"translations": [600.0, 0.0, 37.0], "angles": [0.0, 0.0, 0.0], "sizes": [1.0, 1.0, 1.0]}, {"translations": [600.0, 0.0, 187.0], "angles": [0.0, 0.0, 0.0], "sizes": [1.0, 1.0, 1.0]}, {"translations": [600.0, 0.0, 337.0], "angles": [0.0, 0.0, 0.0], "sizes": [1.0, 1.0, 1.0]}, {"translations": [600.0, 0.0, 487.0], "angles": [0.0, 0.0, 0.0], "sizes": [1.0, 1.0, 1.0]}, {"translations": [600.0, 0.0, 637.0], "angles": [0.0, 0.0, 0.0], "sizes": [1.0, 1.0, 1.0]}, {"translations": [600.0, 0.0, 787.0], "angles": [0.0, 0.0, 0.0], "sizes": [1.0, 1.0, 1.0]}, {"translations": [600.0, 0.0, 937.0], "angles": [0.0, 0.0, 0.0], "sizes": [1.0, 1.0, 1.0]}, {"translations": [600.0, 0.0, 1087.0], "angles": [0.0, 0.0, 0.0], "sizes": [1.0, 1.0, 1.0]}, {"translations": [600.0, 0.0, 1237.0], "angles": [0.0, 0.0, 0.0], "sizes": [1.0, 1.0, 1.0]}, {"translations": [1000.0, 0.0, 37.0], "angles": [0.0, 0.0, 0.0], "sizes": [1.0, 1.0, 1.0]}, {"translations": [1000.0, 0.0, 187.0], "angles": [0.0, 0.0, 0.0], "sizes": [1.0, 1.0, 1.0]}, {"translations": [1000.0, 0.0, 337.0], "angles": [0.0, 0.0, 0.0], "sizes": [1.0, 1.0, 1.0]}, {"translations": [1000.0, 0.0, 487.0], "angles": [0.0, 0.0, 0.0], "sizes": [1.0, 1.0, 1.0]}, {"translations": [1000.0, 0.0, 637.0], "angles": [0.0, 0.0, 0.0], "sizes": [1.0, 1.0, 1.0]}, {"translations": [1000.0, 0.0, 787.0], "angles": [0.0, 0.0, 0.0], "sizes": [1.0, 1.0, 1.0]}, {"translations": [1000.0, 0.0, 937.0], "angles": [0.0, 0.0, 0.0], "sizes": [1.0, 1.0, 1.0]}, {"translations": [1000.0, 0.0, 1087.0], "angles": [0.0, 0.0, 0.0], "sizes": [1.0, 1.0, 1.0]}, {"translations": [1000.0, 0.0, 1237.0], "angles": [0.0, 0.0, 0.0], "sizes": [1.0, 1.0, 1.0]}, {"translations": [1400.0, 0.0, 37.0], "angles": [0.0, 0.0, 0.0], "sizes": [1.0, 1.0, 1.0]}, {"translations": [1400.0, 0.0, 187.0], "angles": [0.0, 0.0, 0.0], "sizes": [1.0, 1.0, 1.0]}, {"translations": [1400.0, 0.0, 337.0], "angles": [0.0, 0.0, 0.0], "sizes": [1.0, 1.0, 1.0]}, {"translations": [1400.0, 0.0, 487.0], "angles": [0.0, 0.0, 0.0], "sizes": [1.0, 1.0, 1.0]}, {"translations": [1400.0, 0.0, 637.0], "angles": [0.0, 0.0, 0.0], "sizes": [1.0, 1.0, 1.0]}, {"translations": [1400.0, 0.0, 787.0], "angles": [0.0, 0.0, 0.0], "sizes": [1.0, 1.0, 1.0]}, {"translations": [1400.0, 0.0, 937.0], "angles": [0.0, 0.0, 0.0], "sizes": [1.0, 1.0, 1.0]}, {"translations": [1400.0, 0.0, 1087.0], "angles": [0.0, 0.0, 0.0], "sizes": [1.0, 1.0, 1.0]}, {"translations": [1400.0, 0.0, 1237.0], "angles": [0.0, 0.0, 0.0], "sizes": [1.0, 1.0, 1.0]}, {"translations": [1800.0, 0.0, 37.0], "angles": [0.0, 0.0, 0.0], "sizes": [1.0, 1.0, 1.0]}, {"translations": [1800.0, 0.0, 187.0], "angles": [0.0, 0.0, 0.0], "sizes": [1.0, 1.0, 1.0]}, {"translations": [1800.0, 0.0, 337.0], "angles": [0.0, 0.0, 0.0], "sizes": [1.0, 1.0, 1.0]}, {"translations": [1800.0, 0.0, 487.0], "angles": [0.0, 0.0, 0.0], "sizes": [1.0, 1.0, 1.0]}, {"translations": [1800.0, 0.0, 637.0], "angles": [0.0, 0.0, 0.0], "sizes": [1.0, 1.0, 1.0]}, {"translations": [1800.0, 0.0, 787.0], "angles": [0.0, 0.0, 0.0], "sizes": [1.0, 1.0, 1.0]}, {"translations": [1800.0, 0.0, 937.0], "angles": [0.0, 0.0, 0.0], "sizes": [1.0, 1.0, 1.0]}, {"translations": [1800.0, 0.0, 1087.0], "angles": [0.0, 0.0, 0.0], "sizes": [1.0, 1.0, 1.0]}, {"translations": [1800.0, 0.0, 1237.0], "angles": [0.0, 0.0, 0.0], "sizes": [1.0, 1.0, 1.0]}, {"translations": [2200.0, 0.0, 37.0], "angles": [0.0, 0.0, 0.0], "sizes": [1.0, 1.0, 1.0]}, {"translations": [2200.0, 0.0, 187.0], "angles": [0.0, 0.0, 0.0], "sizes": [1.0, 1.0, 1.0]}, {"translations": [2200.0, 0.0, 337.0], "angles": [0.0, 0.0, 0.0], "sizes": [1.0, 1.0, 1.0]}, {"translations": [2200.0, 0.0, 487.0], "angles": [0.0, 0.0, 0.0], "sizes": [1.0, 1.0, 1.0]}, {"translations": [2200.0, 0.0, 637.0], "angles": [0.0, 0.0, 0.0], "sizes": [1.0, 1.0, 1.0]}, {"translations": [2200.0, 0.0, 787.0], "angles": [0.0, 0.0, 0.0], "sizes": [1.0, 1.0, 1.0]}, {"translations": [2200.0, 0.0, 937.0], "angles": [0.0, 0.0, 0.0], "sizes": [1.0, 1.0, 1.0]}, {"translations": [2200.0, 0.0, 1087.0], "angles": [0.0, 0.0, 0.0], "sizes": [1.0, 1.0, 1.0]}, {"translations": [2200.0, 0.0, 1237.0], "angles": [0.0, 0.0, 0.0], "sizes": [1.0, 1.0, 1.0]}], "SM_RackFrame_03": [{"translations": [0.0, 0.0, 0.0], "angles": [0.0, 0.0, 0.0], "sizes": [1.0, 1.0, 1.0]}, {"translations": [400.0, 0.0, 0.0], "angles": [0.0, 0.0, 0.0], "sizes": [1.0, 1.0, 1.0]}, {"translations": [800.0, 0.0, 0.0], "angles": [0.0, 0.0, 0.0], "sizes": [1.0, 1.0, 1.0]}, {"translations": [1200.0, 0.0, 0.0], "angles": [0.0, 0.0, 0.0], "sizes": [1.0, 1.0, 1.0]}, {"translations": [1600.0, 0.0, 0.0], "angles": [0.0, 0.0, 0.0], "sizes": [1.0, 1.0, 1.0]}, {"translations": [2000.0, 0.0, 0.0], "angles": [0.0, 0.0, 0.0], "sizes": [1.0, 1.0, 1.0]}, {"translations": [0.0, 0.0, 300.0], "angles": [0.0, 0.0, 0.0], "sizes": [1.0, 1.0, 1.0]}, {"translations": [400.0, 0.0, 300.0], "angles": [0.0, 0.0, 0.0], "sizes": [1.0, 1.0, 1.0]}, {"translations": [800.0, 0.0, 300.0], "angles": [0.0, 0.0, 0.0], "sizes": [1.0, 1.0, 1.0]}, {"translations": [1200.0, 0.0, 300.0], "angles": [0.0, 0.0, 0.0], "sizes": [1.0, 1.0, 1.0]}, {"translations": [1600.0, 0.0, 300.0], "angles": [0.0, 0.0, 0.0], "sizes": [1.0, 1.0, 1.0]}, {"translations": [2000.0, 0.0, 300.0], "angles": [0.0, 0.0, 0.0], "sizes": [1.0, 1.0, 1.0]}, {"translations": [0.0, 0.0, 600.0], "angles": [0.0, 0.0, 0.0], "sizes": [1.0, 1.0, 1.0]}, {"translations": [400.0, 0.0, 600.0], "angles": [0.0, 0.0, 0.0], "sizes": [1.0, 1.0, 1.0]}, {"translations": [800.0, 0.0, 600.0], "angles": [0.0, 0.0, 0.0], "sizes": [1.0, 1.0, 1.0]}, {"translations": [1200.0, 0.0, 600.0], "angles": [0.0, 0.0, 0.0], "sizes": [1.0, 1.0, 1.0]}, {"translations": [1600.0, 0.0, 600.0], "angles": [0.0, 0.0, 0.0], "sizes": [1.0, 1.0, 1.0]}, {"translations": [2000.0, 0.0, 600.0], "angles": [0.0, 0.0, 0.0], "sizes": [1.0, 1.0, 1.0]}, {"translations": [0.0, 0.0, 900.0], "angles": [0.0, 0.0, 0.0], "sizes": [1.0, 1.0, 1.0]}, {"translations": [400.0, 0.0, 900.0], "angles": [0.0, 0.0, 0.0], "sizes": [1.0, 1.0, 1.0]}, {"translations": [800.0, 0.0, 900.0], "angles": [0.0, 0.0, 0.0], "sizes": [1.0, 1.0, 1.0]}, {"translations": [1200.0, 0.0, 900.0], "angles": [0.0, 0.0, 0.0], "sizes": [1.0, 1.0, 1.0]}, {"translations": [1600.0, 0.0, 900.0], "angles": [0.0, 0.0, 0.0], "sizes": [1.0, 1.0, 1.0]}, {"translations": [2000.0, 0.0, 900.0], "angles": [0.0, 0.0, 0.0], "sizes": [1.0, 1.0, 1.0]}, {"translations": [0.0, 0.0, 1200.0], "angles": [0.0, 0.0, 0.0], "sizes": [1.0, 1.0, 1.0]}, {"translations": [400.0, 0.0, 1200.0], "angles": [0.0, 0.0, 0.0], "sizes": [1.0, 1.0, 1.0]}, {"translations": [800.0, 0.0, 1200.0], "angles": [0.0, 0.0, 0.0], "sizes": [1.0, 1.0, 1.0]}, {"translations": [1200.0, 0.0, 1200.0], "angles": [0.0, 0.0, 0.0], "sizes": [1.0, 1.0, 1.0]}, {"translations": [1600.0, 0.0, 1200.0], "angles": [0.0, 0.0, 0.0], "sizes": [1.0, 1.0, 1.0]}, {"translations": [2000.0, 0.0, 1200.0], "angles": [0.0, 0.0, 0.0], "sizes": [1.0, 1.0, 1.0]}, {"translations": [2400.0, 0.0, 0.0], "angles": [0.0, 0.0, 0.0], "sizes": [1.0, 1.0, 1.0]}, {"translations": [2400.0, 0.0, 300.0], "angles": [0.0, 0.0, 0.0], "sizes": [1.0, 1.0, 1.0]}, {"translations": [2400.0, 0.0, 600.0], "angles": [0.0, 0.0, 0.0], "sizes": [1.0, 1.0, 1.0]}, {"translations": [2400.0, 0.0, 900.0], "angles": [0.0, 0.0, 0.0], "sizes": [1.0, 1.0, 1.0]}, {"translations": [2400.0, 0.0, 1200.0], "angles": [0.0, 0.0, 0.0], "sizes": [1.0, 1.0, 1.0]}], "SM_PaletteA_01": [{"translations": [104.04623413085938, -1.7162489891052246, 37.0], "angles": [0.0, 0.0, 0.035981957103574096], "sizes": [1.0, 1.0, 1.0]}, {"translations": [77.0445785522461, -0.000858306884765625, 187.0], "angles": [0.0, 0.0, -0.00024901336157870905], "sizes": [1.0, 1.0, 1.0]}, {"translations": [167.94365692138672, 0.4796934127807617, 337.0], "angles": [0.0, 0.0, -0.029119771618300032], "sizes": [1.0, 1.0, 1.0]}, {"translations": [74.09922790527344, -9.138336181640625, 487.0], "angles": [0.0, 0.0, -0.02217899667268749], "sizes": [1.0, 1.0, 1.0]}, {"translations": [106.05471801757812, -5.421197414398193, 637.0], "angles": [0.0, 0.0, -0.028313141656260876], "sizes": [1.0, 1.0, 1.0]}, {"translations": [115.29872131347656, 7.166991233825684, 787.0], "angles": [0.0, 0.0, -0.0354443251090185], "sizes": [1.0, 1.0, 1.0]}, {"translations": [132.94749450683594, -1.137080192565918, 937.0], "angles": [0.0, 0.0, -0.03665265174834937], "sizes": [0.9999999999999999, 0.9999999999999999, 1.0]}, {"translations": [141.91117095947266, -1.9424939155578613, 1087.0], "angles": [0.0, 0.0, 0.02708585811562137], "sizes": [1.0, 1.0, 1.0]}, {"translations": [171.65704727172852, -8.041610717773438, 1237.0], "angles": [0.0, 0.0, -0.01595081374055292], "sizes": [0.9999999999999999, 0.9999999999999999, 1.0]}, {"translations": [482.2792282104492, 6.109950542449951, 37.0], "angles": [0.0, 0.0, 0.03547093997344067], "sizes": [1.0, 1.0, 1.0]}, {"translations": [491.85707092285156, -2.9225897789001465, 187.0], "angles": [0.0, 0.0, 0.017055908303111208], "sizes": [0.9999999999999999, 0.9999999999999999, 1.0]}, {"translations": [533.3830947875977, 8.623649597167969, 337.0], "angles": [0.0, 0.0, -4.3944758715415545e-05], "sizes": [1.0, 1.0, 1.0]}, {"translations": [494.8818664550781, 8.459146499633789, 487.0], "angles": [0.0, 0.0, 0.004467573105585651], "sizes": [1.0, 1.0, 1.0]}, {"translations": [541.5834045410156, 7.324190139770508, 637.0], "angles": [0.0, 0.0, 0.006651398635267225], "sizes": [0.9999999999999999, 0.9999999999999999, 1.0]}, {"translations": [533.2000122070312, 9.428579330444336, 787.0], "angles": [0.0, 0.0, 0.021422815817334306], "sizes": [1.0, 1.0, 1.0]}, {"translations": [479.88209533691406, -8.396973609924316, 937.0], "angles": [0.0, 0.0, 0.013157368224518394], "sizes": [1.0, 1.0, 1.0]}, {"translations": [518.589485168457, 2.799050807952881, 1087.0], "angles": [0.0, 0.0, 0.022474542184987352], "sizes": [1.0, 1.0, 1.0]}, {"translations": [505.95130920410156, 9.096426963806152, 1237.0], "angles": [0.0, 0.0, -0.01891455205340826], "sizes": [0.9999999999999999, 0.9999999999999999, 1.0]}, {"translations": [911.4894409179688, 2.581357955932617, 37.0], "angles": [0.0, 0.0, 0.019732014793733352], "sizes": [1.0, 1.0, 1.0]}, {"translations": [962.7283554077148, 0.3313159942626953, 187.0], "angles": [0.0, 0.0, -0.029385979993803366], "sizes": [1.0, 1.0, 1.0]}, {"translations": [935.8382797241211, -4.22123908996582, 337.0], "angles": [0.0, 0.0, 0.006776569586608384], "sizes": [1.0, 1.0, 1.0]}, {"translations": [966.4827346801758, 3.2526063919067383, 487.0], "angles": [0.0, 0.0, 0.007719329821125978], "sizes": [1.0, 1.0, 1.0]}, {"translations": [881.7578506469727, 2.102322578430176, 637.0], "angles": [0.0, 0.0, -0.043576817304136595], "sizes": [0.9999999999999999, 0.9999999999999999, 1.0]}, {"translations": [922.1294860839844, 5.8795952796936035, 787.0], "angles": [0.0, 0.0, -0.01646475087249538], "sizes": [1.0, 1.0, 1.0]}, {"translations": [880.4381942749023, 9.166719436645508, 937.0], "angles": [0.0, 0.0, 0.008451701171190219], "sizes": [1.0, 1.0, 1.0]}, {"translations": [910.0795974731445, 0.4271697998046875, 1087.0], "angles": [0.0, 0.0, -0.042783910593080225], "sizes": [1.0, 1.0, 1.0]}, {"translations": [953.6557540893555, 6.80105447769165, 1237.0], "angles": [0.0, 0.0, 0.01687483421209206], "sizes": [1.0, 1.0, 1.0]}, {"translations": [1312.5039825439453, 3.831033706665039, 37.0], "angles": [0.0, 0.0, -0.027402664965988352], "sizes": [1.0, 1.0, 1.0]}, {"translations": [1367.7973022460938, 1.4619636535644531, 187.0], "angles": [0.0, 0.0, 0.012776557807142007], "sizes": [1.0, 1.0, 1.0]}, {"translations": [1278.5350646972656, 1.4052867889404297, 337.0], "angles": [0.0, 0.0, -0.02260767056632445], "sizes": [1.0, 1.0, 1.0]}, {"translations": [1300.343391418457, -2.281332015991211, 487.0], "angles": [0.0, 0.0, 0.013804478354663266], "sizes": [1.0, 1.0, 1.0]}, {"translations": [1315.598030090332, -4.324848651885986, 637.0], "angles": [0.0, 0.0, 0.03653554698724051], "sizes": [1.0, 1.0, 1.0]}, {"translations": [1286.8436584472656, 4.431722164154053, 787.0], "angles": [0.0, 0.0, 0.022317450931439598], "sizes": [1.0, 1.0, 1.0]}, {"translations": [1352.2860984802246, -4.739868640899658, 937.0], "angles": [0.0, 0.0, -0.006877769950162029], "sizes": [1.0, 1.0, 1.0]}, {"translations": [1276.7451858520508, 9.815754890441895, 1087.0], "angles": [0.0, 0.0, -0.01768167754418249], "sizes": [1.0, 1.0, 1.0]}, {"translations": [1348.378776550293, -5.155339241027832, 1237.0], "angles": [0.0, 0.0, -0.013458289179698765], "sizes": [1.0, 1.0, 1.0]}, {"translations": [1713.750633239746, 9.805569648742676, 37.0], "angles": [0.0, 0.0, 0.024990598947402], "sizes": [0.9999999999999999, 0.9999999999999999, 1.0]}, {"translations": [1675.6761093139648, 3.6362338066101074, 187.0], "angles": [0.0, 0.0, -0.012472971237483086], "sizes": [0.9999999999999999, 0.9999999999999999, 1.0]}, {"translations": [1697.231704711914, 6.969821453094482, 337.0], "angles": [0.0, 0.0, 0.0015486743682041665], "sizes": [1.0, 1.0, 1.0]}, {"translations": [1714.9520950317383, 8.078994750976562, 487.0], "angles": [0.0, 0.0, -0.020341774959991992], "sizes": [1.0, 1.0, 1.0]}, {"translations": [1734.4088516235352, 9.549428939819336, 637.0], "angles": [0.0, 0.0, -0.019313965713961524], "sizes": [0.9999999999999999, 0.9999999999999999, 1.0]}, {"translations": [1715.0519256591797, 4.0348219871521, 787.0], "angles": [0.0, 0.0, -0.034233285051739615], "sizes": [0.9999999999999999, 0.9999999999999999, 1.0]}, {"translations": [1741.4865112304688, -3.541259765625, 937.0], "angles": [0.0, 0.0, 0.0088485077277599], "sizes": [1.0, 1.0, 1.0]}, {"translations": [1760.2896919250488, -9.471297264099121, 1087.0], "angles": [0.0, 0.0, 0.039878133253025555], "sizes": [0.9999999999999999, 0.9999999999999999, 1.0]}, {"translations": [1707.2485885620117, 5.535857677459717, 1237.0], "angles": [0.0, 0.0, 0.003732526033624512], "sizes": [1.0, 1.0, 1.0]}, {"translations": [2079.5151443481445, 2.395656108856201, 37.0], "angles": [0.0, 0.0, 0.02937266785663046], "sizes": [1.0, 1.0, 1.0]}, {"translations": [2093.033576965332, 0.1521778106689453, 187.0], "angles": [0.0, 0.0, -0.019678759833866997], "sizes": [1.0, 1.0, 1.0]}, {"translations": [2094.2071533203125, 0.5452275276184082, 337.0], "angles": [0.0, 0.0, -0.03610970992128259], "sizes": [1.0, 1.0, 1.0]}, {"translations": [2138.9098052978516, 0.4858231544494629, 487.0], "angles": [0.0, 0.0, 0.0021798632451703204], "sizes": [1.0, 1.0, 1.0]}, {"translations": [2166.2614097595215, -6.692960262298584, 637.0], "angles": [0.0, 0.0, -0.014105396654941555], "sizes": [0.9999999999999999, 0.9999999999999999, 1.0]}, {"translations": [2099.147735595703, -7.900900840759277, 787.0], "angles": [0.0, 0.0, 0.022173669580300794], "sizes": [1.0, 1.0, 1.0]}, {"translations": [2075.7228469848633, 4.342007637023926, 937.0], "angles": [0.0, 0.0, 0.01767368930936855], "sizes": [1.0, 1.0, 1.0]}, {"translations": [2112.7602767944336, 6.360223293304443, 1087.0], "angles": [0.0, 0.0, -0.0016765111357101958], "sizes": [1.0, 1.0, 1.0]}, {"translations": [2157.669101715088, -8.731592178344727, 1237.0], "angles": [0.0, 0.0, -0.031071042376759003], "sizes": [1.0, 1.0, 1.0]}, {"translations": [288.7731170654297, -1.7162489891052246, 37.0], "angles": [0.0, 0.0, -0.03882430926400574], "sizes": [1.0, 1.0, 1.0]}, {"translations": [275.2722930908203, -0.000858306884765625, 187.0], "angles": [0.0, 0.0, -0.005394370472430762], "sizes": [1.0, 1.0, 1.0]}, {"translations": [320.7218246459961, 0.4796934127807617, 337.0], "angles": [0.0, 0.0, 0.04236350018033712], "sizes": [0.9999999999999999, 0.9999999999999999, 1.0]}, {"translations": [273.7996139526367, -9.138336181640625, 487.0], "angles": [0.0, 0.0, 0.009897778262723688], "sizes": [1.0, 1.0, 1.0]}, {"translations": [289.77735900878906, -5.421197414398193, 637.0], "angles": [0.0, 0.0, -0.014182620600935222], "sizes": [0.9999999999999999, 0.9999999999999999, 1.0]}, {"translations": [294.3993606567383, 7.166991233825684, 787.0], "angles": [0.0, 0.0, 0.007865804434963585], "sizes": [0.9999999999999999, 0.9999999999999999, 1.0]}, {"translations": [303.22374725341797, -1.137080192565918, 937.0], "angles": [0.0, 0.0, -0.01616118362695568], "sizes": [1.0, 1.0, 1.0]}, {"translations": [307.7055892944336, -1.9424939155578613, 1087.0], "angles": [0.0, 0.0, 0.03674048102856598], "sizes": [1.0, 1.0, 1.0]}, {"translations": [322.5785217285156, -8.041610717773438, 1237.0], "angles": [0.0, 0.0, 0.0067499385848016685], "sizes": [1.0, 1.0, 1.0]}, {"translations": [677.8896102905273, 6.109950542449951, 37.0], "angles": [0.0, 0.0, -0.02309225388905902], "sizes": [1.0, 1.0, 1.0]}, {"translations": [682.6785354614258, -2.9225897789001465, 187.0], "angles": [0.0, 0.0, 0.019564263873513746], "sizes": [1.0, 1.0, 1.0]}, {"translations": [703.4415435791016, 8.623649597167969, 337.0], "angles": [0.0, 0.0, -0.014038821099576293], "sizes": [1.0, 1.0, 1.0]}, {"translations": [684.1909332275391, 8.459146499633789, 487.0], "angles": [0.0, 0.0, -0.014012190027831259], "sizes": [1.0, 1.0, 1.0]}, {"translations": [707.5417022705078, 7.324190139770508, 637.0], "angles": [0.0, 0.0, -0.040551392895036516], "sizes": [0.9999999999999999, 0.9999999999999999, 1.0]}, {"translations": [703.3500061035156, 9.428579330444336, 787.0], "angles": [0.0, 0.0, 0.014142677191126446], "sizes": [1.0, 1.0, 1.0]}, {"translations": [676.691047668457, -8.396973609924316, 937.0], "angles": [0.0, 0.0, 0.01976396649467782], "sizes": [0.9999999999999999, 0.9999999999999999, 1.0]}, {"translations": [696.0447387695312, 2.799050807952881, 1087.0], "angles": [0.0, 0.0, 0.03804721591806743], "sizes": [1.0, 1.0, 1.0]}, {"translations": [689.7256546020508, 9.096426963806152, 1237.0], "angles": [0.0, 0.0, 0.03361310487653089], "sizes": [0.9999999999999999, 0.9999999999999999, 1.0]}, {"translations": [1092.4947204589844, 2.581357955932617, 37.0], "angles": [0.0, 0.0, -0.004896350341879827], "sizes": [1.0, 1.0, 1.0]}, {"translations": [1118.1141815185547, 0.3313159942626953, 187.0], "angles": [0.0, 0.0, 0.011266607918863527], "sizes": [0.9999999999999999, 0.9999999999999999, 1.0]}, {"translations": [1104.6691436767578, -4.22123908996582, 337.0], "angles": [0.0, 0.0, 0.02193137461709487], "sizes": [1.0, 1.0, 1.0]}, {"translations": [1119.9913635253906, 3.2526063919067383, 487.0], "angles": [0.0, 0.0, -0.03773850278521578], "sizes": [1.0, 1.0, 1.0]}, {"translations": [1077.6289291381836, 2.102322578430176, 637.0], "angles": [0.0, 0.0, -0.0068324946747356586], "sizes": [0.9999999999999999, 0.9999999999999999, 1.0]}, {"translations": [1097.8147430419922, 5.8795952796936035, 787.0], "angles": [0.0, 0.0, 0.034707062645413976], "sizes": [0.9999999999999999, 0.9999999999999999, 1.0]}, {"translations": [1076.9691009521484, 9.166719436645508, 937.0], "angles": [0.0, 0.0, -0.04252315001271852], "sizes": [1.0, 1.0, 1.0]}, {"translations": [1091.789794921875, 0.4271697998046875, 1087.0], "angles": [0.0, 0.0, -0.03837189262303363], "sizes": [1.0, 1.0, 1.0]}, {"translations": [1113.577880859375, 6.80105447769165, 1237.0], "angles": [0.0, 0.0, -0.028062895669630876], "sizes": [1.0, 1.0, 1.0]}, {"translations": [1493.0019912719727, 3.831033706665039, 37.0], "angles": [0.0, 0.0, -0.023579494207136703], "sizes": [1.0, 1.0, 1.0]}, {"translations": [1520.6486511230469, 1.4619636535644531, 187.0], "angles": [0.0, 0.0, 0.02537131854245316], "sizes": [1.0, 1.0, 1.0]}, {"translations": [1476.0175323486328, 1.4052867889404297, 337.0], "angles": [0.0, 0.0, 0.014225226879783554], "sizes": [0.9999999999999999, 0.9999999999999999, 1.0]}, {"translations": [1486.9216995239258, -2.281332015991211, 487.0], "angles": [0.0, 0.0, 0.02431966557438674], "sizes": [0.9999999999999999, 0.9999999999999999, 1.0]}, {"translations": [1494.5490188598633, -4.324848651885986, 637.0], "angles": [0.0, 0.0, 0.003530121924152998], "sizes": [1.0, 1.0, 1.0]}, {"translations": [1480.1718292236328, 4.431722164154053, 787.0], "angles": [0.0, 0.0, 0.0008828637941026076], "sizes": [1.0, 1.0, 1.0]}, {"translations": [1512.893051147461, -4.739868640899658, 937.0], "angles": [0.0, 0.0, 0.008014941955608913], "sizes": [1.0, 1.0, 1.0]}, {"translations": [1475.1225967407227, 9.815754890441895, 1087.0], "angles": [0.0, 0.0, 0.009466355989211642], "sizes": [0.9999999999999999, 0.9999999999999999, 1.0]}, {"translations": [1510.9393844604492, -5.155339241027832, 1237.0], "angles": [0.0, 0.0, 0.006227954402405123], "sizes": [1.0, 1.0, 1.0]}, {"translations": [1893.6253204345703, 9.805569648742676, 37.0], "angles": [0.0, 0.0, 0.021742331107441372], "sizes": [0.9999999999999999, 0.9999999999999999, 1.0]}, {"translations": [1874.5880508422852, 3.6362338066101074, 187.0], "angles": [0.0, 0.0, -0.02605288316713703], "sizes": [0.9999999999999999, 0.9999999999999999, 1.0]}, {"translations": [1885.365852355957, 6.969821453094482, 337.0], "angles": [0.0, 0.0, 0.029021270064216894], "sizes": [1.0, 1.0, 1.0]}, {"translations": [1894.2260513305664, 8.078994750976562, 487.0], "angles": [0.0, 0.0, 0.012294547926048515], "sizes": [1.0, 1.0, 1.0]}, {"translations": [1903.9544296264648, 9.549428939819336, 637.0], "angles": [0.0, 0.0, 0.009943049773397595], "sizes": [1.0, 1.0, 1.0]}, {"translations": [1894.2759628295898, 4.0348219871521, 787.0], "angles": [0.0, 0.0, -0.0008136216306848049], "sizes": [1.0, 1.0, 1.0]}, {"translations": [1907.4932556152344, -3.541259765625, 937.0], "angles": [0.0, 0.0, -0.0433134049795143], "sizes": [1.0, 1.0, 1.0]}, {"translations": [1916.8948440551758, -9.471297264099121, 1087.0], "angles": [0.0, 0.0, 0.03870189176744115], "sizes": [1.0, 1.0, 1.0]}, {"translations": [1890.3742980957031, 5.535857677459717, 1237.0], "angles": [0.0, 0.0, -0.003096013447916947], "sizes": [0.9999999999999999, 0.9999999999999999, 1.0]}, {"translations": [2276.5075759887695, 2.395656108856201, 37.0], "angles": [0.0, 0.0, -0.03945767251768308], "sizes": [1.0, 1.0, 1.0]}, {"translations": [2283.2667846679688, 0.1521778106689453, 187.0], "angles": [0.0, 0.0, 0.030674408049687296], "sizes": [1.0, 1.0, 1.0]}, {"translations": [2283.8535766601562, 0.5452275276184082, 337.0], "angles": [0.0, 0.0, -0.017037268884250074], "sizes": [0.9999999999999999, 0.9999999999999999, 1.0]}, {"translations": [2306.204902648926, 0.4858231544494629, 487.0], "angles": [0.0, 0.0, -0.019492368075745607], "sizes": [1.0, 1.0, 1.0]}, {"translations": [2319.8807067871094, -6.692960262298584, 637.0], "angles": [0.0, 0.0, -0.03572378824511943], "sizes": [1.0, 1.0, 1.0]}, {"translations": [2286.3238677978516, -7.900900840759277, 787.0], "angles": [0.0, 0.0, 0.025107741266880396], "sizes": [1.0, 1.0, 1.0]}, {"translations": [2274.611427307129, 4.342007637023926, 937.0], "angles": [0.0, 0.0, 0.02585853374626189], "sizes": [1.0, 1.0, 1.0]}, {"translations": [2293.130142211914, 6.360223293304443, 1087.0], "angles": [0.0, 0.0, -0.007072181181664701], "sizes": [1.0, 1.0, 1.0]}, {"translations": [2315.5845489501953, -8.731592178344727, 1237.0], "angles": [0.0, 0.0, -0.020983478467364734], "sizes": [0.9999999999999999, 0.9999999999999999, 1.0]}], "SM_CardBoxD_03": [{"translations": [1522.170440208295, -28.49941411816059, 208.0], "angles": [0.0, 0.0, 0.4840630127651949], "sizes": [1.0, 1.0, 1.0]}, {"translations": [1085.3082430278746, 38.4369135125875, 1258.0], "angles": [0.0, 0.0, 0.9807678047438558], "sizes": [1.0000000000000004, 1.0000000000000004, 1.0]}, {"translations": [732.4895294197663, 40.26505417601777, 808.0], "angles": [0.0, 0.0, 0.9861770236329163], "sizes": [1.0000000000000002, 1.0000000000000002, 1.0]}, {"translations": [677.6403671984515, 9.755272390253468, 658.0], "angles": [0.0, 0.0, -0.8386969880210886], "sizes": [1.0000000000000002, 1.0000000000000002, 1.0]}, {"translations": [260.64029946053614, 25.417605430095694, 658.0], "angles": [0.0, 0.0, -0.4745481625337633], "sizes": [1.0, 1.0, 1.0]}, {"translations": [2123.010341750016, -1.0283191371143532, 208.0], "angles": [0.0, 0.0, 0.9974596814460923], "sizes": [1.0000000000000004, 1.0000000000000004, 1.0]}, {"translations": [1737.0238026549828, 35.7589717744176, 1258.0], "angles": [0.0, 0.0, 0.18186840413646704], "sizes": [1.0, 1.0, 1.0]}, {"translations": [1667.231848615452, 6.87690110243216, 358.0], "angles": [0.0, 0.0, -0.3949236521542546], "sizes": [1.0, 1.0, 1.0]}, {"translations": [1676.42442937147, 33.626899305920645, 208.0], "angles": [0.0, 0.0, -0.23566853209337582], "sizes": [1.0, 1.0, 1.0]}, {"translations": [1245.7032095565135, -19.1047518075276, 1108.0], "angles": [0.0, 0.0, -0.46495518353963317], "sizes": [1.0, 1.0, 1.0]}, {"translations": [1337.0405657755064, 30.685638331449137, 208.0], "angles": [0.0, 0.0, 0.4646354805205805], "sizes": [1.0, 1.0, 1.0]}, {"translations": [922.660493807024, 35.77162299179782, 1258.0], "angles": [0.0, 0.0, 0.9995017868571137], "sizes": [1.0000000000000007, 1.0000000000000007, 1.0]}, {"translations": [907.5149133446488, -29.463002419857112, 1108.0], "angles": [0.0, 0.0, 0.9871934749277783], "sizes": [1.0000000000000002, 1.0000000000000002, 1.0]}, {"translations": [910.940992358221, -20.321910729713355, 958.0], "angles": [0.0, 0.0, -0.6254082549875875], "sizes": [1.0000000000000002, 1.0000000000000002, 1.0]}, {"translations": [966.0195886905088, 33.2490311087335, 508.0], "angles": [0.0, 0.0, 0.9860508552742215], "sizes": [0.9999999999999998, 0.9999999999999998, 1.0]}, {"translations": [564.4575499482611, -19.258810483820643, 808.0], "angles": [0.0, 0.0, -0.8032927214627879], "sizes": [1.0000000000000009, 1.0000000000000009, 1.0]}, {"translations": [492.8802765612489, -32.9051355384175, 208.0], "angles": [0.0, 0.0, 0.9988737357240648], "sizes": [0.9999999999999999, 0.9999999999999999, 1.0]}, {"translations": [2335.012785625867, -30.660699579025614, 508.0], "angles": [0.0, 0.0, 0.4548266594375931], "sizes": [1.0, 1.0, 1.0]}], "SM_CardBoxA_01": [{"translations": [1489.1654842660737, 29.901552340041302, 208.0], "angles": [0.0, 0.0, -0.667665574910056], "sizes": [1.0000000000000007, 1.0000000000000007, 1.0]}, {"translations": [1104.3115266320028, -23.273868689059583, 958.0], "angles": [0.0, 0.0, 0.34982223067156054], "sizes": [1.0, 1.0, 1.0]}, {"translations": [717.6422175060268, 41.04428316149729, 1258.0], "angles": [0.0, 0.0, -0.7985747073976732], "sizes": [0.9999999999999999, 0.9999999999999999, 1.0]}, {"translations": [723.6767032783065, 34.99337542248366, 1108.0], "angles": [0.0, 0.0, 0.9817963347389674], "sizes": [1.0000000000000009, 1.0000000000000009, 1.0]}, {"translations": [733.4297182692296, 7.781403341988581, 358.0], "angles": [0.0, 0.0, 0.474424535551168], "sizes": [1.0, 1.0, 1.0]}, {"translations": [2112.7602767944336, 6.360223293304443, 1108.0], "angles": [0.0, 0.0, 0.8331588690528507], "sizes": [0.9999999999999999, 0.9999999999999999, 1.0]}, {"translations": [2168.9095201896257, 0.6166146384108415, 508.0], "angles": [0.0, 0.0, 0.43419619624200867], "sizes": [0.9999999999999999, 0.9999999999999999, 1.0]}, {"translations": [1742.017400909621, -33.536562000284505, 958.0], "angles": [0.0, 0.0, 0.797879918204606], "sizes": [1.0000000000000004, 1.0000000000000004, 1.0]}, {"translations": [1734.4088516235352, 9.549428939819336, 658.0], "angles": [0.0, 0.0, -0.796134041274679], "sizes": [1.0000000000000002, 1.0000000000000002, 1.0]}, {"translations": [1686.1971762563674, 39.27442143858289, 508.0], "angles": [0.0, 0.0, 0.9943241612331759], "sizes": [1.0, 1.0, 1.0]}, {"translations": [1742.214193795274, 41.267065488924764, 58.0], "angles": [0.0, 0.0, 0.12214612629175375], "sizes": [1.0, 1.0, 1.0]}, {"translations": [1271.1830150143933, -33.0980879772101, 508.0], "angles": [0.0, 0.0, -0.5992382359177043], "sizes": [1.0000000000000002, 1.0000000000000002, 1.0]}, {"translations": [1329.5037678225208, 28.535423945227677, 508.0], "angles": [0.0, 0.0, -0.17431860954380193], "sizes": [1.0, 1.0, 1.0]}, {"translations": [83.24877609906898, -20.63230752987467, 808.0], "angles": [0.0, 0.0, 0.9841514652531564], "sizes": [0.9999999999999996, 0.9999999999999996, 1.0]}, {"translations": [1456.9571862919447, -3.740080373466072, 508.0], "angles": [0.0, 0.0, 0.9394646346847625], "sizes": [1.0000000000000007, 1.0000000000000007, 1.0]}, {"translations": [2317.792033442113, -36.35708735591486, 808.0], "angles": [0.0, 0.0, 0.9874340257723779], "sizes": [1.0000000000000002, 1.0000000000000002, 1.0]}], "SM_CardBoxC_02": [{"translations": [1081.942021824479, -21.468583353808746, 1258.0], "angles": [0.0, 0.0, 0.7951554571024234], "sizes": [1.0000000000000007, 1.0000000000000007, 1.0]}, {"translations": [1145.213739894271, 35.07069230919205, 1258.0], "angles": [0.0, 0.0, 0.574521537661922], "sizes": [1.0000000000000004, 1.0000000000000004, 1.0]}, {"translations": [1097.8147430419922, 5.8795952796936035, 808.0], "angles": [0.0, 0.0, 0.9349670625557577], "sizes": [1.0000000000000007, 1.0000000000000007, 1.0]}, {"translations": [1148.7825189007874, -28.985114249025, 208.0], "angles": [0.0, 0.0, 0.6694585376366435], "sizes": [1.0, 1.0, 1.0]}, {"translations": [657.7777984043596, 37.01298986778213, 1258.0], "angles": [0.0, 0.0, -0.8123858164010548], "sizes": [1.0, 1.0, 1.0]}, {"translations": [323.9237147380289, 37.635212647005986, 808.0], "angles": [0.0, 0.0, 0.9997691673749501], "sizes": [1.0000000000000009, 1.0000000000000009, 1.0]}, {"translations": [2046.8018442718853, -26.69950653474163, 958.0], "angles": [0.0, 0.0, 0.9792107241345137], "sizes": [1.0000000000000007, 1.0000000000000007, 1.0]}, {"translations": [2096.372322939238, 30.466992858582458, 358.0], "angles": [0.0, 0.0, 0.9941112728665651], "sizes": [0.9999999999999999, 0.9999999999999999, 1.0]}, {"translations": [1319.197068301422, 25.641217444383795, 1258.0], "angles": [0.0, 0.0, 0.1873101021671467], "sizes": [1.0, 1.0, 1.0]}, {"translations": [1316.813774330301, 5.770435709850523, 808.0], "angles": [0.0, 0.0, -0.7094223299174067], "sizes": [1.0000000000000002, 1.0000000000000002, 1.0]}, {"translations": [924.6851855752493, -24.194205804639907, 1258.0], "angles": [0.0, 0.0, 0.970878813220453], "sizes": [1.0000000000000007, 1.0000000000000007, 1.0]}, {"translations": [909.9268244412613, 39.66951751996419, 958.0], "angles": [0.0, 0.0, -0.6611483652648649], "sizes": [1.0000000000000002, 1.0000000000000002, 1.0]}, {"translations": [922.1294860839844, 5.8795952796936035, 808.0], "angles": [0.0, 0.0, -0.5223561567941879], "sizes": [1.0000000000000002, 1.0000000000000002, 1.0]}, {"translations": [990.914145898683, -31.379269216345506, 208.0], "angles": [0.0, 0.0, 0.08365422969241489], "sizes": [1.0, 1.0, 1.0]}, {"translations": [563.3857313572495, 38.62101279577908, 358.0], "angles": [0.0, 0.0, 0.9843588670839182], "sizes": [0.9999999999999994, 0.9999999999999994, 1.0]}, {"translations": [160.66920807931098, -33.25415659446858, 958.0], "angles": [0.0, 0.0, 0.7985635893336093], "sizes": [1.0000000000000004, 1.0000000000000004, 1.0]}, {"translations": [71.96639680805038, 26.048549539645368, 58.0], "angles": [0.0, 0.0, 0.892503812832255], "sizes": [1.0000000000000002, 1.0000000000000002, 1.0]}, {"translations": [2346.8168620708284, 19.983257936791272, 1258.0], "angles": [0.0, 0.0, 0.6275027182978824], "sizes": [1.0000000000000004, 1.0000000000000004, 1.0]}, {"translations": [1853.6758436346483, 35.17874463784896, 358.0], "angles": [0.0, 0.0, 0.675064374843546], "sizes": [1.0000000000000004, 1.0000000000000004, 1.0]}, {"translations": [1505.1172200269798, 10.383710800281264, 1108.0], "angles": [0.0, 0.0, 0.9438558105088607], "sizes": [1.0000000000000007, 1.0000000000000007, 1.0]}, {"translations": [1444.5600175446261, 39.242422266859656, 1108.0], "angles": [0.0, 0.0, -0.10916149331681489], "sizes": [1.0, 1.0, 1.0]}, {"translations": [1860.189113297073, -24.277807287997682, 1258.0], "angles": [0.0, 0.0, 0.5115786118512341], "sizes": [0.9999999999999998, 0.9999999999999998, 1.0]}, {"translations": [2254.8557021535903, 20.5552856743963, 808.0], "angles": [0.0, 0.0, 0.9102365200158121], "sizes": [1.0, 1.0, 1.0]}], "SM_CardBoxD_04": [{"translations": [1141.8475186908754, -24.8348045572042, 1258.0], "angles": [0.0, 0.0, -0.7158322223443004], "sizes": [1.0000000000000002, 1.0000000000000002, 1.0]}, {"translations": [649.3067711861413, 37.46312117530274, 58.0], "angles": [0.0, 0.0, 0.9962760812242017], "sizes": [1.0, 1.0, 1.0]}, {"translations": [332.2385318439046, -32.090953539332396, 958.0], "angles": [0.0, 0.0, -0.720474334183858], "sizes": [1.0000000000000004, 1.0000000000000004, 1.0]}, {"translations": [274.39345155831097, -39.13245822076834, 508.0], "angles": [0.0, 0.0, -0.493478737417125], "sizes": [0.9999999999999998, 0.9999999999999998, 1.0]}, {"translations": [348.0746165407745, 32.911541580298824, 358.0], "angles": [0.0, 0.0, 0.9330765084058379], "sizes": [1.0000000000000007, 1.0000000000000007, 1.0]}, {"translations": [261.19125895070783, 30.521013657393645, 58.0], "angles": [0.0, 0.0, -0.23919074733441015], "sizes": [1.0, 1.0, 1.0]}, {"translations": [2189.4745395713885, 19.34712080442932, 1258.0], "angles": [0.0, 0.0, 0.2075046633879681], "sizes": [1.0, 1.0, 1.0]}, {"translations": [906.2476198771445, -34.62506861554583, 358.0], "angles": [0.0, 0.0, 0.9955300308919076], "sizes": [1.0000000000000009, 1.0000000000000009, 1.0]}, {"translations": [932.7801675569266, 2.09371335408267, 208.0], "angles": [0.0, 0.0, -0.34991235508373736], "sizes": [1.0, 1.0, 1.0]}, {"translations": [474.8381047220829, -19.747437320649443, 1258.0], "angles": [0.0, 0.0, -0.24679368380595806], "sizes": [1.0, 1.0, 1.0]}, {"translations": [535.9298435873387, 7.9617568650246096, 1258.0], "angles": [0.0, 0.0, 0.9966193387239481], "sizes": [1.000000000000001, 1.000000000000001, 1.0]}, {"translations": [488.61979147124254, 1.4509188800093766, 1108.0], "angles": [0.0, 0.0, 0.997646044542409], "sizes": [1.0000000000000009, 1.0000000000000009, 1.0]}, {"translations": [147.34866652788415, 34.96628999752603, 808.0], "angles": [0.0, 0.0, 0.5280815188985569], "sizes": [1.0, 1.0, 1.0]}, {"translations": [2285.610967332311, -7.472860675596147, 1258.0], "angles": [0.0, 0.0, 0.9996509686271785], "sizes": [1.0000000000000007, 1.0000000000000007, 1.0]}, {"translations": [1924.954599097693, -21.174318772852054, 508.0], "angles": [0.0, 0.0, 0.9758066170351082], "sizes": [1.0000000000000004, 1.0000000000000004, 1.0]}, {"translations": [1524.7600771499144, -34.11229495053901, 658.0], "angles": [0.0, 0.0, 0.9948467347126216], "sizes": [0.9999999999999996, 0.9999999999999996, 1.0]}, {"translations": [2281.4271862530454, 30.095722652117022, 208.0], "angles": [0.0, 0.0, -0.7868189251629174], "sizes": [1.0000000000000002, 1.0000000000000002, 1.0]}], "SM_CardBoxC_01": [{"translations": [1089.4891769545789, -29.484486071586897, 1108.0], "angles": [0.0, 0.0, 0.9965842465484115], "sizes": [1.0000000000000009, 1.0000000000000009, 1.0]}, {"translations": [1049.626675272294, 41.6073075623506, 958.0], "angles": [0.0, 0.0, 0.9486712485895361], "sizes": [1.0000000000000002, 1.0000000000000002, 1.0]}, {"translations": [1073.3824368093435, 24.434335819508384, 358.0], "angles": [0.0, 0.0, -0.4320422493015997], "sizes": [1.0, 1.0, 1.0]}, {"translations": [668.412774260756, -29.395273806577897, 1108.0], "angles": [0.0, 0.0, 0.7499942052772225], "sizes": [1.0000000000000004, 1.0000000000000004, 1.0]}, {"translations": [684.1909332275391, 8.459146499633789, 508.0], "angles": [0.0, 0.0, -0.1331739167606261], "sizes": [1.0, 1.0, 1.0]}, {"translations": [334.17762060018447, 27.877704397920702, 958.0], "angles": [0.0, 0.0, 0.8984880886625675], "sizes": [1.0000000000000002, 1.0000000000000002, 1.0]}, {"translations": [304.94688961770237, -30.322769872067457, 208.0], "angles": [0.0, 0.0, 0.262301083367745], "sizes": [1.0, 1.0, 1.0]}, {"translations": [2061.8763152328647, -28.644090026231815, 208.0], "angles": [0.0, 0.0, -0.609953275269029], "sizes": [1.0000000000000002, 1.0000000000000002, 1.0]}, {"translations": [1677.0254744650538, 35.31107177043083, 1258.0], "angles": [0.0, 0.0, 0.991290970768321], "sizes": [0.9999999999999996, 0.9999999999999996, 1.0]}, {"translations": [1306.7264273488042, 8.755020091657977, 1108.0], "angles": [0.0, 0.0, -0.7726629833319913], "sizes": [1.0000000000000002, 1.0000000000000002, 1.0]}, {"translations": [1347.7086085692993, -32.054088629679875, 658.0], "angles": [0.0, 0.0, 0.9591834581278975], "sizes": [1.0000000000000013, 1.0000000000000013, 1.0]}, {"translations": [1307.1482847494883, -29.9201603466247, 358.0], "angles": [0.0, 0.0, 0.9595803272798342], "sizes": [1.000000000000001, 1.000000000000001, 1.0]}, {"translations": [1248.5657311033717, 2.7614003306116883, 358.0], "angles": [0.0, 0.0, -0.7150776162006687], "sizes": [1.0000000000000004, 1.0000000000000004, 1.0]}, {"translations": [850.4424801500636, 8.659635478165598, 958.0], "angles": [0.0, 0.0, 0.36076868317456584], "sizes": [1.0, 1.0, 1.0]}, {"translations": [849.2596616202958, -25.171615714130006, 658.0], "angles": [0.0, 0.0, -0.600194156144209], "sizes": [1.0, 1.0, 1.0]}, {"translations": [884.369976014031, 31.98838623804869, 658.0], "angles": [0.0, 0.0, -0.6543491247118954], "sizes": [1.0000000000000002, 1.0000000000000002, 1.0]}, {"translations": [936.949455953016, -27.206964314586994, 508.0], "angles": [0.0, 0.0, -0.12137136043814026], "sizes": [1.0, 1.0, 1.0]}, {"translations": [449.1031085593787, 20.803265651908855, 958.0], "angles": [0.0, 0.0, -0.4726759275256596], "sizes": [1.0, 1.0, 1.0]}, {"translations": [561.8874020212962, 40.68611707167415, 808.0], "angles": [0.0, 0.0, -0.5003038418330977], "sizes": [1.0000000000000002, 1.0000000000000002, 1.0]}, {"translations": [511.58605900724393, 6.925115049708641, 658.0], "angles": [0.0, 0.0, -0.10881928582928692], "sizes": [1.0, 1.0, 1.0]}, {"translations": [100.83041810493327, -28.858793765040957, 958.0], "angles": [0.0, 0.0, 0.8826359288160741], "sizes": [1.0000000000000002, 1.0000000000000002, 1.0]}, {"translations": [199.6392246224289, 28.682370379846343, 358.0], "angles": [0.0, 0.0, 0.3325368011972907], "sizes": [1.0, 1.0, 1.0]}, {"translations": [1924.2759231107805, 3.986004705469055, 808.0], "angles": [0.0, 0.0, 0.33676730413847644], "sizes": [0.9999999999999999, 0.9999999999999999, 1.0]}, {"translations": [1513.3739322183228, -34.73601428322655, 958.0], "angles": [0.0, 0.0, -0.3699360142838438], "sizes": [0.9999999999999999, 0.9999999999999999, 1.0]}, {"translations": [1446.8831010245765, -29.435999037429394, 358.0], "angles": [0.0, 0.0, 0.5311944834554196], "sizes": [1.0, 1.0, 1.0]}], "SM_CardBoxB_02": [{"translations": [1064.1787570177794, 32.63944363849233, 1108.0], "angles": [0.0, 0.0, 0.658895708631101], "sizes": [1.0000000000000004, 1.0000000000000004, 1.0]}, {"translations": [1107.2161880476394, -28.304816554096387, 658.0], "angles": [0.0, 0.0, 0.9695660576266472], "sizes": [1.0000000000000013, 1.0000000000000013, 1.0]}, {"translations": [1134.6402845652021, -2.905673110995748, 358.0], "angles": [0.0, 0.0, -0.11797838565900055], "sizes": [1.0, 1.0, 1.0]}, {"translations": [645.5288781663744, 20.393983163400684, 958.0], "angles": [0.0, 0.0, -0.574582940827241], "sizes": [1.0, 1.0, 1.0]}, {"translations": [245.59769656393826, 30.321053258297926, 208.0], "angles": [0.0, 0.0, 0.6826047180946972], "sizes": [1.0000000000000002, 1.0000000000000002, 1.0]}, {"translations": [305.594204656003, 29.67373821999728, 208.0], "angles": [0.0, 0.0, -0.7659397732504748], "sizes": [1.0, 1.0, 1.0]}, {"translations": [2166.2614097595215, -6.692960262298584, 658.0], "angles": [0.0, 0.0, 0.8766586799173771], "sizes": [1.0000000000000002, 1.0000000000000002, 1.0]}, {"translations": [2111.2249787972123, -25.790979008034054, 58.0], "angles": [0.0, 0.0, -0.5580751392016972], "sizes": [1.0000000000000002, 1.0000000000000002, 1.0]}, {"translations": [1792.5850607279522, -36.98509659978626, 1108.0], "angles": [0.0, 0.0, 0.99949733149288], "sizes": [1.0000000000000004, 1.0000000000000004, 1.0]}, {"translations": [1740.9556215513164, 26.454042469034505, 958.0], "angles": [0.0, 0.0, 0.30801224770542524], "sizes": [1.0000000000000002, 1.0000000000000002, 1.0]}, {"translations": [1747.034403783245, 31.91171372643492, 808.0], "angles": [0.0, 0.0, -0.1468940441577108], "sizes": [1.0, 1.0, 1.0]}, {"translations": [1310.860440066719, -26.123911930500668, 58.0], "angles": [0.0, 0.0, 0.9810048770046635], "sizes": [1.0000000000000009, 1.0000000000000009, 1.0]}, {"translations": [966.2421092497011, -33.811898936942356, 358.0], "angles": [0.0, 0.0, 0.9122027911643594], "sizes": [1.0, 1.0, 1.0]}, {"translations": [509.87170835659833, -7.607599852073221, 958.0], "angles": [0.0, 0.0, 0.02531491198011217], "sizes": [1.0, 1.0, 1.0]}, {"translations": [170.7001202052693, -38.02634501023429, 1258.0], "angles": [0.0, 0.0, 0.9861194907621709], "sizes": [0.9999999999999999, 0.9999999999999999, 1.0]}, {"translations": [1934.7843271425834, -36.02506211216563, 958.0], "angles": [0.0, 0.0, 0.969339899411607], "sizes": [1.0000000000000004, 1.0000000000000004, 1.0]}, {"translations": [1893.4884342089174, 38.06992539645421, 508.0], "angles": [0.0, 0.0, 0.9912164980440074], "sizes": [1.0, 1.0, 1.0]}, {"translations": [1904.547325679006, 2.0735914105931403, 208.0], "angles": [0.0, 0.0, 0.9846181193309111], "sizes": [0.9999999999999996, 0.9999999999999996, 1.0]}, {"translations": [1464.3379605698121, 25.462597646767033, 658.0], "angles": [0.0, 0.0, 0.9994575624131792], "sizes": [1.0000000000000009, 1.0000000000000009, 1.0]}, {"translations": [2246.2025403512757, -27.168865755022175, 958.0], "angles": [0.0, 0.0, 0.9941976013756905], "sizes": [1.0000000000000002, 1.0000000000000002, 1.0]}, {"translations": [2244.235373789714, -25.14531274162636, 58.0], "angles": [0.0, 0.0, 0.3060267457696736], "sizes": [1.0, 1.0, 1.0]}], "SM_CardBoxD_05": [{"translations": [1047.6317301171923, 2.5122626899655565, 658.0], "angles": [0.0, 0.0, 0.7275233576143649], "sizes": [1.0000000000000002, 1.0000000000000002, 1.0]}, {"translations": [1062.2023814148822, -27.123426090364802, 58.0], "angles": [0.0, 0.0, -0.8047295592377729], "sizes": [1.0000000000000002, 1.0000000000000002, 1.0]}, {"translations": [1122.493282004184, 2.287580457030261, 58.0], "angles": [0.0, 0.0, -0.6640008822110949], "sizes": [1.0000000000000002, 1.0000000000000002, 1.0]}, {"translations": [322.5785217285156, -8.041610717773438, 1258.0], "angles": [0.0, 0.0, 0.5661081006342541], "sizes": [1.0, 1.0, 1.0]}, {"translations": [2104.6438496978412, 35.38352180878948, 958.0], "angles": [0.0, 0.0, 0.5079924122892108], "sizes": [1.0, 1.0, 1.0]}, {"translations": [2067.8471428233797, 20.7395057921984, 808.0], "angles": [0.0, 0.0, 0.33235680947381213], "sizes": [1.0, 1.0, 1.0]}, {"translations": [2062.120218370423, -27.211368184420174, 358.0], "angles": [0.0, 0.0, 0.9996855930258732], "sizes": [1.0000000000000004, 1.0000000000000004, 1.0]}, {"translations": [2049.5669095651656, 0.6340564427674134, 58.0], "angles": [0.0, 0.0, 0.9988051476435648], "sizes": [1.0000000000000016, 1.0000000000000016, 1.0]}, {"translations": [504.5126223927663, -21.82895841078547, 808.0], "angles": [0.0, 0.0, 0.49469783728377825], "sizes": [1.0, 1.0, 1.0]}, {"translations": [571.1816749847254, 37.72061076360406, 658.0], "angles": [0.0, 0.0, 0.7058890409524902], "sizes": [1.0, 1.0, 1.0]}, {"translations": [494.8818664550781, 8.459146499633789, 508.0], "angles": [0.0, 0.0, 0.8956340563874752], "sizes": [0.9999999999999996, 0.9999999999999996, 1.0]}, {"translations": [454.48163656952164, -25.941475306710544, 58.0], "angles": [0.0, 0.0, 0.9554781053922328], "sizes": [1.0000000000000007, 1.0000000000000007, 1.0]}, {"translations": [105.40012589106396, 19.50173688535999, 508.0], "angles": [0.0, 0.0, -0.7773826467168652], "sizes": [1.0000000000000004, 1.0000000000000004, 1.0]}, {"translations": [1493.0019912719727, 3.831033706665039, 58.0], "angles": [0.0, 0.0, 0.9696544685215628], "sizes": [1.000000000000002, 1.000000000000002, 1.0]}, {"translations": [1886.9847142407584, -11.791671045347899, 1108.0], "angles": [0.0, 0.0, 0.9296623783047849], "sizes": [1.0000000000000002, 1.0000000000000002, 1.0]}, {"translations": [1873.363807985479, 38.94694359017804, 658.0], "angles": [0.0, 0.0, -0.7685190064892506], "sizes": [1.0000000000000002, 1.0000000000000002, 1.0]}, {"translations": [1887.106395124234, -22.979644499937105, 358.0], "angles": [0.0, 0.0, 0.9981941224054403], "sizes": [0.9999999999999998, 0.9999999999999998, 1.0]}, {"translations": [1913.5747755407115, 38.65983017440318, 358.0], "angles": [0.0, 0.0, -0.4986669476806146], "sizes": [1.0000000000000002, 1.0000000000000002, 1.0]}, {"translations": [1512.412170076599, 25.256277001427236, 958.0], "angles": [0.0, 0.0, 0.030817999986345587], "sizes": [1.0, 1.0, 1.0]}, {"translations": [1524.3364651585164, 25.886209638165067, 658.0], "angles": [0.0, 0.0, -0.5243304134309476], "sizes": [1.0, 1.0, 1.0]}], "SM_CardBoxD_01": [{"translations": [1087.814118017479, -24.39924474908524, 508.0], "angles": [0.0, 0.0, -0.4843812889110805], "sizes": [1.0, 1.0, 1.0]}, {"translations": [739.8741195930471, 34.79444296134389, 658.0], "angles": [0.0, 0.0, 0.997167366882553], "sizes": [1.0000000000000009, 1.0000000000000009, 1.0]}, {"translations": [305.5026487735723, 27.976514307669515, 1108.0], "angles": [0.0, 0.0, -0.7095445733603963], "sizes": [1.0000000000000002, 1.0000000000000002, 1.0]}, {"translations": [1683.7566683441319, -20.675924024394355, 508.0], "angles": [0.0, 0.0, -0.5456699118097449], "sizes": [1.0000000000000002, 1.0000000000000002, 1.0]}, {"translations": [1258.2122561099268, -26.877107264577784, 808.0], "angles": [0.0, 0.0, -0.6494311260647005], "sizes": [1.0, 1.0, 1.0]}, {"translations": [490.83386528445425, 27.059955980617204, 208.0], "angles": [0.0, 0.0, 0.9165337756362104], "sizes": [0.9999999999999996, 0.9999999999999996, 1.0]}, {"translations": [76.10281605700497, -3.723089954837911, 658.0], "angles": [0.0, 0.0, 0.9371137321879209], "sizes": [1.0000000000000004, 1.0000000000000004, 1.0]}, {"translations": [77.0445785522461, -0.000858306884765625, 208.0], "angles": [0.0, 0.0, 0.4361409025986466], "sizes": [0.9999999999999999, 0.9999999999999999, 1.0]}, {"translations": [1505.1519636726891, 32.24657261531026, 358.0], "angles": [0.0, 0.0, 0.2615555019019692], "sizes": [1.0, 1.0, 1.0]}, {"translations": [2293.130142211914, 6.360223293304443, 1108.0], "angles": [0.0, 0.0, 0.8438211213929552], "sizes": [1.0000000000000002, 1.0000000000000002, 1.0]}, {"translations": [2319.8807067871094, -6.692960262298584, 658.0], "angles": [0.0, 0.0, 0.9917908336385299], "sizes": [1.000000000000001, 1.000000000000001, 1.0]}, {"translations": [2337.351425382401, 29.293706131390348, 508.0], "angles": [0.0, 0.0, -0.7516935599999957], "sizes": [1.0000000000000004, 1.0000000000000004, 1.0]}], "SM_CardBoxD_02": [{"translations": [1147.6432146663826, -28.92463911600491, 508.0], "angles": [0.0, 0.0, 0.9960114123212522], "sizes": [1.0000000000000007, 1.0000000000000007, 1.0]}, {"translations": [323.2613527823659, -29.412626618367472, 358.0], "angles": [0.0, 0.0, 0.8161776632438095], "sizes": [1.0000000000000002, 1.0000000000000002, 1.0]}, {"translations": [244.95038152563762, -29.67545483376681, 208.0], "angles": [0.0, 0.0, 0.7295874555531207], "sizes": [1.0000000000000002, 1.0000000000000002, 1.0]}, {"translations": [1683.7881050418912, 8.306602006415595, 58.0], "angles": [0.0, 0.0, 0.9818997208495137], "sizes": [1.0000000000000004, 1.0000000000000004, 1.0]}, {"translations": [882.6964924463989, -28.57897128355907, 58.0], "angles": [0.0, 0.0, -0.7306774597132647], "sizes": [1.0000000000000002, 1.0000000000000002, 1.0]}, {"translations": [910.3057505340079, 32.55799681146341, 58.0], "angles": [-0.0, -0.0, 0.0066443424546020575], "sizes": [1.0, 1.0, 1.0]}, {"translations": [501.94247446580147, 38.11596914470931, 808.0], "angles": [0.0, 0.0, -0.6480509712393008], "sizes": [1.0000000000000004, 1.0000000000000004, 1.0]}, {"translations": [1946.8049738695931, -7.150923482850343, 1108.0], "angles": [0.0, 0.0, 0.9999801827990447], "sizes": [1.0000000000000009, 1.0000000000000009, 1.0]}, {"translations": [1843.0661336095475, -24.760398634093693, 208.0], "angles": [0.0, 0.0, 0.9492589644679313], "sizes": [1.000000000000001, 1.000000000000001, 1.0]}, {"translations": [1892.3210889514621, 39.77720591102354, 58.0], "angles": [0.0, 0.0, 0.8981935433329326], "sizes": [1.0000000000000002, 1.0000000000000002, 1.0]}, {"translations": [1541.3107272325733, -34.77934197897925, 1258.0], "angles": [0.0, 0.0, -0.7497419288217453], "sizes": [1.0, 1.0, 1.0]}, {"translations": [2254.893080532815, 31.54989917655327, 358.0], "angles": [0.0, 0.0, 0.8931083101313517], "sizes": [0.9999999999999999, 0.9999999999999999, 1.0]}, {"translations": [2248.966607138287, 34.66785830791211, 58.0], "angles": [0.0, 0.0, 0.12376823435373832], "sizes": [1.0, 1.0, 1.0]}], "SM_CardBoxA_02": [{"translations": [1092.3395123843986, 35.42985189981839, 508.0], "angles": [0.0, 0.0, -0.15957258036744396], "sizes": [1.0, 1.0, 1.0]}, {"translations": [1088.1217977057945, -0.3446375752097659, 208.0], "angles": [0.0, 0.0, 0.9993872314449668], "sizes": [1.0000000000000009, 1.0000000000000009, 1.0]}, {"translations": [1062.789936412687, 32.873697000034745, 58.0], "angles": [0.0, 0.0, 0.9767411650278099], "sizes": [1.0000000000000004, 1.0000000000000004, 1.0]}, {"translations": [653.8751322448139, -34.07325531177881, 208.0], "angles": [0.0, 0.0, 0.9412133789555182], "sizes": [1.0000000000000016, 1.0000000000000016, 1.0]}, {"translations": [279.98952159206755, -34.064442659646545, 1108.0], "angles": [0.0, 0.0, 0.6814748777178083], "sizes": [1.0000000000000004, 1.0000000000000004, 1.0]}, {"translations": [2127.727026295551, -6.868229741581472, 1258.0], "angles": [0.0, 0.0, -0.6631411861593034], "sizes": [1.0000000000000002, 1.0000000000000002, 1.0]}, {"translations": [2064.237309128431, 31.3094395431363, 208.0], "angles": [0.0, 0.0, 0.9918701975407646], "sizes": [1.0000000000000002, 1.0000000000000002, 1.0]}, {"translations": [1737.4717026589697, -24.2393564155114, 1258.0], "angles": [0.0, 0.0, -0.49457851858188473], "sizes": [0.9999999999999999, 0.9999999999999999, 1.0]}, {"translations": [1742.9288173984626, -27.947656136913036, 808.0], "angles": [0.0, 0.0, 0.8957040014277913], "sizes": [1.0, 1.0, 1.0]}, {"translations": [1745.2121290799282, -18.65799090678525, 58.0], "angles": [0.0, 0.0, 0.9995754851964862], "sizes": [1.0000000000000007, 1.0000000000000007, 1.0]}, {"translations": [1314.1475250211715, 33.785979343830746, 58.0], "angles": [0.0, 0.0, 0.9999971651949259], "sizes": [1.000000000000002, 1.000000000000002, 1.0]}, {"translations": [548.5591788656716, 4.147182735896385, 1108.0], "angles": [0.0, 0.0, 0.28253534261264535], "sizes": [1.0, 1.0, 1.0]}, {"translations": [111.95518958206424, -3.567049152033248, 1108.0], "angles": [0.0, 0.0, 0.5069376669636642], "sizes": [1.0, 1.0, 1.0]}, {"translations": [137.99453458733285, 2.2261387797690624, 358.0], "angles": [0.0, 0.0, -0.8277663012280857], "sizes": [1.0000000000000007, 1.0000000000000007, 1.0]}, {"translations": [1933.948497772137, 10.145982435132854, 658.0], "angles": [0.0, 0.0, -0.7733027997687929], "sizes": [1.0000000000000004, 1.0000000000000004, 1.0]}, {"translations": [1480.2248010306346, -25.568231068937212, 808.0], "angles": [0.0, 0.0, 0.3466138392847214], "sizes": [1.0, 1.0, 1.0]}, {"translations": [1445.176246522263, 30.539718112996848, 358.0], "angles": [0.0, 0.0, -0.13723719960284142], "sizes": [0.9999999999999999, 0.9999999999999999, 1.0]}], "SM_CardBoxB_01": [{"translations": [728.239063384062, -24.832913700822413, 1108.0], "angles": [0.0, 0.0, -0.13079250669663064], "sizes": [0.9999999999999999, 0.9999999999999999, 1.0]}, {"translations": [706.6676108061608, -7.21136724554548, 958.0], "angles": [0.0, 0.0, 0.9178693057895804], "sizes": [1.0000000000000007, 1.0000000000000007, 1.0]}, {"translations": [734.1864809490891, -19.710943985806338, 808.0], "angles": [0.0, 0.0, -0.03313654088975989], "sizes": [0.9999999999999999, 0.9999999999999999, 1.0]}, {"translations": [673.3620070226036, 8.580103565782956, 808.0], "angles": [0.0, 0.0, 0.6230803625346184], "sizes": [1.0000000000000002, 1.0000000000000002, 1.0]}, {"translations": [735.0119550920812, -25.008227182768792, 658.0], "angles": [0.0, 0.0, 0.9913240036462136], "sizes": [0.9999999999999993, 0.9999999999999993, 1.0]}, {"translations": [709.2427809233801, 34.692789646835955, 58.0], "angles": [0.0, 0.0, 0.9992923796189738], "sizes": [1.0000000000000004, 1.0000000000000004, 1.0]}, {"translations": [264.40307290950284, 6.695057567880832, 808.0], "angles": [0.0, 0.0, 0.779268823743476], "sizes": [1.0000000000000004, 1.0000000000000004, 1.0]}, {"translations": [2129.1182352983437, -6.5708077710763355, 808.0], "angles": [0.0, 0.0, -0.5650582058854762], "sizes": [1.0000000000000002, 1.0000000000000002, 1.0]}, {"translations": [1744.9272677632268, 6.858740794858857, 508.0], "angles": [0.0, 0.0, 0.9997861089255425], "sizes": [1.000000000000001, 1.000000000000001, 1.0]}, {"translations": [1347.5713523320226, -35.14447170816916, 1258.0], "angles": [0.0, 0.0, -0.5145221985862771], "sizes": [1.0, 1.0, 1.0]}, {"translations": [1351.8734420436533, -34.737030417730416, 958.0], "angles": [0.0, 0.0, 0.9682232642893198], "sizes": [1.0000000000000009, 1.0000000000000009, 1.0]}, {"translations": [1397.78750782033, 2.2284945499158155, 208.0], "angles": [0.0, 0.0, -0.18847853561486097], "sizes": [1.0, 1.0, 1.0]}, {"translations": [905.4344501985411, 25.369420757010715, 358.0], "angles": [-0.0, -0.0, 0.0038902776509262926], "sizes": [1.0, 1.0, 1.0]}, {"translations": [480.1523111063328, 36.03445928749399, 58.0], "angles": [0.0, 0.0, -0.2359168603404604], "sizes": [1.0, 1.0, 1.0]}, {"translations": [45.45915483827282, 22.16256180414991, 508.0], "angles": [0.0, 0.0, 0.9961151858815495], "sizes": [1.0000000000000004, 1.0000000000000004, 1.0]}, {"translations": [1540.5633871984007, 25.216003531096142, 1258.0], "angles": [0.0, 0.0, -0.4184309982516403], "sizes": [1.0, 1.0, 1.0]}, {"translations": [1518.3449611133817, -30.78709689049735, 508.0], "angles": [0.0, 0.0, 0.7523333324577627], "sizes": [1.0000000000000009, 1.0000000000000009, 1.0]}, {"translations": [2306.122300699175, -24.066879318829187, 958.0], "angles": [0.0, 0.0, 0.4209850110384208], "sizes": [1.0, 1.0, 1.0]}]}