{"SM_RackShelf_01": [{"translations": [200.0, 0.0, 37.0], "angles": [0.0, 0.0, 0.0], "sizes": [1.0, 1.0, 1.0]}, {"translations": [200.0, 0.0, 187.0], "angles": [0.0, 0.0, 0.0], "sizes": [1.0, 1.0, 1.0]}, {"translations": [200.0, 0.0, 337.0], "angles": [0.0, 0.0, 0.0], "sizes": [1.0, 1.0, 1.0]}, {"translations": [200.0, 0.0, 487.0], "angles": [0.0, 0.0, 0.0], "sizes": [1.0, 1.0, 1.0]}, {"translations": [200.0, 0.0, 637.0], "angles": [0.0, 0.0, 0.0], "sizes": [1.0, 1.0, 1.0]}, {"translations": [200.0, 0.0, 787.0], "angles": [0.0, 0.0, 0.0], "sizes": [1.0, 1.0, 1.0]}, {"translations": [200.0, 0.0, 937.0], "angles": [0.0, 0.0, 0.0], "sizes": [1.0, 1.0, 1.0]}, {"translations": [600.0, 0.0, 37.0], "angles": [0.0, 0.0, 0.0], "sizes": [1.0, 1.0, 1.0]}, {"translations": [600.0, 0.0, 187.0], "angles": [0.0, 0.0, 0.0], "sizes": [1.0, 1.0, 1.0]}, {"translations": [600.0, 0.0, 337.0], "angles": [0.0, 0.0, 0.0], "sizes": [1.0, 1.0, 1.0]}, {"translations": [600.0, 0.0, 487.0], "angles": [0.0, 0.0, 0.0], "sizes": [1.0, 1.0, 1.0]}, {"translations": [600.0, 0.0, 637.0], "angles": [0.0, 0.0, 0.0], "sizes": [1.0, 1.0, 1.0]}, {"translations": [600.0, 0.0, 787.0], "angles": [0.0, 0.0, 0.0], "sizes": [1.0, 1.0, 1.0]}, {"translations": [600.0, 0.0, 937.0], "angles": [0.0, 0.0, 0.0], "sizes": [1.0, 1.0, 1.0]}, {"translations": [1000.0, 0.0, 37.0], "angles": [0.0, 0.0, 0.0], "sizes": [1.0, 1.0, 1.0]}, {"translations": [1000.0, 0.0, 187.0], "angles": [0.0, 0.0, 0.0], "sizes": [1.0, 1.0, 1.0]}, {"translations": [1000.0, 0.0, 337.0], "angles": [0.0, 0.0, 0.0], "sizes": [1.0, 1.0, 1.0]}, {"translations": [1000.0, 0.0, 487.0], "angles": [0.0, 0.0, 0.0], "sizes": [1.0, 1.0, 1.0]}, {"translations": [1000.0, 0.0, 637.0], "angles": [0.0, 0.0, 0.0], "sizes": [1.0, 1.0, 1.0]}, {"translations": [1000.0, 0.0, 787.0], "angles": [0.0, 0.0, 0.0], "sizes": [1.0, 1.0, 1.0]}, {"translations": [1000.0, 0.0, 937.0], "angles": [0.0, 0.0, 0.0], "sizes": [1.0, 1.0, 1.0]}], "SM_RackFrame_03": [{"translations": [0.0, 0.0, 0.0], "angles": [0.0, 0.0, 0.0], "sizes": [1.0, 1.0, 1.0]}, {"translations": [400.0, 0.0, 0.0], "angles": [0.0, 0.0, 0.0], "sizes": [1.0, 1.0, 1.0]}, {"translations": [800.0, 0.0, 0.0], "angles": [0.0, 0.0, 0.0], "sizes": [1.0, 1.0, 1.0]}, {"translations": [0.0, 0.0, 300.0], "angles": [0.0, 0.0, 0.0], "sizes": [1.0, 1.0, 1.0]}, {"translations": [400.0, 0.0, 300.0], "angles": [0.0, 0.0, 0.0], "sizes": [1.0, 1.0, 1.0]}, {"translations": [800.0, 0.0, 300.0], "angles": [0.0, 0.0, 0.0], "sizes": [1.0, 1.0, 1.0]}, {"translations": [0.0, 0.0, 600.0], "angles": [0.0, 0.0, 0.0], "sizes": [1.0, 1.0, 1.0]}, {"translations": [400.0, 0.0, 600.0], "angles": [0.0, 0.0, 0.0], "sizes": [1.0, 1.0, 1.0]}, {"translations": [800.0, 0.0, 600.0], "angles": [0.0, 0.0, 0.0], "sizes": [1.0, 1.0, 1.0]}, {"translations": [0.0, 0.0, 900.0], "angles": [0.0, 0.0, 0.0], "sizes": [1.0, 1.0, 1.0]}, {"translations": [400.0, 0.0, 900.0], "angles": [0.0, 0.0, 0.0], "sizes": [1.0, 1.0, 1.0]}, {"translations": [800.0, 0.0, 900.0], "angles": [0.0, 0.0, 0.0], "sizes": [1.0, 1.0, 1.0]}, {"translations": [1200.0, 0.0, 0.0], "angles": [0.0, 0.0, 0.0], "sizes": [1.0, 1.0, 1.0]}, {"translations": [1200.0, 0.0, 300.0], "angles": [0.0, 0.0, 0.0], "sizes": [1.0, 1.0, 1.0]}, {"translations": [1200.0, 0.0, 600.0], "angles": [0.0, 0.0, 0.0], "sizes": [1.0, 1.0, 1.0]}, {"translations": [1200.0, 0.0, 900.0], "angles": [0.0, 0.0, 0.0], "sizes": [1.0, 1.0, 1.0]}], "SM_PaletteA_01": [{"translations": [104.04623413085938, -1.7162489891052246, 37.0], "angles": [0.0, 0.0, -0.0409611872481862], "sizes": [1.0, 1.0, 1.0]}, {"translations": [77.0445785522461, -0.000858306884765625, 187.0], "angles": [0.0, 0.0, -0.019239406898807966], "sizes": [1.0, 1.0, 1.0]}, {"translations": [167.94365692138672, 0.4796934127807617, 337.0], "angles": [0.0, 0.0, -0.011594165734026687], "sizes": [0.9999999999999999, 0.9999999999999999, 1.0]}, {"translations": [74.09922790527344, -9.138336181640625, 487.0], "angles": [0.0, 0.0, -0.03271076489814227], "sizes": [1.0, 1.0, 1.0]}, {"translations": [106.05471801757812, -5.421197414398193, 637.0], "angles": [0.0, 0.0, 0.01868022904527586], "sizes": [1.0, 1.0, 1.0]}, {"translations": [115.29872131347656, 7.166991233825684, 787.0], "angles": [0.0, 0.0, -0.036386504972737245], "sizes": [1.0, 1.0, 1.0]}, {"translations": [132.94749450683594, -1.137080192565918, 937.0], "angles": [0.0, 0.0, 0.034592611325111496], "sizes": [1.0, 1.0, 1.0]}, {"translations": [482.2792282104492, 6.109950542449951, 37.0], "angles": [0.0, 0.0, -0.025107741266880396], "sizes": [1.0, 1.0, 1.0]}, {"translations": [491.85707092285156, -2.9225897789001465, 187.0], "angles": [0.0, 0.0, 0.03879237540571499], "sizes": [1.0, 1.0, 1.0]}, {"translations": [533.3830947875977, 8.623649597167969, 337.0], "angles": [0.0, 0.0, -0.012028243190808526], "sizes": [1.0, 1.0, 1.0]}, {"translations": [494.8818664550781, 8.459146499633789, 487.0], "angles": [0.0, 0.0, 0.026550738636646167], "sizes": [0.9999999999999999, 0.9999999999999999, 1.0]}, {"translations": [541.5834045410156, 7.324190139770508, 637.0], "angles": [0.0, 0.0, -0.01934858033860751], "sizes": [1.0, 1.0, 1.0]}, {"translations": [533.2000122070312, 9.428579330444336, 787.0], "angles": [0.0, 0.0, -0.017234319069251984], "sizes": [1.0, 1.0, 1.0]}, {"translations": [479.88209533691406, -8.396973609924316, 937.0], "angles": [0.0, 0.0, 0.03049339365222778], "sizes": [1.0, 1.0, 1.0]}, {"translations": [911.4894409179688, 2.581357955932617, 37.0], "angles": [0.0, 0.0, 0.04134969596879502], "sizes": [1.0, 1.0, 1.0]}, {"translations": [962.7283554077148, 0.3313159942626953, 187.0], "angles": [0.0, 0.0, 0.037605435093562935], "sizes": [0.9999999999999999, 0.9999999999999999, 1.0]}, {"translations": [935.8382797241211, -4.22123908996582, 337.0], "angles": [0.0, 0.0, 0.016491381988021737], "sizes": [0.9999999999999999, 0.9999999999999999, 1.0]}, {"translations": [966.4827346801758, 3.2526063919067383, 487.0], "angles": [0.0, 0.0, -0.029165026127716886], "sizes": [0.9999999999999999, 0.9999999999999999, 1.0]}, {"translations": [881.7578506469727, 2.102322578430176, 637.0], "angles": [0.0, 0.0, -0.037621402752827014], "sizes": [1.0, 1.0, 1.0]}, {"translations": [922.1294860839844, 5.8795952796936035, 787.0], "angles": [0.0, 0.0, -0.03463519636855666], "sizes": [0.9999999999999999, 0.9999999999999999, 1.0]}, {"translations": [880.4381942749023, 9.166719436645508, 937.0], "angles": [0.0, 0.0, -0.040194807797636053], "sizes": [1.0, 1.0, 1.0]}, {"translations": [288.7731170654297, -1.7162489891052246, 37.0], "angles": [0.0, 0.0, 0.026734435681459934], "sizes": [1.0, 1.0, 1.0]}, {"translations": [275.2722930908203, -0.000858306884765625, 187.0], "angles": [0.0, 0.0, -0.026260544898753513], "sizes": [1.0, 1.0, 1.0]}, {"translations": [320.7218246459961, 0.4796934127807617, 337.0], "angles": [0.0, 0.0, -0.028345086763027327], "sizes": [1.0, 1.0, 1.0]}, {"translations": [273.7996139526367, -9.138336181640625, 487.0], "angles": [0.0, 0.0, 0.006712649972864443], "sizes": [1.0, 1.0, 1.0]}, {"translations": [289.77735900878906, -5.421197414398193, 637.0], "angles": [0.0, 0.0, 0.00035021607915935104], "sizes": [1.0, 1.0, 1.0]}, {"translations": [294.3993606567383, 7.166991233825684, 787.0], "angles": [0.0, 0.0, -0.003655292288219424], "sizes": [1.0, 1.0, 1.0]}, {"translations": [303.22374725341797, -1.137080192565918, 937.0], "angles": [0.0, 0.0, -0.0006431741648561793], "sizes": [0.9999999999999999, 0.9999999999999999, 1.0]}, {"translations": [677.8896102905273, 6.109950542449951, 37.0], "angles": [0.0, 0.0, 0.03398574687466472], "sizes": [0.9999999999999999, 0.9999999999999999, 1.0]}, {"translations": [682.6785354614258, -2.9225897789001465, 187.0], "angles": [0.0, 0.0, -0.032734720512072345], "sizes": [1.0, 1.0, 1.0]}, {"translations": [703.4415435791016, 8.623649597167969, 337.0], "angles": [0.0, 0.0, 0.03134256082175986], "sizes": [1.0, 1.0, 1.0]}, {"translations": [684.1909332275391, 8.459146499633789, 487.0], "angles": [0.0, 0.0, 0.015727127950717432], "sizes": [1.0, 1.0, 1.0]}, {"translations": [707.5417022705078, 7.324190139770508, 637.0], "angles": [0.0, 0.0, 0.00951162768944766], "sizes": [1.0, 1.0, 1.0]}, {"translations": [703.3500061035156, 9.428579330444336, 787.0], "angles": [0.0, 0.0, 0.022173669580300794], "sizes": [1.0, 1.0, 1.0]}, {"translations": [676.691047668457, -8.396973609924316, 937.0], "angles": [0.0, 0.0, 0.017777536273769046], "sizes": [0.9999999999999999, 0.9999999999999999, 1.0]}, {"translations": [1092.4947204589844, 2.581357955932617, 37.0], "angles": [0.0, 0.0, 0.014179957707651377], "sizes": [1.0, 1.0, 1.0]}, {"translations": [1118.1141815185547, 0.3313159942626953, 187.0], "angles": [0.0, 0.0, 0.041533300380670025], "sizes": [0.9999999999999999, 0.9999999999999999, 1.0]}, {"translations": [1104.6691436767578, -4.22123908996582, 337.0], "angles": [0.0, 0.0, -0.03250846606069848], "sizes": [1.0, 1.0, 1.0]}, {"translations": [1119.9913635253906, 3.2526063919067383, 487.0], "angles": [0.0, 0.0, 0.03597663422999828], "sizes": [1.0, 1.0, 1.0]}, {"translations": [1077.6289291381836, 2.102322578430176, 637.0], "angles": [0.0, 0.0, 0.025749376339499308], "sizes": [1.0, 1.0, 1.0]}, {"translations": [1097.8147430419922, 5.8795952796936035, 787.0], "angles": [0.0, 0.0, -0.037464382861917694], "sizes": [0.9999999999999999, 0.9999999999999999, 1.0]}, {"translations": [1076.9691009521484, 9.166719436645508, 937.0], "angles": [0.0, 0.0, -0.03804455468512405], "sizes": [1.0, 1.0, 1.0]}], "SM_CardBoxC_02": [{"translations": [1047.0559442406197, 11.44774016244554, 958.0], "angles": [0.0, 0.0, 0.9976448065373371], "sizes": [1.000000000000001, 1.000000000000001, 1.0]}, {"translations": [1063.357496653745, -28.257289694757294, 58.0], "angles": [0.0, 0.0, 0.4263760023886306], "sizes": [1.0, 1.0, 1.0]}, {"translations": [714.1760926743244, 9.402657469820111, 508.0], "angles": [0.0, 0.0, 0.9632148869801701], "sizes": [1.0000000000000016, 1.0000000000000016, 1.0]}, {"translations": [273.22377207379833, -1.0984897506564617, 958.0], "angles": [0.0, 0.0, 0.9986473252606533], "sizes": [1.0000000000000004, 1.0000000000000004, 1.0]}, {"translations": [290.7700312826123, 2.1797152706281606, 358.0], "angles": [0.0, 0.0, 0.5102549426564811], "sizes": [1.0, 1.0, 1.0]}, {"translations": [303.65582680842016, -31.53457064307937, 208.0], "angles": [0.0, 0.0, -0.04667304782628831], "sizes": [1.0, 1.0, 1.0]}, {"translations": [306.8060054270149, 28.382675410715095, 208.0], "angles": [0.0, 0.0, 0.557069816284536], "sizes": [1.0000000000000002, 1.0000000000000002, 1.0]}, {"translations": [502.67013312298695, -20.64602730211045, 358.0], "angles": [0.0, 0.0, -0.027814561330720536], "sizes": [0.9999999999999999, 0.9999999999999999, 1.0]}, {"translations": [564.0960564522084, 37.89332649644639, 358.0], "angles": [0.0, 0.0, 0.9973762321232916], "sizes": [1.0000000000000002, 1.0000000000000002, 1.0]}, {"translations": [101.59062552508666, -31.615579857458368, 58.0], "angles": [0.0, 0.0, 0.35407973274800647], "sizes": [1.0, 1.0, 1.0]}, {"translations": [76.60251186827894, 30.638690485020618, 58.0], "angles": [0.0, 0.0, 0.855183035001874], "sizes": [1.0, 1.0, 1.0]}], "SM_CardBoxD_02": [{"translations": [1109.1335976321507, -26.313445281777945, 658.0], "angles": [0.0, 0.0, -0.6427474284001526], "sizes": [1.0, 1.0, 1.0]}, {"translations": [1122.1485641704862, -26.669734515462117, 508.0], "angles": [0.0, 0.0, 0.8063192948917366], "sizes": [1.0000000000000004, 1.0000000000000004, 1.0]}, {"translations": [324.61787505915527, 36.94687349200321, 808.0], "angles": [0.0, 0.0, 0.5771808744094181], "sizes": [1.0, 1.0, 1.0]}, {"translations": [319.75633868625, 24.599808189984607, 658.0], "angles": [0.0, 0.0, 0.9998056636155205], "sizes": [1.0, 1.0, 1.0]}, {"translations": [287.1696242641437, 28.240867207822408, 58.0], "angles": [0.0, 0.0, -0.37840407427951844], "sizes": [1.0, 1.0, 1.0]}, {"translations": [850.5351316293356, 11.576458927817846, 958.0], "angles": [0.0, 0.0, 0.7658785209147422], "sizes": [1.0000000000000004, 1.0000000000000004, 1.0]}, {"translations": [909.4172422968247, -30.0684413783069, 658.0], "angles": [0.0, 0.0, 0.07820830819301144], "sizes": [0.9999999999999999, 0.9999999999999999, 1.0]}, {"translations": [994.8982354110365, -27.329103752586494, 208.0], "angles": [0.0, 0.0, 0.9487966446084845], "sizes": [1.0000000000000009, 1.0000000000000009, 1.0]}, {"translations": [879.1131688966607, 29.99991025181908, 58.0], "angles": [0.0, 0.0, 0.9695575461245776], "sizes": [1.0000000000000004, 1.0000000000000004, 1.0]}], "SM_CardBoxC_01": [{"translations": [1046.1242606442165, 30.518090438638296, 658.0], "angles": [0.0, 0.0, -0.10323482505710879], "sizes": [1.0, 1.0, 1.0]}, {"translations": [1150.500528344206, -27.075335375224565, 208.0], "angles": [0.0, 0.0, 0.8617605146870407], "sizes": [1.0000000000000004, 1.0000000000000004, 1.0]}, {"translations": [675.6245640581518, 21.584063942317773, 958.0], "angles": [0.0, 0.0, -0.450949605457919], "sizes": [1.0, 1.0, 1.0]}, {"translations": [890.124596933704, -21.971563950727372, 808.0], "angles": [0.0, 0.0, -0.17893195987323704], "sizes": [1.0, 1.0, 1.0]}, {"translations": [105.09360788393954, -33.13959571867469, 958.0], "angles": [0.0, 0.0, 0.9138639609296143], "sizes": [0.9999999999999997, 0.9999999999999997, 1.0]}], "SM_CardBoxB_02": [{"translations": [1106.0446969983918, 33.60699107239728, 658.0], "angles": [0.0, 0.0, 0.9122477619059773], "sizes": [0.9999999999999999, 0.9999999999999999, 1.0]}, {"translations": [678.1178023791574, -23.241053441522716, 658.0], "angles": [0.0, 0.0, 0.9460411659259622], "sizes": [1.0000000000000002, 1.0000000000000002, 1.0]}, {"translations": [273.7996139526367, -9.138336181640625, 508.0], "angles": [0.0, 0.0, -0.5440285244508368], "sizes": [1.0, 1.0, 1.0]}, {"translations": [481.71084813244795, -38.34118278653853, 958.0], "angles": [0.0, 0.0, 0.1343117962472049], "sizes": [1.0, 1.0, 1.0]}, {"translations": [524.839569951749, 10.051629217138602, 508.0], "angles": [0.0, 0.0, 0.18334233908755898], "sizes": [0.9999999999999999, 0.9999999999999999, 1.0]}, {"translations": [464.27315239190557, -35.15808944120001, 208.0], "angles": [0.0, 0.0, 0.351829334339254], "sizes": [1.0, 1.0, 1.0]}], "SM_CardBoxB_01": [{"translations": [1072.783074656259, -32.20835402559277, 358.0], "angles": [0.0, 0.0, -0.0987829862210556], "sizes": [1.0, 1.0, 1.0]}, {"translations": [707.7385688310044, -37.31152755186119, 958.0], "angles": [0.0, 0.0, 0.997588289386529], "sizes": [1.0000000000000009, 1.0000000000000009, 1.0]}, {"translations": [674.7095994705579, -21.872013441879226, 808.0], "angles": [0.0, 0.0, -0.6379954731745405], "sizes": [1.0000000000000004, 1.0000000000000004, 1.0]}, {"translations": [645.9209453154601, 34.00268184850728, 58.0], "angles": [0.0, 0.0, 0.17496162343116933], "sizes": [1.0, 1.0, 1.0]}, {"translations": [259.79837933132814, -35.442203018780994, 658.0], "angles": [0.0, 0.0, 0.9246527963402479], "sizes": [0.9999999999999994, 0.9999999999999994, 1.0]}, {"translations": [463.3316802409024, 36.82436727879988, 508.0], "angles": [0.0, 0.0, 0.3364033684040764], "sizes": [1.0, 1.0, 1.0]}, {"translations": [46.12502315674592, 22.75905977300527, 508.0], "angles": [0.0, 0.0, 0.9969876631148265], "sizes": [1.0000000000000002, 1.0000000000000002, 1.0]}, {"translations": [1070.1452427310292, 38.041665370743736, 808.0], "angles": [0.0, 0.0, 0.980921517461337], "sizes": [1.0000000000000009, 1.0000000000000009, 1.0]}, {"translations": [1129.9768131330422, 33.54909559065655, 808.0], "angles": [0.0, 0.0, -0.07895112747453703], "sizes": [0.9999999999999999, 0.9999999999999999, 1.0]}], "SM_CardBoxD_04": [{"translations": [1076.6820287411308, 27.66482993053288, 358.0], "angles": [0.0, 0.0, 0.842392361711762], "sizes": [0.9999999999999998, 0.9999999999999998, 1.0]}, {"translations": [706.9710304255365, 37.31876187609235, 658.0], "angles": [0.0, 0.0, -0.6827661433738322], "sizes": [1.0000000000000002, 1.0000000000000002, 1.0]}, {"translations": [703.4415435791016, 8.623649597167969, 358.0], "angles": [0.0, 0.0, -0.39612575609232065], "sizes": [1.0, 1.0, 1.0]}, {"translations": [264.40016232644103, 7.386307305945413, 808.0], "angles": [0.0, 0.0, 0.051443798768642766], "sizes": [1.0, 1.0, 1.0]}, {"translations": [350.6736180093799, -1.2203284450666372, 358.0], "angles": [0.0, 0.0, -0.7482512413520749], "sizes": [1.0000000000000004, 1.0000000000000004, 1.0]}, {"translations": [478.0533425413802, 21.5472355666899, 958.0], "angles": [0.0, 0.0, 0.9455619192387178], "sizes": [1.0000000000000004, 1.0000000000000004, 1.0]}, {"translations": [147.40102722082395, 34.90580799718258, 808.0], "angles": [0.0, 0.0, 0.5272806745807419], "sizes": [1.0, 1.0, 1.0]}, {"translations": [1095.5684581519486, -24.036189921312936, 808.0], "angles": [0.0, 0.0, 0.9248937018148522], "sizes": [1.0000000000000004, 1.0000000000000004, 1.0]}], "SM_CardBoxD_05": [{"translations": [1088.2176824209853, -2.1585317338193875, 208.0], "angles": [0.0, 0.0, 0.9961223397740864], "sizes": [1.0000000000000009, 1.0000000000000009, 1.0]}, {"translations": [246.88875937322047, 31.53285402930984, 208.0], "angles": [0.0, 0.0, -0.1304311400975343], "sizes": [0.9999999999999999, 0.9999999999999999, 1.0]}, {"translations": [907.9315174292967, -23.146082700093494, 958.0], "angles": [0.0, 0.0, -0.13445974127418503], "sizes": [1.0, 1.0, 1.0]}, {"translations": [998.1808559325267, 31.452413289672144, 508.0], "angles": [0.0, 0.0, -0.7409447483093569], "sizes": [1.0000000000000004, 1.0000000000000004, 1.0]}, {"translations": [905.8545976649136, -5.210587447400018, 358.0], "angles": [0.0, 0.0, 0.907665561273195], "sizes": [0.9999999999999999, 0.9999999999999999, 1.0]}, {"translations": [943.8657129392768, -24.837194339953847, 58.0], "angles": [0.0, 0.0, -0.19319711660208494], "sizes": [1.0, 1.0, 1.0]}, {"translations": [105.99662385991934, 18.835868566886894, 508.0], "angles": [0.0, 0.0, -0.7839666828530177], "sizes": [1.0000000000000004, 1.0000000000000004, 1.0]}, {"translations": [197.23998825443266, -30.207844292685117, 358.0], "angles": [0.0, 0.0, -0.2078609792034715], "sizes": [1.0, 1.0, 1.0]}], "SM_CardBoxD_03": [{"translations": [1123.3333681096742, -26.55586584930658, 58.0], "angles": [0.0, 0.0, -0.7591539593462224], "sizes": [1.0000000000000002, 1.0000000000000002, 1.0]}, {"translations": [707.8203084310896, 8.147917376954892, 58.0], "angles": [0.0, 0.0, 0.9919515539189726], "sizes": [1.0000000000000004, 1.0000000000000004, 1.0]}, {"translations": [333.26231287494704, 28.824304545144248, 958.0], "angles": [0.0, 0.0, 0.834325595961602], "sizes": [1.0000000000000002, 1.0000000000000002, 1.0]}, {"translations": [894.2783268535634, 37.88448442997401, 808.0], "angles": [0.0, 0.0, 0.8093950243963307], "sizes": [1.0000000000000004, 1.0000000000000004, 1.0]}, {"translations": [459.6215712605517, 24.661328752045836, 208.0], "angles": [0.0, 0.0, 0.9952360668340193], "sizes": [1.0000000000000009, 1.0000000000000009, 1.0]}, {"translations": [519.4409894537976, 29.31290988339972, 208.0], "angles": [0.0, 0.0, 0.2005581719239064], "sizes": [1.0, 1.0, 1.0]}], "SM_CardBoxA_02": [{"translations": [733.3205058061562, 10.758672400127278, 808.0], "angles": [0.0, 0.0, 0.3609480852989404], "sizes": [1.0, 1.0, 1.0]}, {"translations": [562.1482853380845, -21.587504928048652, 808.0], "angles": [0.0, 0.0, 0.1669927425491149], "sizes": [1.0, 1.0, 1.0]}, {"translations": [534.2339177707511, 39.41075802521749, 808.0], "angles": [0.0, 0.0, -0.5524922719189195], "sizes": [1.0000000000000002, 1.0000000000000002, 1.0]}, {"translations": [572.7216399828982, 36.1410305905536, 658.0], "angles": [0.0, 0.0, -0.040578152265257364], "sizes": [0.9999999999999999, 0.9999999999999999, 1.0]}, {"translations": [562.6527716868761, -22.089312067442744, 358.0], "angles": [0.0, 0.0, -0.13334409884259157], "sizes": [1.0, 1.0, 1.0]}, {"translations": [504.11341788831925, 39.336611261778685, 358.0], "angles": [0.0, 0.0, -0.06076766572359965], "sizes": [1.0, 1.0, 1.0]}, {"translations": [483.78521777500214, 36.07212662215848, 58.0], "angles": [0.0, 0.0, 0.9303214314943216], "sizes": [0.9999999999999999, 0.9999999999999999, 1.0]}, {"translations": [137.9517224021308, 1.1752965989907227, 358.0], "angles": [0.0, 0.0, -0.8178043202494657], "sizes": [1.0000000000000004, 1.0000000000000004, 1.0]}], "SM_CardBoxA_01": [{"translations": [684.6415660916872, 27.013116505479644, 208.0], "angles": [0.0, 0.0, 0.8769068278949067], "sizes": [1.0000000000000002, 1.0000000000000002, 1.0]}, {"translations": [932.8132055326295, -1.9234141339735444, 208.0], "angles": [0.0, 0.0, 0.6226930419966601], "sizes": [1.0000000000000004, 1.0000000000000004, 1.0]}, {"translations": [83.19641540612918, -20.571825529531214, 808.0], "angles": [0.0, 0.0, 0.9839838433675614], "sizes": [0.9999999999999999, 0.9999999999999999, 1.0]}], "SM_CardBoxD_01": [{"translations": [243.7385807546257, -28.384392024484626, 208.0], "angles": [0.0, 0.0, -0.02558703319611578], "sizes": [0.9999999999999999, 0.9999999999999999, 1.0]}, {"translations": [934.7846134278249, -24.947200505858667, 508.0], "angles": [0.0, 0.0, -0.379059557477544], "sizes": [1.0, 1.0, 1.0]}, {"translations": [511.6058665946828, 8.484887635320243, 658.0], "angles": [0.0, 0.0, 0.38209051828548013], "sizes": [1.0, 1.0, 1.0]}, {"translations": [76.07565507500917, -6.5418155855378615, 658.0], "angles": [0.0, 0.0, 0.9196814751452385], "sizes": [1.0000000000000007, 1.0000000000000007, 1.0]}, {"translations": [77.0445785522461, -0.000858306884765625, 208.0], "angles": [0.0, 0.0, 0.4189731656205261], "sizes": [1.0, 1.0, 1.0]}]}