{"SM_RackShelf_01": [{"translations": [200.0, 0.0, 37.0], "angles": [0.0, 0.0, 0.0], "sizes": [1.0, 1.0, 1.0]}, {"translations": [200.0, 0.0, 187.0], "angles": [0.0, 0.0, 0.0], "sizes": [1.0, 1.0, 1.0]}, {"translations": [200.0, 0.0, 337.0], "angles": [0.0, 0.0, 0.0], "sizes": [1.0, 1.0, 1.0]}, {"translations": [200.0, 0.0, 487.0], "angles": [0.0, 0.0, 0.0], "sizes": [1.0, 1.0, 1.0]}, {"translations": [200.0, 0.0, 637.0], "angles": [0.0, 0.0, 0.0], "sizes": [1.0, 1.0, 1.0]}, {"translations": [200.0, 0.0, 787.0], "angles": [0.0, 0.0, 0.0], "sizes": [1.0, 1.0, 1.0]}, {"translations": [200.0, 0.0, 937.0], "angles": [0.0, 0.0, 0.0], "sizes": [1.0, 1.0, 1.0]}, {"translations": [200.0, 0.0, 1087.0], "angles": [0.0, 0.0, 0.0], "sizes": [1.0, 1.0, 1.0]}, {"translations": [200.0, 0.0, 1237.0], "angles": [0.0, 0.0, 0.0], "sizes": [1.0, 1.0, 1.0]}, {"translations": [600.0, 0.0, 37.0], "angles": [0.0, 0.0, 0.0], "sizes": [1.0, 1.0, 1.0]}, {"translations": [600.0, 0.0, 187.0], "angles": [0.0, 0.0, 0.0], "sizes": [1.0, 1.0, 1.0]}, {"translations": [600.0, 0.0, 337.0], "angles": [0.0, 0.0, 0.0], "sizes": [1.0, 1.0, 1.0]}, {"translations": [600.0, 0.0, 487.0], "angles": [0.0, 0.0, 0.0], "sizes": [1.0, 1.0, 1.0]}, {"translations": [600.0, 0.0, 637.0], "angles": [0.0, 0.0, 0.0], "sizes": [1.0, 1.0, 1.0]}, {"translations": [600.0, 0.0, 787.0], "angles": [0.0, 0.0, 0.0], "sizes": [1.0, 1.0, 1.0]}, {"translations": [600.0, 0.0, 937.0], "angles": [0.0, 0.0, 0.0], "sizes": [1.0, 1.0, 1.0]}, {"translations": [600.0, 0.0, 1087.0], "angles": [0.0, 0.0, 0.0], "sizes": [1.0, 1.0, 1.0]}, {"translations": [600.0, 0.0, 1237.0], "angles": [0.0, 0.0, 0.0], "sizes": [1.0, 1.0, 1.0]}, {"translations": [1000.0, 0.0, 37.0], "angles": [0.0, 0.0, 0.0], "sizes": [1.0, 1.0, 1.0]}, {"translations": [1000.0, 0.0, 187.0], "angles": [0.0, 0.0, 0.0], "sizes": [1.0, 1.0, 1.0]}, {"translations": [1000.0, 0.0, 337.0], "angles": [0.0, 0.0, 0.0], "sizes": [1.0, 1.0, 1.0]}, {"translations": [1000.0, 0.0, 487.0], "angles": [0.0, 0.0, 0.0], "sizes": [1.0, 1.0, 1.0]}, {"translations": [1000.0, 0.0, 637.0], "angles": [0.0, 0.0, 0.0], "sizes": [1.0, 1.0, 1.0]}, {"translations": [1000.0, 0.0, 787.0], "angles": [0.0, 0.0, 0.0], "sizes": [1.0, 1.0, 1.0]}, {"translations": [1000.0, 0.0, 937.0], "angles": [0.0, 0.0, 0.0], "sizes": [1.0, 1.0, 1.0]}, {"translations": [1000.0, 0.0, 1087.0], "angles": [0.0, 0.0, 0.0], "sizes": [1.0, 1.0, 1.0]}, {"translations": [1000.0, 0.0, 1237.0], "angles": [0.0, 0.0, 0.0], "sizes": [1.0, 1.0, 1.0]}, {"translations": [1400.0, 0.0, 37.0], "angles": [0.0, 0.0, 0.0], "sizes": [1.0, 1.0, 1.0]}, {"translations": [1400.0, 0.0, 187.0], "angles": [0.0, 0.0, 0.0], "sizes": [1.0, 1.0, 1.0]}, {"translations": [1400.0, 0.0, 337.0], "angles": [0.0, 0.0, 0.0], "sizes": [1.0, 1.0, 1.0]}, {"translations": [1400.0, 0.0, 487.0], "angles": [0.0, 0.0, 0.0], "sizes": [1.0, 1.0, 1.0]}, {"translations": [1400.0, 0.0, 637.0], "angles": [0.0, 0.0, 0.0], "sizes": [1.0, 1.0, 1.0]}, {"translations": [1400.0, 0.0, 787.0], "angles": [0.0, 0.0, 0.0], "sizes": [1.0, 1.0, 1.0]}, {"translations": [1400.0, 0.0, 937.0], "angles": [0.0, 0.0, 0.0], "sizes": [1.0, 1.0, 1.0]}, {"translations": [1400.0, 0.0, 1087.0], "angles": [0.0, 0.0, 0.0], "sizes": [1.0, 1.0, 1.0]}, {"translations": [1400.0, 0.0, 1237.0], "angles": [0.0, 0.0, 0.0], "sizes": [1.0, 1.0, 1.0]}, {"translations": [1800.0, 0.0, 37.0], "angles": [0.0, 0.0, 0.0], "sizes": [1.0, 1.0, 1.0]}, {"translations": [1800.0, 0.0, 187.0], "angles": [0.0, 0.0, 0.0], "sizes": [1.0, 1.0, 1.0]}, {"translations": [1800.0, 0.0, 337.0], "angles": [0.0, 0.0, 0.0], "sizes": [1.0, 1.0, 1.0]}, {"translations": [1800.0, 0.0, 487.0], "angles": [0.0, 0.0, 0.0], "sizes": [1.0, 1.0, 1.0]}, {"translations": [1800.0, 0.0, 637.0], "angles": [0.0, 0.0, 0.0], "sizes": [1.0, 1.0, 1.0]}, {"translations": [1800.0, 0.0, 787.0], "angles": [0.0, 0.0, 0.0], "sizes": [1.0, 1.0, 1.0]}, {"translations": [1800.0, 0.0, 937.0], "angles": [0.0, 0.0, 0.0], "sizes": [1.0, 1.0, 1.0]}, {"translations": [1800.0, 0.0, 1087.0], "angles": [0.0, 0.0, 0.0], "sizes": [1.0, 1.0, 1.0]}, {"translations": [1800.0, 0.0, 1237.0], "angles": [0.0, 0.0, 0.0], "sizes": [1.0, 1.0, 1.0]}, {"translations": [2200.0, 0.0, 37.0], "angles": [0.0, 0.0, 0.0], "sizes": [1.0, 1.0, 1.0]}, {"translations": [2200.0, 0.0, 187.0], "angles": [0.0, 0.0, 0.0], "sizes": [1.0, 1.0, 1.0]}, {"translations": [2200.0, 0.0, 337.0], "angles": [0.0, 0.0, 0.0], "sizes": [1.0, 1.0, 1.0]}, {"translations": [2200.0, 0.0, 487.0], "angles": [0.0, 0.0, 0.0], "sizes": [1.0, 1.0, 1.0]}, {"translations": [2200.0, 0.0, 637.0], "angles": [0.0, 0.0, 0.0], "sizes": [1.0, 1.0, 1.0]}, {"translations": [2200.0, 0.0, 787.0], "angles": [0.0, 0.0, 0.0], "sizes": [1.0, 1.0, 1.0]}, {"translations": [2200.0, 0.0, 937.0], "angles": [0.0, 0.0, 0.0], "sizes": [1.0, 1.0, 1.0]}, {"translations": [2200.0, 0.0, 1087.0], "angles": [0.0, 0.0, 0.0], "sizes": [1.0, 1.0, 1.0]}, {"translations": [2200.0, 0.0, 1237.0], "angles": [0.0, 0.0, 0.0], "sizes": [1.0, 1.0, 1.0]}, {"translations": [2600.0, 0.0, 37.0], "angles": [0.0, 0.0, 0.0], "sizes": [1.0, 1.0, 1.0]}, {"translations": [2600.0, 0.0, 187.0], "angles": [0.0, 0.0, 0.0], "sizes": [1.0, 1.0, 1.0]}, {"translations": [2600.0, 0.0, 337.0], "angles": [0.0, 0.0, 0.0], "sizes": [1.0, 1.0, 1.0]}, {"translations": [2600.0, 0.0, 487.0], "angles": [0.0, 0.0, 0.0], "sizes": [1.0, 1.0, 1.0]}, {"translations": [2600.0, 0.0, 637.0], "angles": [0.0, 0.0, 0.0], "sizes": [1.0, 1.0, 1.0]}, {"translations": [2600.0, 0.0, 787.0], "angles": [0.0, 0.0, 0.0], "sizes": [1.0, 1.0, 1.0]}, {"translations": [2600.0, 0.0, 937.0], "angles": [0.0, 0.0, 0.0], "sizes": [1.0, 1.0, 1.0]}, {"translations": [2600.0, 0.0, 1087.0], "angles": [0.0, 0.0, 0.0], "sizes": [1.0, 1.0, 1.0]}, {"translations": [2600.0, 0.0, 1237.0], "angles": [0.0, 0.0, 0.0], "sizes": [1.0, 1.0, 1.0]}, {"translations": [3000.0, 0.0, 37.0], "angles": [0.0, 0.0, 0.0], "sizes": [1.0, 1.0, 1.0]}, {"translations": [3000.0, 0.0, 187.0], "angles": [0.0, 0.0, 0.0], "sizes": [1.0, 1.0, 1.0]}, {"translations": [3000.0, 0.0, 337.0], "angles": [0.0, 0.0, 0.0], "sizes": [1.0, 1.0, 1.0]}, {"translations": [3000.0, 0.0, 487.0], "angles": [0.0, 0.0, 0.0], "sizes": [1.0, 1.0, 1.0]}, {"translations": [3000.0, 0.0, 637.0], "angles": [0.0, 0.0, 0.0], "sizes": [1.0, 1.0, 1.0]}, {"translations": [3000.0, 0.0, 787.0], "angles": [0.0, 0.0, 0.0], "sizes": [1.0, 1.0, 1.0]}, {"translations": [3000.0, 0.0, 937.0], "angles": [0.0, 0.0, 0.0], "sizes": [1.0, 1.0, 1.0]}, {"translations": [3000.0, 0.0, 1087.0], "angles": [0.0, 0.0, 0.0], "sizes": [1.0, 1.0, 1.0]}, {"translations": [3000.0, 0.0, 1237.0], "angles": [0.0, 0.0, 0.0], "sizes": [1.0, 1.0, 1.0]}, {"translations": [3400.0, 0.0, 37.0], "angles": [0.0, 0.0, 0.0], "sizes": [1.0, 1.0, 1.0]}, {"translations": [3400.0, 0.0, 187.0], "angles": [0.0, 0.0, 0.0], "sizes": [1.0, 1.0, 1.0]}, {"translations": [3400.0, 0.0, 337.0], "angles": [0.0, 0.0, 0.0], "sizes": [1.0, 1.0, 1.0]}, {"translations": [3400.0, 0.0, 487.0], "angles": [0.0, 0.0, 0.0], "sizes": [1.0, 1.0, 1.0]}, {"translations": [3400.0, 0.0, 637.0], "angles": [0.0, 0.0, 0.0], "sizes": [1.0, 1.0, 1.0]}, {"translations": [3400.0, 0.0, 787.0], "angles": [0.0, 0.0, 0.0], "sizes": [1.0, 1.0, 1.0]}, {"translations": [3400.0, 0.0, 937.0], "angles": [0.0, 0.0, 0.0], "sizes": [1.0, 1.0, 1.0]}, {"translations": [3400.0, 0.0, 1087.0], "angles": [0.0, 0.0, 0.0], "sizes": [1.0, 1.0, 1.0]}, {"translations": [3400.0, 0.0, 1237.0], "angles": [0.0, 0.0, 0.0], "sizes": [1.0, 1.0, 1.0]}], "SM_RackFrame_03": [{"translations": [0.0, 0.0, 0.0], "angles": [0.0, 0.0, 0.0], "sizes": [1.0, 1.0, 1.0]}, {"translations": [400.0, 0.0, 0.0], "angles": [0.0, 0.0, 0.0], "sizes": [1.0, 1.0, 1.0]}, {"translations": [800.0, 0.0, 0.0], "angles": [0.0, 0.0, 0.0], "sizes": [1.0, 1.0, 1.0]}, {"translations": [1200.0, 0.0, 0.0], "angles": [0.0, 0.0, 0.0], "sizes": [1.0, 1.0, 1.0]}, {"translations": [1600.0, 0.0, 0.0], "angles": [0.0, 0.0, 0.0], "sizes": [1.0, 1.0, 1.0]}, {"translations": [2000.0, 0.0, 0.0], "angles": [0.0, 0.0, 0.0], "sizes": [1.0, 1.0, 1.0]}, {"translations": [2400.0, 0.0, 0.0], "angles": [0.0, 0.0, 0.0], "sizes": [1.0, 1.0, 1.0]}, {"translations": [2800.0, 0.0, 0.0], "angles": [0.0, 0.0, 0.0], "sizes": [1.0, 1.0, 1.0]}, {"translations": [3200.0, 0.0, 0.0], "angles": [0.0, 0.0, 0.0], "sizes": [1.0, 1.0, 1.0]}, {"translations": [0.0, 0.0, 300.0], "angles": [0.0, 0.0, 0.0], "sizes": [1.0, 1.0, 1.0]}, {"translations": [400.0, 0.0, 300.0], "angles": [0.0, 0.0, 0.0], "sizes": [1.0, 1.0, 1.0]}, {"translations": [800.0, 0.0, 300.0], "angles": [0.0, 0.0, 0.0], "sizes": [1.0, 1.0, 1.0]}, {"translations": [1200.0, 0.0, 300.0], "angles": [0.0, 0.0, 0.0], "sizes": [1.0, 1.0, 1.0]}, {"translations": [1600.0, 0.0, 300.0], "angles": [0.0, 0.0, 0.0], "sizes": [1.0, 1.0, 1.0]}, {"translations": [2000.0, 0.0, 300.0], "angles": [0.0, 0.0, 0.0], "sizes": [1.0, 1.0, 1.0]}, {"translations": [2400.0, 0.0, 300.0], "angles": [0.0, 0.0, 0.0], "sizes": [1.0, 1.0, 1.0]}, {"translations": [2800.0, 0.0, 300.0], "angles": [0.0, 0.0, 0.0], "sizes": [1.0, 1.0, 1.0]}, {"translations": [3200.0, 0.0, 300.0], "angles": [0.0, 0.0, 0.0], "sizes": [1.0, 1.0, 1.0]}, {"translations": [0.0, 0.0, 600.0], "angles": [0.0, 0.0, 0.0], "sizes": [1.0, 1.0, 1.0]}, {"translations": [400.0, 0.0, 600.0], "angles": [0.0, 0.0, 0.0], "sizes": [1.0, 1.0, 1.0]}, {"translations": [800.0, 0.0, 600.0], "angles": [0.0, 0.0, 0.0], "sizes": [1.0, 1.0, 1.0]}, {"translations": [1200.0, 0.0, 600.0], "angles": [0.0, 0.0, 0.0], "sizes": [1.0, 1.0, 1.0]}, {"translations": [1600.0, 0.0, 600.0], "angles": [0.0, 0.0, 0.0], "sizes": [1.0, 1.0, 1.0]}, {"translations": [2000.0, 0.0, 600.0], "angles": [0.0, 0.0, 0.0], "sizes": [1.0, 1.0, 1.0]}, {"translations": [2400.0, 0.0, 600.0], "angles": [0.0, 0.0, 0.0], "sizes": [1.0, 1.0, 1.0]}, {"translations": [2800.0, 0.0, 600.0], "angles": [0.0, 0.0, 0.0], "sizes": [1.0, 1.0, 1.0]}, {"translations": [3200.0, 0.0, 600.0], "angles": [0.0, 0.0, 0.0], "sizes": [1.0, 1.0, 1.0]}, {"translations": [0.0, 0.0, 900.0], "angles": [0.0, 0.0, 0.0], "sizes": [1.0, 1.0, 1.0]}, {"translations": [400.0, 0.0, 900.0], "angles": [0.0, 0.0, 0.0], "sizes": [1.0, 1.0, 1.0]}, {"translations": [800.0, 0.0, 900.0], "angles": [0.0, 0.0, 0.0], "sizes": [1.0, 1.0, 1.0]}, {"translations": [1200.0, 0.0, 900.0], "angles": [0.0, 0.0, 0.0], "sizes": [1.0, 1.0, 1.0]}, {"translations": [1600.0, 0.0, 900.0], "angles": [0.0, 0.0, 0.0], "sizes": [1.0, 1.0, 1.0]}, {"translations": [2000.0, 0.0, 900.0], "angles": [0.0, 0.0, 0.0], "sizes": [1.0, 1.0, 1.0]}, {"translations": [2400.0, 0.0, 900.0], "angles": [0.0, 0.0, 0.0], "sizes": [1.0, 1.0, 1.0]}, {"translations": [2800.0, 0.0, 900.0], "angles": [0.0, 0.0, 0.0], "sizes": [1.0, 1.0, 1.0]}, {"translations": [3200.0, 0.0, 900.0], "angles": [0.0, 0.0, 0.0], "sizes": [1.0, 1.0, 1.0]}, {"translations": [0.0, 0.0, 1200.0], "angles": [0.0, 0.0, 0.0], "sizes": [1.0, 1.0, 1.0]}, {"translations": [400.0, 0.0, 1200.0], "angles": [0.0, 0.0, 0.0], "sizes": [1.0, 1.0, 1.0]}, {"translations": [800.0, 0.0, 1200.0], "angles": [0.0, 0.0, 0.0], "sizes": [1.0, 1.0, 1.0]}, {"translations": [1200.0, 0.0, 1200.0], "angles": [0.0, 0.0, 0.0], "sizes": [1.0, 1.0, 1.0]}, {"translations": [1600.0, 0.0, 1200.0], "angles": [0.0, 0.0, 0.0], "sizes": [1.0, 1.0, 1.0]}, {"translations": [2000.0, 0.0, 1200.0], "angles": [0.0, 0.0, 0.0], "sizes": [1.0, 1.0, 1.0]}, {"translations": [2400.0, 0.0, 1200.0], "angles": [0.0, 0.0, 0.0], "sizes": [1.0, 1.0, 1.0]}, {"translations": [2800.0, 0.0, 1200.0], "angles": [0.0, 0.0, 0.0], "sizes": [1.0, 1.0, 1.0]}, {"translations": [3200.0, 0.0, 1200.0], "angles": [0.0, 0.0, 0.0], "sizes": [1.0, 1.0, 1.0]}, {"translations": [3600.0, 0.0, 0.0], "angles": [0.0, 0.0, 0.0], "sizes": [1.0, 1.0, 1.0]}, {"translations": [3600.0, 0.0, 300.0], "angles": [0.0, 0.0, 0.0], "sizes": [1.0, 1.0, 1.0]}, {"translations": [3600.0, 0.0, 600.0], "angles": [0.0, 0.0, 0.0], "sizes": [1.0, 1.0, 1.0]}, {"translations": [3600.0, 0.0, 900.0], "angles": [0.0, 0.0, 0.0], "sizes": [1.0, 1.0, 1.0]}, {"translations": [3600.0, 0.0, 1200.0], "angles": [0.0, 0.0, 0.0], "sizes": [1.0, 1.0, 1.0]}], "SM_PaletteA_01": [{"translations": [104.04623413085938, -1.7162489891052246, 37.0], "angles": [0.0, 0.0, -0.03514090556519455], "sizes": [0.9999999999999999, 0.9999999999999999, 1.0]}, {"translations": [77.0445785522461, -0.000858306884765625, 187.0], "angles": [0.0, 0.0, 0.005671342787638142], "sizes": [0.9999999999999999, 0.9999999999999999, 1.0]}, {"translations": [167.94365692138672, 0.4796934127807617, 337.0], "angles": [0.0, 0.0, -0.0348374807028123], "sizes": [1.0, 1.0, 1.0]}, {"translations": [74.09922790527344, -9.138336181640625, 487.0], "angles": [0.0, 0.0, -0.04240607246625562], "sizes": [0.9999999999999999, 0.9999999999999999, 1.0]}, {"translations": [106.05471801757812, -5.421197414398193, 637.0], "angles": [0.0, 0.0, -0.026103468098980696], "sizes": [1.0, 1.0, 1.0]}, {"translations": [115.29872131347656, 7.166991233825684, 787.0], "angles": [0.0, 0.0, 0.034643181057204014], "sizes": [0.9999999999999999, 0.9999999999999999, 1.0]}, {"translations": [132.94749450683594, -1.137080192565918, 937.0], "angles": [0.0, 0.0, -0.006302521449369139], "sizes": [1.0, 1.0, 1.0]}, {"translations": [141.91117095947266, -1.9424939155578613, 1087.0], "angles": [0.0, 0.0, -0.01681624986130392], "sizes": [0.9999999999999999, 0.9999999999999999, 1.0]}, {"translations": [171.65704727172852, -8.041610717773438, 1237.0], "angles": [0.0, 0.0, 0.023102905771496457], "sizes": [1.0, 1.0, 1.0]}, {"translations": [482.2792282104492, 6.109950542449951, 37.0], "angles": [0.0, 0.0, -0.037469705444294246], "sizes": [1.0, 1.0, 1.0]}, {"translations": [491.85707092285156, -2.9225897789001465, 187.0], "angles": [0.0, 0.0, 0.019172835991951978], "sizes": [1.0, 1.0, 1.0]}, {"translations": [533.3830947875977, 8.623649597167969, 337.0], "angles": [0.0, 0.0, 0.02350760670898785], "sizes": [1.0, 1.0, 1.0]}, {"translations": [494.8818664550781, 8.459146499633789, 487.0], "angles": [0.0, 0.0, -0.04025601092663811], "sizes": [1.0, 1.0, 1.0]}, {"translations": [541.5834045410156, 7.324190139770508, 637.0], "angles": [0.0, 0.0, -0.022051192043907927], "sizes": [0.9999999999999999, 0.9999999999999999, 1.0]}, {"translations": [533.2000122070312, 9.428579330444336, 787.0], "angles": [0.0, 0.0, -0.021002116486772405], "sizes": [1.0, 1.0, 1.0]}, {"translations": [479.88209533691406, -8.396973609924316, 937.0], "angles": [0.0, 0.0, 0.02160653763860834], "sizes": [1.0, 1.0, 1.0]}, {"translations": [518.589485168457, 2.799050807952881, 1087.0], "angles": [0.0, 0.0, 0.0342705474297522], "sizes": [1.0, 1.0, 1.0]}, {"translations": [505.95130920410156, 9.096426963806152, 1237.0], "angles": [0.0, 0.0, 0.006813852981059088], "sizes": [1.0, 1.0, 1.0]}, {"translations": [911.4894409179688, 2.581357955932617, 37.0], "angles": [0.0, 0.0, 0.02683559949396196], "sizes": [1.0, 1.0, 1.0]}, {"translations": [962.7283554077148, 0.3313159942626953, 187.0], "angles": [0.0, 0.0, 0.0278472556086652], "sizes": [0.9999999999999999, 0.9999999999999999, 1.0]}, {"translations": [935.8382797241211, -4.22123908996582, 337.0], "angles": [0.0, 0.0, 0.0013968691493662384], "sizes": [1.0, 1.0, 1.0]}, {"translations": [966.4827346801758, 3.2526063919067383, 487.0], "angles": [0.0, 0.0, -0.023062964838914648], "sizes": [1.0, 1.0, 1.0]}, {"translations": [881.7578506469727, 2.102322578430176, 637.0], "angles": [0.0, 0.0, -0.032308827662292955], "sizes": [0.9999999999999999, 0.9999999999999999, 1.0]}, {"translations": [922.1294860839844, 5.8795952796936035, 787.0], "angles": [0.0, 0.0, -0.014249196020865475], "sizes": [1.0, 1.0, 1.0]}, {"translations": [880.4381942749023, 9.166719436645508, 937.0], "angles": [0.0, 0.0, -0.008414415641066455], "sizes": [1.0, 1.0, 1.0]}, {"translations": [910.0795974731445, 0.4271697998046875, 1087.0], "angles": [0.0, 0.0, 0.006507585847948979], "sizes": [0.9999999999999999, 0.9999999999999999, 1.0]}, {"translations": [953.6557540893555, 6.80105447769165, 1237.0], "angles": [0.0, 0.0, -0.031278674213828926], "sizes": [1.0, 1.0, 1.0]}, {"translations": [1312.5039825439453, 3.831033706665039, 37.0], "angles": [0.0, 0.0, -0.033469373015707515], "sizes": [1.0, 1.0, 1.0]}, {"translations": [1367.7973022460938, 1.4619636535644531, 187.0], "angles": [0.0, 0.0, 0.03647433510879004], "sizes": [1.0, 1.0, 1.0]}, {"translations": [1278.5350646972656, 1.4052867889404297, 337.0], "angles": [0.0, 0.0, 0.006448997533439218], "sizes": [1.0, 1.0, 1.0]}, {"translations": [1300.343391418457, -2.281332015991211, 487.0], "angles": [0.0, 0.0, -0.025765350004603334], "sizes": [1.0, 1.0, 1.0]}, {"translations": [1315.598030090332, -4.324848651885986, 637.0], "angles": [0.0, 0.0, 0.015258457457010615], "sizes": [1.0, 1.0, 1.0]}, {"translations": [1286.8436584472656, 4.431722164154053, 787.0], "angles": [0.0, 0.0, -0.025874505286431135], "sizes": [1.0, 1.0, 1.0]}, {"translations": [1352.2860984802246, -4.739868640899658, 937.0], "angles": [0.0, 0.0, -0.024434149551510628], "sizes": [1.0, 1.0, 1.0]}, {"translations": [1276.7451858520508, 9.815754890441895, 1087.0], "angles": [0.0, 0.0, 0.009168084492661587], "sizes": [1.0, 1.0, 1.0]}, {"translations": [1348.378776550293, -5.155339241027832, 1237.0], "angles": [0.0, 0.0, 0.036743142391467545], "sizes": [0.9999999999999999, 0.9999999999999999, 1.0]}, {"translations": [1713.750633239746, 9.805569648742676, 37.0], "angles": [0.0, 0.0, 0.02045094393036567], "sizes": [1.0, 1.0, 1.0]}, {"translations": [1675.6761093139648, 3.6362338066101074, 187.0], "angles": [0.0, 0.0, 0.04226238653567932], "sizes": [0.9999999999999999, 0.9999999999999999, 1.0]}, {"translations": [1697.231704711914, 6.969821453094482, 337.0], "angles": [0.0, 0.0, 0.021167199928139806], "sizes": [1.0, 1.0, 1.0]}, {"translations": [1714.9520950317383, 8.078994750976562, 487.0], "angles": [0.0, 0.0, 0.018331404286798872], "sizes": [1.0, 1.0, 1.0]}, {"translations": [1734.4088516235352, 9.549428939819336, 637.0], "angles": [0.0, 0.0, -0.019154199367919844], "sizes": [1.0, 1.0, 1.0]}, {"translations": [1715.0519256591797, 4.0348219871521, 787.0], "angles": [0.0, 0.0, -0.03888817686159977], "sizes": [0.9999999999999999, 0.9999999999999999, 1.0]}, {"translations": [1741.4865112304688, -3.541259765625, 937.0], "angles": [0.0, 0.0, -0.03782100599824611], "sizes": [1.0, 1.0, 1.0]}, {"translations": [1760.2896919250488, -9.471297264099121, 1087.0], "angles": [0.0, 0.0, -0.02937799395994285], "sizes": [1.0, 1.0, 1.0]}, {"translations": [1707.2485885620117, 5.535857677459717, 1237.0], "angles": [0.0, 0.0, 0.006054846994900947], "sizes": [1.0, 1.0, 1.0]}, {"translations": [2079.5151443481445, 2.395656108856201, 37.0], "angles": [0.0, 0.0, -0.0026006544959481814], "sizes": [1.0, 1.0, 1.0]}, {"translations": [2093.033576965332, 0.1521778106689453, 187.0], "angles": [0.0, 0.0, -0.018738808333831288], "sizes": [1.0, 1.0, 1.0]}, {"translations": [2094.2071533203125, 0.5452275276184082, 337.0], "angles": [0.0, 0.0, -0.029322089590740855], "sizes": [0.9999999999999999, 0.9999999999999999, 1.0]}, {"translations": [2138.9098052978516, 0.4858231544494629, 487.0], "angles": [0.0, 0.0, -0.006382417275763621], "sizes": [1.0, 1.0, 1.0]}, {"translations": [2166.2614097595215, -6.692960262298584, 637.0], "angles": [0.0, 0.0, 0.028744410622883992], "sizes": [0.9999999999999999, 0.9999999999999999, 1.0]}, {"translations": [2099.147735595703, -7.900900840759277, 787.0], "angles": [0.0, 0.0, 0.03343476921874341], "sizes": [1.0, 1.0, 1.0]}, {"translations": [2075.7228469848633, 4.342007637023926, 937.0], "angles": [0.0, 0.0, 0.03763470912820951], "sizes": [1.0, 1.0, 1.0]}, {"translations": [2112.7602767944336, 6.360223293304443, 1087.0], "angles": [0.0, 0.0, 0.01550610733525065], "sizes": [1.0, 1.0, 1.0]}, {"translations": [2157.669101715088, -8.731592178344727, 1237.0], "angles": [0.0, 0.0, 0.01824353050723034], "sizes": [1.0, 1.0, 1.0]}, {"translations": [2498.907196044922, -4.518120288848877, 37.0], "angles": [0.0, 0.0, -0.0021745369356141004], "sizes": [1.0, 1.0, 1.0]}, {"translations": [2502.4140243530273, -5.466940402984619, 187.0], "angles": [0.0, 0.0, -0.036437071479074115], "sizes": [1.0, 1.0, 1.0]}, {"translations": [2532.563407897949, 9.540740966796875, 337.0], "angles": [0.0, 0.0, 0.007586170464616405], "sizes": [1.0, 1.0, 1.0]}, {"translations": [2560.399745941162, -8.810394287109375, 487.0], "angles": [0.0, 0.0, -0.00292024040998686], "sizes": [0.9999999999999999, 0.9999999999999999, 1.0]}, {"translations": [2504.8695068359375, 5.577380657196045, 637.0], "angles": [0.0, 0.0, -0.0409931224969697], "sizes": [1.0, 1.0, 1.0]}, {"translations": [2506.439613342285, 7.717952728271484, 787.0], "angles": [0.0, 0.0, -0.03620020235646596], "sizes": [0.9999999999999999, 0.9999999999999999, 1.0]}, {"translations": [2474.9809494018555, 0.40405988693237305, 937.0], "angles": [0.0, 0.0, -0.032811912775104826], "sizes": [1.0, 1.0, 1.0]}, {"translations": [2540.018569946289, -3.383955955505371, 1087.0], "angles": [0.0, 0.0, 0.006398398516721711], "sizes": [0.9999999999999999, 0.9999999999999999, 1.0]}, {"translations": [2547.6088638305664, -5.5739641189575195, 1237.0], "angles": [0.0, 0.0, -0.00036086872284631533], "sizes": [1.0, 1.0, 1.0]}, {"translations": [2907.6520080566406, -5.5121564865112305, 37.0], "angles": [0.0, 0.0, 0.0009947217120221186], "sizes": [1.0, 1.0, 1.0]}, {"translations": [2875.525344848633, 9.49099349975586, 187.0], "angles": [0.0, 0.0, 0.028757720923615736], "sizes": [1.0, 1.0, 1.0]}, {"translations": [2882.421142578125, 7.635831832885742, 337.0], "angles": [0.0, 0.0, -0.03160342963243256], "sizes": [0.9999999999999999, 0.9999999999999999, 1.0]}, {"translations": [2919.150360107422, -5.7010817527771, 487.0], "angles": [0.0, 0.0, 0.03089801170185843], "sizes": [0.9999999999999999, 0.9999999999999999, 1.0]}, {"translations": [2953.922176361084, 1.8576598167419434, 637.0], "angles": [0.0, 0.0, 0.04313779231763114], "sizes": [1.0, 1.0, 1.0]}, {"translations": [2955.815299987793, 0.9525680541992188, 787.0], "angles": [0.0, 0.0, 0.005953643496325646], "sizes": [1.0, 1.0, 1.0]}, {"translations": [2941.3526153564453, -6.521337032318115, 937.0], "angles": [0.0, 0.0, 0.02393094058718825], "sizes": [1.0, 1.0, 1.0]}, {"translations": [2877.99112701416, -8.068273544311523, 1087.0], "angles": [0.0, 0.0, -0.03145169867424679], "sizes": [1.0, 1.0, 1.0]}, {"translations": [2956.7400665283203, 9.273529052734375, 1237.0], "angles": [0.0, 0.0, -0.017631083291048965], "sizes": [0.9999999999999999, 0.9999999999999999, 1.0]}, {"translations": [3281.321846008301, 1.9383478164672852, 37.0], "angles": [0.0, 0.0, 0.03890946602550676], "sizes": [1.0, 1.0, 1.0]}, {"translations": [3335.089340209961, 3.0927324295043945, 187.0], "angles": [0.0, 0.0, -0.0023156867182783777], "sizes": [0.9999999999999999, 0.9999999999999999, 1.0]}, {"translations": [3325.660598754883, 5.971324443817139, 337.0], "angles": [0.0, 0.0, -0.004139999524536385], "sizes": [1.0, 1.0, 1.0]}, {"translations": [3369.652936935425, -9.388505935668945, 487.0], "angles": [0.0, 0.0, -0.008515614737209036], "sizes": [1.0, 1.0, 1.0]}, {"translations": [3337.361083984375, 6.581850051879883, 637.0], "angles": [0.0, 0.0, 0.015359645718708008], "sizes": [1.0, 1.0, 1.0]}, {"translations": [3363.693546295166, -7.437701225280762, 787.0], "angles": [0.0, 0.0, 0.01149030416914952], "sizes": [1.0, 1.0, 1.0]}, {"translations": [3336.607395172119, -4.453272819519043, 937.0], "angles": [0.0, 0.0, -0.00022238175141844113], "sizes": [1.0, 1.0, 1.0]}, {"translations": [3307.2509155273438, 1.5541481971740723, 1087.0], "angles": [0.0, 0.0, -0.04225174340656669], "sizes": [1.0, 1.0, 1.0]}, {"translations": [3320.001853942871, 3.9660072326660156, 1237.0], "angles": [0.0, 0.0, 0.015037430046873176], "sizes": [1.0, 1.0, 1.0]}, {"translations": [288.7731170654297, -1.7162489891052246, 37.0], "angles": [0.0, 0.0, 0.03437701734234255], "sizes": [1.0, 1.0, 1.0]}, {"translations": [275.2722930908203, -0.000858306884765625, 187.0], "angles": [0.0, 0.0, 0.01547415323646041], "sizes": [1.0, 1.0, 1.0]}, {"translations": [320.7218246459961, 0.4796934127807617, 337.0], "angles": [0.0, 0.0, -0.007556879133012483], "sizes": [1.0, 1.0, 1.0]}, {"translations": [273.7996139526367, -9.138336181640625, 487.0], "angles": [0.0, 0.0, -0.030232515879761047], "sizes": [0.9999999999999999, 0.9999999999999999, 1.0]}, {"translations": [289.77735900878906, -5.421197414398193, 637.0], "angles": [0.0, 0.0, 0.04087071559635131], "sizes": [1.0, 1.0, 1.0]}, {"translations": [294.3993606567383, 7.166991233825684, 787.0], "angles": [0.0, 0.0, -0.01947905479849404], "sizes": [0.9999999999999999, 0.9999999999999999, 1.0]}, {"translations": [303.22374725341797, -1.137080192565918, 937.0], "angles": [0.0, 0.0, -0.04225174340656669], "sizes": [1.0, 1.0, 1.0]}, {"translations": [307.7055892944336, -1.9424939155578613, 1087.0], "angles": [0.0, 0.0, 0.0032584706557214583], "sizes": [1.0, 1.0, 1.0]}, {"translations": [322.5785217285156, -8.041610717773438, 1237.0], "angles": [0.0, 0.0, -0.03777043793375377], "sizes": [1.0, 1.0, 1.0]}, {"translations": [677.8896102905273, 6.109950542449951, 37.0], "angles": [0.0, 0.0, 0.023015040663335352], "sizes": [1.0, 1.0, 1.0]}, {"translations": [682.6785354614258, -2.9225897789001465, 187.0], "angles": [0.0, 0.0, 0.00930656816206242], "sizes": [0.9999999999999999, 0.9999999999999999, 1.0]}, {"translations": [703.4415435791016, 8.623649597167969, 337.0], "angles": [0.0, 0.0, -0.008052225007714171], "sizes": [1.0, 1.0, 1.0]}, {"translations": [684.1909332275391, 8.459146499633789, 487.0], "angles": [0.0, 0.0, -0.03227688639688342], "sizes": [1.0, 1.0, 1.0]}, {"translations": [707.5417022705078, 7.324190139770508, 637.0], "angles": [0.0, 0.0, 0.021111286042495826], "sizes": [1.0, 1.0, 1.0]}, {"translations": [703.3500061035156, 9.428579330444336, 787.0], "angles": [0.0, 0.0, 0.008928399404348763], "sizes": [1.0, 1.0, 1.0]}, {"translations": [676.691047668457, -8.396973609924316, 937.0], "angles": [0.0, 0.0, -0.014392996132271145], "sizes": [1.0, 1.0, 1.0]}, {"translations": [696.0447387695312, 2.799050807952881, 1087.0], "angles": [0.0, 0.0, -0.0009094979950503592], "sizes": [1.0, 1.0, 1.0]}, {"translations": [689.7256546020508, 9.096426963806152, 1237.0], "angles": [0.0, 0.0, 0.007375781424860301], "sizes": [0.9999999999999999, 0.9999999999999999, 1.0]}, {"translations": [1092.4947204589844, 2.581357955932617, 37.0], "angles": [0.0, 0.0, -0.019697398348112075], "sizes": [0.9999999999999999, 0.9999999999999999, 1.0]}, {"translations": [1118.1141815185547, 0.3313159942626953, 187.0], "angles": [0.0, 0.0, 0.02893342265366282], "sizes": [1.0, 1.0, 1.0]}, {"translations": [1104.6691436767578, -4.22123908996582, 337.0], "angles": [0.0, 0.0, -0.03236738864265664], "sizes": [0.9999999999999999, 0.9999999999999999, 1.0]}, {"translations": [1119.9913635253906, 3.2526063919067383, 487.0], "angles": [0.0, 0.0, -0.019106269160526254], "sizes": [1.0, 1.0, 1.0]}, {"translations": [1077.6289291381836, 2.102322578430176, 637.0], "angles": [0.0, 0.0, -0.014494188817615442], "sizes": [0.9999999999999999, 0.9999999999999999, 1.0]}, {"translations": [1097.8147430419922, 5.8795952796936035, 787.0], "angles": [0.0, 0.0, -0.02422381585983935], "sizes": [1.0, 1.0, 1.0]}, {"translations": [1076.9691009521484, 9.166719436645508, 937.0], "angles": [0.0, 0.0, -0.02664924281024741], "sizes": [1.0, 1.0, 1.0]}, {"translations": [1091.789794921875, 0.4271697998046875, 1087.0], "angles": [0.0, 0.0, 0.002483473185928326], "sizes": [0.9999999999999999, 0.9999999999999999, 1.0]}, {"translations": [1113.577880859375, 6.80105447769165, 1237.0], "angles": [0.0, 0.0, 0.024852151342250772], "sizes": [1.0, 1.0, 1.0]}, {"translations": [1493.0019912719727, 3.831033706665039, 37.0], "angles": [0.0, 0.0, 0.018688217133859264], "sizes": [1.0, 1.0, 1.0]}, {"translations": [1520.6486511230469, 1.4619636535644531, 187.0], "angles": [0.0, 0.0, 0.036173584029744854], "sizes": [1.0, 1.0, 1.0]}, {"translations": [1476.0175323486328, 1.4052867889404297, 337.0], "angles": [0.0, 0.0, 0.008488984088913956], "sizes": [1.0, 1.0, 1.0]}, {"translations": [1486.9216995239258, -2.281332015991211, 487.0], "angles": [0.0, 0.0, -0.004483554512807647], "sizes": [1.0, 1.0, 1.0]}, {"translations": [1494.5490188598633, -4.324848651885986, 637.0], "angles": [0.0, 0.0, -0.0050747877192561216], "sizes": [1.0, 1.0, 1.0]}, {"translations": [1480.1718292236328, 4.431722164154053, 787.0], "angles": [0.0, 0.0, 0.0072932256517224065], "sizes": [1.0, 1.0, 1.0]}, {"translations": [1512.893051147461, -4.739868640899658, 937.0], "angles": [0.0, 0.0, -0.04321495612533805], "sizes": [1.0, 1.0, 1.0]}, {"translations": [1475.1225967407227, 9.815754890441895, 1087.0], "angles": [0.0, 0.0, -0.03740316892995525], "sizes": [1.0, 1.0, 1.0]}, {"translations": [1510.9393844604492, -5.155339241027832, 1237.0], "angles": [0.0, 0.0, 0.02406406445452423], "sizes": [1.0, 1.0, 1.0]}, {"translations": [1893.6253204345703, 9.805569648742676, 37.0], "angles": [0.0, 0.0, 0.023307918115293137], "sizes": [1.0, 1.0, 1.0]}, {"translations": [1874.5880508422852, 3.6362338066101074, 187.0], "angles": [0.0, 0.0, 0.002203831637405835], "sizes": [1.0, 1.0, 1.0]}, {"translations": [1885.365852355957, 6.969821453094482, 337.0], "angles": [0.0, 0.0, -0.007391762556479684], "sizes": [1.0, 1.0, 1.0]}, {"translations": [1894.2260513305664, 8.078994750976562, 487.0], "angles": [0.0, 0.0, 0.014760486835805995], "sizes": [1.0, 1.0, 1.0]}, {"translations": [1903.9544296264648, 9.549428939819336, 637.0], "angles": [0.0, 0.0, -0.010188058583521134], "sizes": [1.0, 1.0, 1.0]}, {"translations": [1894.2759628295898, 4.0348219871521, 787.0], "angles": [0.0, 0.0, 0.00621197054357852], "sizes": [1.0, 1.0, 1.0]}, {"translations": [1907.4932556152344, -3.541259765625, 937.0], "angles": [0.0, 0.0, -0.022280173866812237], "sizes": [1.0, 1.0, 1.0]}, {"translations": [1916.8948440551758, -9.471297264099121, 1087.0], "angles": [0.0, 0.0, -0.014989498550147926], "sizes": [0.9999999999999999, 0.9999999999999999, 1.0]}, {"translations": [1890.3742980957031, 5.535857677459717, 1237.0], "angles": [0.0, 0.0, 0.02771947322359084], "sizes": [1.0, 1.0, 1.0]}, {"translations": [2276.5075759887695, 2.395656108856201, 37.0], "angles": [0.0, 0.0, -0.002403573390294858], "sizes": [1.0, 1.0, 1.0]}, {"translations": [2283.2667846679688, 0.1521778106689453, 187.0], "angles": [0.0, 0.0, 0.00951162768944766], "sizes": [1.0, 1.0, 1.0]}, {"translations": [2283.8535766601562, 0.5452275276184082, 337.0], "angles": [0.0, 0.0, 0.042390107868054895], "sizes": [1.0, 1.0, 1.0]}, {"translations": [2306.204902648926, 0.4858231544494629, 487.0], "angles": [0.0, 0.0, 0.019870476178895567], "sizes": [1.0, 1.0, 1.0]}, {"translations": [2319.8807067871094, -6.692960262298584, 637.0], "angles": [0.0, 0.0, 0.016496707585630273], "sizes": [1.0, 1.0, 1.0]}, {"translations": [2286.3238677978516, -7.900900840759277, 787.0], "angles": [0.0, 0.0, -0.014659292462979156], "sizes": [0.9999999999999999, 0.9999999999999999, 1.0]}, {"translations": [2274.611427307129, 4.342007637023926, 937.0], "angles": [0.0, 0.0, -0.03840116996188802], "sizes": [1.0, 1.0, 1.0]}, {"translations": [2293.130142211914, 6.360223293304443, 1087.0], "angles": [0.0, 0.0, 0.016808264627685993], "sizes": [1.0, 1.0, 1.0]}, {"translations": [2315.5845489501953, -8.731592178344727, 1237.0], "angles": [0.0, 0.0, -0.001247729658100328], "sizes": [1.0, 1.0, 1.0]}, {"translations": [2686.203598022461, -4.518120288848877, 37.0], "angles": [0.0, 0.0, -0.03384734009311321], "sizes": [1.0, 1.0, 1.0]}, {"translations": [2687.9570083618164, -5.466940402984619, 187.0], "angles": [0.0, 0.0, -0.00198810826114563], "sizes": [1.0, 1.0, 1.0]}, {"translations": [2703.031707763672, 9.540740966796875, 337.0], "angles": [0.0, 0.0, -0.011748623757260863], "sizes": [1.0, 1.0, 1.0]}, {"translations": [2716.9498748779297, -8.810394287109375, 487.0], "angles": [0.0, 0.0, -0.03480021905523399], "sizes": [1.0, 1.0, 1.0]}, {"translations": [2689.1847534179688, 5.577380657196045, 637.0], "angles": [0.0, 0.0, -0.03143040391869225], "sizes": [1.0, 1.0, 1.0]}, {"translations": [2689.9698028564453, 7.717952728271484, 787.0], "angles": [0.0, 0.0, -0.0047312336668632925], "sizes": [1.0, 1.0, 1.0]}, {"translations": [2674.2404708862305, 0.40405988693237305, 937.0], "angles": [0.0, 0.0, -0.018933190842746347], "sizes": [0.9999999999999999, 0.9999999999999999, 1.0]}, {"translations": [2706.7592849731445, -3.383955955505371, 1087.0], "angles": [0.0, 0.0, 0.03860342844315754], "sizes": [0.9999999999999999, 0.9999999999999999, 1.0]}, {"translations": [2710.554428100586, -5.5739641189575195, 1237.0], "angles": [0.0, 0.0, 0.01219335539062835], "sizes": [1.0, 1.0, 1.0]}, {"translations": [3090.5760040283203, -5.5121564865112305, 37.0], "angles": [0.0, 0.0, -0.003972216554772489], "sizes": [1.0, 1.0, 1.0]}, {"translations": [3074.5126724243164, 9.49099349975586, 187.0], "angles": [0.0, 0.0, 0.04285042856232388], "sizes": [1.0, 1.0, 1.0]}, {"translations": [3077.9605712890625, 7.635831832885742, 337.0], "angles": [0.0, 0.0, 0.029332737652960898], "sizes": [1.0, 1.0, 1.0]}, {"translations": [3096.325180053711, -5.7010817527771, 487.0], "angles": [0.0, 0.0, -0.02250116706118499], "sizes": [0.9999999999999999, 0.9999999999999999, 1.0]}, {"translations": [3113.7110900878906, 1.8576598167419434, 637.0], "angles": [0.0, 0.0, 0.02469506682238905], "sizes": [1.0, 1.0, 1.0]}, {"translations": [3114.6576538085938, 0.9525680541992188, 787.0], "angles": [0.0, 0.0, 0.012161394626032159], "sizes": [0.9999999999999999, 0.9999999999999999, 1.0]}, {"translations": [3107.4263076782227, -6.521337032318115, 937.0], "angles": [0.0, 0.0, 0.03204530292074243], "sizes": [1.0, 1.0, 1.0]}, {"translations": [3075.745559692383, -8.068273544311523, 1087.0], "angles": [0.0, 0.0, 0.007932386586372254], "sizes": [0.9999999999999999, 0.9999999999999999, 1.0]}, {"translations": [3115.12003326416, 9.273529052734375, 1237.0], "angles": [0.0, 0.0, -0.017202365873828833], "sizes": [1.0, 1.0, 1.0]}, {"translations": [3477.410919189453, 1.9383478164672852, 37.0], "angles": [0.0, 0.0, 0.017748246123691507], "sizes": [0.9999999999999999, 0.9999999999999999, 1.0]}, {"translations": [3504.2946701049805, 3.0927324295043945, 187.0], "angles": [0.0, 0.0, 0.029439222251272136], "sizes": [1.0, 1.0, 1.0]}, {"translations": [3499.5802993774414, 5.971324443817139, 337.0], "angles": [0.0, 0.0, -0.03540174127366255], "sizes": [1.0, 1.0, 1.0]}, {"translations": [3521.5764694213867, -9.388505935668945, 487.0], "angles": [0.0, 0.0, 0.030589222726827885], "sizes": [1.0, 1.0, 1.0]}, {"translations": [3505.4305419921875, 6.581850051879883, 637.0], "angles": [0.0, 0.0, 0.04281849996077405], "sizes": [1.0, 1.0, 1.0]}, {"translations": [3518.5967712402344, -7.437701225280762, 787.0], "angles": [0.0, 0.0, 0.03256702666143185], "sizes": [1.0, 1.0, 1.0]}, {"translations": [3505.053695678711, -4.453272819519043, 937.0], "angles": [0.0, 0.0, -0.02407737848182098], "sizes": [0.9999999999999999, 0.9999999999999999, 1.0]}, {"translations": [3490.375457763672, 1.5541481971740723, 1087.0], "angles": [0.0, 0.0, 0.03962000246941676], "sizes": [0.9999999999999999, 0.9999999999999999, 1.0]}, {"translations": [3496.7509231567383, 3.9660072326660156, 1237.0], "angles": [0.0, 0.0, 0.0074902993894626155], "sizes": [1.0, 1.0, 1.0]}], "SM_CardBoxC_02": [{"translations": [2910.4659573740073, -24.19950015948804, 358.0], "angles": [0.0, 0.0, 0.9149450431853549], "sizes": [1.0, 1.0, 1.0]}, {"translations": [2048.064312104088, -27.829492922460794, 958.0], "angles": [0.0, 0.0, 0.9830658487584115], "sizes": [1.0, 1.0, 1.0]}, {"translations": [2095.965722212389, 30.493640431340364, 358.0], "angles": [0.0, 0.0, 0.9933524240394298], "sizes": [1.0000000000000002, 1.0000000000000002, 1.0]}, {"translations": [1316.8034890458366, 2.8797716156725555, 808.0], "angles": [0.0, 0.0, -0.7425536167466192], "sizes": [1.0000000000000002, 1.0000000000000002, 1.0]}, {"translations": [921.8386532386664, -21.264442016350305, 1258.0], "angles": [0.0, 0.0, 0.9582199914306875], "sizes": [1.0000000000000009, 1.0000000000000009, 1.0]}, {"translations": [983.597052761721, 4.925252299368095, 1258.0], "angles": [0.0, 0.0, 0.22706730905613806], "sizes": [1.0, 1.0, 1.0]}, {"translations": [910.9387931967929, 38.657624227885336, 958.0], "angles": [0.0, 0.0, -0.6737077697775291], "sizes": [1.0, 1.0, 1.0]}, {"translations": [922.1294860839844, 5.8795952796936035, 808.0], "angles": [0.0, 0.0, -0.5204653884294318], "sizes": [1.0000000000000002, 1.0000000000000002, 1.0]}, {"translations": [994.3520145988522, -27.951968457207897, 208.0], "angles": [0.0, 0.0, 0.140526502738642], "sizes": [1.0, 1.0, 1.0]}, {"translations": [561.9398716989668, 40.00055977701666, 358.0], "angles": [0.0, 0.0, 0.9882350213671234], "sizes": [1.0000000000000004, 1.0000000000000004, 1.0]}, {"translations": [172.903036103368, 27.03170658941905, 1108.0], "angles": [0.0, 0.0, 0.982705194054176], "sizes": [1.0000000000000009, 1.0000000000000009, 1.0]}, {"translations": [76.22747920978803, 30.3168101005504, 58.0], "angles": [0.0, 0.0, 0.8581875067029302], "sizes": [1.0, 1.0, 1.0]}, {"translations": [3308.2967091352443, -24.325464852996813, 658.0], "angles": [0.0, 0.0, 0.9919985708771409], "sizes": [1.0000000000000004, 1.0000000000000004, 1.0]}, {"translations": [3368.268398889252, -22.482524797250914, 658.0], "angles": [0.0, 0.0, 0.9583166277442998], "sizes": [1.0000000000000009, 1.0000000000000009, 1.0]}, {"translations": [2939.917170130348, 23.444301572638633, 958.0], "angles": [0.0, 0.0, 0.9568551609189407], "sizes": [1.0000000000000013, 1.0000000000000013, 1.0]}, {"translations": [726.0992589954684, 32.744431319623416, 1108.0], "angles": [0.0, 0.0, 0.9666802526216138], "sizes": [1.0000000000000002, 1.0000000000000002, 1.0]}, {"translations": [702.8143234918534, 39.42379635148892, 808.0], "angles": [0.0, 0.0, -0.6104933352254625], "sizes": [1.0, 1.0, 1.0]}, {"translations": [324.8431309216193, 21.87279292332411, 1258.0], "angles": [0.0, 0.0, -0.4017749070478032], "sizes": [1.0, 1.0, 1.0]}, {"translations": [275.8637005894307, 31.288647964939493, 958.0], "angles": [0.0, 0.0, 0.8564944597875812], "sizes": [1.0, 1.0, 1.0]}, {"translations": [242.04133247048105, -37.27037409751457, 508.0], "angles": [0.0, 0.0, 0.6617473712080919], "sizes": [1.0000000000000004, 1.0000000000000004, 1.0]}, {"translations": [3109.668153670431, -20.553336645959902, 358.0], "angles": [0.0, 0.0, 0.8026478546467533], "sizes": [1.0000000000000007, 1.0000000000000007, 1.0]}, {"translations": [2736.6698714918907, -1.0694767258280797, 1108.0], "angles": [0.0, 0.0, 0.9165424147931964], "sizes": [1.0000000000000004, 1.0000000000000004, 1.0]}, {"translations": [2673.039989573283, 10.245609740621045, 358.0], "angles": [0.0, 0.0, -0.8234816839150222], "sizes": [1.0000000000000007, 1.0000000000000007, 1.0]}, {"translations": [1456.92290565959, -2.012321449123841, 508.0], "angles": [0.0, 0.0, 0.9983234276665931], "sizes": [1.0000000000000007, 1.0000000000000007, 1.0]}, {"translations": [3467.203694787822, -26.480031848224126, 1258.0], "angles": [0.0, 0.0, -0.013135968037738324], "sizes": [1.0, 1.0, 1.0]}, {"translations": [3469.655496374554, 8.094097450610779, 358.0], "angles": [0.0, 0.0, 0.24182523463606378], "sizes": [1.0, 1.0, 1.0]}, {"translations": [3085.396157495383, -29.768187690279838, 808.0], "angles": [0.0, 0.0, -0.7955840019900294], "sizes": [1.0000000000000007, 1.0000000000000007, 1.0]}, {"translations": [3551.520327388565, -7.554011443591095, 508.0], "angles": [0.0, 0.0, -0.6464102274415467], "sizes": [1.0000000000000004, 1.0000000000000004, 1.0]}], "SM_CardBoxD_03": [{"translations": [2937.7116319615575, -35.45241384504031, 58.0], "angles": [0.0, 0.0, 0.026940304998359442], "sizes": [1.0, 1.0, 1.0]}, {"translations": [2577.5872038950315, -35.59560842734435, 1258.0], "angles": [0.0, 0.0, -0.4225683081038617], "sizes": [0.9999999999999999, 0.9999999999999999, 1.0]}, {"translations": [2537.226200561632, 33.01903460045507, 658.0], "angles": [0.0, 0.0, 0.10235202797685095], "sizes": [1.0, 1.0, 1.0]}, {"translations": [2502.566860896888, 9.08558383662762, 358.0], "angles": [0.0, 0.0, 0.984471417051143], "sizes": [1.0000000000000002, 1.0000000000000002, 1.0]}, {"translations": [2123.0125083890657, -0.9719532720227237, 208.0], "angles": [0.0, 0.0, 0.997392272449748], "sizes": [1.0000000000000002, 1.0000000000000002, 1.0]}, {"translations": [1736.8831047313845, 35.8969421674312, 1258.0], "angles": [0.0, 0.0, 0.18415153083827301], "sizes": [0.9999999999999999, 0.9999999999999999, 1.0]}, {"translations": [1667.2585877330819, 5.700074008424828, 358.0], "angles": [0.0, 0.0, -0.3768235335198281], "sizes": [1.0, 1.0, 1.0]}, {"translations": [1673.1426316911836, 33.529067247668635, 208.0], "angles": [0.0, 0.0, -0.18213579809743122], "sizes": [1.0, 1.0, 1.0]}, {"translations": [1247.3002910291577, -20.729263833873254, 1108.0], "angles": [0.0, 0.0, -0.4410184989119977], "sizes": [0.9999999999999999, 0.9999999999999999, 1.0]}, {"translations": [1335.6901209899854, 29.195137142860688, 208.0], "angles": [0.0, 0.0, 0.4854942574535397], "sizes": [0.9999999999999998, 0.9999999999999998, 1.0]}, {"translations": [925.5902575953135, 38.61815532838071, 1258.0], "angles": [0.0, 0.0, 0.9968234903856353], "sizes": [1.0000000000000009, 1.0000000000000009, 1.0]}, {"translations": [910.470044356305, -29.570289279781207, 1108.0], "angles": [0.0, 0.0, 0.978131554729521], "sizes": [1.0, 1.0, 1.0]}, {"translations": [909.9290990661422, -21.333879485244992, 958.0], "angles": [0.0, 0.0, -0.6384794256616455], "sizes": [0.9999999999999999, 0.9999999999999999, 1.0]}, {"translations": [967.8661445055906, 33.22069237107708, 508.0], "angles": [0.0, 0.0, 0.9804605797877574], "sizes": [1.0000000000000002, 1.0000000000000002, 1.0]}, {"translations": [561.9136978286742, -21.804804380281787, 808.0], "angles": [0.0, 0.0, -0.8278317521147377], "sizes": [1.0000000000000004, 1.0000000000000004, 1.0]}, {"translations": [493.00722962625633, -32.90053392050169, 208.0], "angles": [0.0, 0.0, 0.9989719560596168], "sizes": [1.0000000000000007, 1.0000000000000007, 1.0]}, {"translations": [2955.458087709032, 30.950441301946338, 808.0], "angles": [0.0, 0.0, 0.1364305455336028], "sizes": [1.0, 1.0, 1.0]}, {"translations": [2986.3963824176167, -25.444829831600718, 658.0], "angles": [0.0, 0.0, -0.6183803218151985], "sizes": [1.0000000000000002, 1.0000000000000002, 1.0]}, {"translations": [1127.7795354467034, 4.426592821830904, 808.0], "angles": [0.0, 0.0, 0.008178692906545255], "sizes": [1.0, 1.0, 1.0]}, {"translations": [1069.3029530951435, 37.297390142267616, 808.0], "angles": [0.0, 0.0, -0.23719534051185498], "sizes": [1.0, 1.0, 1.0]}, {"translations": [1046.7719740533257, -27.0155125555742, 658.0], "angles": [0.0, 0.0, -0.3269926734959838], "sizes": [1.0, 1.0, 1.0]}, {"translations": [1132.6652590426768, -36.099405982341516, 358.0], "angles": [0.0, 0.0, 0.6380821289572921], "sizes": [1.0000000000000002, 1.0000000000000002, 1.0]}, {"translations": [719.2798556253766, 39.535697682285026, 1258.0], "angles": [0.0, 0.0, 0.9958784718369509], "sizes": [1.0000000000000004, 1.0000000000000004, 1.0]}, {"translations": [738.7813559473062, -21.382673815626923, 658.0], "angles": [0.0, 0.0, -0.2954537297493957], "sizes": [1.0, 1.0, 1.0]}, {"translations": [294.3993606567383, 7.166991233825684, 808.0], "angles": [0.0, 0.0, 0.9998942205692329], "sizes": [1.0000000000000004, 1.0000000000000004, 1.0]}, {"translations": [290.72525103132995, 0.9330932141867594, 358.0], "angles": [0.0, 0.0, -0.8472366699787427], "sizes": [1.0000000000000002, 1.0000000000000002, 1.0]}, {"translations": [3350.8904302719197, -25.11828152199548, 1258.0], "angles": [0.0, 0.0, 0.32872951617314417], "sizes": [1.0, 1.0, 1.0]}, {"translations": [2645.3977666544806, 31.518339769324022, 958.0], "angles": [0.0, 0.0, -0.6944606750872135], "sizes": [1.0, 1.0, 1.0]}, {"translations": [2658.076531776208, 24.652108702472027, 208.0], "angles": [0.0, 0.0, -0.14490969626489345], "sizes": [1.0, 1.0, 1.0]}, {"translations": [2336.1812124995113, 1.6778163346709427, 508.0], "angles": [0.0, 0.0, 0.9726531500919191], "sizes": [1.000000000000001, 1.000000000000001, 1.0]}, {"translations": [1886.0090562893445, -38.558547290253685, 1108.0], "angles": [0.0, 0.0, 0.8423904613422261], "sizes": [1.0000000000000004, 1.0000000000000004, 1.0]}, {"translations": [1915.806067703791, 36.52304952681748, 358.0], "angles": [0.0, 0.0, -0.3764382465102325], "sizes": [1.0, 1.0, 1.0]}, {"translations": [1862.2598208091918, 38.37487893773991, 58.0], "angles": [0.0, 0.0, 0.5956213693142496], "sizes": [1.0000000000000002, 1.0000000000000002, 1.0]}, {"translations": [3475.0884788879844, -3.009048915563246, 958.0], "angles": [0.0, 0.0, 0.34300511443238496], "sizes": [1.0, 1.0, 1.0]}], "SM_CardBoxD_04": [{"translations": [2937.5922654151695, 24.54746741840557, 58.0], "angles": [0.0, 0.0, -0.6624281235600389], "sizes": [1.0, 1.0, 1.0]}, {"translations": [2590.399234272919, -8.985607964609853, 508.0], "angles": [0.0, 0.0, 0.6407073892806637], "sizes": [0.9999999999999998, 0.9999999999999998, 1.0]}, {"translations": [2186.5547024733514, 22.342867894747343, 1258.0], "angles": [0.0, 0.0, 0.2554798530418314], "sizes": [1.0, 1.0, 1.0]}, {"translations": [1399.904483502202, -26.27120983573178, 208.0], "angles": [0.0, 0.0, -0.35138296973475386], "sizes": [1.0, 1.0, 1.0]}, {"translations": [905.9222088659193, -34.30493408255357, 358.0], "angles": [0.0, 0.0, 0.9960237157943295], "sizes": [0.9999999999999998, 0.9999999999999998, 1.0]}, {"translations": [932.7748835864109, -1.3388713755706518, 208.0], "angles": [0.0, 0.0, -0.2957461121294412], "sizes": [1.0, 1.0, 1.0]}, {"translations": [476.3629166076737, -21.30960900867229, 1258.0], "angles": [0.0, 0.0, -0.2217810297602416], "sizes": [1.0, 1.0, 1.0]}, {"translations": [535.9485234885547, 9.505248651831442, 1258.0], "angles": [0.0, 0.0, 0.998403121450294], "sizes": [1.0000000000000007, 1.0000000000000007, 1.0]}, {"translations": [488.6599533937251, 0.7440258092452772, 1108.0], "angles": [0.0, 0.0, 0.9967673705912844], "sizes": [1.000000000000001, 1.000000000000001, 1.0]}, {"translations": [143.1493691352891, 39.172325412761666, 808.0], "angles": [0.0, 0.0, 0.5862657972881792], "sizes": [1.0000000000000002, 1.0000000000000002, 1.0]}, {"translations": [3281.321846008301, 1.9383478164672852, 58.0], "angles": [0.0, 0.0, 0.7414562839421729], "sizes": [1.0000000000000004, 1.0000000000000004, 1.0]}, {"translations": [1072.790976784382, -32.21735445588475, 358.0], "angles": [0.0, 0.0, 0.15346602220766914], "sizes": [1.0, 1.0, 1.0]}, {"translations": [656.1890452129223, 40.33224279755983, 508.0], "angles": [0.0, 0.0, -0.4128102932409573], "sizes": [0.9999999999999999, 0.9999999999999999, 1.0]}, {"translations": [703.4415435791016, 8.623649597167969, 358.0], "angles": [0.0, 0.0, 0.8757057712134626], "sizes": [1.0, 1.0, 1.0]}, {"translations": [351.1717980620682, 30.02286722604091, 358.0], "angles": [0.0, 0.0, -0.5608644105101893], "sizes": [1.0, 1.0, 1.0]}, {"translations": [3046.252988907694, 35.82500031173139, 358.0], "angles": [0.0, 0.0, 0.3428569824296505], "sizes": [1.0000000000000002, 1.0000000000000002, 1.0]}, {"translations": [3060.815281851592, 24.725227916237134, 58.0], "angles": [0.0, 0.0, 0.9937713011529097], "sizes": [0.9999999999999987, 0.9999999999999987, 1.0]}, {"translations": [2733.7282947278845, 38.827590383361326, 358.0], "angles": [0.0, 0.0, -0.5050875380801155], "sizes": [1.0, 1.0, 1.0]}, {"translations": [2657.8379592563597, -35.34741698859301, 208.0], "angles": [0.0, 0.0, -0.695846549822561], "sizes": [1.0, 1.0, 1.0]}, {"translations": [2345.5844555404374, -8.806455899555662, 1258.0], "angles": [0.0, 0.0, -0.5754423692128854], "sizes": [0.9999999999999998, 0.9999999999999998, 1.0]}, {"translations": [2290.886703031659, -37.66629954350828, 658.0], "angles": [0.0, 0.0, -0.6769917207637092], "sizes": [1.0000000000000002, 1.0000000000000002, 1.0]}, {"translations": [2348.8747105425596, 24.280379018911113, 658.0], "angles": [0.0, 0.0, -0.3581036703743603], "sizes": [1.0, 1.0, 1.0]}, {"translations": [2276.6517899756113, 32.39530947895365, 58.0], "angles": [0.0, 0.0, 0.9901581548881079], "sizes": [0.9999999999999999, 0.9999999999999999, 1.0]}, {"translations": [1938.7999498367456, 25.09247727515958, 958.0], "angles": [0.0, 0.0, 0.6055644383859121], "sizes": [1.0000000000000004, 1.0000000000000004, 1.0]}, {"translations": [1894.2759628295898, 4.0348219871521, 808.0], "angles": [0.0, 0.0, 0.07656716578991603], "sizes": [1.0, 1.0, 1.0]}, {"translations": [1464.2460807257587, -34.018820101333986, 658.0], "angles": [0.0, 0.0, 0.9994655883256687], "sizes": [1.0000000000000007, 1.0000000000000007, 1.0]}, {"translations": [1524.2429903093114, -34.62778678599052, 658.0], "angles": [0.0, 0.0, -0.5441164177469122], "sizes": [1.0, 1.0, 1.0]}, {"translations": [3527.3823293735354, -26.076251565864055, 358.0], "angles": [0.0, 0.0, 0.07564749258078456], "sizes": [1.0, 1.0, 1.0]}, {"translations": [3535.3205365558542, 9.148603835160232, 658.0], "angles": [0.0, 0.0, 0.6004526506793784], "sizes": [1.0000000000000002, 1.0000000000000002, 1.0]}], "SM_CardBoxD_05": [{"translations": [2875.525344848633, 9.49099349975586, 208.0], "angles": [0.0, 0.0, -0.4325189949240722], "sizes": [0.9999999999999999, 0.9999999999999999, 1.0]}, {"translations": [2509.6371302639986, 26.2296916217748, 1108.0], "angles": [0.0, 0.0, 0.5519947223331351], "sizes": [1.0, 1.0, 1.0]}, {"translations": [2103.3813818656386, 36.513508196508646, 958.0], "angles": [0.0, 0.0, 0.5250905083915641], "sizes": [0.9999999999999999, 0.9999999999999999, 1.0]}, {"translations": [2067.2098440692816, 20.027061577694184, 808.0], "angles": [0.0, 0.0, 0.34296060712736237], "sizes": [1.0, 1.0, 1.0]}, {"translations": [2062.500171524514, -27.64461648402671, 358.0], "angles": [0.0, 0.0, 0.9994922554299315], "sizes": [1.0000000000000004, 1.0000000000000004, 1.0]}, {"translations": [2049.515550152373, 2.551694850933904, 58.0], "angles": [0.0, 0.0, 0.9998569968149026], "sizes": [1.000000000000001, 1.000000000000001, 1.0]}, {"translations": [572.8769790451848, 35.97226502713444, 658.0], "angles": [0.0, 0.0, 0.6852690567398356], "sizes": [1.0000000000000004, 1.0000000000000004, 1.0]}, {"translations": [494.8818664550781, 8.459146499633789, 508.0], "angles": [0.0, 0.0, 0.8748471576514538], "sizes": [1.0000000000000004, 1.0000000000000004, 1.0]}, {"translations": [106.5334069915327, 18.211691734258505, 508.0], "angles": [0.0, 0.0, -0.7899528387580561], "sizes": [1.0000000000000002, 1.0000000000000002, 1.0]}, {"translations": [2848.05047957513, -6.182105224226978, 1108.0], "angles": [0.0, 0.0, 0.3618961743035972], "sizes": [1.0, 1.0, 1.0]}, {"translations": [1066.3969481794181, -22.632194667155012, 808.0], "angles": [0.0, 0.0, 0.651771364441879], "sizes": [1.0000000000000004, 1.0000000000000004, 1.0]}, {"translations": [725.9901192812018, -27.25546941798422, 1108.0], "angles": [0.0, 0.0, 0.9869344522805884], "sizes": [0.9999999999999998, 0.9999999999999998, 1.0]}, {"translations": [706.6786181681972, -9.260463924353003, 958.0], "angles": [0.0, 0.0, 0.993858090756483], "sizes": [0.9999999999999992, 0.9999999999999992, 1.0]}, {"translations": [259.8775839323905, -7.871391361982196, 658.0], "angles": [0.0, 0.0, 0.9045463117955658], "sizes": [0.9999999999999997, 0.9999999999999997, 1.0]}, {"translations": [3106.149739767908, 39.343414214254004, 358.0], "angles": [0.0, 0.0, 0.9920336474462161], "sizes": [1.0000000000000002, 1.0000000000000002, 1.0]}, {"translations": [2721.0103737306354, 33.63321590967025, 658.0], "angles": [0.0, 0.0, 0.9366162738996733], "sizes": [1.0000000000000004, 1.0000000000000004, 1.0]}, {"translations": [2654.2426598046018, -32.419704979224235, 58.0], "angles": [0.0, 0.0, 0.9884092217278236], "sizes": [1.000000000000001, 1.000000000000001, 1.0]}, {"translations": [1903.9544296264648, 9.549428939819336, 658.0], "angles": [0.0, 0.0, -0.5164559243412439], "sizes": [1.0, 1.0, 1.0]}, {"translations": [1480.9741292123335, -6.598764997786345, 1258.0], "angles": [0.0, 0.0, 0.9918417390430796], "sizes": [1.0000000000000004, 1.0000000000000004, 1.0]}, {"translations": [1505.0386569179625, 7.573135111753372, 1108.0], "angles": [0.0, 0.0, 0.9999569967631184], "sizes": [1.0000000000000016, 1.0000000000000016, 1.0]}, {"translations": [1488.5581682616194, 29.214457410350004, 208.0], "angles": [0.0, 0.0, 0.7960880977036139], "sizes": [1.0000000000000007, 1.0000000000000007, 1.0]}, {"translations": [1521.8599390989539, 34.93117594452676, 58.0], "angles": [0.0, 0.0, 0.9176131838186347], "sizes": [1.0, 1.0, 1.0]}], "SM_CardBoxD_02": [{"translations": [2517.6088716441404, -5.552311996996578, 1258.0], "angles": [0.0, 0.0, -0.7890550360405918], "sizes": [0.9999999999999993, 0.9999999999999993, 1.0]}, {"translations": [1683.7757277062046, 8.578769642520058, 58.0], "angles": [0.0, 0.0, 0.9827496352925773], "sizes": [1.0000000000000004, 1.0000000000000004, 1.0]}, {"translations": [883.1422059779744, -28.984989176048977, 58.0], "angles": [0.0, 0.0, -0.7258079504479763], "sizes": [1.0000000000000002, 1.0000000000000002, 1.0]}, {"translations": [909.8798848219751, 32.53814899192059, 58.0], "angles": [-0.0, -0.0, 0.013749484096515044], "sizes": [1.0, 1.0, 1.0]}, {"translations": [504.48632658538827, 40.66196304117046, 808.0], "angles": [0.0, 0.0, -0.679771196102843], "sizes": [1.0000000000000002, 1.0000000000000002, 1.0]}, {"translations": [703.8856887151778, -20.56663769060025, 808.0], "angles": [0.0, 0.0, 0.7968446280612863], "sizes": [1.0000000000000004, 1.0000000000000004, 1.0]}, {"translations": [277.9017335537178, -32.13736405912037, 1108.0], "angles": [0.0, 0.0, 0.40970848142934957], "sizes": [0.9999999999999999, 0.9999999999999999, 1.0]}, {"translations": [337.9004594379961, -31.746349656273647, 1108.0], "angles": [0.0, 0.0, -0.7613340832938622], "sizes": [0.9999999999999999, 0.9999999999999999, 1.0]}, {"translations": [317.2269401376036, 26.928771609584338, 658.0], "angles": [0.0, 0.0, 0.9979257094721554], "sizes": [1.0, 1.0, 1.0]}, {"translations": [258.84402382471103, -3.7776508879034205, 58.0], "angles": [0.0, 0.0, 0.5336151229832495], "sizes": [1.0, 1.0, 1.0]}, {"translations": [3094.975451845238, -35.67070360163018, 508.0], "angles": [0.0, 0.0, 0.9451524857292679], "sizes": [1.0000000000000004, 1.0000000000000004, 1.0]}, {"translations": [2704.218962943301, -0.7317279383885475, 958.0], "angles": [0.0, 0.0, 0.10092492858439381], "sizes": [0.9999999999999999, 0.9999999999999999, 1.0]}, {"translations": [2659.971145930766, 8.00182357106628, 808.0], "angles": [0.0, 0.0, 0.10745493087334745], "sizes": [1.0, 1.0, 1.0]}, {"translations": [2746.8772115631523, -10.897142697756358, 508.0], "angles": [0.0, 0.0, 0.8642324946448117], "sizes": [1.0000000000000002, 1.0000000000000002, 1.0]}, {"translations": [2718.076057467273, 24.413536182623773, 208.0], "angles": [0.0, 0.0, -0.6434848990245434], "sizes": [0.9999999999999999, 0.9999999999999999, 1.0]}, {"translations": [2293.130142211914, 6.360223293304443, 1108.0], "angles": [0.0, 0.0, 0.287506420126523], "sizes": [1.0, 1.0, 1.0]}, {"translations": [2253.842884776618, -30.41306577062428, 208.0], "angles": [0.0, 0.0, -0.5467987983390139], "sizes": [0.9999999999999999, 0.9999999999999999, 1.0]}, {"translations": [1921.9907252509033, -22.755510863844872, 1258.0], "angles": [0.0, 0.0, -0.6113280236939658], "sizes": [1.0, 1.0, 1.0]}, {"translations": [1947.780631821007, 19.61595276205544, 1108.0], "angles": [0.0, 0.0, 0.23699699743656186], "sizes": [1.0, 1.0, 1.0]}, {"translations": [1475.5082116558403, 31.40096301788872, 358.0], "angles": [0.0, 0.0, 0.9555179041013906], "sizes": [1.0000000000000007, 1.0000000000000007, 1.0]}, {"translations": [3076.2214879135004, -38.06449817889418, 1108.0], "angles": [0.0, 0.0, -0.681354003044844], "sizes": [1.0, 1.0, 1.0]}, {"translations": [3517.905939471091, 33.835297138273724, 1108.0], "angles": [0.0, 0.0, 0.7287463090818732], "sizes": [1.0000000000000004, 1.0000000000000004, 1.0]}], "SM_CardBoxC_01": [{"translations": [2577.6305081389532, 24.404375945507432, 1258.0], "angles": [0.0, 0.0, 0.9984151231885537], "sizes": [1.0000000000000004, 1.0000000000000004, 1.0]}, {"translations": [2061.9305144589066, -28.702622530373063, 208.0], "angles": [0.0, 0.0, -0.6092080156428852], "sizes": [1.0000000000000002, 1.0000000000000002, 1.0]}, {"translations": [1676.8875040720402, 35.17037384683243, 1258.0], "angles": [0.0, 0.0, 0.990982468093624], "sizes": [0.9999999999999993, 0.9999999999999993, 1.0]}, {"translations": [1306.740142625655, 10.365816841152917, 1108.0], "angles": [0.0, 0.0, -0.7553411793815485], "sizes": [1.0, 1.0, 1.0]}, {"translations": [1346.4994617256489, -33.39547855369301, 658.0], "angles": [0.0, 0.0, 0.95294768435755], "sizes": [1.0000000000000009, 1.0000000000000009, 1.0]}, {"translations": [1308.9195011287063, -28.205286031316575, 358.0], "angles": [0.0, 0.0, 0.9509982549068011], "sizes": [1.0000000000000009, 1.0000000000000009, 1.0]}, {"translations": [1248.5375600714167, 1.0183549833486123, 358.0], "angles": [0.0, 0.0, -0.6944652904830309], "sizes": [1.0000000000000002, 1.0000000000000002, 1.0]}, {"translations": [850.4424424183371, 9.671566501970842, 958.0], "angles": [0.0, 0.0, 0.34498765565413353], "sizes": [1.0, 1.0, 1.0]}, {"translations": [849.8829646492258, -25.89752818243356, 658.0], "angles": [0.0, 0.0, -0.5911368966124574], "sizes": [1.0, 1.0, 1.0]}, {"translations": [883.6953682654142, 32.03969095773547, 658.0], "angles": [0.0, 0.0, -0.6457807492620491], "sizes": [1.0, 1.0, 1.0]}, {"translations": [935.1312388755907, -25.332069761848828, 508.0], "angles": [0.0, 0.0, -0.15186586060896506], "sizes": [1.0, 1.0, 1.0]}, {"translations": [448.614016267528, 20.27892622444214, 958.0], "angles": [0.0, 0.0, -0.46521227698702644], "sizes": [1.0, 1.0, 1.0]}, {"translations": [564.4333959177574, 38.14226495208734, 808.0], "angles": [0.0, 0.0, -0.5365789588436893], "sizes": [1.0000000000000002, 1.0000000000000002, 1.0]}, {"translations": [511.61257984524906, 8.646939948173138, 658.0], "angles": [0.0, 0.0, -0.13730450752574577], "sizes": [1.0, 1.0, 1.0]}, {"translations": [102.57173403696603, -30.756553109501642, 958.0], "angles": [0.0, 0.0, 0.8964971769726534], "sizes": [0.9999999999999996, 0.9999999999999996, 1.0]}, {"translations": [199.95981795944738, 28.317894367313848, 358.0], "angles": [0.0, 0.0, 0.3271363068450316], "sizes": [1.0, 1.0, 1.0]}, {"translations": [3355.4111725363937, -24.276045023144544, 358.0], "angles": [0.0, 0.0, 0.6906407994751067], "sizes": [0.9999999999999999, 0.9999999999999999, 1.0]}, {"translations": [1118.8451966368907, -26.725490636819192, 508.0], "angles": [0.0, 0.0, 0.9892076830183498], "sizes": [0.9999999999999997, 0.9999999999999997, 1.0]}, {"translations": [714.1284253838104, 6.523542357979112, 508.0], "angles": [0.0, 0.0, -0.7318128168857243], "sizes": [1.0000000000000002, 1.0000000000000002, 1.0]}, {"translations": [652.1253622867563, 26.513843581115783, 208.0], "angles": [0.0, 0.0, -0.6114397424349397], "sizes": [1.0000000000000002, 1.0000000000000002, 1.0]}, {"translations": [303.74477365165154, -10.951457964781477, 508.0], "angles": [0.0, 0.0, 0.9998253556268558], "sizes": [1.0000000000000013, 1.0000000000000013, 1.0]}, {"translations": [2285.4444047613465, -37.88800714942837, 808.0], "angles": [0.0, 0.0, 0.9880726279121855], "sizes": [1.0000000000000002, 1.0000000000000002, 1.0]}, {"translations": [2282.6961128229973, 30.146749546990787, 208.0], "angles": [0.0, 0.0, 0.998320712367662], "sizes": [1.0000000000000007, 1.0000000000000007, 1.0]}, {"translations": [1516.6514828213942, -32.54913644719442, 508.0], "angles": [0.0, 0.0, -0.6133917118855243], "sizes": [1.0, 1.0, 1.0]}, {"translations": [3085.1377885476595, 10.305518277422943, 1258.0], "angles": [0.0, 0.0, -0.47695886866662485], "sizes": [1.0, 1.0, 1.0]}, {"translations": [3491.6326114542085, -11.223000427746795, 508.0], "angles": [0.0, 0.0, -0.11526278034637234], "sizes": [1.0, 1.0, 1.0]}], "SM_CardBoxD_01": [{"translations": [2510.404922369009, -33.76539563779575, 1108.0], "angles": [0.0, 0.0, 0.9811695576756905], "sizes": [0.9999999999999999, 0.9999999999999999, 1.0]}, {"translations": [2472.512813110243, -21.86427328606298, 658.0], "angles": [0.0, 0.0, 0.9290390447148678], "sizes": [1.0000000000000007, 1.0000000000000007, 1.0]}, {"translations": [2498.907196044922, -4.518120288848877, 58.0], "angles": [0.0, 0.0, 0.6386235636749306], "sizes": [0.9999999999999998, 0.9999999999999998, 1.0]}, {"translations": [1686.0719568936422, -23.000542264952305, 508.0], "angles": [0.0, 0.0, -0.51285976613468], "sizes": [1.0, 1.0, 1.0]}, {"translations": [1255.3318773002131, -23.976157885935397, 808.0], "angles": [0.0, 0.0, -0.6853125484916522], "sizes": [1.0000000000000002, 1.0000000000000002, 1.0]}, {"translations": [490.7069122194468, 27.055354362701397, 208.0], "angles": [0.0, 0.0, 0.9173785404363648], "sizes": [1.0, 1.0, 1.0]}, {"translations": [76.0956014803858, -3.855523019471501, 658.0], "angles": [0.0, 0.0, 0.936339928113935], "sizes": [1.0000000000000002, 1.0000000000000002, 1.0]}, {"translations": [77.0445785522461, -0.000858306884765625, 208.0], "angles": [0.0, 0.0, 0.4414608558242398], "sizes": [1.0, 1.0, 1.0]}, {"translations": [3366.4254588335057, 37.48916495675658, 658.0], "angles": [0.0, 0.0, 0.047564506794705134], "sizes": [0.9999999999999999, 0.9999999999999999, 1.0]}, {"translations": [350.2649984592562, -29.97028000329138, 358.0], "angles": [0.0, 0.0, 0.11016585378061852], "sizes": [1.0, 1.0, 1.0]}, {"translations": [3274.825187369838, -25.805898466813197, 1108.0], "angles": [0.0, 0.0, -0.3537505197364581], "sizes": [1.0, 1.0, 1.0]}, {"translations": [1145.0314916206066, -21.671219229916183, 1258.0], "angles": [0.0, 0.0, 0.08000104890931699], "sizes": [1.0, 1.0, 1.0]}, {"translations": [2680.5633487755267, -6.305511053893614, 1258.0], "angles": [0.0, 0.0, -0.8137719115991632], "sizes": [1.0000000000000004, 1.0000000000000004, 1.0]}, {"translations": [2285.5097786387423, -38.65663504737581, 1258.0], "angles": [0.0, 0.0, 0.9642371173271456], "sizes": [1.0000000000000009, 1.0000000000000009, 1.0]}, {"translations": [1874.4558212651532, 33.63594239417695, 208.0], "angles": [0.0, 0.0, -0.8013774056728687], "sizes": [1.0, 1.0, 1.0]}, {"translations": [1476.5268530414253, -28.59038944000786, 358.0], "angles": [0.0, 0.0, 0.6287779290762623], "sizes": [1.0000000000000002, 1.0000000000000002, 1.0]}, {"translations": [3075.2696314712653, 21.927951090271137, 1108.0], "angles": [0.0, 0.0, -0.7128916039454887], "sizes": [1.0000000000000002, 1.0000000000000002, 1.0]}], "SM_CardBoxB_01": [{"translations": [2570.0161135760745, -3.0000599030002695, 1108.0], "angles": [0.0, 0.0, -0.2100418636085408], "sizes": [1.0, 1.0, 1.0]}, {"translations": [2474.9809494018555, 0.40405988693237305, 958.0], "angles": [0.0, 0.0, 0.8304392536846489], "sizes": [1.0000000000000002, 1.0000000000000002, 1.0]}, {"translations": [2129.0806625681403, -5.895936286775379, 808.0], "angles": [0.0, 0.0, -0.5557279219164561], "sizes": [1.0000000000000002, 1.0000000000000002, 1.0]}, {"translations": [1744.9319326087507, 9.178694189892994, 508.0], "angles": [0.0, 0.0, 0.9998381421190692], "sizes": [1.0000000000000004, 1.0000000000000004, 1.0]}, {"translations": [1350.5818764294002, -35.074335730259854, 1258.0], "angles": [0.0, 0.0, -0.4708378355091549], "sizes": [1.0, 1.0, 1.0]}, {"translations": [1350.8204872083707, -34.70404698104132, 958.0], "angles": [0.0, 0.0, 0.9724650101173776], "sizes": [1.0000000000000016, 1.0000000000000016, 1.0]}, {"translations": [905.7545847315333, 25.694831768235968, 358.0], "angles": [0.0, 0.0, -0.0014894638350589388], "sizes": [0.9999999999999999, 0.9999999999999999, 1.0]}, {"translations": [484.52583178258584, 36.02571181288502, 58.0], "angles": [0.0, 0.0, -0.30612392885765427], "sizes": [1.0, 1.0, 1.0]}, {"translations": [46.749199989374304, 23.295842904618645, 508.0], "angles": [0.0, 0.0, 0.9976932320323839], "sizes": [0.9999999999999999, 0.9999999999999999, 1.0]}, {"translations": [2927.8164183975205, 40.31257831017283, 1258.0], "angles": [0.0, 0.0, 0.9981829820680949], "sizes": [1.0000000000000004, 1.0000000000000004, 1.0]}, {"translations": [2981.2246660094265, 34.331865873274594, 658.0], "angles": [0.0, 0.0, -0.15605438098582472], "sizes": [1.0, 1.0, 1.0]}, {"translations": [653.2421021014098, -33.4757629535696, 208.0], "angles": [0.0, 0.0, 0.7807593729821733], "sizes": [1.0000000000000004, 1.0000000000000004, 1.0]}, {"translations": [712.1149688214417, 27.63058339576931, 208.0], "angles": [0.0, 0.0, -0.6377984714325461], "sizes": [1.0000000000000004, 1.0000000000000004, 1.0]}, {"translations": [320.7636122049465, -29.583940331025687, 58.0], "angles": [0.0, 0.0, 0.9704820810066302], "sizes": [1.000000000000001, 1.000000000000001, 1.0]}, {"translations": [3366.5940493001453, -34.466612757055614, 958.0], "angles": [0.0, 0.0, 0.9762046146557157], "sizes": [1.0000000000000004, 1.0000000000000004, 1.0]}, {"translations": [1091.789794921875, 0.4271697998046875, 1108.0], "angles": [0.0, 0.0, -0.4364285793865372], "sizes": [0.9999999999999999, 0.9999999999999999, 1.0]}, {"translations": [2674.5342192247213, 24.212151333563376, 1108.0], "angles": [0.0, 0.0, -0.16719936301997915], "sizes": [1.0, 1.0, 1.0]}, {"translations": [2720.2523306249195, 37.432738811156064, 808.0], "angles": [0.0, 0.0, 0.8644662589474655], "sizes": [0.9999999999999998, 0.9999999999999998, 1.0]}, {"translations": [2716.134859476578, -6.547797052590791, 58.0], "angles": [0.0, 0.0, 0.3854422394895807], "sizes": [1.0, 1.0, 1.0]}, {"translations": [2247.002277020954, 36.55589936831601, 958.0], "angles": [0.0, 0.0, 0.8814846451445556], "sizes": [0.9999999999999997, 0.9999999999999997, 1.0]}, {"translations": [1844.7205718318503, -26.495704358088723, 208.0], "angles": [0.0, 0.0, 0.3248054526532825], "sizes": [1.0, 1.0, 1.0]}, {"translations": [3504.2946701049805, 3.0927324295043945, 208.0], "angles": [0.0, 0.0, 0.9623820722020161], "sizes": [1.0000000000000007, 1.0000000000000007, 1.0]}, {"translations": [3460.4696424394124, -0.8211854196661728, 1108.0], "angles": [0.0, 0.0, 0.9910564762740823], "sizes": [1.0000000000000007, 1.0000000000000007, 1.0]}], "SM_CardBoxB_02": [{"translations": [2506.439613342285, 7.717952728271484, 808.0], "angles": [0.0, 0.0, 0.29202983471768745], "sizes": [1.0, 1.0, 1.0]}, {"translations": [2166.2614097595215, -6.692960262298584, 658.0], "angles": [0.0, 0.0, -0.8552424053995183], "sizes": [1.0, 1.0, 1.0]}, {"translations": [2109.3586998018386, -27.759976828993064, 58.0], "angles": [0.0, 0.0, -0.5843199728245536], "sizes": [1.0, 1.0, 1.0]}, {"translations": [1788.4759891147987, -41.18143209085588, 1108.0], "angles": [0.0, 0.0, 0.9949059203021674], "sizes": [0.9999999999999996, 0.9999999999999996, 1.0]}, {"translations": [1743.7541480022087, 26.372914524691836, 958.0], "angles": [0.0, 0.0, 0.26328362334879607], "sizes": [1.0, 1.0, 1.0]}, {"translations": [1747.2927138789787, 31.61255893139881, 808.0], "angles": [0.0, 0.0, -0.15149991513150146], "sizes": [0.9999999999999999, 0.9999999999999999, 1.0]}, {"translations": [1310.4969452488465, -26.101754357531085, 58.0], "angles": [0.0, 0.0, 0.9821641860447737], "sizes": [1.0000000000000009, 1.0000000000000009, 1.0]}, {"translations": [965.9219747167089, -34.13730994816761, 358.0], "angles": [0.0, 0.0, 0.9099853071932251], "sizes": [0.9999999999999992, 0.9999999999999992, 1.0]}, {"translations": [509.8540847887904, -7.1008839924144915, 958.0], "angles": [0.0, 0.0, 0.03376167066727568], "sizes": [1.0, 1.0, 1.0]}, {"translations": [173.04285163734602, -38.00958606246824, 1258.0], "angles": [0.0, 0.0, 0.9918506449824778], "sizes": [1.0000000000000002, 1.0000000000000002, 1.0]}, {"translations": [3335.089340209961, 3.0927324295043945, 208.0], "angles": [0.0, 0.0, 0.9911775772496491], "sizes": [0.9999999999999998, 0.9999999999999998, 1.0]}, {"translations": [2987.7791157857587, 38.19717718353401, 1258.0], "angles": [0.0, 0.0, 0.9047579535375798], "sizes": [1.0000000000000002, 1.0000000000000002, 1.0]}, {"translations": [2912.822421977586, -37.92242086337226, 958.0], "angles": [0.0, 0.0, -0.8288683242176156], "sizes": [1.0000000000000002, 1.0000000000000002, 1.0]}, {"translations": [659.7289187311484, 8.653892116229642, 1258.0], "angles": [0.0, 0.0, 0.8667120254650341], "sizes": [0.9999999999999998, 0.9999999999999998, 1.0]}, {"translations": [2643.126191003839, -28.438644344817433, 958.0], "angles": [0.0, 0.0, 0.10717205674398803], "sizes": [0.9999999999999999, 0.9999999999999999, 1.0]}, {"translations": [2287.2033308343566, 22.086205467909814, 808.0], "angles": [0.0, 0.0, 0.9788021758603785], "sizes": [1.000000000000001, 1.000000000000001, 1.0]}, {"translations": [2275.036599618119, 29.27013982481342, 508.0], "angles": [0.0, 0.0, 0.9778076991533886], "sizes": [1.0000000000000009, 1.0000000000000009, 1.0]}, {"translations": [1887.8075940290212, 21.414490501732136, 1108.0], "angles": [0.0, 0.0, 0.6190770674416344], "sizes": [1.0000000000000004, 1.0000000000000004, 1.0]}, {"translations": [3446.3650921707235, 30.854720768881798, 58.0], "angles": [0.0, 0.0, 0.6351457869844319], "sizes": [1.0000000000000004, 1.0000000000000004, 1.0]}, {"translations": [3077.4879217645794, -8.443067732957026, 958.0], "angles": [0.0, 0.0, -0.18952166998591677], "sizes": [1.0, 1.0, 1.0]}], "SM_CardBoxA_02": [{"translations": [2530.2250439319046, -38.63466894136577, 508.0], "angles": [0.0, 0.0, 0.9856399974014028], "sizes": [1.0000000000000002, 1.0000000000000002, 1.0]}, {"translations": [2472.4936839637057, -3.282167877726498, 208.0], "angles": [0.0, 0.0, 0.9912584211197477], "sizes": [1.0000000000000002, 1.0000000000000002, 1.0]}, {"translations": [2127.68907129941, -9.826021835758889, 1258.0], "angles": [0.0, 0.0, -0.6254335826195324], "sizes": [1.0000000000000002, 1.0000000000000002, 1.0]}, {"translations": [2064.17877662429, 31.25524031709429, 208.0], "angles": [0.0, 0.0, 0.9917501248236792], "sizes": [1.0000000000000004, 1.0000000000000004, 1.0]}, {"translations": [1737.6096730519832, -24.098658491913, 1258.0], "angles": [0.0, 0.0, -0.4925587563939992], "sizes": [0.9999999999999999, 0.9999999999999999, 1.0]}, {"translations": [1742.6296626034264, -28.2059662326469, 808.0], "angles": [0.0, 0.0, 0.8936231038485892], "sizes": [0.9999999999999999, 0.9999999999999999, 1.0]}, {"translations": [1744.9523387795102, -18.94253587857613, 58.0], "angles": [0.0, 0.0, 0.9994328832653367], "sizes": [1.0000000000000007, 1.0000000000000007, 1.0]}, {"translations": [1314.5110198390441, 33.76382177086116, 58.0], "angles": [0.0, 0.0, 0.9999931977334867], "sizes": [1.0000000000000016, 1.0000000000000016, 1.0]}, {"translations": [548.519016943189, 4.854075806660484, 1108.0], "angles": [0.0, 0.0, 0.29383542959645603], "sizes": [1.0, 1.0, 1.0]}, {"translations": [111.92813813503652, -0.9336615960986367, 1108.0], "angles": [0.0, 0.0, 0.4686148808325025], "sizes": [1.0, 1.0, 1.0]}, {"translations": [138.01647592508985, 2.5686734545445487, 358.0], "angles": [0.0, 0.0, -0.8309624374883043], "sizes": [1.0000000000000007, 1.0000000000000007, 1.0]}, {"translations": [3306.453769079498, 35.64622490101068, 658.0], "angles": [0.0, 0.0, 0.5188510663378268], "sizes": [1.0, 1.0, 1.0]}, {"translations": [1088.164410095342, -1.4039625704967722, 208.0], "angles": [0.0, 0.0, 0.7925009842757125], "sizes": [1.0000000000000007, 1.0000000000000007, 1.0]}, {"translations": [1061.3363851007728, -26.21374818565367, 58.0], "angles": [0.0, 0.0, 0.9171149419182841], "sizes": [1.0000000000000004, 1.0000000000000004, 1.0]}, {"translations": [646.7034771687169, -7.53348329549563, 958.0], "angles": [0.0, 0.0, 0.9214592315725096], "sizes": [1.0000000000000002, 1.0000000000000002, 1.0]}, {"translations": [736.2485662259053, 38.563843816568905, 658.0], "angles": [0.0, 0.0, -0.7922841475563238], "sizes": [1.0000000000000002, 1.0000000000000002, 1.0]}, {"translations": [676.509073625725, 36.07816901664585, 58.0], "angles": [0.0, 0.0, 0.339254351497893], "sizes": [1.0, 1.0, 1.0]}, {"translations": [304.3295880964943, 30.91311275723496, 208.0], "angles": [0.0, 0.0, 0.8772392421639126], "sizes": [1.0000000000000002, 1.0000000000000002, 1.0]}, {"translations": [3339.6766436848493, 28.91419486116134, 1108.0], "angles": [0.0, 0.0, 0.7124861815146409], "sizes": [1.0000000000000002, 1.0000000000000002, 1.0]}, {"translations": [3363.693546295166, -7.437701225280762, 808.0], "angles": [0.0, 0.0, 0.2913011830535404], "sizes": [1.0, 1.0, 1.0]}, {"translations": [3071.944008201388, 39.38082394607737, 208.0], "angles": [0.0, 0.0, 0.8057095817161991], "sizes": [1.0000000000000002, 1.0000000000000002, 1.0]}, {"translations": [3120.575057318059, -5.750487599521076, 58.0], "angles": [0.0, 0.0, 0.36292513955023775], "sizes": [0.9999999999999999, 0.9999999999999999, 1.0]}, {"translations": [2659.2440256353984, 7.462273187292313, 658.0], "angles": [0.0, 0.0, 0.6590042395193751], "sizes": [1.0000000000000002, 1.0000000000000002, 1.0]}, {"translations": [2302.220577593304, -27.87188409426816, 958.0], "angles": [0.0, 0.0, 0.9905859388991762], "sizes": [0.9999999999999998, 0.9999999999999998, 1.0]}, {"translations": [1858.757870940503, 33.82722621876431, 1258.0], "angles": [0.0, 0.0, -0.30174769391045514], "sizes": [1.0, 1.0, 1.0]}, {"translations": [1878.8595185744498, 27.765434455886172, 958.0], "angles": [0.0, 0.0, -0.3371063793959044], "sizes": [1.0000000000000002, 1.0000000000000002, 1.0]}, {"translations": [1539.4612139518065, 26.253341763846393, 1258.0], "angles": [0.0, 0.0, 0.9948049689733687], "sizes": [0.9999999999999999, 0.9999999999999999, 1.0]}, {"translations": [1480.6094111245318, -25.565086367421532, 808.0], "angles": [0.0, 0.0, -0.7389149881118752], "sizes": [1.0, 1.0, 1.0]}, {"translations": [1492.8961573662614, -30.628519207863157, 208.0], "angles": [0.0, 0.0, 0.6719991996596529], "sizes": [1.0000000000000002, 1.0000000000000002, 1.0]}, {"translations": [1552.7391339844744, -26.290530103221098, 208.0], "angles": [0.0, 0.0, 0.9131256482689724], "sizes": [1.0000000000000004, 1.0000000000000004, 1.0]}, {"translations": [3475.5405474285208, 4.0150962685995335, 658.0], "angles": [0.0, 0.0, -0.4090002176475119], "sizes": [1.0, 1.0, 1.0]}], "SM_CardBoxA_01": [{"translations": [2563.0151120291794, -20.000648904094778, 358.0], "angles": [0.0, 0.0, -0.22795621219458562], "sizes": [1.0, 1.0, 1.0]}, {"translations": [2112.7602767944336, 6.360223293304443, 1108.0], "angles": [0.0, 0.0, 0.8425383152129341], "sizes": [1.0000000000000004, 1.0000000000000004, 1.0]}, {"translations": [2168.907361182835, 0.10288591766403188, 508.0], "angles": [0.0, 0.0, 0.42646727455337385], "sizes": [1.0, 1.0, 1.0]}, {"translations": [1739.2188744587288, -33.455434055941836, 958.0], "angles": [0.0, 0.0, 0.7688823868471404], "sizes": [1.0000000000000004, 1.0000000000000004, 1.0]}, {"translations": [1734.4088516235352, 9.549428939819336, 658.0], "angles": [0.0, 0.0, -0.7960373353618264], "sizes": [1.0000000000000002, 1.0000000000000002, 1.0]}, {"translations": [1683.8725580158093, 36.95913288907256, 508.0], "angles": [0.0, 0.0, 0.9976943843966825], "sizes": [0.9999999999999994, 0.9999999999999994, 1.0]}, {"translations": [1742.4987387670649, 41.00727518850672, 58.0], "angles": [0.0, 0.0, 0.11763805253146883], "sizes": [1.0, 1.0, 1.0]}, {"translations": [1268.8378148313705, -30.696093037601383, 508.0], "angles": [0.0, 0.0, -0.6304418971925524], "sizes": [1.0000000000000002, 1.0000000000000002, 1.0]}, {"translations": [1331.8489680055436, 26.13342900561896, 508.0], "angles": [0.0, 0.0, -0.21313918964125622], "sizes": [1.0, 1.0, 1.0]}, {"translations": [87.44807349166402, -24.8383429451103, 808.0], "angles": [0.0, 0.0, 0.9941552391989584], "sizes": [0.9999999999999999, 0.9999999999999999, 1.0]}, {"translations": [1047.01171188069, 10.765106129928178, 958.0], "angles": [0.0, 0.0, 0.9380843714052723], "sizes": [1.0000000000000004, 1.0000000000000004, 1.0]}, {"translations": [3339.146369518661, -38.87323663558257, 508.0], "angles": [0.0, 0.0, 0.29675947660768603], "sizes": [1.0, 1.0, 1.0]}, {"translations": [3370.1638552938502, 20.6071431226699, 508.0], "angles": [0.0, 0.0, -0.7849101766985953], "sizes": [1.0, 1.0, 1.0]}, {"translations": [2921.003355660202, -35.64380052514941, 508.0], "angles": [0.0, 0.0, -0.05320678490374107], "sizes": [0.9999999999999999, 0.9999999999999999, 1.0]}, {"translations": [649.3019284811337, -25.23880459654826, 58.0], "angles": [0.0, 0.0, 0.6823169685008205], "sizes": [1.0000000000000004, 1.0000000000000004, 1.0]}, {"translations": [245.66757603676277, 22.619945300515027, 508.0], "angles": [0.0, 0.0, 0.9998402914377869], "sizes": [1.000000000000001, 1.000000000000001, 1.0]}, {"translations": [3366.620735109656, 25.533381308507177, 958.0], "angles": [0.0, 0.0, -0.13394972003551278], "sizes": [1.0, 1.0, 1.0]}, {"translations": [3113.7110900878906, 1.8576598167419434, 658.0], "angles": [0.0, 0.0, 0.9064914024393033], "sizes": [1.0000000000000004, 1.0000000000000004, 1.0]}, {"translations": [1112.087212332563, 36.763996712111364, 1258.0], "angles": [0.0, 0.0, 0.42289827890759696], "sizes": [1.0, 1.0, 1.0]}, {"translations": [3077.081336647245, -20.398836946565652, 208.0], "angles": [0.0, 0.0, -0.783724306464941], "sizes": [1.0000000000000004, 1.0000000000000004, 1.0]}, {"translations": [2256.502512228899, -31.88807749171645, 358.0], "angles": [0.0, 0.0, 0.29262044891574734], "sizes": [1.0, 1.0, 1.0]}, {"translations": [2306.363015372025, -27.74821124808313, 58.0], "angles": [0.0, 0.0, -0.8158130667892902], "sizes": [1.0, 1.0, 1.0]}, {"translations": [1863.3535909208624, 37.180389704676955, 508.0], "angles": [0.0, 0.0, -0.4906559152228756], "sizes": [1.0000000000000002, 1.0000000000000002, 1.0]}, {"translations": [1895.023415602761, -20.16183480844517, 58.0], "angles": [0.0, 0.0, -0.12345314580765894], "sizes": [1.0, 1.0, 1.0]}, {"translations": [1510.3025760713606, -34.62781669492476, 958.0], "angles": [0.0, 0.0, -0.7929361663140189], "sizes": [1.0000000000000002, 1.0000000000000002, 1.0]}, {"translations": [1509.7310558543095, 34.866112596628525, 808.0], "angles": [0.0, 0.0, 0.19696154470547317], "sizes": [1.0, 1.0, 1.0]}, {"translations": [3507.392019175025, 3.0030748496247464, 58.0], "angles": [0.0, 0.0, -0.38264774801044327], "sizes": [1.0, 1.0, 1.0]}, {"translations": [3139.2864242925048, -34.53799224532227, 958.0], "angles": [0.0, 0.0, -0.49632547805378496], "sizes": [1.0000000000000002, 1.0000000000000002, 1.0]}, {"translations": [3145.3784095530727, -28.308928259011715, 808.0], "angles": [0.0, 0.0, 0.6462157243359432], "sizes": [1.0000000000000007, 1.0000000000000007, 1.0]}, {"translations": [3548.5331345667005, -5.484716129121394, 808.0], "angles": [0.0, 0.0, 0.9644936215723664], "sizes": [1.0000000000000013, 1.0000000000000013, 1.0]}]}