{"SM_RackShelf_01": [{"translations": [200.0, 0.0, 37.0], "angles": [0.0, 0.0, 0.0], "sizes": [1.0, 1.0, 1.0]}, {"translations": [200.0, 0.0, 187.0], "angles": [0.0, 0.0, 0.0], "sizes": [1.0, 1.0, 1.0]}, {"translations": [200.0, 0.0, 337.0], "angles": [0.0, 0.0, 0.0], "sizes": [1.0, 1.0, 1.0]}, {"translations": [200.0, 0.0, 487.0], "angles": [0.0, 0.0, 0.0], "sizes": [1.0, 1.0, 1.0]}, {"translations": [200.0, 0.0, 637.0], "angles": [0.0, 0.0, 0.0], "sizes": [1.0, 1.0, 1.0]}, {"translations": [200.0, 0.0, 787.0], "angles": [0.0, 0.0, 0.0], "sizes": [1.0, 1.0, 1.0]}, {"translations": [200.0, 0.0, 937.0], "angles": [0.0, 0.0, 0.0], "sizes": [1.0, 1.0, 1.0]}, {"translations": [600.0, 0.0, 37.0], "angles": [0.0, 0.0, 0.0], "sizes": [1.0, 1.0, 1.0]}, {"translations": [600.0, 0.0, 187.0], "angles": [0.0, 0.0, 0.0], "sizes": [1.0, 1.0, 1.0]}, {"translations": [600.0, 0.0, 337.0], "angles": [0.0, 0.0, 0.0], "sizes": [1.0, 1.0, 1.0]}, {"translations": [600.0, 0.0, 487.0], "angles": [0.0, 0.0, 0.0], "sizes": [1.0, 1.0, 1.0]}, {"translations": [600.0, 0.0, 637.0], "angles": [0.0, 0.0, 0.0], "sizes": [1.0, 1.0, 1.0]}, {"translations": [600.0, 0.0, 787.0], "angles": [0.0, 0.0, 0.0], "sizes": [1.0, 1.0, 1.0]}, {"translations": [600.0, 0.0, 937.0], "angles": [0.0, 0.0, 0.0], "sizes": [1.0, 1.0, 1.0]}, {"translations": [1000.0, 0.0, 37.0], "angles": [0.0, 0.0, 0.0], "sizes": [1.0, 1.0, 1.0]}, {"translations": [1000.0, 0.0, 187.0], "angles": [0.0, 0.0, 0.0], "sizes": [1.0, 1.0, 1.0]}, {"translations": [1000.0, 0.0, 337.0], "angles": [0.0, 0.0, 0.0], "sizes": [1.0, 1.0, 1.0]}, {"translations": [1000.0, 0.0, 487.0], "angles": [0.0, 0.0, 0.0], "sizes": [1.0, 1.0, 1.0]}, {"translations": [1000.0, 0.0, 637.0], "angles": [0.0, 0.0, 0.0], "sizes": [1.0, 1.0, 1.0]}, {"translations": [1000.0, 0.0, 787.0], "angles": [0.0, 0.0, 0.0], "sizes": [1.0, 1.0, 1.0]}, {"translations": [1000.0, 0.0, 937.0], "angles": [0.0, 0.0, 0.0], "sizes": [1.0, 1.0, 1.0]}, {"translations": [1400.0, 0.0, 37.0], "angles": [0.0, 0.0, 0.0], "sizes": [1.0, 1.0, 1.0]}, {"translations": [1400.0, 0.0, 187.0], "angles": [0.0, 0.0, 0.0], "sizes": [1.0, 1.0, 1.0]}, {"translations": [1400.0, 0.0, 337.0], "angles": [0.0, 0.0, 0.0], "sizes": [1.0, 1.0, 1.0]}, {"translations": [1400.0, 0.0, 487.0], "angles": [0.0, 0.0, 0.0], "sizes": [1.0, 1.0, 1.0]}, {"translations": [1400.0, 0.0, 637.0], "angles": [0.0, 0.0, 0.0], "sizes": [1.0, 1.0, 1.0]}, {"translations": [1400.0, 0.0, 787.0], "angles": [0.0, 0.0, 0.0], "sizes": [1.0, 1.0, 1.0]}, {"translations": [1400.0, 0.0, 937.0], "angles": [0.0, 0.0, 0.0], "sizes": [1.0, 1.0, 1.0]}, {"translations": [1800.0, 0.0, 37.0], "angles": [0.0, 0.0, 0.0], "sizes": [1.0, 1.0, 1.0]}, {"translations": [1800.0, 0.0, 187.0], "angles": [0.0, 0.0, 0.0], "sizes": [1.0, 1.0, 1.0]}, {"translations": [1800.0, 0.0, 337.0], "angles": [0.0, 0.0, 0.0], "sizes": [1.0, 1.0, 1.0]}, {"translations": [1800.0, 0.0, 487.0], "angles": [0.0, 0.0, 0.0], "sizes": [1.0, 1.0, 1.0]}, {"translations": [1800.0, 0.0, 637.0], "angles": [0.0, 0.0, 0.0], "sizes": [1.0, 1.0, 1.0]}, {"translations": [1800.0, 0.0, 787.0], "angles": [0.0, 0.0, 0.0], "sizes": [1.0, 1.0, 1.0]}, {"translations": [1800.0, 0.0, 937.0], "angles": [0.0, 0.0, 0.0], "sizes": [1.0, 1.0, 1.0]}, {"translations": [2200.0, 0.0, 37.0], "angles": [0.0, 0.0, 0.0], "sizes": [1.0, 1.0, 1.0]}, {"translations": [2200.0, 0.0, 187.0], "angles": [0.0, 0.0, 0.0], "sizes": [1.0, 1.0, 1.0]}, {"translations": [2200.0, 0.0, 337.0], "angles": [0.0, 0.0, 0.0], "sizes": [1.0, 1.0, 1.0]}, {"translations": [2200.0, 0.0, 487.0], "angles": [0.0, 0.0, 0.0], "sizes": [1.0, 1.0, 1.0]}, {"translations": [2200.0, 0.0, 637.0], "angles": [0.0, 0.0, 0.0], "sizes": [1.0, 1.0, 1.0]}, {"translations": [2200.0, 0.0, 787.0], "angles": [0.0, 0.0, 0.0], "sizes": [1.0, 1.0, 1.0]}, {"translations": [2200.0, 0.0, 937.0], "angles": [0.0, 0.0, 0.0], "sizes": [1.0, 1.0, 1.0]}], "SM_RackFrame_03": [{"translations": [0.0, 0.0, 0.0], "angles": [0.0, 0.0, 0.0], "sizes": [1.0, 1.0, 1.0]}, {"translations": [400.0, 0.0, 0.0], "angles": [0.0, 0.0, 0.0], "sizes": [1.0, 1.0, 1.0]}, {"translations": [800.0, 0.0, 0.0], "angles": [0.0, 0.0, 0.0], "sizes": [1.0, 1.0, 1.0]}, {"translations": [1200.0, 0.0, 0.0], "angles": [0.0, 0.0, 0.0], "sizes": [1.0, 1.0, 1.0]}, {"translations": [1600.0, 0.0, 0.0], "angles": [0.0, 0.0, 0.0], "sizes": [1.0, 1.0, 1.0]}, {"translations": [2000.0, 0.0, 0.0], "angles": [0.0, 0.0, 0.0], "sizes": [1.0, 1.0, 1.0]}, {"translations": [0.0, 0.0, 300.0], "angles": [0.0, 0.0, 0.0], "sizes": [1.0, 1.0, 1.0]}, {"translations": [400.0, 0.0, 300.0], "angles": [0.0, 0.0, 0.0], "sizes": [1.0, 1.0, 1.0]}, {"translations": [800.0, 0.0, 300.0], "angles": [0.0, 0.0, 0.0], "sizes": [1.0, 1.0, 1.0]}, {"translations": [1200.0, 0.0, 300.0], "angles": [0.0, 0.0, 0.0], "sizes": [1.0, 1.0, 1.0]}, {"translations": [1600.0, 0.0, 300.0], "angles": [0.0, 0.0, 0.0], "sizes": [1.0, 1.0, 1.0]}, {"translations": [2000.0, 0.0, 300.0], "angles": [0.0, 0.0, 0.0], "sizes": [1.0, 1.0, 1.0]}, {"translations": [0.0, 0.0, 600.0], "angles": [0.0, 0.0, 0.0], "sizes": [1.0, 1.0, 1.0]}, {"translations": [400.0, 0.0, 600.0], "angles": [0.0, 0.0, 0.0], "sizes": [1.0, 1.0, 1.0]}, {"translations": [800.0, 0.0, 600.0], "angles": [0.0, 0.0, 0.0], "sizes": [1.0, 1.0, 1.0]}, {"translations": [1200.0, 0.0, 600.0], "angles": [0.0, 0.0, 0.0], "sizes": [1.0, 1.0, 1.0]}, {"translations": [1600.0, 0.0, 600.0], "angles": [0.0, 0.0, 0.0], "sizes": [1.0, 1.0, 1.0]}, {"translations": [2000.0, 0.0, 600.0], "angles": [0.0, 0.0, 0.0], "sizes": [1.0, 1.0, 1.0]}, {"translations": [0.0, 0.0, 900.0], "angles": [0.0, 0.0, 0.0], "sizes": [1.0, 1.0, 1.0]}, {"translations": [400.0, 0.0, 900.0], "angles": [0.0, 0.0, 0.0], "sizes": [1.0, 1.0, 1.0]}, {"translations": [800.0, 0.0, 900.0], "angles": [0.0, 0.0, 0.0], "sizes": [1.0, 1.0, 1.0]}, {"translations": [1200.0, 0.0, 900.0], "angles": [0.0, 0.0, 0.0], "sizes": [1.0, 1.0, 1.0]}, {"translations": [1600.0, 0.0, 900.0], "angles": [0.0, 0.0, 0.0], "sizes": [1.0, 1.0, 1.0]}, {"translations": [2000.0, 0.0, 900.0], "angles": [0.0, 0.0, 0.0], "sizes": [1.0, 1.0, 1.0]}, {"translations": [2400.0, 0.0, 0.0], "angles": [0.0, 0.0, 0.0], "sizes": [1.0, 1.0, 1.0]}, {"translations": [2400.0, 0.0, 300.0], "angles": [0.0, 0.0, 0.0], "sizes": [1.0, 1.0, 1.0]}, {"translations": [2400.0, 0.0, 600.0], "angles": [0.0, 0.0, 0.0], "sizes": [1.0, 1.0, 1.0]}, {"translations": [2400.0, 0.0, 900.0], "angles": [0.0, 0.0, 0.0], "sizes": [1.0, 1.0, 1.0]}], "SM_PaletteA_01": [{"translations": [104.04623413085938, -1.7162489891052246, 37.0], "angles": [0.0, 0.0, -0.008555560698321434], "sizes": [1.0, 1.0, 1.0]}, {"translations": [77.0445785522461, -0.000858306884765625, 187.0], "angles": [0.0, 0.0, 0.02215503203228436], "sizes": [0.9999999999999999, 0.9999999999999999, 1.0]}, {"translations": [167.94365692138672, 0.4796934127807617, 337.0], "angles": [0.0, 0.0, -0.03372490046427841], "sizes": [0.9999999999999999, 0.9999999999999999, 1.0]}, {"translations": [74.09922790527344, -9.138336181640625, 487.0], "angles": [0.0, 0.0, 0.006214633653262268], "sizes": [1.0, 1.0, 1.0]}, {"translations": [106.05471801757812, -5.421197414398193, 637.0], "angles": [0.0, 0.0, 0.020959515288840474], "sizes": [1.0, 1.0, 1.0]}, {"translations": [115.29872131347656, 7.166991233825684, 787.0], "angles": [0.0, 0.0, 0.013194649243229174], "sizes": [0.9999999999999999, 0.9999999999999999, 1.0]}, {"translations": [132.94749450683594, -1.137080192565918, 937.0], "angles": [0.0, 0.0, -0.040913290533119366], "sizes": [1.0, 1.0, 1.0]}, {"translations": [482.2792282104492, 6.109950542449951, 37.0], "angles": [0.0, 0.0, 0.039500254033938594], "sizes": [0.9999999999999999, 0.9999999999999999, 1.0]}, {"translations": [491.85707092285156, -2.9225897789001465, 187.0], "angles": [0.0, 0.0, -0.017082536034057533], "sizes": [1.0, 1.0, 1.0]}, {"translations": [533.3830947875977, 8.623649597167969, 337.0], "angles": [0.0, 0.0, -6.791320848806767e-05], "sizes": [1.0, 1.0, 1.0]}, {"translations": [494.8818664550781, 8.459146499633789, 487.0], "angles": [0.0, 0.0, 0.03215710219923513], "sizes": [1.0, 1.0, 1.0]}, {"translations": [541.5834045410156, 7.324190139770508, 637.0], "angles": [0.0, 0.0, -0.01834205305986456], "sizes": [1.0, 1.0, 1.0]}, {"translations": [533.2000122070312, 9.428579330444336, 787.0], "angles": [0.0, 0.0, 0.022881911436090484], "sizes": [1.0, 1.0, 1.0]}, {"translations": [479.88209533691406, -8.396973609924316, 937.0], "angles": [0.0, 0.0, 0.014400982707116192], "sizes": [1.0, 1.0, 1.0]}, {"translations": [911.4894409179688, 2.581357955932617, 37.0], "angles": [0.0, 0.0, 0.03576903304887616], "sizes": [1.0, 1.0, 1.0]}, {"translations": [962.7283554077148, 0.3313159942626953, 187.0], "angles": [0.0, 0.0, -0.037126384235896225], "sizes": [0.9999999999999999, 0.9999999999999999, 1.0]}, {"translations": [935.8382797241211, -4.22123908996582, 337.0], "angles": [0.0, 0.0, -0.03444621852163104], "sizes": [1.0, 1.0, 1.0]}, {"translations": [966.4827346801758, 3.2526063919067383, 487.0], "angles": [0.0, 0.0, -0.019750653288402142], "sizes": [1.0, 1.0, 1.0]}, {"translations": [881.7578506469727, 2.102322578430176, 637.0], "angles": [0.0, 0.0, 0.0423741432590308], "sizes": [1.0, 1.0, 1.0]}, {"translations": [922.1294860839844, 5.8795952796936035, 787.0], "angles": [0.0, 0.0, 0.017362136875305006], "sizes": [1.0, 1.0, 1.0]}, {"translations": [880.4381942749023, 9.166719436645508, 937.0], "angles": [0.0, 0.0, -0.043047328951584626], "sizes": [1.0, 1.0, 1.0]}, {"translations": [1312.5039825439453, 3.831033706665039, 37.0], "angles": [0.0, 0.0, -0.021404175884136695], "sizes": [1.0, 1.0, 1.0]}, {"translations": [1367.7973022460938, 1.4619636535644531, 187.0], "angles": [0.0, 0.0, 0.039949981302255896], "sizes": [0.9999999999999999, 0.9999999999999999, 1.0]}, {"translations": [1278.5350646972656, 1.4052867889404297, 337.0], "angles": [0.0, 0.0, -0.03277997203320745], "sizes": [0.9999999999999999, 0.9999999999999999, 1.0]}, {"translations": [1300.343391418457, -2.281332015991211, 487.0], "angles": [0.0, 0.0, -0.0051227239957536575], "sizes": [1.0, 1.0, 1.0]}, {"translations": [1315.598030090332, -4.324848651885986, 637.0], "angles": [0.0, 0.0, 0.009554236330685407], "sizes": [0.9999999999999999, 0.9999999999999999, 1.0]}, {"translations": [1286.8436584472656, 4.431722164154053, 787.0], "angles": [0.0, 0.0, 0.0038204097228763103], "sizes": [1.0, 1.0, 1.0]}, {"translations": [1352.2860984802246, -4.739868640899658, 937.0], "angles": [0.0, 0.0, 0.0030613925178245324], "sizes": [1.0, 1.0, 1.0]}, {"translations": [1713.750633239746, 9.805569648742676, 37.0], "angles": [0.0, 0.0, -0.013418342249921588], "sizes": [1.0, 1.0, 1.0]}, {"translations": [1675.6761093139648, 3.6362338066101074, 187.0], "angles": [0.0, 0.0, 0.00481645385063716], "sizes": [1.0, 1.0, 1.0]}, {"translations": [1697.231704711914, 6.969821453094482, 337.0], "angles": [0.0, 0.0, 0.0007230689788956399], "sizes": [1.0, 1.0, 1.0]}, {"translations": [1714.9520950317383, 8.078994750976562, 487.0], "angles": [0.0, 0.0, 0.03376748677222315], "sizes": [0.9999999999999999, 0.9999999999999999, 1.0]}, {"translations": [1734.4088516235352, 9.549428939819336, 637.0], "angles": [0.0, 0.0, 0.008963024314479024], "sizes": [1.0, 1.0, 1.0]}, {"translations": [1715.0519256591797, 4.0348219871521, 787.0], "angles": [0.0, 0.0, 0.0176523873443507], "sizes": [1.0, 1.0, 1.0]}, {"translations": [1741.4865112304688, -3.541259765625, 937.0], "angles": [0.0, 0.0, 0.0224159674012707], "sizes": [1.0, 1.0, 1.0]}, {"translations": [2079.5151443481445, 2.395656108856201, 37.0], "angles": [0.0, 0.0, 0.022104444363160832], "sizes": [1.0, 1.0, 1.0]}, {"translations": [2093.033576965332, 0.1521778106689453, 187.0], "angles": [0.0, 0.0, -0.03293435613391457], "sizes": [1.0, 1.0, 1.0]}, {"translations": [2094.2071533203125, 0.5452275276184082, 337.0], "angles": [0.0, 0.0, 0.03675644920206601], "sizes": [1.0, 1.0, 1.0]}, {"translations": [2138.9098052978516, 0.4858231544494629, 487.0], "angles": [0.0, 0.0, -0.012206668124637866], "sizes": [1.0, 1.0, 1.0]}, {"translations": [2166.2614097595215, -6.692960262298584, 637.0], "angles": [0.0, 0.0, -0.01082187466262988], "sizes": [0.9999999999999999, 0.9999999999999999, 1.0]}, {"translations": [2099.147735595703, -7.900900840759277, 787.0], "angles": [0.0, 0.0, -0.015807018052669854], "sizes": [1.0, 1.0, 1.0]}, {"translations": [2075.7228469848633, 4.342007637023926, 937.0], "angles": [0.0, 0.0, -0.03879769771818232], "sizes": [1.0, 1.0, 1.0]}, {"translations": [288.7731170654297, -1.7162489891052246, 37.0], "angles": [0.0, 0.0, -0.04004578669555789], "sizes": [1.0, 1.0, 1.0]}, {"translations": [275.2722930908203, -0.000858306884765625, 187.0], "angles": [0.0, 0.0, -0.014957544199854804], "sizes": [1.0, 1.0, 1.0]}, {"translations": [320.7218246459961, 0.4796934127807617, 337.0], "angles": [0.0, 0.0, 0.02120181325275251], "sizes": [0.9999999999999999, 0.9999999999999999, 1.0]}, {"translations": [273.7996139526367, -9.138336181640625, 487.0], "angles": [0.0, 0.0, -0.03188292894598109], "sizes": [1.0, 1.0, 1.0]}, {"translations": [289.77735900878906, -5.421197414398193, 637.0], "angles": [0.0, 0.0, -0.029960986107838396], "sizes": [1.0, 1.0, 1.0]}, {"translations": [294.3993606567383, 7.166991233825684, 787.0], "angles": [0.0, 0.0, 0.017151773278490885], "sizes": [1.0, 1.0, 1.0]}, {"translations": [303.22374725341797, -1.137080192565918, 937.0], "angles": [0.0, 0.0, -0.028936082619970254], "sizes": [1.0, 1.0, 1.0]}, {"translations": [677.8896102905273, 6.109950542449951, 37.0], "angles": [0.0, 0.0, -0.021894097234168755], "sizes": [1.0, 1.0, 1.0]}, {"translations": [682.6785354614258, -2.9225897789001465, 187.0], "angles": [0.0, 0.0, 0.01790535181939846], "sizes": [0.9999999999999999, 0.9999999999999999, 1.0]}, {"translations": [703.4415435791016, 8.623649597167969, 337.0], "angles": [0.0, 0.0, -0.027817972185535625], "sizes": [1.0, 1.0, 1.0]}, {"translations": [684.1909332275391, 8.459146499633789, 487.0], "angles": [0.0, 0.0, 0.03521277057125699], "sizes": [0.9999999999999999, 0.9999999999999999, 1.0]}, {"translations": [707.5417022705078, 7.324190139770508, 637.0], "angles": [0.0, 0.0, 0.020570765128482736], "sizes": [1.0, 1.0, 1.0]}, {"translations": [703.3500061035156, 9.428579330444336, 787.0], "angles": [0.0, 0.0, -0.009652770827474379], "sizes": [0.9999999999999999, 0.9999999999999999, 1.0]}, {"translations": [676.691047668457, -8.396973609924316, 937.0], "angles": [0.0, 0.0, -0.040641865726271056], "sizes": [1.0, 1.0, 1.0]}, {"translations": [1092.4947204589844, 2.581357955932617, 37.0], "angles": [0.0, 0.0, 0.00997234309297934], "sizes": [1.0, 1.0, 1.0]}, {"translations": [1118.1141815185547, 0.3313159942626953, 187.0], "angles": [0.0, 0.0, 0.029324751606607864], "sizes": [0.9999999999999999, 0.9999999999999999, 1.0]}, {"translations": [1104.6691436767578, -4.22123908996582, 337.0], "angles": [0.0, 0.0, -0.020232601586749523], "sizes": [1.0, 1.0, 1.0]}, {"translations": [1119.9913635253906, 3.2526063919067383, 487.0], "angles": [0.0, 0.0, -0.02376320707206077], "sizes": [1.0, 1.0, 1.0]}, {"translations": [1077.6289291381836, 2.102322578430176, 637.0], "angles": [0.0, 0.0, -0.005511553019575522], "sizes": [1.0, 1.0, 1.0]}, {"translations": [1097.8147430419922, 5.8795952796936035, 787.0], "angles": [0.0, 0.0, -0.001636561173432111], "sizes": [1.0, 1.0, 1.0]}, {"translations": [1076.9691009521484, 9.166719436645508, 937.0], "angles": [0.0, 0.0, -0.04125656071324519], "sizes": [1.0, 1.0, 1.0]}, {"translations": [1493.0019912719727, 3.831033706665039, 37.0], "angles": [0.0, 0.0, 0.02337181657000749], "sizes": [1.0, 1.0, 1.0]}, {"translations": [1520.6486511230469, 1.4619636535644531, 187.0], "angles": [0.0, 0.0, 0.01431843322556525], "sizes": [0.9999999999999999, 0.9999999999999999, 1.0]}, {"translations": [1476.0175323486328, 1.4052867889404297, 337.0], "angles": [0.0, 0.0, -0.012227973903693134], "sizes": [1.0, 1.0, 1.0]}, {"translations": [1486.9216995239258, -2.281332015991211, 487.0], "angles": [0.0, 0.0, -0.008757961678858395], "sizes": [0.9999999999999999, 0.9999999999999999, 1.0]}, {"translations": [1494.5490188598633, -4.324848651885986, 637.0], "angles": [0.0, 0.0, 0.0049309736188113285], "sizes": [1.0, 1.0, 1.0]}, {"translations": [1480.1718292236328, 4.431722164154053, 787.0], "angles": [0.0, 0.0, 0.02480422921999965], "sizes": [1.0, 1.0, 1.0]}, {"translations": [1512.893051147461, -4.739868640899658, 937.0], "angles": [0.0, 0.0, 0.03713170688546681], "sizes": [0.9999999999999999, 0.9999999999999999, 1.0]}, {"translations": [1893.6253204345703, 9.805569648742676, 37.0], "angles": [0.0, 0.0, 0.023526243680930287], "sizes": [1.0, 1.0, 1.0]}, {"translations": [1874.5880508422852, 3.6362338066101074, 187.0], "angles": [0.0, 0.0, 0.018179625241176528], "sizes": [1.0, 1.0, 1.0]}, {"translations": [1885.365852355957, 6.969821453094482, 337.0], "angles": [0.0, 0.0, -0.030094088276839646], "sizes": [0.9999999999999999, 0.9999999999999999, 1.0]}, {"translations": [1894.2260513305664, 8.078994750976562, 487.0], "angles": [0.0, 0.0, 6.657902725148907e-06], "sizes": [1.0, 1.0, 1.0]}, {"translations": [1903.9544296264648, 9.549428939819336, 637.0], "angles": [0.0, 0.0, -0.0011518533271579912], "sizes": [1.0, 1.0, 1.0]}, {"translations": [1894.2759628295898, 4.0348219871521, 787.0], "angles": [0.0, 0.0, 0.019984969365501874], "sizes": [1.0, 1.0, 1.0]}, {"translations": [1907.4932556152344, -3.541259765625, 937.0], "angles": [0.0, 0.0, -0.03543101766737927], "sizes": [1.0, 1.0, 1.0]}, {"translations": [2276.5075759887695, 2.395656108856201, 37.0], "angles": [0.0, 0.0, -0.03243659655263127], "sizes": [1.0, 1.0, 1.0]}, {"translations": [2283.2667846679688, 0.1521778106689453, 187.0], "angles": [0.0, 0.0, 0.037224853082295964], "sizes": [1.0, 1.0, 1.0]}, {"translations": [2283.8535766601562, 0.5452275276184082, 337.0], "angles": [0.0, 0.0, -0.0033676648625614015], "sizes": [0.9999999999999999, 0.9999999999999999, 1.0]}, {"translations": [2306.204902648926, 0.4858231544494629, 487.0], "angles": [0.0, 0.0, 0.01435837653531094], "sizes": [1.0, 1.0, 1.0]}, {"translations": [2319.8807067871094, -6.692960262298584, 637.0], "angles": [0.0, 0.0, -0.0138231187035537], "sizes": [0.9999999999999999, 0.9999999999999999, 1.0]}, {"translations": [2286.3238677978516, -7.900900840759277, 787.0], "angles": [0.0, 0.0, 0.02840099478970082], "sizes": [1.0, 1.0, 1.0]}, {"translations": [2274.611427307129, 4.342007637023926, 937.0], "angles": [0.0, 0.0, -0.025736064946890236], "sizes": [0.9999999999999999, 0.9999999999999999, 1.0]}], "SM_CardBoxC_02": [{"translations": [2244.651168009466, 5.885660064482823, 958.0], "angles": [0.0, 0.0, 0.9749300554502456], "sizes": [1.0000000000000013, 1.0000000000000013, 1.0]}, {"translations": [2349.869242070468, -7.522268141656702, 658.0], "angles": [0.0, 0.0, 0.9775626937271307], "sizes": [1.0000000000000009, 1.0000000000000009, 1.0]}, {"translations": [1933.9543500204995, 9.48031778603707, 658.0], "angles": [0.0, 0.0, 0.9566589028466601], "sizes": [1.0000000000000002, 1.0000000000000002, 1.0]}, {"translations": [1151.3828719268768, 31.79333518917875, 508.0], "angles": [0.0, 0.0, -0.772689642911013], "sizes": [1.0000000000000004, 1.0000000000000004, 1.0]}, {"translations": [644.3536561519473, -35.86137074344919, 958.0], "angles": [0.0, 0.0, -0.7326223076763905], "sizes": [1.0000000000000002, 1.0000000000000002, 1.0]}, {"translations": [2092.0032566509135, 30.464165334141764, 358.0], "angles": [0.0, 0.0, 0.9589804037834105], "sizes": [1.0000000000000002, 1.0000000000000002, 1.0]}, {"translations": [1771.4563626947966, -2.196639668303002, 958.0], "angles": [0.0, 0.0, 0.9760409661628539], "sizes": [1.000000000000001, 1.000000000000001, 1.0]}, {"translations": [1710.1720396688188, 25.083971601380913, 958.0], "angles": [0.0, 0.0, -0.4662777106147275], "sizes": [1.0, 1.0, 1.0]}, {"translations": [1715.0519256591797, 4.0348219871521, 808.0], "angles": [0.0, 0.0, -0.4726650081066321], "sizes": [1.0, 1.0, 1.0]}, {"translations": [503.37902027183003, -21.372275333599912, 358.0], "angles": [0.0, 0.0, -0.01585686441158687], "sizes": [1.0, 1.0, 1.0]}, {"translations": [563.3871693033653, 38.61957452793585, 358.0], "angles": [0.0, 0.0, 0.9964390557448619], "sizes": [0.999999999999999, 0.999999999999999, 1.0]}, {"translations": [160.3943186342549, -33.48938838407728, 958.0], "angles": [0.0, 0.0, 0.7959898821846548], "sizes": [1.0000000000000004, 1.0000000000000004, 1.0]}, {"translations": [74.56394084214648, 28.792674007918354, 58.0], "angles": [0.0, 0.0, 0.871533362833519], "sizes": [1.0000000000000002, 1.0000000000000002, 1.0]}], "SM_CardBoxA_01": [{"translations": [2289.062863624393, -35.85218766629892, 658.0], "angles": [0.0, 0.0, -0.18842702364291003], "sizes": [1.0, 1.0, 1.0]}, {"translations": [2244.62553226102, -25.596044227884036, 58.0], "angles": [0.0, 0.0, 0.8179735194295883], "sizes": [1.0000000000000004, 1.0000000000000004, 1.0]}, {"translations": [1937.4179341944575, -5.6657860493358605, 958.0], "angles": [0.0, 0.0, 0.1430705503891482], "sizes": [1.0, 1.0, 1.0]}, {"translations": [1486.9216995239258, -2.281332015991211, 508.0], "angles": [0.0, 0.0, 0.9093918724962311], "sizes": [0.9999999999999997, 0.9999999999999997, 1.0]}, {"translations": [1446.760127330524, 32.12993896933702, 358.0], "angles": [0.0, 0.0, -0.21271360560802258], "sizes": [1.0, 1.0, 1.0]}, {"translations": [703.3500061035156, 9.428579330444336, 808.0], "angles": [0.0, 0.0, 0.8875697491980524], "sizes": [0.9999999999999997, 0.9999999999999997, 1.0]}, {"translations": [731.7266807977976, -22.998352434954132, 358.0], "angles": [0.0, 0.0, 0.997588754370539], "sizes": [0.9999999999999998, 0.9999999999999998, 1.0]}, {"translations": [679.2029412377913, 36.081189452828, 58.0], "angles": [0.0, 0.0, 0.8870427430194703], "sizes": [1.0000000000000002, 1.0000000000000002, 1.0]}, {"translations": [317.92664722613745, -37.164189914423325, 658.0], "angles": [0.0, 0.0, 0.9999972084217315], "sizes": [1.0000000000000024, 1.0000000000000024, 1.0]}, {"translations": [2122.9684966564946, -1.8228115775662157, 208.0], "angles": [0.0, 0.0, 0.9986708612895567], "sizes": [1.0000000000000018, 1.0000000000000018, 1.0]}, {"translations": [1312.5039825439453, 3.831033706665039, 58.0], "angles": [0.0, 0.0, 0.2060039212858596], "sizes": [1.0, 1.0, 1.0]}, {"translations": [932.8110575121008, 2.557363303976305, 208.0], "angles": [0.0, 0.0, 0.5625199305785046], "sizes": [1.0000000000000004, 1.0000000000000004, 1.0]}, {"translations": [86.10077727602408, -23.6141728764836, 808.0], "angles": [0.0, 0.0, 0.9916103200853248], "sizes": [0.9999999999999998, 0.9999999999999998, 1.0]}], "SM_CardBoxD_05": [{"translations": [2306.204902648926, 0.4858231544494629, 508.0], "angles": [0.0, 0.0, 0.9889324176050267], "sizes": [0.9999999999999998, 0.9999999999999998, 1.0]}, {"translations": [2308.389619716519, 30.38735644559644, 58.0], "angles": [0.0, 0.0, 0.38999867171822894], "sizes": [1.0, 1.0, 1.0]}, {"translations": [1540.5839593201651, 27.403771547648653, 958.0], "angles": [0.0, 0.0, -0.07943946482677167], "sizes": [0.9999999999999999, 0.9999999999999999, 1.0]}, {"translations": [1524.8434148100955, -34.02753496155427, 658.0], "angles": [0.0, 0.0, 0.3938318452097714], "sizes": [0.9999999999999999, 0.9999999999999999, 1.0]}, {"translations": [1091.4506347281185, 34.644114793392774, 508.0], "angles": [0.0, 0.0, 0.4660354975480817], "sizes": [1.0, 1.0, 1.0]}, {"translations": [1122.4887536013784, 3.1796687889960387, 58.0], "angles": [0.0, 0.0, -0.7667516335416878], "sizes": [1.0000000000000002, 1.0000000000000002, 1.0]}, {"translations": [652.1538736030768, 36.27329416981501, 508.0], "angles": [0.0, 0.0, -0.2888939052503364], "sizes": [1.0, 1.0, 1.0]}, {"translations": [331.43807147853454, -32.822280342162585, 958.0], "angles": [0.0, 0.0, -0.07008598050036494], "sizes": [1.0, 1.0, 1.0]}, {"translations": [275.0094230283014, 30.548119957030746, 958.0], "angles": [0.0, 0.0, 0.7299842496347939], "sizes": [1.0000000000000004, 1.0000000000000004, 1.0]}, {"translations": [291.57421115012744, 24.52494294428856, 658.0], "angles": [0.0, 0.0, -0.6482417875422422], "sizes": [1.0000000000000004, 1.0000000000000004, 1.0]}, {"translations": [291.17393689330345, 28.18753110897081, 58.0], "angles": [0.0, 0.0, 0.9598451140207707], "sizes": [1.0000000000000004, 1.0000000000000004, 1.0]}, {"translations": [2138.9098052978516, 0.4858231544494629, 508.0], "angles": [0.0, 0.0, 0.9059922707691758], "sizes": [0.9999999999999999, 0.9999999999999999, 1.0]}, {"translations": [1712.8612798634629, -34.85573132727491, 958.0], "angles": [0.0, 0.0, 0.9999369935840733], "sizes": [1.0000000000000018, 1.0000000000000018, 1.0]}, {"translations": [1346.16578109936, -33.746143631034656, 658.0], "angles": [0.0, 0.0, -0.6961979519344206], "sizes": [1.0000000000000002, 1.0000000000000002, 1.0]}, {"translations": [1270.3449659565251, -1.9739726092344223, 508.0], "angles": [0.0, 0.0, 0.09275745500300134], "sizes": [1.0, 1.0, 1.0]}, {"translations": [907.7465643903711, -23.30254174430179, 958.0], "angles": [0.0, 0.0, -0.13728825945799544], "sizes": [0.9999999999999999, 0.9999999999999999, 1.0]}, {"translations": [997.6441374216495, 32.04439305379476, 508.0], "angles": [0.0, 0.0, -0.734587699151461], "sizes": [1.0000000000000004, 1.0000000000000004, 1.0]}, {"translations": [905.9094722423475, -2.155692499125413, 358.0], "angles": [0.0, 0.0, 0.9278600764778013], "sizes": [1.0000000000000002, 1.0000000000000002, 1.0]}, {"translations": [943.5574441254855, -25.197107989520426, 58.0], "angles": [0.0, 0.0, -0.19867368048759473], "sizes": [1.0, 1.0, 1.0]}, {"translations": [103.72403978644675, 21.232217336612756, 508.0], "angles": [0.0, 0.0, -0.7592101070900442], "sizes": [0.9999999999999997, 0.9999999999999997, 1.0]}, {"translations": [2317.978843094951, -36.14913156305427, 808.0], "angles": [0.0, 0.0, 0.6747549024868762], "sizes": [1.0000000000000004, 1.0000000000000004, 1.0]}, {"translations": [2254.668892500752, 20.347329881535714, 808.0], "angles": [0.0, 0.0, 0.9963257334492025], "sizes": [1.0, 1.0, 1.0]}], "SM_CardBoxD_01": [{"translations": [2253.652198384201, -29.252033256431016, 358.0], "angles": [0.0, 0.0, 0.07299412512972357], "sizes": [1.0, 1.0, 1.0]}, {"translations": [1879.693103319722, 28.507945097309097, 958.0], "angles": [0.0, 0.0, 0.1288587751614734], "sizes": [1.0, 1.0, 1.0]}, {"translations": [1135.8582897850902, 24.540491821665736, 358.0], "angles": [0.0, 0.0, 0.7945645159791624], "sizes": [1.0000000000000004, 1.0000000000000004, 1.0]}, {"translations": [681.6043865806132, 27.05817412367327, 208.0], "angles": [0.0, 0.0, 0.8413998003832217], "sizes": [1.0000000000000007, 1.0000000000000007, 1.0]}, {"translations": [271.5385471038213, -29.351404417682485, 958.0], "angles": [0.0, 0.0, 0.8936545093809294], "sizes": [1.0000000000000004, 1.0000000000000004, 1.0]}, {"translations": [2100.096038184352, 22.084107450057676, 808.0], "angles": [0.0, 0.0, 0.12038162536559774], "sizes": [1.0, 1.0, 1.0]}, {"translations": [1683.7614363542702, 10.610597700531114, 58.0], "angles": [0.0, 0.0, -0.17379990709393223], "sizes": [1.0, 1.0, 1.0]}, {"translations": [1352.4697811705396, -34.73930631345077, 958.0], "angles": [0.0, 0.0, 0.9831550436454257], "sizes": [1.0000000000000002, 1.0000000000000002, 1.0]}, {"translations": [935.3213319387021, -25.53918026998128, 508.0], "angles": [0.0, 0.0, -0.3703284394228073], "sizes": [1.0, 1.0, 1.0]}, {"translations": [511.6035903956427, 8.424528182781003, 658.0], "angles": [0.0, 0.0, 0.3830206466897984], "sizes": [0.9999999999999999, 0.9999999999999999, 1.0]}, {"translations": [76.08107609444671, -6.678492075127764, 658.0], "angles": [0.0, 0.0, 0.9187839135455375], "sizes": [1.0000000000000002, 1.0000000000000002, 1.0]}, {"translations": [77.0445785522461, -0.000858306884765625, 208.0], "angles": [0.0, 0.0, 0.45619229154166957], "sizes": [1.0, 1.0, 1.0]}], "SM_CardBoxD_04": [{"translations": [2284.055635406109, 30.544547057620818, 358.0], "angles": [0.0, 0.0, 0.05822937256024157], "sizes": [1.0, 1.0, 1.0]}, {"translations": [1863.1010680909105, 32.811999368408024, 808.0], "angles": [0.0, 0.0, -0.7157809881162146], "sizes": [1.0000000000000002, 1.0000000000000002, 1.0]}, {"translations": [1864.2256518590625, 38.0785952741534, 508.0], "angles": [0.0, 0.0, -0.6368115536067688], "sizes": [1.0, 1.0, 1.0]}, {"translations": [1845.6984780179791, -27.434533516214746, 208.0], "angles": [0.0, 0.0, 0.9987956509849046], "sizes": [1.0000000000000009, 1.0000000000000009, 1.0]}, {"translations": [1481.6596250824896, -25.53136284861405, 808.0], "angles": [0.0, 0.0, 0.9990809650755629], "sizes": [1.0000000000000007, 1.0000000000000007, 1.0]}, {"translations": [1491.5199700979742, -29.38475321775872, 208.0], "angles": [0.0, 0.0, 0.7544855709493411], "sizes": [1.0000000000000004, 1.0000000000000004, 1.0]}, {"translations": [673.4879739536925, 10.292082003880985, 358.0], "angles": [0.0, 0.0, 0.8970161829359925], "sizes": [1.0000000000000002, 1.0000000000000002, 1.0]}, {"translations": [241.9486020227381, -37.16534171276108, 508.0], "angles": [0.0, 0.0, -0.599022501622357], "sizes": [1.0, 1.0, 1.0]}, {"translations": [290.7487956591084, -0.7921294330543915, 358.0], "angles": [0.0, 0.0, -0.37282201805465814], "sizes": [1.0, 1.0, 1.0]}, {"translations": [1286.6144355367264, 34.430846432327016, 808.0], "angles": [0.0, 0.0, 0.8852369464811798], "sizes": [0.9999999999999997, 0.9999999999999997, 1.0]}, {"translations": [1280.5008060467214, 31.340815194950558, 358.0], "angles": [0.0, 0.0, -0.8332196844894546], "sizes": [1.0000000000000004, 1.0000000000000004, 1.0]}, {"translations": [479.0181259769939, 21.590583091899845, 958.0], "angles": [0.0, 0.0, 0.9402011227073352], "sizes": [1.0000000000000009, 1.0000000000000009, 1.0]}, {"translations": [144.49666535092905, 37.94815534413497, 808.0], "angles": [0.0, 0.0, 0.5687510361305481], "sizes": [1.0, 1.0, 1.0]}], "SM_CardBoxC_01": [{"translations": [2283.2667846679688, 0.1521778106689453, 208.0], "angles": [0.0, 0.0, -0.6770871004043935], "sizes": [1.0000000000000004, 1.0000000000000004, 1.0]}, {"translations": [1873.9545092324302, 9.618540093601602, 658.0], "angles": [0.0, 0.0, 0.638530132449134], "sizes": [1.0, 1.0, 1.0]}, {"translations": [1508.647118377544, 35.88260303577897, 808.0], "angles": [0.0, 0.0, -0.574053690923857], "sizes": [1.0000000000000002, 1.0000000000000002, 1.0]}, {"translations": [1489.8019342517237, 30.590644678637084, 208.0], "angles": [0.0, 0.0, -0.8150764599972018], "sizes": [1.0, 1.0, 1.0]}, {"translations": [1061.9023764835267, 31.97708026526335, 58.0], "angles": [0.0, 0.0, 0.9365347708410581], "sizes": [1.0000000000000002, 1.0000000000000002, 1.0]}, {"translations": [2107.9586404870083, 31.92558277309114, 958.0], "angles": [0.0, 0.0, 0.6012640241998237], "sizes": [1.0000000000000002, 1.0000000000000002, 1.0]}, {"translations": [1682.9956158390173, 35.985686378706035, 508.0], "angles": [0.0, 0.0, 0.2991617789556103], "sizes": [1.0, 1.0, 1.0]}, {"translations": [1675.9650931929878, -26.362374299728174, 208.0], "angles": [0.0, 0.0, 0.720185135877638], "sizes": [1.0000000000000002, 1.0000000000000002, 1.0]}, {"translations": [1330.6491762871456, 27.4097340391838, 508.0], "angles": [0.0, 0.0, -0.06386347592808013], "sizes": [1.0, 1.0, 1.0]}, {"translations": [1397.7015421857307, 3.8570489615694545, 208.0], "angles": [0.0, 0.0, -0.12264232593993386], "sizes": [1.0, 1.0, 1.0]}, {"translations": [1335.4979769984518, 28.971118285196418, 208.0], "angles": [0.0, 0.0, 0.9543438393124332], "sizes": [1.0000000000000004, 1.0000000000000004, 1.0]}, {"translations": [893.1891439012271, -25.143889281923936, 808.0], "angles": [0.0, 0.0, -0.1275472641283992], "sizes": [1.0, 1.0, 1.0]}, {"translations": [100.59518631532458, -28.583904319984857, 958.0], "angles": [0.0, 0.0, 0.8806236580027453], "sizes": [0.9999999999999997, 0.9999999999999997, 1.0]}, {"translations": [199.8977577575769, 28.38910830723152, 358.0], "angles": [0.0, 0.0, 0.32818808521592796], "sizes": [1.0, 1.0, 1.0]}], "SM_CardBoxB_01": [{"translations": [1924.2519988895574, 5.233680665863773, 808.0], "angles": [0.0, 0.0, 0.609615087716788], "sizes": [1.0000000000000002, 1.0000000000000002, 1.0]}, {"translations": [1088.165777981962, -1.4274124126851069, 208.0], "angles": [0.0, 0.0, 0.4288988268712543], "sizes": [1.0, 1.0, 1.0]}, {"translations": [295.42831566934166, -22.81535776657851, 808.0], "angles": [0.0, 0.0, 0.9743994130899641], "sizes": [1.0000000000000007, 1.0000000000000007, 1.0]}, {"translations": [301.82661948375716, -40.98934811153923, 508.0], "angles": [0.0, 0.0, -0.1507454727104623], "sizes": [1.0, 1.0, 1.0]}, {"translations": [305.65062588253534, 18.88866934947983, 508.0], "angles": [0.0, 0.0, 0.7308183291524161], "sizes": [1.0000000000000002, 1.0000000000000002, 1.0]}, {"translations": [351.96667647871897, -28.221512728271808, 358.0], "angles": [0.0, 0.0, 0.09498580204240689], "sizes": [0.9999999999999999, 0.9999999999999999, 1.0]}, {"translations": [306.15622165678525, 29.088365751731423, 208.0], "angles": [0.0, 0.0, 0.8976896339056708], "sizes": [1.0000000000000002, 1.0000000000000002, 1.0]}, {"translations": [2166.2614097595215, -6.692960262298584, 658.0], "angles": [0.0, 0.0, 0.09490836212721504], "sizes": [0.9999999999999999, 0.9999999999999999, 1.0]}, {"translations": [1746.9085742244592, -19.82769687675291, 508.0], "angles": [0.0, 0.0, -0.09092615704018367], "sizes": [1.0, 1.0, 1.0]}, {"translations": [463.0154829242019, 36.46867346213527, 508.0], "angles": [0.0, 0.0, 0.34167994578881167], "sizes": [1.0, 1.0, 1.0]}, {"translations": [43.72867438702006, 20.486475699532683, 508.0], "angles": [0.0, 0.0, 0.9932134607573521], "sizes": [0.9999999999999997, 0.9999999999999997, 1.0]}], "SM_CardBoxB_02": [{"translations": [1864.2264508073895, -21.921404720527278, 508.0], "angles": [0.0, 0.0, 0.9299852148970379], "sizes": [0.9999999999999999, 0.9999999999999999, 1.0]}, {"translations": [1853.6153641385868, -21.17101183162952, 358.0], "angles": [0.0, 0.0, 0.9236510224538201], "sizes": [1.0000000000000004, 1.0000000000000004, 1.0]}, {"translations": [1494.4039172139549, -26.136191784748036, 58.0], "angles": [0.0, 0.0, 0.7928529105323184], "sizes": [1.0000000000000004, 1.0000000000000004, 1.0]}, {"translations": [1047.0712271802615, 11.640005493760587, 958.0], "angles": [0.0, 0.0, -0.6587851432305368], "sizes": [1.0000000000000002, 1.0000000000000002, 1.0]}, {"translations": [704.155444801982, -40.73436512643397, 958.0], "angles": [0.0, 0.0, 0.6019329196892721], "sizes": [1.0000000000000002, 1.0000000000000002, 1.0]}, {"translations": [2049.544460735781, 1.0697134978844356, 58.0], "angles": [0.0, 0.0, 0.9016781165919928], "sizes": [0.9999999999999998, 0.9999999999999998, 1.0]}, {"translations": [2108.1598853495366, 33.69228233219172, 58.0], "angles": [0.0, 0.0, -0.6924859446099901], "sizes": [1.0000000000000007, 1.0000000000000007, 1.0]}, {"translations": [1704.9514316287086, -20.983510768770657, 658.0], "angles": [0.0, 0.0, 0.988596450591185], "sizes": [1.0000000000000009, 1.0000000000000009, 1.0]}, {"translations": [1764.4040314752435, 10.087188796701046, 658.0], "angles": [0.0, 0.0, -0.8559428997937977], "sizes": [1.0000000000000004, 1.0000000000000004, 1.0]}, {"translations": [1675.387125434942, 33.63484191294839, 208.0], "angles": [0.0, 0.0, 0.9873250162549374], "sizes": [0.9999999999999999, 0.9999999999999999, 1.0]}, {"translations": [1382.101853462461, 25.44325172196638, 958.0], "angles": [0.0, 0.0, -0.8038178341169155], "sizes": [1.0, 1.0, 1.0]}, {"translations": [480.74606469683425, -38.38453031174848, 958.0], "angles": [0.0, 0.0, 0.1183442941159477], "sizes": [1.0, 1.0, 1.0]}, {"translations": [524.819821701767, 10.387574783821186, 508.0], "angles": [0.0, 0.0, 0.1888531403641025], "sizes": [1.0, 1.0, 1.0]}, {"translations": [460.8497771011627, -31.880278392728723, 208.0], "angles": [0.0, 0.0, 0.2989948953154678], "sizes": [1.0, 1.0, 1.0]}], "SM_CardBoxD_03": [{"translations": [1924.2256518537433, 38.0793942224804, 508.0], "angles": [0.0, 0.0, 0.9942062344693272], "sizes": [0.9999999999999993, 0.9999999999999993, 1.0]}, {"translations": [1863.6585294830743, 8.394385724039132, 58.0], "angles": [0.0, 0.0, -0.6406031809411974], "sizes": [1.0000000000000002, 1.0000000000000002, 1.0]}, {"translations": [1923.5921113860663, 11.21675357344622, 58.0], "angles": [0.0, 0.0, -0.3895622811583751], "sizes": [1.0, 1.0, 1.0]}, {"translations": [1515.119417155383, -34.657142821525966, 958.0], "angles": [0.0, 0.0, 0.3991167524480933], "sizes": [1.0, 1.0, 1.0]}, {"translations": [1047.3000636128177, -27.565166630201396, 658.0], "angles": [0.0, 0.0, 0.4914181314449386], "sizes": [1.0, 1.0, 1.0]}, {"translations": [678.8010763937496, -23.884405218114708, 658.0], "angles": [0.0, 0.0, -0.07507508477816266], "sizes": [1.0, 1.0, 1.0]}, {"translations": [653.771920439665, -33.97750256228616, 208.0], "angles": [0.0, 0.0, 0.9649736894627612], "sizes": [1.0000000000000013, 1.0000000000000013, 1.0]}, {"translations": [334.9089474030146, 27.07724403255065, 958.0], "angles": [0.0, 0.0, -0.8433799714676252], "sizes": [1.0000000000000002, 1.0000000000000002, 1.0]}, {"translations": [2068.2144247162373, -36.93760654292716, 808.0], "angles": [0.0, 0.0, 0.1552977928871472], "sizes": [1.0, 1.0, 1.0]}, {"translations": [1727.1882892147967, 37.01317421076209, 358.0], "angles": [0.0, 0.0, 0.2416080698035401], "sizes": [1.0, 1.0, 1.0]}, {"translations": [1330.034457473632, -32.5871168846798, 508.0], "angles": [0.0, 0.0, 0.215780011246241], "sizes": [1.0, 1.0, 1.0]}, {"translations": [891.1060015223668, 34.81993746245084, 808.0], "angles": [0.0, 0.0, 0.8388277618882762], "sizes": [1.0000000000000002, 1.0000000000000002, 1.0]}, {"translations": [994.8717006130425, 28.0225665801632, 208.0], "angles": [0.0, 0.0, 0.8369226734612245], "sizes": [1.0000000000000004, 1.0000000000000004, 1.0]}, {"translations": [462.899382309023, 28.08470404278869, 208.0], "angles": [0.0, 0.0, 0.9991280065595771], "sizes": [1.0000000000000013, 1.0000000000000013, 1.0]}, {"translations": [522.8643647445404, 26.03509883492843, 208.0], "angles": [0.0, 0.0, 0.1455235719406511], "sizes": [0.9999999999999999, 0.9999999999999999, 1.0]}], "SM_CardBoxA_02": [{"translations": [1917.1163405733273, 35.110654737818486, 358.0], "angles": [0.0, 0.0, 0.7224181132694963], "sizes": [1.0000000000000004, 1.0000000000000004, 1.0]}, {"translations": [1109.3402607811504, 36.59130715141728, 958.0], "angles": [0.0, 0.0, 0.06162254558287211], "sizes": [1.0, 1.0, 1.0]}, {"translations": [1097.8147430419922, 5.8795952796936035, 808.0], "angles": [0.0, 0.0, 0.30146470674535414], "sizes": [1.0, 1.0, 1.0]}, {"translations": [649.2266505349321, 23.94041790658534, 958.0], "angles": [0.0, 0.0, 0.2702831974981075], "sizes": [1.0, 1.0, 1.0]}, {"translations": [245.77260842151625, 22.712675748257983, 508.0], "angles": [0.0, 0.0, -0.5894392818535242], "sizes": [0.9999999999999999, 0.9999999999999999, 1.0]}, {"translations": [2045.813162665757, 6.668116820062824, 958.0], "angles": [0.0, 0.0, 0.966553438030825], "sizes": [1.0000000000000009, 1.0000000000000009, 1.0]}, {"translations": [531.8274569845441, 39.39716441818619, 808.0], "angles": [0.0, 0.0, -0.5186166949801682], "sizes": [1.0000000000000002, 1.0000000000000002, 1.0]}, {"translations": [572.663556729399, 36.20366624213296, 658.0], "angles": [0.0, 0.0, -0.039572254927850437], "sizes": [0.9999999999999999, 0.9999999999999999, 1.0]}, {"translations": [563.3790197183655, -21.380424918599683, 358.0], "angles": [0.0, 0.0, -0.1214810343886011], "sizes": [1.0, 1.0, 1.0]}, {"translations": [503.38716985682976, 38.627724112935624, 358.0], "angles": [0.0, 0.0, -0.04882508774870572], "sizes": [0.9999999999999999, 0.9999999999999999, 1.0]}, {"translations": [454.7410100029165, -26.16459884176784, 58.0], "angles": [0.0, 0.0, -0.5264071887208606], "sizes": [1.0, 1.0, 1.0]}, {"translations": [479.91106262210667, 36.01633433832521, 58.0], "angles": [0.0, 0.0, 0.9046967419789791], "sizes": [1.0000000000000002, 1.0000000000000002, 1.0]}, {"translations": [138.01189905606626, 2.502036383650473, 358.0], "angles": [0.0, 0.0, -0.830342598537253], "sizes": [1.0000000000000009, 1.0000000000000009, 1.0]}], "SM_CardBoxD_02": [{"translations": [1873.4974535930257, 33.616403880175525, 208.0], "angles": [0.0, 0.0, -0.7994037528812871], "sizes": [1.0000000000000004, 1.0000000000000004, 1.0]}, {"translations": [1550.6363500712448, 2.320981576689726, 208.0], "angles": [-0.0, -0.0, 0.004130455398553806], "sizes": [0.9999999999999999, 0.9999999999999999, 1.0]}, {"translations": [1118.5659737232836, -26.713512207472284, 508.0], "angles": [0.0, 0.0, 0.9807740941102446], "sizes": [1.0000000000000013, 1.0000000000000013, 1.0]}, {"translations": [706.3077175299443, 37.29880075709224, 658.0], "angles": [0.0, 0.0, 0.03527478367475267], "sizes": [1.0, 1.0, 1.0]}, {"translations": [263.38805664373075, 36.12038522162652, 808.0], "angles": [0.0, 0.0, 0.03168155530974605], "sizes": [1.0, 1.0, 1.0]}, {"translations": [274.3749408371459, -29.98743461917533, 208.0], "angles": [0.0, 0.0, 0.08876000562441427], "sizes": [1.0, 1.0, 1.0]}, {"translations": [316.27607733563195, -34.02084891505501, 58.0], "angles": [0.0, 0.0, -0.7286593246124632], "sizes": [1.0000000000000002, 1.0000000000000002, 1.0]}, {"translations": [2065.0736466624044, 32.06208689006678, 208.0], "angles": [0.0, 0.0, -0.40866109507459614], "sizes": [1.0000000000000002, 1.0000000000000002, 1.0]}, {"translations": [1287.0728813578048, -25.567402104018907, 808.0], "angles": [0.0, 0.0, 0.9996320835098276], "sizes": [1.0000000000000013, 1.0000000000000013, 1.0]}, {"translations": [850.5493786266943, 11.747164969384762, 958.0], "angles": [0.0, 0.0, 0.7640396815756347], "sizes": [1.0000000000000004, 1.0000000000000004, 1.0]}, {"translations": [914.1902815662587, -25.249778340251407, 658.0], "angles": [0.0, 0.0, 0.15764499701603857], "sizes": [0.9999999999999999, 0.9999999999999999, 1.0]}, {"translations": [879.421437710452, 30.35982390138566, 58.0], "angles": [0.0, 0.0, 0.9709099384843226], "sizes": [1.0000000000000007, 1.0000000000000007, 1.0]}]}