{"SM_RackShelf_01": [{"translations": [200.0, 0.0, 37.0], "angles": [0.0, 0.0, 0.0], "sizes": [1.0, 1.0, 1.0]}, {"translations": [200.0, 0.0, 187.0], "angles": [0.0, 0.0, 0.0], "sizes": [1.0, 1.0, 1.0]}, {"translations": [200.0, 0.0, 337.0], "angles": [0.0, 0.0, 0.0], "sizes": [1.0, 1.0, 1.0]}, {"translations": [200.0, 0.0, 487.0], "angles": [0.0, 0.0, 0.0], "sizes": [1.0, 1.0, 1.0]}, {"translations": [200.0, 0.0, 637.0], "angles": [0.0, 0.0, 0.0], "sizes": [1.0, 1.0, 1.0]}, {"translations": [200.0, 0.0, 787.0], "angles": [0.0, 0.0, 0.0], "sizes": [1.0, 1.0, 1.0]}, {"translations": [200.0, 0.0, 937.0], "angles": [0.0, 0.0, 0.0], "sizes": [1.0, 1.0, 1.0]}, {"translations": [600.0, 0.0, 37.0], "angles": [0.0, 0.0, 0.0], "sizes": [1.0, 1.0, 1.0]}, {"translations": [600.0, 0.0, 187.0], "angles": [0.0, 0.0, 0.0], "sizes": [1.0, 1.0, 1.0]}, {"translations": [600.0, 0.0, 337.0], "angles": [0.0, 0.0, 0.0], "sizes": [1.0, 1.0, 1.0]}, {"translations": [600.0, 0.0, 487.0], "angles": [0.0, 0.0, 0.0], "sizes": [1.0, 1.0, 1.0]}, {"translations": [600.0, 0.0, 637.0], "angles": [0.0, 0.0, 0.0], "sizes": [1.0, 1.0, 1.0]}, {"translations": [600.0, 0.0, 787.0], "angles": [0.0, 0.0, 0.0], "sizes": [1.0, 1.0, 1.0]}, {"translations": [600.0, 0.0, 937.0], "angles": [0.0, 0.0, 0.0], "sizes": [1.0, 1.0, 1.0]}, {"translations": [1000.0, 0.0, 37.0], "angles": [0.0, 0.0, 0.0], "sizes": [1.0, 1.0, 1.0]}, {"translations": [1000.0, 0.0, 187.0], "angles": [0.0, 0.0, 0.0], "sizes": [1.0, 1.0, 1.0]}, {"translations": [1000.0, 0.0, 337.0], "angles": [0.0, 0.0, 0.0], "sizes": [1.0, 1.0, 1.0]}, {"translations": [1000.0, 0.0, 487.0], "angles": [0.0, 0.0, 0.0], "sizes": [1.0, 1.0, 1.0]}, {"translations": [1000.0, 0.0, 637.0], "angles": [0.0, 0.0, 0.0], "sizes": [1.0, 1.0, 1.0]}, {"translations": [1000.0, 0.0, 787.0], "angles": [0.0, 0.0, 0.0], "sizes": [1.0, 1.0, 1.0]}, {"translations": [1000.0, 0.0, 937.0], "angles": [0.0, 0.0, 0.0], "sizes": [1.0, 1.0, 1.0]}, {"translations": [1400.0, 0.0, 37.0], "angles": [0.0, 0.0, 0.0], "sizes": [1.0, 1.0, 1.0]}, {"translations": [1400.0, 0.0, 187.0], "angles": [0.0, 0.0, 0.0], "sizes": [1.0, 1.0, 1.0]}, {"translations": [1400.0, 0.0, 337.0], "angles": [0.0, 0.0, 0.0], "sizes": [1.0, 1.0, 1.0]}, {"translations": [1400.0, 0.0, 487.0], "angles": [0.0, 0.0, 0.0], "sizes": [1.0, 1.0, 1.0]}, {"translations": [1400.0, 0.0, 637.0], "angles": [0.0, 0.0, 0.0], "sizes": [1.0, 1.0, 1.0]}, {"translations": [1400.0, 0.0, 787.0], "angles": [0.0, 0.0, 0.0], "sizes": [1.0, 1.0, 1.0]}, {"translations": [1400.0, 0.0, 937.0], "angles": [0.0, 0.0, 0.0], "sizes": [1.0, 1.0, 1.0]}, {"translations": [1800.0, 0.0, 37.0], "angles": [0.0, 0.0, 0.0], "sizes": [1.0, 1.0, 1.0]}, {"translations": [1800.0, 0.0, 187.0], "angles": [0.0, 0.0, 0.0], "sizes": [1.0, 1.0, 1.0]}, {"translations": [1800.0, 0.0, 337.0], "angles": [0.0, 0.0, 0.0], "sizes": [1.0, 1.0, 1.0]}, {"translations": [1800.0, 0.0, 487.0], "angles": [0.0, 0.0, 0.0], "sizes": [1.0, 1.0, 1.0]}, {"translations": [1800.0, 0.0, 637.0], "angles": [0.0, 0.0, 0.0], "sizes": [1.0, 1.0, 1.0]}, {"translations": [1800.0, 0.0, 787.0], "angles": [0.0, 0.0, 0.0], "sizes": [1.0, 1.0, 1.0]}, {"translations": [1800.0, 0.0, 937.0], "angles": [0.0, 0.0, 0.0], "sizes": [1.0, 1.0, 1.0]}, {"translations": [2200.0, 0.0, 37.0], "angles": [0.0, 0.0, 0.0], "sizes": [1.0, 1.0, 1.0]}, {"translations": [2200.0, 0.0, 187.0], "angles": [0.0, 0.0, 0.0], "sizes": [1.0, 1.0, 1.0]}, {"translations": [2200.0, 0.0, 337.0], "angles": [0.0, 0.0, 0.0], "sizes": [1.0, 1.0, 1.0]}, {"translations": [2200.0, 0.0, 487.0], "angles": [0.0, 0.0, 0.0], "sizes": [1.0, 1.0, 1.0]}, {"translations": [2200.0, 0.0, 637.0], "angles": [0.0, 0.0, 0.0], "sizes": [1.0, 1.0, 1.0]}, {"translations": [2200.0, 0.0, 787.0], "angles": [0.0, 0.0, 0.0], "sizes": [1.0, 1.0, 1.0]}, {"translations": [2200.0, 0.0, 937.0], "angles": [0.0, 0.0, 0.0], "sizes": [1.0, 1.0, 1.0]}, {"translations": [2600.0, 0.0, 37.0], "angles": [0.0, 0.0, 0.0], "sizes": [1.0, 1.0, 1.0]}, {"translations": [2600.0, 0.0, 187.0], "angles": [0.0, 0.0, 0.0], "sizes": [1.0, 1.0, 1.0]}, {"translations": [2600.0, 0.0, 337.0], "angles": [0.0, 0.0, 0.0], "sizes": [1.0, 1.0, 1.0]}, {"translations": [2600.0, 0.0, 487.0], "angles": [0.0, 0.0, 0.0], "sizes": [1.0, 1.0, 1.0]}, {"translations": [2600.0, 0.0, 637.0], "angles": [0.0, 0.0, 0.0], "sizes": [1.0, 1.0, 1.0]}, {"translations": [2600.0, 0.0, 787.0], "angles": [0.0, 0.0, 0.0], "sizes": [1.0, 1.0, 1.0]}, {"translations": [2600.0, 0.0, 937.0], "angles": [0.0, 0.0, 0.0], "sizes": [1.0, 1.0, 1.0]}, {"translations": [3000.0, 0.0, 37.0], "angles": [0.0, 0.0, 0.0], "sizes": [1.0, 1.0, 1.0]}, {"translations": [3000.0, 0.0, 187.0], "angles": [0.0, 0.0, 0.0], "sizes": [1.0, 1.0, 1.0]}, {"translations": [3000.0, 0.0, 337.0], "angles": [0.0, 0.0, 0.0], "sizes": [1.0, 1.0, 1.0]}, {"translations": [3000.0, 0.0, 487.0], "angles": [0.0, 0.0, 0.0], "sizes": [1.0, 1.0, 1.0]}, {"translations": [3000.0, 0.0, 637.0], "angles": [0.0, 0.0, 0.0], "sizes": [1.0, 1.0, 1.0]}, {"translations": [3000.0, 0.0, 787.0], "angles": [0.0, 0.0, 0.0], "sizes": [1.0, 1.0, 1.0]}, {"translations": [3000.0, 0.0, 937.0], "angles": [0.0, 0.0, 0.0], "sizes": [1.0, 1.0, 1.0]}], "SM_RackFrame_03": [{"translations": [0.0, 0.0, 0.0], "angles": [0.0, 0.0, 0.0], "sizes": [1.0, 1.0, 1.0]}, {"translations": [400.0, 0.0, 0.0], "angles": [0.0, 0.0, 0.0], "sizes": [1.0, 1.0, 1.0]}, {"translations": [800.0, 0.0, 0.0], "angles": [0.0, 0.0, 0.0], "sizes": [1.0, 1.0, 1.0]}, {"translations": [1200.0, 0.0, 0.0], "angles": [0.0, 0.0, 0.0], "sizes": [1.0, 1.0, 1.0]}, {"translations": [1600.0, 0.0, 0.0], "angles": [0.0, 0.0, 0.0], "sizes": [1.0, 1.0, 1.0]}, {"translations": [2000.0, 0.0, 0.0], "angles": [0.0, 0.0, 0.0], "sizes": [1.0, 1.0, 1.0]}, {"translations": [2400.0, 0.0, 0.0], "angles": [0.0, 0.0, 0.0], "sizes": [1.0, 1.0, 1.0]}, {"translations": [2800.0, 0.0, 0.0], "angles": [0.0, 0.0, 0.0], "sizes": [1.0, 1.0, 1.0]}, {"translations": [0.0, 0.0, 300.0], "angles": [0.0, 0.0, 0.0], "sizes": [1.0, 1.0, 1.0]}, {"translations": [400.0, 0.0, 300.0], "angles": [0.0, 0.0, 0.0], "sizes": [1.0, 1.0, 1.0]}, {"translations": [800.0, 0.0, 300.0], "angles": [0.0, 0.0, 0.0], "sizes": [1.0, 1.0, 1.0]}, {"translations": [1200.0, 0.0, 300.0], "angles": [0.0, 0.0, 0.0], "sizes": [1.0, 1.0, 1.0]}, {"translations": [1600.0, 0.0, 300.0], "angles": [0.0, 0.0, 0.0], "sizes": [1.0, 1.0, 1.0]}, {"translations": [2000.0, 0.0, 300.0], "angles": [0.0, 0.0, 0.0], "sizes": [1.0, 1.0, 1.0]}, {"translations": [2400.0, 0.0, 300.0], "angles": [0.0, 0.0, 0.0], "sizes": [1.0, 1.0, 1.0]}, {"translations": [2800.0, 0.0, 300.0], "angles": [0.0, 0.0, 0.0], "sizes": [1.0, 1.0, 1.0]}, {"translations": [0.0, 0.0, 600.0], "angles": [0.0, 0.0, 0.0], "sizes": [1.0, 1.0, 1.0]}, {"translations": [400.0, 0.0, 600.0], "angles": [0.0, 0.0, 0.0], "sizes": [1.0, 1.0, 1.0]}, {"translations": [800.0, 0.0, 600.0], "angles": [0.0, 0.0, 0.0], "sizes": [1.0, 1.0, 1.0]}, {"translations": [1200.0, 0.0, 600.0], "angles": [0.0, 0.0, 0.0], "sizes": [1.0, 1.0, 1.0]}, {"translations": [1600.0, 0.0, 600.0], "angles": [0.0, 0.0, 0.0], "sizes": [1.0, 1.0, 1.0]}, {"translations": [2000.0, 0.0, 600.0], "angles": [0.0, 0.0, 0.0], "sizes": [1.0, 1.0, 1.0]}, {"translations": [2400.0, 0.0, 600.0], "angles": [0.0, 0.0, 0.0], "sizes": [1.0, 1.0, 1.0]}, {"translations": [2800.0, 0.0, 600.0], "angles": [0.0, 0.0, 0.0], "sizes": [1.0, 1.0, 1.0]}, {"translations": [0.0, 0.0, 900.0], "angles": [0.0, 0.0, 0.0], "sizes": [1.0, 1.0, 1.0]}, {"translations": [400.0, 0.0, 900.0], "angles": [0.0, 0.0, 0.0], "sizes": [1.0, 1.0, 1.0]}, {"translations": [800.0, 0.0, 900.0], "angles": [0.0, 0.0, 0.0], "sizes": [1.0, 1.0, 1.0]}, {"translations": [1200.0, 0.0, 900.0], "angles": [0.0, 0.0, 0.0], "sizes": [1.0, 1.0, 1.0]}, {"translations": [1600.0, 0.0, 900.0], "angles": [0.0, 0.0, 0.0], "sizes": [1.0, 1.0, 1.0]}, {"translations": [2000.0, 0.0, 900.0], "angles": [0.0, 0.0, 0.0], "sizes": [1.0, 1.0, 1.0]}, {"translations": [2400.0, 0.0, 900.0], "angles": [0.0, 0.0, 0.0], "sizes": [1.0, 1.0, 1.0]}, {"translations": [2800.0, 0.0, 900.0], "angles": [0.0, 0.0, 0.0], "sizes": [1.0, 1.0, 1.0]}, {"translations": [3200.0, 0.0, 0.0], "angles": [0.0, 0.0, 0.0], "sizes": [1.0, 1.0, 1.0]}, {"translations": [3200.0, 0.0, 300.0], "angles": [0.0, 0.0, 0.0], "sizes": [1.0, 1.0, 1.0]}, {"translations": [3200.0, 0.0, 600.0], "angles": [0.0, 0.0, 0.0], "sizes": [1.0, 1.0, 1.0]}, {"translations": [3200.0, 0.0, 900.0], "angles": [0.0, 0.0, 0.0], "sizes": [1.0, 1.0, 1.0]}], "SM_PaletteA_01": [{"translations": [104.04623413085938, -1.7162489891052246, 37.0], "angles": [0.0, 0.0, -0.04359278108636249], "sizes": [1.0, 1.0, 1.0]}, {"translations": [77.0445785522461, -0.000858306884765625, 187.0], "angles": [0.0, 0.0, -0.00020640018450216808], "sizes": [1.0, 1.0, 1.0]}, {"translations": [167.94365692138672, 0.4796934127807617, 337.0], "angles": [0.0, 0.0, -0.03688153706116053], "sizes": [1.0, 1.0, 1.0]}, {"translations": [74.09922790527344, -9.138336181640625, 487.0], "angles": [0.0, 0.0, 0.01397490942324191], "sizes": [1.0, 1.0, 1.0]}, {"translations": [106.05471801757812, -5.421197414398193, 637.0], "angles": [0.0, 0.0, 0.029322089590740855], "sizes": [0.9999999999999999, 0.9999999999999999, 1.0]}, {"translations": [115.29872131347656, 7.166991233825684, 787.0], "angles": [0.0, 0.0, -0.011817864259137204], "sizes": [0.9999999999999999, 0.9999999999999999, 1.0]}, {"translations": [132.94749450683594, -1.137080192565918, 937.0], "angles": [0.0, 0.0, 0.010611488696690655], "sizes": [1.0, 1.0, 1.0]}, {"translations": [482.2792282104492, 6.109950542449951, 37.0], "angles": [0.0, 0.0, 0.025214238145330865], "sizes": [1.0, 1.0, 1.0]}, {"translations": [491.85707092285156, -2.9225897789001465, 187.0], "angles": [0.0, 0.0, 0.006339804959735211], "sizes": [1.0, 1.0, 1.0]}, {"translations": [533.3830947875977, 8.623649597167969, 337.0], "angles": [0.0, 0.0, 0.005322463554611563], "sizes": [1.0, 1.0, 1.0]}, {"translations": [494.8818664550781, 8.459146499633789, 487.0], "angles": [0.0, 0.0, -0.0011039138572903453], "sizes": [1.0, 1.0, 1.0]}, {"translations": [541.5834045410156, 7.324190139770508, 637.0], "angles": [0.0, 0.0, 0.026625280785421316], "sizes": [1.0, 1.0, 1.0]}, {"translations": [533.2000122070312, 9.428579330444336, 787.0], "angles": [0.0, 0.0, 0.021670438539530785], "sizes": [1.0, 1.0, 1.0]}, {"translations": [479.88209533691406, -8.396973609924316, 937.0], "angles": [0.0, 0.0, -0.028954719016161937], "sizes": [1.0, 1.0, 1.0]}, {"translations": [911.4894409179688, 2.581357955932617, 37.0], "angles": [0.0, 0.0, 0.029960988187498955], "sizes": [1.0, 1.0, 1.0]}, {"translations": [962.7283554077148, 0.3313159942626953, 187.0], "angles": [0.0, 0.0, -0.0031040028927974013], "sizes": [1.0, 1.0, 1.0]}, {"translations": [935.8382797241211, -4.22123908996582, 337.0], "angles": [0.0, 0.0, 0.026966053401656753], "sizes": [1.0, 1.0, 1.0]}, {"translations": [966.4827346801758, 3.2526063919067383, 487.0], "angles": [0.0, 0.0, -0.025469827819880726], "sizes": [1.0, 1.0, 1.0]}, {"translations": [881.7578506469727, 2.102322578430176, 637.0], "angles": [0.0, 0.0, -0.039798301845408154], "sizes": [1.0, 1.0, 1.0]}, {"translations": [922.1294860839844, 5.8795952796936035, 787.0], "angles": [0.0, 0.0, 0.03865665190829482], "sizes": [1.0, 1.0, 1.0]}, {"translations": [880.4381942749023, 9.166719436645508, 937.0], "angles": [0.0, 0.0, -0.04275996407771053], "sizes": [1.0, 1.0, 1.0]}, {"translations": [1312.5039825439453, 3.831033706665039, 37.0], "angles": [0.0, 0.0, -0.03801794234085288], "sizes": [1.0, 1.0, 1.0]}, {"translations": [1367.7973022460938, 1.4619636535644531, 187.0], "angles": [0.0, 0.0, 0.04290364695832951], "sizes": [1.0, 1.0, 1.0]}, {"translations": [1278.5350646972656, 1.4052867889404297, 337.0], "angles": [0.0, 0.0, 0.03249249761502528], "sizes": [1.0, 1.0, 1.0]}, {"translations": [1300.343391418457, -2.281332015991211, 487.0], "angles": [0.0, 0.0, 0.03803657098467504], "sizes": [1.0, 1.0, 1.0]}, {"translations": [1315.598030090332, -4.324848651885986, 637.0], "angles": [0.0, 0.0, -0.03974241970889193], "sizes": [0.9999999999999999, 0.9999999999999999, 1.0]}, {"translations": [1286.8436584472656, 4.431722164154053, 787.0], "angles": [0.0, 0.0, -0.037113077607362044], "sizes": [0.9999999999999999, 0.9999999999999999, 1.0]}, {"translations": [1352.2860984802246, -4.739868640899658, 937.0], "angles": [0.0, 0.0, 0.013684642225096624], "sizes": [1.0, 1.0, 1.0]}, {"translations": [1713.750633239746, 9.805569648742676, 37.0], "angles": [0.0, 0.0, -0.028515464335564608], "sizes": [1.0, 1.0, 1.0]}, {"translations": [1675.6761093139648, 3.6362338066101074, 187.0], "angles": [0.0, 0.0, -0.0006112136373195296], "sizes": [0.9999999999999999, 0.9999999999999999, 1.0]}, {"translations": [1697.231704711914, 6.969821453094482, 337.0], "angles": [0.0, 0.0, -0.004052113345121105], "sizes": [1.0, 1.0, 1.0]}, {"translations": [1714.9520950317383, 8.078994750976562, 487.0], "angles": [0.0, 0.0, 0.020189997633169542], "sizes": [1.0, 1.0, 1.0]}, {"translations": [1734.4088516235352, 9.549428939819336, 637.0], "angles": [0.0, 0.0, -0.02957498848558395], "sizes": [1.0, 1.0, 1.0]}, {"translations": [1715.0519256591797, 4.0348219871521, 787.0], "angles": [0.0, 0.0, -0.012441015784062795], "sizes": [0.9999999999999999, 0.9999999999999999, 1.0]}, {"translations": [1741.4865112304688, -3.541259765625, 937.0], "angles": [0.0, 0.0, 0.04251250284402937], "sizes": [1.0, 1.0, 1.0]}, {"translations": [2079.5151443481445, 2.395656108856201, 37.0], "angles": [0.0, 0.0, 0.03620019819800417], "sizes": [1.0, 1.0, 1.0]}, {"translations": [2093.033576965332, 0.1521778106689453, 187.0], "angles": [0.0, 0.0, 0.022530454406569252], "sizes": [1.0, 1.0, 1.0]}, {"translations": [2094.2071533203125, 0.5452275276184082, 337.0], "angles": [0.0, 0.0, 0.010228003918477117], "sizes": [0.9999999999999999, 0.9999999999999999, 1.0]}, {"translations": [2138.9098052978516, 0.4858231544494629, 487.0], "angles": [0.0, 0.0, 0.006299858341149986], "sizes": [1.0, 1.0, 1.0]}, {"translations": [2166.2614097595215, -6.692960262298584, 637.0], "angles": [0.0, 0.0, 0.001306321755041045], "sizes": [1.0, 1.0, 1.0]}, {"translations": [2099.147735595703, -7.900900840759277, 787.0], "angles": [0.0, 0.0, 0.004534156659883936], "sizes": [1.0, 1.0, 1.0]}, {"translations": [2075.7228469848633, 4.342007637023926, 937.0], "angles": [0.0, 0.0, -0.0018043452750791896], "sizes": [1.0, 1.0, 1.0]}, {"translations": [2498.907196044922, -4.518120288848877, 37.0], "angles": [0.0, 0.0, -0.0279803680152071], "sizes": [1.0, 1.0, 1.0]}, {"translations": [2502.4140243530273, -5.466940402984619, 187.0], "angles": [0.0, 0.0, -0.013844421953545726], "sizes": [1.0, 1.0, 1.0]}, {"translations": [2532.563407897949, 9.540740966796875, 337.0], "angles": [0.0, 0.0, -0.004917657974808734], "sizes": [1.0, 1.0, 1.0]}, {"translations": [2560.399745941162, -8.810394287109375, 487.0], "angles": [0.0, 0.0, 0.02166777600375805], "sizes": [1.0, 1.0, 1.0]}, {"translations": [2504.8695068359375, 5.577380657196045, 637.0], "angles": [0.0, 0.0, -0.011306554871203944], "sizes": [1.0, 1.0, 1.0]}, {"translations": [2506.439613342285, 7.717952728271484, 787.0], "angles": [0.0, 0.0, -0.018871944921228442], "sizes": [1.0, 1.0, 1.0]}, {"translations": [2474.9809494018555, 0.40405988693237305, 937.0], "angles": [0.0, 0.0, 0.0035008273331843583], "sizes": [1.0, 1.0, 1.0]}, {"translations": [2907.6520080566406, -5.5121564865112305, 37.0], "angles": [0.0, 0.0, -0.0195616012220794], "sizes": [1.0, 1.0, 1.0]}, {"translations": [2875.525344848633, 9.49099349975586, 187.0], "angles": [0.0, 0.0, 0.0063904039954114636], "sizes": [1.0, 1.0, 1.0]}, {"translations": [2882.421142578125, 7.635831832885742, 337.0], "angles": [0.0, 0.0, 0.009612823184046696], "sizes": [1.0, 1.0, 1.0]}, {"translations": [2919.150360107422, -5.7010817527771, 487.0], "angles": [0.0, 0.0, 0.033461385928098886], "sizes": [1.0, 1.0, 1.0]}, {"translations": [2953.922176361084, 1.8576598167419434, 637.0], "angles": [0.0, 0.0, 0.034645842619595066], "sizes": [1.0, 1.0, 1.0]}, {"translations": [2955.815299987793, 0.9525680541992188, 787.0], "angles": [0.0, 0.0, 0.03473101664494308], "sizes": [1.0, 1.0, 1.0]}, {"translations": [2941.3526153564453, -6.521337032318115, 937.0], "angles": [0.0, 0.0, 0.012427701008052386], "sizes": [1.0, 1.0, 1.0]}, {"translations": [288.7731170654297, -1.7162489891052246, 37.0], "angles": [0.0, 0.0, -0.03927671378855162], "sizes": [1.0, 1.0, 1.0]}, {"translations": [275.2722930908203, -0.000858306884765625, 187.0], "angles": [0.0, 0.0, 0.022623645445977184], "sizes": [1.0, 1.0, 1.0]}, {"translations": [320.7218246459961, 0.4796934127807617, 337.0], "angles": [0.0, 0.0, 0.024141279929391163], "sizes": [0.9999999999999999, 0.9999999999999999, 1.0]}, {"translations": [273.7996139526367, -9.138336181640625, 487.0], "angles": [0.0, 0.0, 0.04054074901066579], "sizes": [1.0, 1.0, 1.0]}, {"translations": [289.77735900878906, -5.421197414398193, 637.0], "angles": [0.0, 0.0, -0.030685055679488142], "sizes": [1.0, 1.0, 1.0]}, {"translations": [294.3993606567383, 7.166991233825684, 787.0], "angles": [0.0, 0.0, -0.004416973544147551], "sizes": [1.0, 1.0, 1.0]}, {"translations": [303.22374725341797, -1.137080192565918, 937.0], "angles": [0.0, 0.0, -0.025791972765155616], "sizes": [1.0, 1.0, 1.0]}, {"translations": [677.8896102905273, 6.109950542449951, 37.0], "angles": [0.0, 0.0, 0.02806821989369095], "sizes": [1.0, 1.0, 1.0]}, {"translations": [682.6785354614258, -2.9225897789001465, 187.0], "angles": [0.0, 0.0, -0.021633163024734677], "sizes": [1.0, 1.0, 1.0]}, {"translations": [703.4415435791016, 8.623649597167969, 337.0], "angles": [0.0, 0.0, 0.028512802257343973], "sizes": [1.0, 1.0, 1.0]}, {"translations": [684.1909332275391, 8.459146499633789, 487.0], "angles": [0.0, 0.0, 0.032074582633693484], "sizes": [1.0, 1.0, 1.0]}, {"translations": [707.5417022705078, 7.324190139770508, 637.0], "angles": [0.0, 0.0, 0.031611410964732606], "sizes": [1.0, 1.0, 1.0]}, {"translations": [703.3500061035156, 9.428579330444336, 787.0], "angles": [0.0, 0.0, 0.025464499065404645], "sizes": [0.9999999999999999, 0.9999999999999999, 1.0]}, {"translations": [676.691047668457, -8.396973609924316, 937.0], "angles": [0.0, 0.0, 0.04074564713299398], "sizes": [0.9999999999999999, 0.9999999999999999, 1.0]}, {"translations": [1092.4947204589844, 2.581357955932617, 37.0], "angles": [0.0, 0.0, 0.03805786084714226], "sizes": [1.0, 1.0, 1.0]}, {"translations": [1118.1141815185547, 0.3313159942626953, 187.0], "angles": [0.0, 0.0, 0.03363173646402486], "sizes": [1.0, 1.0, 1.0]}, {"translations": [1104.6691436767578, -4.22123908996582, 337.0], "angles": [0.0, 0.0, 0.03869656943518654], "sizes": [1.0, 1.0, 1.0]}, {"translations": [1119.9913635253906, 3.2526063919067383, 487.0], "angles": [0.0, 0.0, -0.032833208663893956], "sizes": [0.9999999999999999, 0.9999999999999999, 1.0]}, {"translations": [1077.6289291381836, 2.102322578430176, 637.0], "angles": [0.0, 0.0, 0.026577360849606636], "sizes": [1.0, 1.0, 1.0]}, {"translations": [1097.8147430419922, 5.8795952796936035, 787.0], "angles": [0.0, 0.0, 0.021284356776752004], "sizes": [1.0, 1.0, 1.0]}, {"translations": [1076.9691009521484, 9.166719436645508, 937.0], "angles": [0.0, 0.0, 0.003663279117272545], "sizes": [0.9999999999999999, 0.9999999999999999, 1.0]}, {"translations": [1493.0019912719727, 3.831033706665039, 37.0], "angles": [0.0, 0.0, -0.03372490046427841], "sizes": [0.9999999999999999, 0.9999999999999999, 1.0]}, {"translations": [1520.6486511230469, 1.4619636535644531, 187.0], "angles": [0.0, 0.0, 0.005239906712159634], "sizes": [0.9999999999999999, 0.9999999999999999, 1.0]}, {"translations": [1476.0175323486328, 1.4052867889404297, 337.0], "angles": [0.0, 0.0, -0.03814568550527118], "sizes": [0.9999999999999999, 0.9999999999999999, 1.0]}, {"translations": [1486.9216995239258, -2.281332015991211, 487.0], "angles": [0.0, 0.0, 0.004385015920562142], "sizes": [0.9999999999999999, 0.9999999999999999, 1.0]}, {"translations": [1494.5490188598633, -4.324848651885986, 637.0], "angles": [0.0, 0.0, -0.040844106223182935], "sizes": [1.0, 1.0, 1.0]}, {"translations": [1480.1718292236328, 4.431722164154053, 787.0], "angles": [0.0, 0.0, -0.0033410308007579695], "sizes": [1.0, 1.0, 1.0]}, {"translations": [1512.893051147461, -4.739868640899658, 937.0], "angles": [0.0, 0.0, 0.037387201139815904], "sizes": [1.0, 1.0, 1.0]}, {"translations": [1893.6253204345703, 9.805569648742676, 37.0], "angles": [0.0, 0.0, 0.010273275278359218], "sizes": [0.9999999999999999, 0.9999999999999999, 1.0]}, {"translations": [1874.5880508422852, 3.6362338066101074, 187.0], "angles": [0.0, 0.0, 0.01786008532053099], "sizes": [0.9999999999999999, 0.9999999999999999, 1.0]}, {"translations": [1885.365852355957, 6.969821453094482, 337.0], "angles": [0.0, 0.0, -0.025296771885413558], "sizes": [1.0, 1.0, 1.0]}, {"translations": [1894.2260513305664, 8.078994750976562, 487.0], "angles": [0.0, 0.0, -0.02574671406134267], "sizes": [1.0, 1.0, 1.0]}, {"translations": [1903.9544296264648, 9.549428939819336, 637.0], "angles": [0.0, 0.0, 0.022407975764653146], "sizes": [1.0, 1.0, 1.0]}, {"translations": [1894.2759628295898, 4.0348219871521, 787.0], "angles": [0.0, 0.0, 0.02467110567513727], "sizes": [1.0, 1.0, 1.0]}, {"translations": [1907.4932556152344, -3.541259765625, 937.0], "angles": [0.0, 0.0, -0.018413948345450303], "sizes": [1.0, 1.0, 1.0]}, {"translations": [2276.5075759887695, 2.395656108856201, 37.0], "angles": [0.0, 0.0, 0.011572861874702701], "sizes": [0.9999999999999999, 0.9999999999999999, 1.0]}, {"translations": [2283.2667846679688, 0.1521778106689453, 187.0], "angles": [0.0, 0.0, 0.014853687255156737], "sizes": [1.0, 1.0, 1.0]}, {"translations": [2283.8535766601562, 0.5452275276184082, 337.0], "angles": [0.0, 0.0, 0.033573180006859216], "sizes": [0.9999999999999999, 0.9999999999999999, 1.0]}, {"translations": [2306.204902648926, 0.4858231544494629, 487.0], "angles": [0.0, 0.0, -0.029588298463604], "sizes": [0.9999999999999999, 0.9999999999999999, 1.0]}, {"translations": [2319.8807067871094, -6.692960262298584, 637.0], "angles": [0.0, 0.0, -0.011572861874702701], "sizes": [0.9999999999999999, 0.9999999999999999, 1.0]}, {"translations": [2286.3238677978516, -7.900900840759277, 787.0], "angles": [0.0, 0.0, 0.022687544906782972], "sizes": [1.0, 1.0, 1.0]}, {"translations": [2274.611427307129, 4.342007637023926, 937.0], "angles": [0.0, 0.0, 0.0170958498949885], "sizes": [1.0, 1.0, 1.0]}, {"translations": [2686.203598022461, -4.518120288848877, 37.0], "angles": [0.0, 0.0, 0.008494310219055237], "sizes": [1.0, 1.0, 1.0]}, {"translations": [2687.9570083618164, -5.466940402984619, 187.0], "angles": [0.0, 0.0, -0.03360246032928023], "sizes": [1.0, 1.0, 1.0]}, {"translations": [2703.031707763672, 9.540740966796875, 337.0], "angles": [0.0, 0.0, -0.013154705293909984], "sizes": [1.0, 1.0, 1.0]}, {"translations": [2716.9498748779297, -8.810394287109375, 487.0], "angles": [0.0, 0.0, -0.006369101740961875], "sizes": [1.0, 1.0, 1.0]}, {"translations": [2689.1847534179688, 5.577380657196045, 637.0], "angles": [0.0, 0.0, 0.03706783502113753], "sizes": [1.0, 1.0, 1.0]}, {"translations": [2689.9698028564453, 7.717952728271484, 787.0], "angles": [0.0, 0.0, 0.0014687796264536825], "sizes": [0.9999999999999999, 0.9999999999999999, 1.0]}, {"translations": [2674.2404708862305, 0.40405988693237305, 937.0], "angles": [0.0, 0.0, -0.030711676818366535], "sizes": [1.0, 1.0, 1.0]}, {"translations": [3090.5760040283203, -5.5121564865112305, 37.0], "angles": [0.0, 0.0, 0.0036819263206312207], "sizes": [1.0, 1.0, 1.0]}, {"translations": [3074.5126724243164, 9.49099349975586, 187.0], "angles": [0.0, 0.0, -0.002728488375119279], "sizes": [1.0, 1.0, 1.0]}, {"translations": [3077.9605712890625, 7.635831832885742, 337.0], "angles": [0.0, 0.0, 0.03888019342058321], "sizes": [0.9999999999999999, 0.9999999999999999, 1.0]}, {"translations": [3096.325180053711, -5.7010817527771, 487.0], "angles": [0.0, 0.0, -0.0004567451147841173], "sizes": [0.9999999999999999, 0.9999999999999999, 1.0]}, {"translations": [3113.7110900878906, 1.8576598167419434, 637.0], "angles": [0.0, 0.0, -0.029716078144670966], "sizes": [1.0, 1.0, 1.0]}, {"translations": [3114.6576538085938, 0.9525680541992188, 787.0], "angles": [0.0, 0.0, 0.0414295223382336], "sizes": [1.0, 1.0, 1.0]}, {"translations": [3107.4263076782227, -6.521337032318115, 937.0], "angles": [0.0, 0.0, -0.011929711220148449], "sizes": [1.0, 1.0, 1.0]}], "SM_CardBoxA_02": [{"translations": [3110.2009188410098, -19.942420282316473, 358.0], "angles": [0.0, 0.0, 0.9800635722083338], "sizes": [1.0000000000000009, 1.0000000000000009, 1.0]}, {"translations": [2349.872670919191, -7.387285474228996, 658.0], "angles": [0.0, 0.0, 0.027691524925996535], "sizes": [1.0, 1.0, 1.0]}, {"translations": [1894.2759628295898, 4.0348219871521, 808.0], "angles": [0.0, 0.0, 0.9898939672507514], "sizes": [1.0000000000000004, 1.0000000000000004, 1.0]}, {"translations": [1478.304607706797, 31.317981189580408, 358.0], "angles": [0.0, 0.0, 0.8256350573741706], "sizes": [1.0000000000000002, 1.0000000000000002, 1.0]}, {"translations": [651.4089290655804, -31.596824133960265, 208.0], "angles": [0.0, 0.0, 0.9543287171160242], "sizes": [1.0000000000000009, 1.0000000000000009, 1.0]}, {"translations": [276.6293643897564, -29.970148546888847, 208.0], "angles": [0.0, 0.0, 0.1931848273822668], "sizes": [1.0, 1.0, 1.0]}, {"translations": [2531.571938564464, -36.28602602924085, 208.0], "angles": [0.0, 0.0, -0.26388583780991487], "sizes": [1.0, 1.0, 1.0]}, {"translations": [2045.7230423245755, 4.4502681772983905, 958.0], "angles": [0.0, 0.0, 0.9564039535947098], "sizes": [1.0000000000000004, 1.0000000000000004, 1.0]}, {"translations": [1316.7610156154963, 2.206471601066512, 808.0], "angles": [0.0, 0.0, 0.0939739076556203], "sizes": [1.0, 1.0, 1.0]}, {"translations": [531.9000912287887, 39.4004028560546, 808.0], "angles": [0.0, 0.0, -0.5196523887518104], "sizes": [1.0, 1.0, 1.0]}, {"translations": [569.9439197039662, 38.878606307591554, 658.0], "angles": [-0.0, -0.0, 0.0053888928666113054], "sizes": [1.0, 1.0, 1.0]}, {"translations": [563.7007383604038, -21.055307395831115, 358.0], "angles": [0.0, 0.0, -0.11612881615634506], "sizes": [1.0, 1.0, 1.0]}, {"translations": [503.06545121479155, 38.30260659016705, 358.0], "angles": [0.0, 0.0, -0.04344043148312026], "sizes": [0.9999999999999999, 0.9999999999999999, 1.0]}, {"translations": [480.76685490264947, 36.071805074134986, 58.0], "angles": [0.0, 0.0, 0.9106940030904161], "sizes": [1.0000000000000009, 1.0000000000000009, 1.0]}, {"translations": [138.02527178794634, 2.691080083432003, 358.0], "angles": [0.0, 0.0, -0.832098597417425], "sizes": [1.0000000000000007, 1.0000000000000007, 1.0]}], "SM_CardBoxD_03": [{"translations": [3048.051271455488, 5.304784114513276, 358.0], "angles": [0.0, 0.0, 0.7279344240228515], "sizes": [1.0, 1.0, 1.0]}, {"translations": [2689.972017418404, 24.46531207660453, 208.0], "angles": [0.0, 0.0, 0.9938493937166407], "sizes": [1.0, 1.0, 1.0]}, {"translations": [2317.6538866303435, -36.50911504499983, 808.0], "angles": [0.0, 0.0, -0.09857168330368948], "sizes": [1.0, 1.0, 1.0]}, {"translations": [2337.926895234499, 28.658774480159646, 508.0], "angles": [0.0, 0.0, 0.9715397092091338], "sizes": [1.0000000000000013, 1.0000000000000013, 1.0]}, {"translations": [2252.3888996755604, 29.24781697525158, 208.0], "angles": [0.0, 0.0, 0.916516971658882], "sizes": [1.0, 1.0, 1.0]}, {"translations": [1490.979648301103, -26.10072415865543, 58.0], "angles": [0.0, 0.0, 0.858350341405739], "sizes": [1.0000000000000002, 1.0000000000000002, 1.0]}, {"translations": [1106.7485005030774, 39.38570953204971, 958.0], "angles": [0.0, 0.0, 0.9982049409951699], "sizes": [1.0000000000000004, 1.0000000000000004, 1.0]}, {"translations": [1132.2592430484533, 28.00897060001249, 358.0], "angles": [0.0, 0.0, -0.041176954128540694], "sizes": [0.9999999999999999, 0.9999999999999999, 1.0]}, {"translations": [1088.1820471404098, -1.6854466513350572, 208.0], "angles": [0.0, 0.0, 0.39824937297019686], "sizes": [1.0, 1.0, 1.0]}, {"translations": [731.7837251636998, 40.91704738474185, 808.0], "angles": [0.0, 0.0, 0.9879901016672955], "sizes": [1.0000000000000002, 1.0000000000000002, 1.0]}, {"translations": [677.6016591486987, 5.428453379508159, 658.0], "angles": [0.0, 0.0, -0.797238653133269], "sizes": [1.0000000000000004, 1.0000000000000004, 1.0]}, {"translations": [352.13491120929586, -28.037283856323967, 358.0], "angles": [0.0, 0.0, -0.03600114647018998], "sizes": [1.0, 1.0, 1.0]}, {"translations": [2971.3433484913044, -5.775732556973157, 958.0], "angles": [0.0, 0.0, 0.5436673536234664], "sizes": [1.0, 1.0, 1.0]}, {"translations": [2947.0766213712604, 26.238297261596788, 508.0], "angles": [0.0, 0.0, -0.6245494615925156], "sizes": [1.0000000000000002, 1.0000000000000002, 1.0]}, {"translations": [2069.4210157134044, -38.171713929266744, 808.0], "angles": [0.0, 0.0, 0.17535933297016337], "sizes": [0.9999999999999999, 0.9999999999999999, 1.0]}, {"translations": [1727.4738443392343, 36.72571147106686, 358.0], "angles": [0.0, 0.0, 0.2369716095857728], "sizes": [0.9999999999999999, 0.9999999999999999, 1.0]}, {"translations": [1332.5371273186993, -29.913982427876245, 508.0], "angles": [0.0, 0.0, 0.25771742879821835], "sizes": [1.0, 1.0, 1.0]}, {"translations": [889.901480803243, 33.47226959054109, 808.0], "angles": [0.0, 0.0, 0.8502339873265443], "sizes": [1.0000000000000002, 1.0000000000000002, 1.0]}, {"translations": [992.9140165940464, 30.144498627856077, 208.0], "angles": [0.0, 0.0, 0.8550603411120546], "sizes": [0.9999999999999998, 0.9999999999999998, 1.0]}, {"translations": [461.47910185745747, 26.69461798047447, 208.0], "angles": [0.0, 0.0, 0.9978760590296035], "sizes": [1.0000000000000002, 1.0000000000000002, 1.0]}, {"translations": [521.4742786822262, 27.455379286493937, 208.0], "angles": [0.0, 0.0, 0.16865540347552488], "sizes": [1.0, 1.0, 1.0]}], "SM_CardBoxA_01": [{"translations": [3105.538823404265, 39.876179384832895, 358.0], "angles": [0.0, 0.0, 0.9874794349689853], "sizes": [0.999999999999999, 0.999999999999999, 1.0]}, {"translations": [1047.6713105047675, 0.5082442193790213, 658.0], "angles": [0.0, 0.0, 0.9876137615748636], "sizes": [1.0000000000000007, 1.0000000000000007, 1.0]}, {"translations": [1147.9577519616792, -28.651642820864623, 508.0], "angles": [0.0, 0.0, -0.48745476984667124], "sizes": [1.0, 1.0, 1.0]}, {"translations": [733.3927647855476, 10.33372218116505, 358.0], "angles": [0.0, 0.0, 0.5114455401477385], "sizes": [0.9999999999999999, 0.9999999999999999, 1.0]}, {"translations": [2910.616277746241, 22.723791627196192, 958.0], "angles": [0.0, 0.0, -0.19425169106665474], "sizes": [1.0, 1.0, 1.0]}, {"translations": [2921.1569189826896, -35.633901891883355, 508.0], "angles": [0.0, 0.0, 0.9854029629581978], "sizes": [1.000000000000001, 1.000000000000001, 1.0]}, {"translations": [2911.8388554541066, 38.207030192556076, 358.0], "angles": [0.0, 0.0, -0.08446390719444677], "sizes": [1.0, 1.0, 1.0]}, {"translations": [2878.8484389219566, 25.63835562972015, 58.0], "angles": [0.0, 0.0, 0.41128723750934737], "sizes": [0.9999999999999999, 0.9999999999999999, 1.0]}, {"translations": [2505.307498302436, -22.260678253421922, 808.0], "angles": [0.0, 0.0, 0.9419703132486769], "sizes": [1.0000000000000007, 1.0000000000000007, 1.0]}, {"translations": [2590.371576390145, -7.510632948473692, 508.0], "angles": [0.0, 0.0, 0.9847907755577823], "sizes": [1.0000000000000009, 1.0000000000000009, 1.0]}, {"translations": [2094.8208014554034, -29.44849574853221, 358.0], "angles": [0.0, 0.0, 0.15455091271735694], "sizes": [1.0, 1.0, 1.0]}, {"translations": [2123.003119682786, 1.503661923301905, 208.0], "angles": [0.0, 0.0, 0.9999923619173171], "sizes": [1.0000000000000013, 1.0000000000000013, 1.0]}, {"translations": [1312.5039825439453, 3.831033706665039, 58.0], "angles": [0.0, 0.0, 0.18971142613538577], "sizes": [1.0, 1.0, 1.0]}, {"translations": [932.7289334977523, 0.517555270631804, 208.0], "angles": [0.0, 0.0, 0.590325006630103], "sizes": [1.0, 1.0, 1.0]}, {"translations": [84.59807868976299, -22.115606712583045, 808.0], "angles": [0.0, 0.0, 0.9880671861493047], "sizes": [0.9999999999999997, 0.9999999999999997, 1.0]}, {"translations": [3136.702036860621, -37.22852968874416, 958.0], "angles": [0.0, 0.0, -0.4668366678575905], "sizes": [0.9999999999999999, 0.9999999999999999, 1.0]}, {"translations": [3113.7110900878906, 1.8576598167419434, 658.0], "angles": [0.0, 0.0, 0.6204212426221754], "sizes": [1.0000000000000002, 1.0000000000000002, 1.0]}, {"translations": [3084.7606381278642, -1.5310690743305333, 808.0], "angles": [0.0, 0.0, 0.21275933114643214], "sizes": [1.0, 1.0, 1.0]}], "SM_CardBoxD_04": [{"translations": [3120.796104715237, -35.29042900982262, 58.0], "angles": [0.0, 0.0, -0.7288234536465237], "sizes": [1.0000000000000002, 1.0000000000000002, 1.0]}, {"translations": [2690.057929538974, -22.28191783291305, 808.0], "angles": [0.0, 0.0, 0.9645627326515988], "sizes": [1.0000000000000009, 1.0000000000000009, 1.0]}, {"translations": [2303.5682901365044, 35.35007263761257, 958.0], "angles": [0.0, 0.0, -0.13980839656858757], "sizes": [1.0, 1.0, 1.0]}, {"translations": [1874.5880508422852, 3.6362338066101074, 208.0], "angles": [0.0, 0.0, 0.1865085132343858], "sizes": [1.0, 1.0, 1.0]}, {"translations": [1515.1347148695552, -34.656000472355515, 958.0], "angles": [0.0, 0.0, 0.10582617418634177], "sizes": [1.0, 1.0, 1.0]}, {"translations": [1456.9228532258032, -2.5444304417122297, 508.0], "angles": [0.0, 0.0, 0.999451066732142], "sizes": [1.0000000000000009, 1.0000000000000009, 1.0]}, {"translations": [1490.650298520388, 1.1475735669686946, 208.0], "angles": [0.0, 0.0, 0.9999953906211924], "sizes": [1.0000000000000007, 1.0000000000000007, 1.0]}, {"translations": [646.2534501110284, 34.379251366791024, 58.0], "angles": [0.0, 0.0, 0.9905625991175653], "sizes": [1.0000000000000004, 1.0000000000000004, 1.0]}, {"translations": [324.1331742499936, -23.09685401428424, 808.0], "angles": [0.0, 0.0, -0.16696592173060934], "sizes": [1.0, 1.0, 1.0]}, {"translations": [2912.107486696931, -37.25767464252234, 958.0], "angles": [0.0, 0.0, -0.7940679291829926], "sizes": [1.0000000000000002, 1.0000000000000002, 1.0]}, {"translations": [2851.8499442184548, 37.05354470886728, 358.0], "angles": [0.0, 0.0, -0.0957646097966725], "sizes": [1.0, 1.0, 1.0]}, {"translations": [2875.1419284379863, 39.488543263962384, 208.0], "angles": [0.0, 0.0, -0.8237335389045206], "sizes": [1.0000000000000002, 1.0000000000000002, 1.0]}, {"translations": [2504.9802140543343, 0.6141082397571402, 958.0], "angles": [0.0, 0.0, -0.648921490471986], "sizes": [1.0, 1.0, 1.0]}, {"translations": [1276.5865442428562, 31.341941044864683, 358.0], "angles": [0.0, 0.0, -0.7953720501643834], "sizes": [1.0000000000000004, 1.0000000000000004, 1.0]}, {"translations": [481.6186500771524, 21.55272384487739, 958.0], "angles": [0.0, 0.0, 0.9245526888376916], "sizes": [1.0000000000000009, 1.0000000000000009, 1.0]}, {"translations": [145.99936393719014, 36.44958918023441, 808.0], "angles": [0.0, 0.0, 0.5480016916703264], "sizes": [1.0, 1.0, 1.0]}], "SM_CardBoxC_02": [{"translations": [3120.3542765516318, 24.707944200405713, 58.0], "angles": [0.0, 0.0, 0.9863486674006987], "sizes": [0.9999999999999997, 0.9999999999999997, 1.0]}, {"translations": [2672.252876516455, -19.65966223342205, 358.0], "angles": [0.0, 0.0, -0.7896548348332593], "sizes": [1.0, 1.0, 1.0]}, {"translations": [2733.8105390108885, 38.741144167015804, 358.0], "angles": [0.0, 0.0, -0.26211369810792096], "sizes": [1.0, 1.0, 1.0]}, {"translations": [2257.715653593611, -39.23091967325105, 808.0], "angles": [0.0, 0.0, 0.9974803579403525], "sizes": [1.0000000000000013, 1.0000000000000013, 1.0]}, {"translations": [1863.631652845667, 9.189205660200589, 58.0], "angles": [0.0, 0.0, 0.6453249973186955], "sizes": [1.0000000000000004, 1.0000000000000004, 1.0]}, {"translations": [1480.7352555939108, 22.934599468461908, 958.0], "angles": [0.0, 0.0, 0.2519216337962615], "sizes": [1.0, 1.0, 1.0]}, {"translations": [1124.68963377319, -25.049920637190365, 58.0], "angles": [0.0, 0.0, 0.8230793082511928], "sizes": [1.0000000000000004, 1.0000000000000004, 1.0]}, {"translations": [324.6632059048482, 36.900804827081, 808.0], "angles": [0.0, 0.0, 0.6820508476421709], "sizes": [1.0, 1.0, 1.0]}, {"translations": [2887.210981093048, 22.225179511061516, 508.0], "angles": [0.0, 0.0, 0.8050794084827291], "sizes": [1.0000000000000004, 1.0000000000000004, 1.0]}, {"translations": [2475.555527055524, 36.24806029481608, 658.0], "angles": [0.0, 0.0, 0.7099543872487969], "sizes": [1.0, 1.0, 1.0]}, {"translations": [2535.5401864735577, 34.89136043760934, 658.0], "angles": [0.0, 0.0, 0.4046841403720654], "sizes": [0.9999999999999999, 0.9999999999999999, 1.0]}, {"translations": [2532.268351987247, -20.457808031605694, 358.0], "angles": [0.0, 0.0, 0.8549448103804761], "sizes": [1.0000000000000002, 1.0000000000000002, 1.0]}, {"translations": [2093.5935051852216, 30.538950803769026, 358.0], "angles": [0.0, 0.0, 0.9511212766532701], "sizes": [1.0000000000000004, 1.0000000000000004, 1.0]}, {"translations": [1771.378072456585, -0.9928156392318876, 958.0], "angles": [0.0, 0.0, 0.9802184878429584], "sizes": [1.0000000000000007, 1.0000000000000007, 1.0]}, {"translations": [1709.0465058779594, 23.801857334098074, 958.0], "angles": [0.0, 0.0, -0.44839680852050134], "sizes": [1.0, 1.0, 1.0]}, {"translations": [1715.0519256591797, 4.0348219871521, 808.0], "angles": [0.0, 0.0, -0.4989676450284742], "sizes": [1.0, 1.0, 1.0]}, {"translations": [503.7041377945986, -21.69399397563813, 358.0], "angles": [0.0, 0.0, -0.010466935972363846], "sizes": [1.0, 1.0, 1.0]}, {"translations": [563.0620517805968, 38.94129316997407, 358.0], "angles": [0.0, 0.0, 0.9959700837229196], "sizes": [1.0, 1.0, 1.0]}, {"translations": [101.43315366831261, -31.602229155334612, 58.0], "angles": [0.0, 0.0, 0.35161519759949966], "sizes": [1.0, 1.0, 1.0]}, {"translations": [76.77333442717675, 30.782811639670925, 58.0], "angles": [0.0, 0.0, 0.8538148252130716], "sizes": [1.0, 1.0, 1.0]}, {"translations": [3066.3525972747057, 24.326310434285425, 508.0], "angles": [0.0, 0.0, -0.19679018457319294], "sizes": [1.0, 1.0, 1.0]}], "SM_CardBoxD_01": [{"translations": [2674.2404708862305, 0.40405988693237305, 958.0], "angles": [0.0, 0.0, 0.9041140477772822], "sizes": [1.0, 1.0, 1.0]}, {"translations": [2673.831304563453, 40.31957221401359, 358.0], "angles": [0.0, 0.0, -0.13816336119385852], "sizes": [1.0, 1.0, 1.0]}, {"translations": [2686.203598022461, -4.518120288848877, 58.0], "angles": [0.0, 0.0, -0.8195924974215865], "sizes": [1.0000000000000002, 1.0000000000000002, 1.0]}, {"translations": [2314.144669660377, -28.94346135391369, 208.0], "angles": [0.0, 0.0, 0.7129915355275858], "sizes": [1.0000000000000004, 1.0000000000000004, 1.0]}, {"translations": [1924.2353520120157, -19.57173395161854, 58.0], "angles": [0.0, 0.0, 0.962461754607596], "sizes": [1.000000000000001, 1.000000000000001, 1.0]}, {"translations": [1479.9713684944168, -25.56760808663725, 808.0], "angles": [0.0, 0.0, 0.7918147610288246], "sizes": [1.0000000000000002, 1.0000000000000002, 1.0]}, {"translations": [1047.1897014012195, -21.052270658758694, 958.0], "angles": [0.0, 0.0, 0.9506722911160732], "sizes": [1.0000000000000007, 1.0000000000000007, 1.0]}, {"translations": [735.5860086320546, 39.159970021841985, 658.0], "angles": [0.0, 0.0, 0.9999951746827627], "sizes": [1.0000000000000016, 1.0000000000000016, 1.0]}, {"translations": [331.63683014620926, -32.64417019668039, 958.0], "angles": [0.0, 0.0, 0.624920937170386], "sizes": [1.0000000000000007, 1.0000000000000007, 1.0]}, {"translations": [291.61759537916294, 24.52230822707861, 658.0], "angles": [0.0, 0.0, -0.4230412105139609], "sizes": [1.0, 1.0, 1.0]}, {"translations": [290.75679272979386, -0.9683612343167576, 358.0], "angles": [0.0, 0.0, -0.4870839422507524], "sizes": [1.0, 1.0, 1.0]}, {"translations": [2876.5014959404093, -34.315725621195256, 58.0], "angles": [0.0, 0.0, 0.9936181622374116], "sizes": [1.0, 1.0, 1.0]}, {"translations": [2098.8756889925985, 22.09786564464374, 808.0], "angles": [0.0, 0.0, 0.14054924350512593], "sizes": [0.9999999999999999, 0.9999999999999999, 1.0]}, {"translations": [1683.7994211421224, 11.515801762569334, 58.0], "angles": [0.0, 0.0, -0.18865029599337227], "sizes": [1.0, 1.0, 1.0]}, {"translations": [1353.107100128675, -34.728632474929924, 958.0], "angles": [0.0, 0.0, 0.9850412529769372], "sizes": [1.0000000000000009, 1.0000000000000009, 1.0]}, {"translations": [934.9939634967345, -25.180776969151097, 508.0], "angles": [0.0, 0.0, -0.3756362628001678], "sizes": [1.0000000000000002, 1.0000000000000002, 1.0]}, {"translations": [511.6259388756298, 5.7272396373353125, 658.0], "angles": [0.0, 0.0, 0.42416136537634536], "sizes": [1.0, 1.0, 1.0]}, {"translations": [76.10630511385617, -7.179766306475032, 658.0], "angles": [0.0, 0.0, 0.9154495349690608], "sizes": [1.0000000000000004, 1.0000000000000004, 1.0]}, {"translations": [77.0445785522461, -0.000858306884765625, 208.0], "angles": [0.0, 0.0, 0.43617924888073434], "sizes": [0.9999999999999998, 0.9999999999999998, 1.0]}, {"translations": [3104.348517052261, -20.67226851444224, 208.0], "angles": [0.0, 0.0, 0.9633920567071701], "sizes": [1.0000000000000004, 1.0000000000000004, 1.0]}, {"translations": [3096.2977753496825, -35.701069235811104, 508.0], "angles": [0.0, 0.0, 0.5549776352184412], "sizes": [1.0, 1.0, 1.0]}], "SM_CardBoxD_05": [{"translations": [2691.407295030726, -24.3401778792147, 658.0], "angles": [0.0, 0.0, 0.9756695744566184], "sizes": [1.0000000000000013, 1.0000000000000013, 1.0]}, {"translations": [1876.408950450462, -32.41626578161248, 958.0], "angles": [0.0, 0.0, 0.9974885170816511], "sizes": [1.0, 1.0, 1.0]}, {"translations": [1883.848531762919, -22.99178294683616, 358.0], "angles": [0.0, 0.0, -0.8015040549885358], "sizes": [1.0000000000000002, 1.0000000000000002, 1.0]}, {"translations": [1923.0026240349316, 40.415601226188066, 58.0], "angles": [0.0, 0.0, 0.729190842133636], "sizes": [1.0000000000000004, 1.0000000000000004, 1.0]}, {"translations": [1097.8147430419922, 5.8795952796936035, 808.0], "angles": [0.0, 0.0, -0.3735973323012591], "sizes": [1.0, 1.0, 1.0]}, {"translations": [1090.212903098443, 32.49445390959699, 58.0], "angles": [0.0, 0.0, 0.7356790899854856], "sizes": [1.0000000000000004, 1.0000000000000004, 1.0]}, {"translations": [257.9936169969384, -33.5244666855011, 658.0], "angles": [0.0, 0.0, 0.0460565343843732], "sizes": [1.0, 1.0, 1.0]}, {"translations": [276.2300591459911, -39.039723041819876, 508.0], "angles": [0.0, 0.0, -0.6227679073792718], "sizes": [1.0, 1.0, 1.0]}, {"translations": [2529.128154153543, 19.861674823238, 508.0], "angles": [0.0, 0.0, -0.38019048301728003], "sizes": [1.0, 1.0, 1.0]}, {"translations": [2138.9098052978516, 0.4858231544494629, 508.0], "angles": [0.0, 0.0, 0.8980037174217721], "sizes": [0.9999999999999997, 0.9999999999999997, 1.0]}, {"translations": [1714.1433941307457, -35.981265118134296, 958.0], "angles": [0.0, 0.0, 0.9999605564421761], "sizes": [1.0000000000000013, 1.0000000000000013, 1.0]}, {"translations": [1343.1206012032928, -36.61274234800714, 658.0], "angles": [0.0, 0.0, -0.730732699376838], "sizes": [1.0, 1.0, 1.0]}, {"translations": [1270.4301982623933, -4.561874760169845, 508.0], "angles": [0.0, 0.0, 0.13564007653088195], "sizes": [1.0, 1.0, 1.0]}, {"translations": [907.7652381198625, -23.286826975043063, 958.0], "angles": [0.0, 0.0, -0.13700334758917865], "sizes": [1.0, 1.0, 1.0]}, {"translations": [997.971505863617, 31.685989752964574, 508.0], "angles": [0.0, 0.0, -0.7384571942005117], "sizes": [1.0000000000000004, 1.0000000000000004, 1.0]}, {"translations": [905.8819098062847, -5.838613921521575, 358.0], "angles": [0.0, 0.0, 0.9032186070039434], "sizes": [1.0000000000000007, 1.0000000000000007, 1.0]}, {"translations": [943.2324335351284, -25.567930129327163, 58.0], "angles": [0.0, 0.0, -0.20436564403694554], "sizes": [1.0, 1.0, 1.0]}, {"translations": [103.24909733646868, 21.688358615957597, 508.0], "angles": [0.0, 0.0, -0.7541362834383282], "sizes": [1.0000000000000002, 1.0000000000000002, 1.0]}], "SM_CardBoxD_02": [{"translations": [2746.9474409505106, -9.1925326405228, 508.0], "angles": [0.0, 0.0, 0.9834489017202274], "sizes": [0.9999999999999994, 0.9999999999999994, 1.0]}, {"translations": [2315.7992023667625, -27.373887755882688, 358.0], "angles": [0.0, 0.0, 0.4742572158521831], "sizes": [1.0, 1.0, 1.0]}, {"translations": [2307.1938653327816, -26.90198281129513, 58.0], "angles": [0.0, 0.0, 0.16195227901282372], "sizes": [0.9999999999999999, 0.9999999999999999, 1.0]}, {"translations": [1121.960293913632, 33.18792521643673, 508.0], "angles": [0.0, 0.0, 0.7548066693598284], "sizes": [1.0000000000000004, 1.0000000000000004, 1.0]}, {"translations": [1074.7589891459209, -6.541294249107263, 358.0], "angles": [0.0, 0.0, 0.9453789765654075], "sizes": [1.0000000000000007, 1.0000000000000007, 1.0]}, {"translations": [273.26366080496507, 0.40992336309567134, 958.0], "angles": [0.0, 0.0, -0.1333862174299042], "sizes": [0.9999999999999999, 0.9999999999999999, 1.0]}, {"translations": [303.88451203188833, 31.32550323205538, 208.0], "angles": [0.0, 0.0, -0.12827213806383292], "sizes": [1.0, 1.0, 1.0]}, {"translations": [2061.7125501352452, 28.770236415489997, 208.0], "angles": [0.0, 0.0, -0.3574293046920796], "sizes": [1.0, 1.0, 1.0]}, {"translations": [1250.5469308957508, -30.479887921393328, 358.0], "angles": [0.0, 0.0, 0.9932291072248801], "sizes": [1.0000000000000004, 1.0000000000000004, 1.0]}, {"translations": [850.547899146578, 11.7299707200097, 958.0], "angles": [0.0, 0.0, 0.7642252198199013], "sizes": [1.0000000000000002, 1.0000000000000002, 1.0]}, {"translations": [909.2768100975617, -30.188649391407424, 658.0], "angles": [0.0, 0.0, 0.07603626473062781], "sizes": [1.0, 1.0, 1.0]}, {"translations": [879.7464483008091, 30.730646041192397, 58.0], "angles": [0.0, 0.0, 0.9722849976365412], "sizes": [1.0000000000000009, 1.0000000000000009, 1.0]}, {"translations": [3138.1335003346485, 22.75439215008031, 958.0], "angles": [0.0, 0.0, 0.7549710105876629], "sizes": [1.0000000000000007, 1.0000000000000007, 1.0]}], "SM_CardBoxB_01": [{"translations": [2656.00974682564, -33.38418382598637, 208.0], "angles": [0.0, 0.0, -0.7776695790800615], "sizes": [1.0000000000000004, 1.0000000000000004, 1.0]}, {"translations": [2245.6545644777534, -26.666057363564722, 958.0], "angles": [0.0, 0.0, 0.04353210618299137], "sizes": [1.0, 1.0, 1.0]}, {"translations": [1878.6182495992468, 27.543045399147257, 958.0], "angles": [0.0, 0.0, 0.5218298799324681], "sizes": [1.0, 1.0, 1.0]}, {"translations": [1933.9243025837927, 10.8935699002953, 658.0], "angles": [0.0, 0.0, 0.4251397984752261], "sizes": [1.0, 1.0, 1.0]}, {"translations": [1516.6574473963274, 27.980612707852394, 508.0], "angles": [0.0, 0.0, 0.916139015641753], "sizes": [1.0, 1.0, 1.0]}, {"translations": [1473.7304569904686, -28.50740761169955, 358.0], "angles": [0.0, 0.0, 0.9773945777907657], "sizes": [1.0000000000000004, 1.0000000000000004, 1.0]}, {"translations": [706.5914352028399, -5.954265012132734, 958.0], "angles": [0.0, 0.0, 0.9093364604399927], "sizes": [1.0000000000000007, 1.0000000000000007, 1.0]}, {"translations": [734.8384741578132, -19.00513972973991, 808.0], "angles": [0.0, 0.0, -0.021816773764846913], "sizes": [1.0, 1.0, 1.0]}, {"translations": [673.3889125462747, 7.901204833387701, 808.0], "angles": [0.0, 0.0, 0.6318974591371739], "sizes": [1.0000000000000004, 1.0000000000000004, 1.0]}, {"translations": [739.3774821525793, -20.72011622177627, 658.0], "angles": [0.0, 0.0, 0.9982218718792198], "sizes": [1.0000000000000002, 1.0000000000000002, 1.0]}, {"translations": [706.1589111148684, 37.74611072194881, 58.0], "angles": [0.0, 0.0, 0.9960609238292768], "sizes": [1.0000000000000004, 1.0000000000000004, 1.0]}, {"translations": [349.2388019151008, 31.892779976080526, 358.0], "angles": [0.0, 0.0, 0.9999907395471757], "sizes": [1.0000000000000009, 1.0000000000000009, 1.0]}, {"translations": [316.32577304367544, -33.978473781336106, 58.0], "angles": [0.0, 0.0, 0.40643320527235083], "sizes": [0.9999999999999999, 0.9999999999999999, 1.0]}, {"translations": [2983.8501562964348, 3.9351624013964632, 658.0], "angles": [0.0, 0.0, 0.8315759367585458], "sizes": [1.0000000000000004, 1.0000000000000004, 1.0]}, {"translations": [2853.0034297021434, -22.935366526784588, 358.0], "angles": [0.0, 0.0, 0.8717420403983891], "sizes": [1.0, 1.0, 1.0]}, {"translations": [2845.9112114950726, -20.88997267509712, 208.0], "angles": [0.0, 0.0, 0.8807567054911722], "sizes": [0.9999999999999999, 0.9999999999999999, 1.0]}, {"translations": [2562.857012807054, 39.244234054497284, 358.0], "angles": [0.0, 0.0, -0.7714528817873262], "sizes": [1.0000000000000002, 1.0000000000000002, 1.0]}, {"translations": [2498.907196044922, -4.518120288848877, 58.0], "angles": [0.0, 0.0, -0.10773036010060556], "sizes": [1.0, 1.0, 1.0]}, {"translations": [2166.2614097595215, -6.692960262298584, 658.0], "angles": [0.0, 0.0, 0.10697474634288598], "sizes": [0.9999999999999999, 0.9999999999999999, 1.0]}, {"translations": [1746.138789799197, -20.685394161033543, 508.0], "angles": [0.0, 0.0, -0.10444362788429891], "sizes": [1.0, 1.0, 1.0]}, {"translations": [1254.7010507159475, -23.260384440989, 808.0], "angles": [0.0, 0.0, 0.3968435992680743], "sizes": [1.0, 1.0, 1.0]}, {"translations": [464.9481743637061, 38.5253081731652, 508.0], "angles": [0.0, 0.0, 0.3102322082646458], "sizes": [1.0, 1.0, 1.0]}, {"translations": [43.272533107675216, 20.011533249554617, 508.0], "angles": [0.0, 0.0, 0.9922809474322093], "sizes": [1.0, 1.0, 1.0]}, {"translations": [3044.513119103245, 9.65470219288275, 208.0], "angles": [0.0, 0.0, -0.7985159005433541], "sizes": [0.9999999999999998, 0.9999999999999998, 1.0]}], "SM_CardBoxC_01": [{"translations": [2290.583067866958, 23.993329081713572, 658.0], "angles": [0.0, 0.0, -0.551348193979825], "sizes": [1.0, 1.0, 1.0]}, {"translations": [2304.4303820189944, -29.461648801192258, 508.0], "angles": [0.0, 0.0, 0.619037292942919], "sizes": [1.0000000000000004, 1.0000000000000004, 1.0]}, {"translations": [2246.515611856688, 1.7013308969257896, 58.0], "angles": [0.0, 0.0, 0.1672021897193651], "sizes": [1.0, 1.0, 1.0]}, {"translations": [1873.984556669137, 8.205287979343371, 658.0], "angles": [0.0, 0.0, -0.0009729691059905234], "sizes": [0.9999999999999999, 0.9999999999999999, 1.0]}, {"translations": [1550.9613938123016, -28.221998862498662, 208.0], "angles": [0.0, 0.0, 0.3664928281466204], "sizes": [1.0, 1.0, 1.0]}, {"translations": [1109.180626130651, -26.26121769593486, 658.0], "angles": [0.0, 0.0, -0.11520681731593349], "sizes": [0.9999999999999999, 0.9999999999999999, 1.0]}, {"translations": [684.1909332275391, 8.459146499633789, 508.0], "angles": [0.0, 0.0, -0.08736647818888958], "sizes": [1.0, 1.0, 1.0]}, {"translations": [2926.071699010388, -30.147822703263266, 658.0], "angles": [0.0, 0.0, 0.06012342048500605], "sizes": [1.0, 1.0, 1.0]}, {"translations": [2937.6290486820985, -6.685627977284907, 58.0], "angles": [0.0, 0.0, -0.11122646392503084], "sizes": [1.0, 1.0, 1.0]}, {"translations": [2105.8309121854254, 34.23355175703716, 958.0], "angles": [0.0, 0.0, 0.6304130260165558], "sizes": [1.0, 1.0, 1.0]}, {"translations": [1683.7654002642796, 36.84338366298667, 508.0], "angles": [0.0, 0.0, 0.28617409227901], "sizes": [1.0, 1.0, 1.0]}, {"translations": [1675.6394365025758, -26.363743778463267, 208.0], "angles": [0.0, 0.0, 0.7164089155602185], "sizes": [1.0, 1.0, 1.0]}, {"translations": [1327.976041830342, 29.91240388425109, 508.0], "angles": [0.0, 0.0, -0.020736985816946503], "sizes": [1.0, 1.0, 1.0]}, {"translations": [1397.6868588707543, 4.0338121680017895, 208.0], "angles": [0.0, 0.0, -0.11970790637952972], "sizes": [0.9999999999999999, 0.9999999999999999, 1.0]}, {"translations": [1335.3358971069958, 28.779671763787615, 208.0], "angles": [0.0, 0.0, 0.9552227166584196], "sizes": [1.0000000000000002, 1.0000000000000002, 1.0]}, {"translations": [894.5368117731368, -26.348410001047824, 808.0], "angles": [0.0, 0.0, -0.10639063887019967], "sizes": [1.0, 1.0, 1.0]}, {"translations": [103.59090420238554, -31.76697744503232, 958.0], "angles": [0.0, 0.0, 0.903862431978553], "sizes": [0.9999999999999996, 0.9999999999999996, 1.0]}, {"translations": [200.07342872547832, 28.186691875569895, 358.0], "angles": [0.0, 0.0, 0.3252027938662218], "sizes": [1.0, 1.0, 1.0]}], "SM_CardBoxB_02": [{"translations": [2312.3624238325515, 31.030062803077428, 208.0], "angles": [0.0, 0.0, -0.7323894571930989], "sizes": [1.0000000000000002, 1.0000000000000002, 1.0]}, {"translations": [1922.6419869943861, -23.425522391009032, 508.0], "angles": [0.0, 0.0, 0.8965698792825535], "sizes": [1.0, 1.0, 1.0]}, {"translations": [1522.0003230133157, -36.673355576853226, 658.0], "angles": [0.0, 0.0, 0.9996548819746598], "sizes": [0.9999999999999997, 0.9999999999999997, 1.0]}, {"translations": [644.3479515362826, 19.060705326666913, 958.0], "angles": [0.0, 0.0, -0.5572770508437083], "sizes": [1.0000000000000002, 1.0000000000000002, 1.0]}, {"translations": [301.27055561946156, 23.19349587189304, 508.0], "angles": [0.0, 0.0, -0.4719089891112193], "sizes": [0.9999999999999999, 0.9999999999999999, 1.0]}, {"translations": [2927.970278396374, -31.057661132318607, 808.0], "angles": [0.0, 0.0, 0.17174543309802012], "sizes": [1.0, 1.0, 1.0]}, {"translations": [2953.7326961902436, 30.88019344316774, 808.0], "angles": [0.0, 0.0, -0.32344410414743774], "sizes": [1.0, 1.0, 1.0]}, {"translations": [2049.593771609119, 0.22506784474417163, 58.0], "angles": [0.0, 0.0, 0.9076860182774412], "sizes": [0.9999999999999998, 0.9999999999999998, 1.0]}, {"translations": [2107.265928823058, 34.48761711199374, 58.0], "angles": [0.0, 0.0, -0.6822439007936351], "sizes": [1.0000000000000004, 1.0000000000000004, 1.0]}, {"translations": [1702.6876093402886, -18.624367183663555, 658.0], "angles": [0.0, 0.0, 0.9820596186259566], "sizes": [1.0000000000000004, 1.0000000000000004, 1.0]}, {"translations": [1764.3563708268998, 7.775705859937575, 658.0], "angles": [0.0, 0.0, 0.87523144067865], "sizes": [1.0000000000000004, 1.0000000000000004, 1.0]}, {"translations": [1675.712782125354, 33.63621139168348, 208.0], "angles": [0.0, 0.0, 0.9864490416007529], "sizes": [0.9999999999999999, 0.9999999999999999, 1.0]}, {"translations": [1381.4538606658045, 26.06989684158104, 958.0], "angles": [0.0, 0.0, -0.7974528305116088], "sizes": [1.0000000000000004, 1.0000000000000004, 1.0]}, {"translations": [478.14554059667574, -38.346671064726024, 958.0], "angles": [0.0, 0.0, 0.07519101356324162], "sizes": [0.9999999999999999, 0.9999999999999999, 1.0]}, {"translations": [524.8817933375299, 8.392911708554118, 508.0], "angles": [0.0, 0.0, 0.15608673594765124], "sizes": [0.9999999999999999, 0.9999999999999999, 1.0]}, {"translations": [462.23986316347697, -33.30055884429423, 208.0], "angles": [0.0, 0.0, 0.32126254660125847], "sizes": [1.0, 1.0, 1.0]}]}