{"SM_RackShelf_01": [{"translations": [200.0, 0.0, 37.0], "angles": [0.0, 0.0, 0.0], "sizes": [1.0, 1.0, 1.0]}, {"translations": [200.0, 0.0, 187.0], "angles": [0.0, 0.0, 0.0], "sizes": [1.0, 1.0, 1.0]}, {"translations": [200.0, 0.0, 337.0], "angles": [0.0, 0.0, 0.0], "sizes": [1.0, 1.0, 1.0]}, {"translations": [200.0, 0.0, 487.0], "angles": [0.0, 0.0, 0.0], "sizes": [1.0, 1.0, 1.0]}, {"translations": [200.0, 0.0, 637.0], "angles": [0.0, 0.0, 0.0], "sizes": [1.0, 1.0, 1.0]}, {"translations": [200.0, 0.0, 787.0], "angles": [0.0, 0.0, 0.0], "sizes": [1.0, 1.0, 1.0]}, {"translations": [200.0, 0.0, 937.0], "angles": [0.0, 0.0, 0.0], "sizes": [1.0, 1.0, 1.0]}, {"translations": [200.0, 0.0, 1087.0], "angles": [0.0, 0.0, 0.0], "sizes": [1.0, 1.0, 1.0]}, {"translations": [200.0, 0.0, 1237.0], "angles": [0.0, 0.0, 0.0], "sizes": [1.0, 1.0, 1.0]}, {"translations": [200.0, 0.0, 1387.0], "angles": [0.0, 0.0, 0.0], "sizes": [1.0, 1.0, 1.0]}, {"translations": [600.0, 0.0, 37.0], "angles": [0.0, 0.0, 0.0], "sizes": [1.0, 1.0, 1.0]}, {"translations": [600.0, 0.0, 187.0], "angles": [0.0, 0.0, 0.0], "sizes": [1.0, 1.0, 1.0]}, {"translations": [600.0, 0.0, 337.0], "angles": [0.0, 0.0, 0.0], "sizes": [1.0, 1.0, 1.0]}, {"translations": [600.0, 0.0, 487.0], "angles": [0.0, 0.0, 0.0], "sizes": [1.0, 1.0, 1.0]}, {"translations": [600.0, 0.0, 637.0], "angles": [0.0, 0.0, 0.0], "sizes": [1.0, 1.0, 1.0]}, {"translations": [600.0, 0.0, 787.0], "angles": [0.0, 0.0, 0.0], "sizes": [1.0, 1.0, 1.0]}, {"translations": [600.0, 0.0, 937.0], "angles": [0.0, 0.0, 0.0], "sizes": [1.0, 1.0, 1.0]}, {"translations": [600.0, 0.0, 1087.0], "angles": [0.0, 0.0, 0.0], "sizes": [1.0, 1.0, 1.0]}, {"translations": [600.0, 0.0, 1237.0], "angles": [0.0, 0.0, 0.0], "sizes": [1.0, 1.0, 1.0]}, {"translations": [600.0, 0.0, 1387.0], "angles": [0.0, 0.0, 0.0], "sizes": [1.0, 1.0, 1.0]}, {"translations": [1000.0, 0.0, 37.0], "angles": [0.0, 0.0, 0.0], "sizes": [1.0, 1.0, 1.0]}, {"translations": [1000.0, 0.0, 187.0], "angles": [0.0, 0.0, 0.0], "sizes": [1.0, 1.0, 1.0]}, {"translations": [1000.0, 0.0, 337.0], "angles": [0.0, 0.0, 0.0], "sizes": [1.0, 1.0, 1.0]}, {"translations": [1000.0, 0.0, 487.0], "angles": [0.0, 0.0, 0.0], "sizes": [1.0, 1.0, 1.0]}, {"translations": [1000.0, 0.0, 637.0], "angles": [0.0, 0.0, 0.0], "sizes": [1.0, 1.0, 1.0]}, {"translations": [1000.0, 0.0, 787.0], "angles": [0.0, 0.0, 0.0], "sizes": [1.0, 1.0, 1.0]}, {"translations": [1000.0, 0.0, 937.0], "angles": [0.0, 0.0, 0.0], "sizes": [1.0, 1.0, 1.0]}, {"translations": [1000.0, 0.0, 1087.0], "angles": [0.0, 0.0, 0.0], "sizes": [1.0, 1.0, 1.0]}, {"translations": [1000.0, 0.0, 1237.0], "angles": [0.0, 0.0, 0.0], "sizes": [1.0, 1.0, 1.0]}, {"translations": [1000.0, 0.0, 1387.0], "angles": [0.0, 0.0, 0.0], "sizes": [1.0, 1.0, 1.0]}], "SM_RackFrame_03": [{"translations": [0.0, 0.0, 0.0], "angles": [0.0, 0.0, 0.0], "sizes": [1.0, 1.0, 1.0]}, {"translations": [400.0, 0.0, 0.0], "angles": [0.0, 0.0, 0.0], "sizes": [1.0, 1.0, 1.0]}, {"translations": [800.0, 0.0, 0.0], "angles": [0.0, 0.0, 0.0], "sizes": [1.0, 1.0, 1.0]}, {"translations": [0.0, 0.0, 300.0], "angles": [0.0, 0.0, 0.0], "sizes": [1.0, 1.0, 1.0]}, {"translations": [400.0, 0.0, 300.0], "angles": [0.0, 0.0, 0.0], "sizes": [1.0, 1.0, 1.0]}, {"translations": [800.0, 0.0, 300.0], "angles": [0.0, 0.0, 0.0], "sizes": [1.0, 1.0, 1.0]}, {"translations": [0.0, 0.0, 600.0], "angles": [0.0, 0.0, 0.0], "sizes": [1.0, 1.0, 1.0]}, {"translations": [400.0, 0.0, 600.0], "angles": [0.0, 0.0, 0.0], "sizes": [1.0, 1.0, 1.0]}, {"translations": [800.0, 0.0, 600.0], "angles": [0.0, 0.0, 0.0], "sizes": [1.0, 1.0, 1.0]}, {"translations": [0.0, 0.0, 900.0], "angles": [0.0, 0.0, 0.0], "sizes": [1.0, 1.0, 1.0]}, {"translations": [400.0, 0.0, 900.0], "angles": [0.0, 0.0, 0.0], "sizes": [1.0, 1.0, 1.0]}, {"translations": [800.0, 0.0, 900.0], "angles": [0.0, 0.0, 0.0], "sizes": [1.0, 1.0, 1.0]}, {"translations": [0.0, 0.0, 1200.0], "angles": [0.0, 0.0, 0.0], "sizes": [1.0, 1.0, 1.0]}, {"translations": [400.0, 0.0, 1200.0], "angles": [0.0, 0.0, 0.0], "sizes": [1.0, 1.0, 1.0]}, {"translations": [800.0, 0.0, 1200.0], "angles": [0.0, 0.0, 0.0], "sizes": [1.0, 1.0, 1.0]}, {"translations": [1200.0, 0.0, 0.0], "angles": [0.0, 0.0, 0.0], "sizes": [1.0, 1.0, 1.0]}, {"translations": [1200.0, 0.0, 300.0], "angles": [0.0, 0.0, 0.0], "sizes": [1.0, 1.0, 1.0]}, {"translations": [1200.0, 0.0, 600.0], "angles": [0.0, 0.0, 0.0], "sizes": [1.0, 1.0, 1.0]}, {"translations": [1200.0, 0.0, 900.0], "angles": [0.0, 0.0, 0.0], "sizes": [1.0, 1.0, 1.0]}, {"translations": [1200.0, 0.0, 1200.0], "angles": [0.0, 0.0, 0.0], "sizes": [1.0, 1.0, 1.0]}], "SM_PaletteA_01": [{"translations": [104.04623413085938, -1.7162489891052246, 37.0], "angles": [0.0, 0.0, 0.028512802257343973], "sizes": [1.0, 1.0, 1.0]}, {"translations": [77.0445785522461, -0.000858306884765625, 187.0], "angles": [0.0, 0.0, 0.031214787478108835], "sizes": [1.0, 1.0, 1.0]}, {"translations": [167.94365692138672, 0.4796934127807617, 337.0], "angles": [0.0, 0.0, -0.009706034674818984], "sizes": [1.0, 1.0, 1.0]}, {"translations": [74.09922790527344, -9.138336181640625, 487.0], "angles": [0.0, 0.0, 0.027911150790256925], "sizes": [1.0, 1.0, 1.0]}, {"translations": [106.05471801757812, -5.421197414398193, 637.0], "angles": [0.0, 0.0, -0.020421655276383274], "sizes": [1.0, 1.0, 1.0]}, {"translations": [115.29872131347656, 7.166991233825684, 787.0], "angles": [0.0, 0.0, 0.023856393365576573], "sizes": [1.0, 1.0, 1.0]}, {"translations": [132.94749450683594, -1.137080192565918, 937.0], "angles": [0.0, 0.0, -0.04171690339002469], "sizes": [1.0, 1.0, 1.0]}, {"translations": [141.91117095947266, -1.9424939155578613, 1087.0], "angles": [0.0, 0.0, 0.003498164188401492], "sizes": [1.0, 1.0, 1.0]}, {"translations": [171.65704727172852, -8.041610717773438, 1237.0], "angles": [0.0, 0.0, 0.040804187951396925], "sizes": [1.0, 1.0, 1.0]}, {"translations": [162.23725128173828, 2.0641422271728516, 1387.0], "angles": [0.0, 0.0, 0.03656482634342007], "sizes": [1.0, 1.0, 1.0]}, {"translations": [482.2792282104492, 6.109950542449951, 37.0], "angles": [0.0, 0.0, -0.015820332193058863], "sizes": [1.0, 1.0, 1.0]}, {"translations": [491.85707092285156, -2.9225897789001465, 187.0], "angles": [0.0, 0.0, 0.04264554429509581], "sizes": [0.9999999999999999, 0.9999999999999999, 1.0]}, {"translations": [533.3830947875977, 8.623649597167969, 337.0], "angles": [0.0, 0.0, 0.04191115243489681], "sizes": [0.9999999999999999, 0.9999999999999999, 1.0]}, {"translations": [494.8818664550781, 8.459146499633789, 487.0], "angles": [0.0, 0.0, 0.015111995285058423], "sizes": [0.9999999999999999, 0.9999999999999999, 1.0]}, {"translations": [541.5834045410156, 7.324190139770508, 637.0], "angles": [0.0, 0.0, -0.03731002335297739], "sizes": [1.0, 1.0, 1.0]}, {"translations": [533.2000122070312, 9.428579330444336, 787.0], "angles": [0.0, 0.0, 0.00020906334553478557], "sizes": [0.9999999999999999, 0.9999999999999999, 1.0]}, {"translations": [479.88209533691406, -8.396973609924316, 937.0], "angles": [0.0, 0.0, 0.013029542249355444], "sizes": [1.0, 1.0, 1.0]}, {"translations": [518.589485168457, 2.799050807952881, 1087.0], "angles": [0.0, 0.0, -0.005399696717037868], "sizes": [1.0, 1.0, 1.0]}, {"translations": [505.95130920410156, 9.096426963806152, 1237.0], "angles": [0.0, 0.0, -0.02081306714075046], "sizes": [0.9999999999999999, 0.9999999999999999, 1.0]}, {"translations": [528.7910232543945, -7.548806667327881, 1387.0], "angles": [0.0, 0.0, -0.036061804243113726], "sizes": [1.0, 1.0, 1.0]}, {"translations": [911.4894409179688, 2.581357955932617, 37.0], "angles": [0.0, 0.0, 0.011431718473310872], "sizes": [0.9999999999999999, 0.9999999999999999, 1.0]}, {"translations": [962.7283554077148, 0.3313159942626953, 187.0], "angles": [0.0, 0.0, 0.01929532289991542], "sizes": [0.9999999999999999, 0.9999999999999999, 1.0]}, {"translations": [935.8382797241211, -4.22123908996582, 337.0], "angles": [0.0, 0.0, -0.0058204825480070764], "sizes": [1.0, 1.0, 1.0]}, {"translations": [966.4827346801758, 3.2526063919067383, 487.0], "angles": [0.0, 0.0, -0.009303901995516147], "sizes": [1.0, 1.0, 1.0]}, {"translations": [881.7578506469727, 2.102322578430176, 637.0], "angles": [0.0, 0.0, 0.007849825961743615], "sizes": [1.0, 1.0, 1.0]}, {"translations": [922.1294860839844, 5.8795952796936035, 787.0], "angles": [0.0, 0.0, -0.028802975907948638], "sizes": [1.0, 1.0, 1.0]}, {"translations": [880.4381942749023, 9.166719436645508, 937.0], "angles": [0.0, 0.0, -0.024311676373384706], "sizes": [0.9999999999999999, 0.9999999999999999, 1.0]}, {"translations": [910.0795974731445, 0.4271697998046875, 1087.0], "angles": [0.0, 0.0, -0.01815299386454952], "sizes": [1.0, 1.0, 1.0]}, {"translations": [953.6557540893555, 6.80105447769165, 1237.0], "angles": [0.0, 0.0, -0.0342226386492788], "sizes": [0.9999999999999999, 0.9999999999999999, 1.0]}, {"translations": [925.6163024902344, -3.2606863975524902, 1387.0], "angles": [0.0, 0.0, 0.040985139728121775], "sizes": [1.0, 1.0, 1.0]}, {"translations": [288.7731170654297, -1.7162489891052246, 37.0], "angles": [0.0, 0.0, 0.02436492589750943], "sizes": [1.0, 1.0, 1.0]}, {"translations": [275.2722930908203, -0.000858306884765625, 187.0], "angles": [0.0, 0.0, 0.016880159775617003], "sizes": [1.0, 1.0, 1.0]}, {"translations": [320.7218246459961, 0.4796934127807617, 337.0], "angles": [0.0, 0.0, 0.029380653891741673], "sizes": [1.0, 1.0, 1.0]}, {"translations": [273.7996139526367, -9.138336181640625, 487.0], "angles": [0.0, 0.0, 0.0007257321392869629], "sizes": [0.9999999999999999, 0.9999999999999999, 1.0]}, {"translations": [289.77735900878906, -5.421197414398193, 637.0], "angles": [0.0, 0.0, -0.007740637073978584], "sizes": [1.0, 1.0, 1.0]}, {"translations": [294.3993606567383, 7.166991233825684, 787.0], "angles": [0.0, 0.0, 0.024644482161568528], "sizes": [1.0, 1.0, 1.0]}, {"translations": [303.22374725341797, -1.137080192565918, 937.0], "angles": [0.0, 0.0, -0.006249256675825642], "sizes": [1.0, 1.0, 1.0]}, {"translations": [307.7055892944336, -1.9424939155578613, 1087.0], "angles": [0.0, 0.0, 0.018669578258643234], "sizes": [1.0, 1.0, 1.0]}, {"translations": [322.5785217285156, -8.041610717773438, 1237.0], "angles": [0.0, 0.0, -0.02769284767669084], "sizes": [1.0, 1.0, 1.0]}, {"translations": [317.8686218261719, 2.0641422271728516, 1387.0], "angles": [0.0, 0.0, -0.016254385141895228], "sizes": [1.0, 1.0, 1.0]}, {"translations": [677.8896102905273, 6.109950542449951, 37.0], "angles": [0.0, 0.0, -0.020128757375937157], "sizes": [1.0, 1.0, 1.0]}, {"translations": [682.6785354614258, -2.9225897789001465, 187.0], "angles": [0.0, 0.0, 0.04138428742798794], "sizes": [0.9999999999999999, 0.9999999999999999, 1.0]}, {"translations": [703.4415435791016, 8.623649597167969, 337.0], "angles": [0.0, 0.0, 0.025121052872309754], "sizes": [1.0, 1.0, 1.0]}, {"translations": [684.1909332275391, 8.459146499633789, 487.0], "angles": [0.0, 0.0, -0.032330121820902814], "sizes": [1.0, 1.0, 1.0]}, {"translations": [707.5417022705078, 7.324190139770508, 637.0], "angles": [0.0, 0.0, 0.004747212453956916], "sizes": [1.0, 1.0, 1.0]}, {"translations": [703.3500061035156, 9.428579330444336, 787.0], "angles": [0.0, 0.0, -0.04000054507466341], "sizes": [1.0, 1.0, 1.0]}, {"translations": [676.691047668457, -8.396973609924316, 937.0], "angles": [0.0, 0.0, -0.0033277150693307245], "sizes": [1.0, 1.0, 1.0]}, {"translations": [696.0447387695312, 2.799050807952881, 1087.0], "angles": [0.0, 0.0, 0.004648671379628543], "sizes": [1.0, 1.0, 1.0]}, {"translations": [689.7256546020508, 9.096426963806152, 1237.0], "angles": [0.0, 0.0, 0.01999561988118785], "sizes": [1.0, 1.0, 1.0]}, {"translations": [701.1455078125, -7.548806667327881, 1387.0], "angles": [0.0, 0.0, 0.028731100317055558], "sizes": [1.0, 1.0, 1.0]}, {"translations": [1092.4947204589844, 2.581357955932617, 37.0], "angles": [0.0, 0.0, -0.025150340468508607], "sizes": [1.0, 1.0, 1.0]}, {"translations": [1118.1141815185547, 0.3313159942626953, 187.0], "angles": [0.0, 0.0, 0.027722135361240522], "sizes": [1.0, 1.0, 1.0]}, {"translations": [1104.6691436767578, -4.22123908996582, 337.0], "angles": [0.0, 0.0, 0.0290372422966189], "sizes": [1.0, 1.0, 1.0]}, {"translations": [1119.9913635253906, 3.2526063919067383, 487.0], "angles": [0.0, 0.0, 0.0008136216306848049], "sizes": [1.0, 1.0, 1.0]}, {"translations": [1077.6289291381836, 2.102322578430176, 637.0], "angles": [0.0, 0.0, -0.030227191991851112], "sizes": [1.0, 1.0, 1.0]}, {"translations": [1097.8147430419922, 5.8795952796936035, 787.0], "angles": [0.0, 0.0, -0.02784193343147921], "sizes": [0.9999999999999999, 0.9999999999999999, 1.0]}, {"translations": [1076.9691009521484, 9.166719436645508, 937.0], "angles": [0.0, 0.0, 0.023803145268899623], "sizes": [1.0, 1.0, 1.0]}, {"translations": [1091.789794921875, 0.4271697998046875, 1087.0], "angles": [0.0, 0.0, 0.0273148093872967], "sizes": [1.0, 1.0, 1.0]}, {"translations": [1113.577880859375, 6.80105447769165, 1237.0], "angles": [0.0, 0.0, -0.02332921761079064], "sizes": [0.9999999999999999, 0.9999999999999999, 1.0]}, {"translations": [1099.5581512451172, -3.2606863975524902, 1387.0], "angles": [0.0, 0.0, 0.03398042362892484], "sizes": [1.0, 1.0, 1.0]}], "SM_CardBoxD_01": [{"translations": [1099.5581512451172, -3.2606863975524902, 1408.0], "angles": [0.0, 0.0, 0.45258011047500646], "sizes": [1.0, 1.0, 1.0]}, {"translations": [286.909339863062, -26.944871205356304, 1408.0], "angles": [0.0, 0.0, 0.9532203960159625], "sizes": [1.0000000000000009, 1.0000000000000009, 1.0]}, {"translations": [277.7265024835749, -3.062473373851679, 1108.0], "angles": [0.0, 0.0, 0.7417043908915972], "sizes": [1.0000000000000007, 1.0000000000000007, 1.0]}, {"translations": [320.1989596511559, -30.21916844970006, 58.0], "angles": [0.0, 0.0, 0.7356641968570805], "sizes": [1.0000000000000007, 1.0000000000000007, 1.0]}, {"translations": [993.8635206775454, -28.488841597609383, 208.0], "angles": [0.0, 0.0, 0.39486138411487326], "sizes": [0.9999999999999999, 0.9999999999999999, 1.0]}, {"translations": [573.7369250200915, 35.003625119582736, 658.0], "angles": [0.0, 0.0, 0.13102823497021193], "sizes": [0.9999999999999999, 0.9999999999999999, 1.0]}, {"translations": [524.8681641109883, 9.365762675945852, 508.0], "angles": [0.0, 0.0, -0.0859971766356206], "sizes": [0.9999999999999999, 0.9999999999999999, 1.0]}, {"translations": [464.52259435871196, -35.36987612097353, 208.0], "angles": [0.0, 0.0, -0.5492352224776598], "sizes": [1.0000000000000002, 1.0000000000000002, 1.0]}, {"translations": [194.3494545798739, -25.66321609162857, 1408.0], "angles": [0.0, 0.0, 0.6756232825100829], "sizes": [1.0000000000000004, 1.0000000000000004, 1.0]}, {"translations": [76.07974065783176, -4.196153626326316, 658.0], "angles": [0.0, 0.0, 0.9343294193012075], "sizes": [1.0000000000000004, 1.0000000000000004, 1.0]}, {"translations": [77.0445785522461, -0.000858306884765625, 208.0], "angles": [0.0, 0.0, 0.4642384517628816], "sizes": [1.0, 1.0, 1.0]}], "SM_CardBoxC_01": [{"translations": [1123.3833060559148, -27.889787208731786, 1108.0], "angles": [0.0, 0.0, 0.8730149025382697], "sizes": [0.9999999999999998, 0.9999999999999998, 1.0]}, {"translations": [655.2622250351915, -35.30076024315519, 208.0], "angles": [0.0, 0.0, 0.199696043743797], "sizes": [1.0, 1.0, 1.0]}, {"translations": [680.1976054424154, 26.974650666344516, 208.0], "angles": [0.0, 0.0, -0.30119297692117225], "sizes": [1.0, 1.0, 1.0]}, {"translations": [332.8464559820057, -31.50968507889814, 958.0], "angles": [0.0, 0.0, -0.7465304428346249], "sizes": [1.0000000000000004, 1.0000000000000004, 1.0]}, {"translations": [985.6376382809349, 34.67862760657798, 1258.0], "angles": [0.0, 0.0, 0.737350754098927], "sizes": [1.0000000000000007, 1.0000000000000007, 1.0]}, {"translations": [556.5506951352218, -39.63308033946841, 1408.0], "angles": [0.0, 0.0, 0.9972979131278479], "sizes": [1.0000000000000018, 1.0000000000000018, 1.0]}, {"translations": [563.2125533850402, -20.55887424664876, 808.0], "angles": [0.0, 0.0, -0.8639957837722486], "sizes": [0.9999999999999999, 0.9999999999999999, 1.0]}, {"translations": [560.7652424946903, 41.030716526264825, 358.0], "angles": [0.0, 0.0, 0.0572899031901071], "sizes": [1.0, 1.0, 1.0]}, {"translations": [100.5510772514042, -28.53182693371985, 958.0], "angles": [0.0, 0.0, 0.8802422828650692], "sizes": [0.9999999999999993, 0.9999999999999993, 1.0]}], "SM_CardBoxB_01": [{"translations": [1060.1962837878352, 28.74412680834116, 1108.0], "angles": [0.0, 0.0, -0.46530594899114686], "sizes": [1.0, 1.0, 1.0]}, {"translations": [1047.00309633563, 7.738935376363855, 958.0], "angles": [0.0, 0.0, -0.7952420081144688], "sizes": [1.0000000000000004, 1.0000000000000004, 1.0]}, {"translations": [1097.8147430419922, 5.8795952796936035, 808.0], "angles": [0.0, 0.0, -0.1765953631821964], "sizes": [1.0, 1.0, 1.0]}, {"translations": [699.422353445491, 22.401664765146396, 1408.0], "angles": [0.0, 0.0, 0.9895271154785047], "sizes": [1.0000000000000002, 1.0000000000000002, 1.0]}, {"translations": [718.5021677866423, 40.27193480148267, 1258.0], "angles": [0.0, 0.0, 0.5923169974964078], "sizes": [1.0000000000000002, 1.0000000000000002, 1.0]}, {"translations": [676.4913858698026, -38.396309188669356, 958.0], "angles": [0.0, 0.0, -0.51884733788651], "sizes": [0.9999999999999999, 0.9999999999999999, 1.0]}, {"translations": [731.8968920362229, 40.092573064357055, 358.0], "angles": [0.0, 0.0, 0.972039191555538], "sizes": [1.0000000000000007, 1.0000000000000007, 1.0]}, {"translations": [243.7561016369748, 20.81808830024089, 508.0], "angles": [0.0, 0.0, 0.056409685423460164], "sizes": [1.0, 1.0, 1.0]}, {"translations": [941.1488257597279, 29.318397770871794, 1108.0], "angles": [0.0, 0.0, -0.2623926850420226], "sizes": [1.0, 1.0, 1.0]}, {"translations": [890.4518012218501, -22.34316648763371, 808.0], "angles": [0.0, 0.0, 0.9121015459124128], "sizes": [1.0000000000000002, 1.0000000000000002, 1.0]}, {"translations": [880.8114236806148, 31.88765861610827, 58.0], "angles": [0.0, 0.0, 0.9601112896869989], "sizes": [1.0000000000000007, 1.0000000000000007, 1.0]}, {"translations": [483.22832934783554, 36.09493356780803, 58.0], "angles": [0.0, 0.0, -0.22238153204922162], "sizes": [1.0, 1.0, 1.0]}, {"translations": [42.47195323592855, 19.14090526840212, 508.0], "angles": [0.0, 0.0, 0.9904559725484386], "sizes": [0.9999999999999997, 0.9999999999999997, 1.0]}], "SM_CardBoxD_04": [{"translations": [1108.3628896289486, -19.3715011195913, 958.0], "angles": [0.0, 0.0, 0.4902508520500805], "sizes": [1.0, 1.0, 1.0]}, {"translations": [1120.0401808070737, -26.747353889283787, 508.0], "angles": [0.0, 0.0, 0.9110090045493523], "sizes": [0.9999999999999989, 0.9999999999999989, 1.0]}, {"translations": [665.7671181092595, 32.518836930209666, 1108.0], "angles": [0.0, 0.0, 0.978018537097976], "sizes": [1.0000000000000007, 1.0000000000000007, 1.0]}, {"translations": [679.0970910431251, 36.085640530039996, 58.0], "angles": [0.0, 0.0, 0.9986887269952843], "sizes": [1.0000000000000016, 1.0000000000000016, 1.0]}, {"translations": [320.9175881143187, -37.995597089026774, 1258.0], "angles": [0.0, 0.0, 0.9314565338203029], "sizes": [1.0, 1.0, 1.0]}, {"translations": [320.23818827130077, 24.11078322761276, 658.0], "angles": [0.0, 0.0, -0.5522988944620213], "sizes": [1.0, 1.0, 1.0]}, {"translations": [352.4321094843151, -27.706435010127443, 358.0], "angles": [0.0, 0.0, 0.9464799832277319], "sizes": [1.0000000000000007, 1.0000000000000007, 1.0]}, {"translations": [925.6163024902344, -3.2606863975524902, 1408.0], "angles": [0.0, 0.0, 0.8170250871353694], "sizes": [1.0000000000000007, 1.0000000000000007, 1.0]}, {"translations": [518.9134622483208, 32.79730140447472, 1108.0], "angles": [0.0, 0.0, 0.9314865902125967], "sizes": [1.0, 1.0, 1.0]}, {"translations": [464.89556879916785, 7.552530323321726, 508.0], "angles": [0.0, 0.0, -0.41125692688578186], "sizes": [1.0, 1.0, 1.0]}, {"translations": [489.3006660338847, 26.968291674206355, 208.0], "angles": [0.0, 0.0, -0.3492089112646647], "sizes": [1.0, 1.0, 1.0]}, {"translations": [189.9646096005397, 34.17634552530849, 1408.0], "angles": [0.0, 0.0, -0.11309070251360688], "sizes": [1.0, 1.0, 1.0]}, {"translations": [143.83359743913653, 38.563819807636136, 808.0], "angles": [0.0, 0.0, 0.5774894681379691], "sizes": [1.0000000000000002, 1.0000000000000002, 1.0]}], "SM_CardBoxD_03": [{"translations": [1075.8161263502823, -27.84285643342709, 658.0], "angles": [0.0, 0.0, 0.9064231768280812], "sizes": [1.0000000000000002, 1.0000000000000002, 1.0]}, {"translations": [675.8441205772124, 41.730688571388704, 808.0], "angles": [0.0, 0.0, 0.9109658404182414], "sizes": [1.0, 1.0, 1.0]}, {"translations": [290.77361801538245, -1.2823847949246572, 358.0], "angles": [0.0, 0.0, 0.5448099957663588], "sizes": [1.0, 1.0, 1.0]}, {"translations": [260.27019760483483, -33.142091574831454, 58.0], "angles": [0.0, 0.0, 0.988056032818392], "sizes": [1.0000000000000007, 1.0000000000000007, 1.0]}, {"translations": [287.31165550286397, 28.248132034055306, 58.0], "angles": [0.0, 0.0, 0.9828711283479118], "sizes": [1.0000000000000007, 1.0000000000000007, 1.0]}, {"translations": [952.0797093987152, 4.1521337322901495, 808.0], "angles": [0.0, 0.0, -0.7586862294748727], "sizes": [1.0000000000000004, 1.0000000000000004, 1.0]}, {"translations": [503.21255862993814, -20.583961847564677, 808.0], "angles": [0.0, 0.0, 0.9973148025590156], "sizes": [0.9999999999999998, 0.9999999999999998, 1.0]}, {"translations": [130.12504798360266, 29.791500545974273, 1408.0], "angles": [0.0, 0.0, 0.2745237854598787], "sizes": [1.0, 1.0, 1.0]}], "SM_CardBoxA_01": [{"translations": [1049.4965529142278, 33.86030437818884, 658.0], "angles": [0.0, 0.0, -0.7694474687248939], "sizes": [1.0000000000000002, 1.0000000000000002, 1.0]}, {"translations": [737.8251796466631, -22.38962816094429, 658.0], "angles": [0.0, 0.0, -0.022484360109941582], "sizes": [1.0, 1.0, 1.0]}, {"translations": [336.5646966469984, 29.156572353594623, 1108.0], "angles": [0.0, 0.0, -0.010387433492928632], "sizes": [1.0, 1.0, 1.0]}, {"translations": [333.5963521397502, 28.485628536021817, 958.0], "angles": [0.0, 0.0, -0.8416657597588009], "sizes": [1.0000000000000004, 1.0000000000000004, 1.0]}, {"translations": [319.30933965080004, -35.882026676909916, 658.0], "angles": [0.0, 0.0, -0.7312406992748558], "sizes": [1.0000000000000002, 1.0000000000000002, 1.0]}, {"translations": [303.75603843451825, 20.9051761340213, 508.0], "angles": [0.0, 0.0, 0.016349811414135038], "sizes": [1.0, 1.0, 1.0]}, {"translations": [276.2849583721995, -29.983761919241743, 208.0], "angles": [0.0, 0.0, 0.9751780721679614], "sizes": [1.0000000000000016, 1.0000000000000016, 1.0]}, {"translations": [911.8610002490635, 37.67298654951425, 958.0], "angles": [0.0, 0.0, 0.9602660406163187], "sizes": [1.000000000000001, 1.000000000000001, 1.0]}, {"translations": [906.1895354423847, 26.125951266246783, 358.0], "angles": [0.0, 0.0, -0.03206765989722755], "sizes": [0.9999999999999999, 0.9999999999999999, 1.0]}, {"translations": [496.706749582254, -35.30847854815512, 1408.0], "angles": [0.0, 0.0, 0.5179259000666923], "sizes": [1.0000000000000002, 1.0000000000000002, 1.0]}, {"translations": [537.1738317009376, 37.821922415313466, 1258.0], "angles": [0.0, 0.0, 0.8402331789096917], "sizes": [1.0000000000000002, 1.0000000000000002, 1.0]}, {"translations": [86.7638451878166, -24.229837339984773, 808.0], "angles": [0.0, 0.0, 0.9929323292362779], "sizes": [0.9999999999999998, 0.9999999999999998, 1.0]}, {"translations": [1083.610536003035, 8.20042657302098, 1258.0], "angles": [0.0, 0.0, 0.9895483619513004], "sizes": [1.0000000000000004, 1.0000000000000004, 1.0]}], "SM_CardBoxA_02": [{"translations": [1076.4612332535862, -35.91214929397114, 358.0], "angles": [0.0, 0.0, -0.19133852711369317], "sizes": [1.0, 1.0, 1.0]}, {"translations": [849.0153883007412, -19.33954767622323, 958.0], "angles": [0.0, 0.0, -0.19736008324225818], "sizes": [1.0, 1.0, 1.0]}, {"translations": [912.2251285072624, -27.423005189164527, 658.0], "angles": [0.0, 0.0, 0.8435327765321311], "sizes": [0.9999999999999997, 0.9999999999999997, 1.0]}, {"translations": [501.0313513735673, 24.535467004812645, 1408.0], "angles": [0.0, 0.0, -0.16195423359019193], "sizes": [1.0, 1.0, 1.0]}, {"translations": [534.6768046556089, -22.12609553302989, 1258.0], "angles": [0.0, 0.0, -0.8026636631747853], "sizes": [1.0000000000000002, 1.0000000000000002, 1.0]}, {"translations": [509.4298840619398, -20.35524484004172, 658.0], "angles": [0.0, 0.0, 0.5558381874377043], "sizes": [1.0000000000000002, 1.0000000000000002, 1.0]}, {"translations": [506.00094708050506, -23.783417331928888, 358.0], "angles": [0.0, 0.0, -0.4579847594361383], "sizes": [1.0, 1.0, 1.0]}, {"translations": [111.911905188634, -2.152382482630943, 1108.0], "angles": [0.0, 0.0, 0.48646346124863193], "sizes": [0.9999999999999998, 0.9999999999999998, 1.0]}, {"translations": [137.94930934793325, 1.0620280612997852, 358.0], "angles": [0.0, 0.0, -0.8167161885801081], "sizes": [1.0, 1.0, 1.0]}], "SM_CardBoxC_02": [{"translations": [1088.160292525894, -1.3313728567720247, 208.0], "angles": [0.0, 0.0, 0.46770880445756685], "sizes": [0.9999999999999999, 0.9999999999999999, 1.0]}, {"translations": [1123.9653111764505, 31.034862483384526, 58.0], "angles": [0.0, 0.0, -0.6746849006779405], "sizes": [1.0000000000000002, 1.0000000000000002, 1.0]}, {"translations": [720.9011624397273, -19.68008622078538, 1258.0], "angles": [0.0, 0.0, 0.6236688265841923], "sizes": [1.0000000000000004, 1.0000000000000004, 1.0]}, {"translations": [646.8913738883665, 21.802023767475195, 958.0], "angles": [0.0, 0.0, 0.17608832653718448], "sizes": [1.0, 1.0, 1.0]}, {"translations": [730.8558916298189, -22.873529910500032, 808.0], "angles": [0.0, 0.0, -0.8246518348676909], "sizes": [1.0000000000000007, 1.0000000000000007, 1.0]}, {"translations": [272.85114236708574, -30.759788921153653, 958.0], "angles": [0.0, 0.0, -0.22294178767835388], "sizes": [1.0, 1.0, 1.0]}, {"translations": [262.9575818604637, 35.65233037742965, 808.0], "angles": [0.0, 0.0, 0.7174402045899902], "sizes": [1.0000000000000004, 1.0000000000000004, 1.0]}, {"translations": [851.9319271620336, 40.58952541080667, 958.0], "angles": [0.0, 0.0, 0.023631488338266345], "sizes": [1.0, 1.0, 1.0]}, {"translations": [509.0902030268553, 22.374546423587127, 958.0], "angles": [0.0, 0.0, -0.4707717510159344], "sizes": [1.0, 1.0, 1.0]}, {"translations": [481.3301270730629, -23.875032482908125, 58.0], "angles": [0.0, 0.0, -0.027641906141481182], "sizes": [1.0, 1.0, 1.0]}, {"translations": [160.34224124798988, -33.53349744799767, 958.0], "angles": [0.0, 0.0, 0.7955027742332018], "sizes": [1.0, 1.0, 1.0]}, {"translations": [72.38494034041628, 26.524899633343708, 58.0], "angles": [0.0, 0.0, 0.8891082753257181], "sizes": [0.9999999999999999, 0.9999999999999999, 1.0]}], "SM_CardBoxD_05": [{"translations": [1148.0680705112154, 1.9940048452974153, 208.0], "angles": [0.0, 0.0, 0.08117504878375181], "sizes": [1.0, 1.0, 1.0]}, {"translations": [706.6578195255196, -25.07322019773794, 58.0], "angles": [0.0, 0.0, -0.5408036300071014], "sizes": [1.0000000000000002, 1.0000000000000002, 1.0]}, {"translations": [921.6738698977761, -21.076518651194682, 1258.0], "angles": [0.0, 0.0, -0.7610831893532675], "sizes": [1.0000000000000002, 1.0000000000000002, 1.0]}, {"translations": [981.5333272182418, -25.180829713887725, 1258.0], "angles": [0.0, 0.0, -0.05698072090033271], "sizes": [1.0, 1.0, 1.0]}, {"translations": [102.37846935531618, 22.488938487704257, 508.0], "angles": [0.0, 0.0, -0.7449090521683726], "sizes": [1.0, 1.0, 1.0]}, {"translations": [197.35566984632118, -30.096988809191735, 358.0], "angles": [0.0, 0.0, -0.20601361350271968], "sizes": [1.0, 1.0, 1.0]}], "SM_CardBoxB_02": [{"translations": [1064.0412159315324, 34.05194867339888, 58.0], "angles": [0.0, 0.0, 0.40240725189108656], "sizes": [1.0, 1.0, 1.0]}, {"translations": [677.5430544320728, 7.0393606020502855, 658.0], "angles": [0.0, 0.0, 0.9721126910927197], "sizes": [1.000000000000001, 1.000000000000001, 1.0]}, {"translations": [654.2536474341563, 10.397939764869736, 508.0], "angles": [0.0, 0.0, 0.6677958631193021], "sizes": [1.0000000000000004, 1.0000000000000004, 1.0]}, {"translations": [714.1282190209218, 6.5203532343978425, 508.0], "angles": [0.0, 0.0, 0.8720107604628766], "sizes": [1.0, 1.0, 1.0]}, {"translations": [295.8775804830736, -22.796567736113605, 808.0], "angles": [0.0, 0.0, 0.8889297158389033], "sizes": [1.0000000000000002, 1.0000000000000002, 1.0]}, {"translations": [273.8431578695269, -39.138304580412346, 508.0], "angles": [0.0, 0.0, 0.8677922166147988], "sizes": [0.9999999999999994, 0.9999999999999994, 1.0]}, {"translations": [304.24253142179805, 30.99471058685143, 208.0], "angles": [0.0, 0.0, -0.07796979637528983], "sizes": [1.0, 1.0, 1.0]}, {"translations": [965.924524722064, -26.74219985255273, 508.0], "angles": [0.0, 0.0, -0.4649096849923004], "sizes": [1.0, 1.0, 1.0]}, {"translations": [966.1854700803337, 25.427505191770575, 358.0], "angles": [0.0, 0.0, 0.8946535786072405], "sizes": [0.9999999999999999, 0.9999999999999999, 1.0]}, {"translations": [134.50989296293687, -30.048061070962788, 1408.0], "angles": [0.0, 0.0, -0.7962475723386917], "sizes": [1.0000000000000007, 1.0000000000000007, 1.0]}, {"translations": [174.10325955288278, -37.94171181251106, 1258.0], "angles": [0.0, 0.0, 0.9939514092342878], "sizes": [0.9999999999999993, 0.9999999999999993, 1.0]}], "SM_CardBoxD_02": [{"translations": [658.5501467643743, 37.87294014839769, 1258.0], "angles": [0.0, 0.0, 0.9549839426452968], "sizes": [1.0000000000000016, 1.0000000000000016, 1.0]}, {"translations": [666.3249526472745, -27.47856985231884, 1108.0], "angles": [0.0, 0.0, -0.5646518695859208], "sizes": [1.0000000000000002, 1.0000000000000002, 1.0]}, {"translations": [288.8596083936427, 33.02342419028277, 1408.0], "angles": [0.0, 0.0, 0.997417509296747], "sizes": [0.9999999999999996, 0.9999999999999996, 1.0]}, {"translations": [338.8046555635861, -30.801601268122706, 1108.0], "angles": [0.0, 0.0, -0.35816278629550496], "sizes": [1.0, 1.0, 1.0]}, {"translations": [851.7615478330305, 1.63134753208266, 658.0], "angles": [0.0, 0.0, 0.9961790169477437], "sizes": [0.9999999999999992, 0.9999999999999992, 1.0]}, {"translations": [474.7287867072655, -19.62906848770116, 1258.0], "angles": [0.0, 0.0, 0.5889631882143254], "sizes": [1.0000000000000002, 1.0000000000000002, 1.0]}, {"translations": [477.22581375259426, 40.318949460642195, 1258.0], "angles": [0.0, 0.0, 0.644880460046323], "sizes": [1.0000000000000004, 1.0000000000000004, 1.0]}]}