{"SM_RackShelf_01": [{"translations": [200.0, 0.0, 37.0], "angles": [0.0, 0.0, 0.0], "sizes": [1.0, 1.0, 1.0]}, {"translations": [200.0, 0.0, 187.0], "angles": [0.0, 0.0, 0.0], "sizes": [1.0, 1.0, 1.0]}, {"translations": [200.0, 0.0, 337.0], "angles": [0.0, 0.0, 0.0], "sizes": [1.0, 1.0, 1.0]}, {"translations": [600.0, 0.0, 37.0], "angles": [0.0, 0.0, 0.0], "sizes": [1.0, 1.0, 1.0]}, {"translations": [600.0, 0.0, 187.0], "angles": [0.0, 0.0, 0.0], "sizes": [1.0, 1.0, 1.0]}, {"translations": [600.0, 0.0, 337.0], "angles": [0.0, 0.0, 0.0], "sizes": [1.0, 1.0, 1.0]}, {"translations": [1000.0, 0.0, 37.0], "angles": [0.0, 0.0, 0.0], "sizes": [1.0, 1.0, 1.0]}, {"translations": [1000.0, 0.0, 187.0], "angles": [0.0, 0.0, 0.0], "sizes": [1.0, 1.0, 1.0]}, {"translations": [1000.0, 0.0, 337.0], "angles": [0.0, 0.0, 0.0], "sizes": [1.0, 1.0, 1.0]}, {"translations": [1400.0, 0.0, 37.0], "angles": [0.0, 0.0, 0.0], "sizes": [1.0, 1.0, 1.0]}, {"translations": [1400.0, 0.0, 187.0], "angles": [0.0, 0.0, 0.0], "sizes": [1.0, 1.0, 1.0]}, {"translations": [1400.0, 0.0, 337.0], "angles": [0.0, 0.0, 0.0], "sizes": [1.0, 1.0, 1.0]}, {"translations": [1800.0, 0.0, 37.0], "angles": [0.0, 0.0, 0.0], "sizes": [1.0, 1.0, 1.0]}, {"translations": [1800.0, 0.0, 187.0], "angles": [0.0, 0.0, 0.0], "sizes": [1.0, 1.0, 1.0]}, {"translations": [1800.0, 0.0, 337.0], "angles": [0.0, 0.0, 0.0], "sizes": [1.0, 1.0, 1.0]}, {"translations": [2200.0, 0.0, 37.0], "angles": [0.0, 0.0, 0.0], "sizes": [1.0, 1.0, 1.0]}, {"translations": [2200.0, 0.0, 187.0], "angles": [0.0, 0.0, 0.0], "sizes": [1.0, 1.0, 1.0]}, {"translations": [2200.0, 0.0, 337.0], "angles": [0.0, 0.0, 0.0], "sizes": [1.0, 1.0, 1.0]}, {"translations": [2600.0, 0.0, 37.0], "angles": [0.0, 0.0, 0.0], "sizes": [1.0, 1.0, 1.0]}, {"translations": [2600.0, 0.0, 187.0], "angles": [0.0, 0.0, 0.0], "sizes": [1.0, 1.0, 1.0]}, {"translations": [2600.0, 0.0, 337.0], "angles": [0.0, 0.0, 0.0], "sizes": [1.0, 1.0, 1.0]}, {"translations": [3000.0, 0.0, 37.0], "angles": [0.0, 0.0, 0.0], "sizes": [1.0, 1.0, 1.0]}, {"translations": [3000.0, 0.0, 187.0], "angles": [0.0, 0.0, 0.0], "sizes": [1.0, 1.0, 1.0]}, {"translations": [3000.0, 0.0, 337.0], "angles": [0.0, 0.0, 0.0], "sizes": [1.0, 1.0, 1.0]}], "SM_RackFrame_03": [{"translations": [0.0, 0.0, 0.0], "angles": [0.0, 0.0, 0.0], "sizes": [1.0, 1.0, 1.0]}, {"translations": [400.0, 0.0, 0.0], "angles": [0.0, 0.0, 0.0], "sizes": [1.0, 1.0, 1.0]}, {"translations": [800.0, 0.0, 0.0], "angles": [0.0, 0.0, 0.0], "sizes": [1.0, 1.0, 1.0]}, {"translations": [1200.0, 0.0, 0.0], "angles": [0.0, 0.0, 0.0], "sizes": [1.0, 1.0, 1.0]}, {"translations": [1600.0, 0.0, 0.0], "angles": [0.0, 0.0, 0.0], "sizes": [1.0, 1.0, 1.0]}, {"translations": [2000.0, 0.0, 0.0], "angles": [0.0, 0.0, 0.0], "sizes": [1.0, 1.0, 1.0]}, {"translations": [2400.0, 0.0, 0.0], "angles": [0.0, 0.0, 0.0], "sizes": [1.0, 1.0, 1.0]}, {"translations": [2800.0, 0.0, 0.0], "angles": [0.0, 0.0, 0.0], "sizes": [1.0, 1.0, 1.0]}, {"translations": [0.0, 0.0, 300.0], "angles": [0.0, 0.0, 0.0], "sizes": [1.0, 1.0, 1.0]}, {"translations": [400.0, 0.0, 300.0], "angles": [0.0, 0.0, 0.0], "sizes": [1.0, 1.0, 1.0]}, {"translations": [800.0, 0.0, 300.0], "angles": [0.0, 0.0, 0.0], "sizes": [1.0, 1.0, 1.0]}, {"translations": [1200.0, 0.0, 300.0], "angles": [0.0, 0.0, 0.0], "sizes": [1.0, 1.0, 1.0]}, {"translations": [1600.0, 0.0, 300.0], "angles": [0.0, 0.0, 0.0], "sizes": [1.0, 1.0, 1.0]}, {"translations": [2000.0, 0.0, 300.0], "angles": [0.0, 0.0, 0.0], "sizes": [1.0, 1.0, 1.0]}, {"translations": [2400.0, 0.0, 300.0], "angles": [0.0, 0.0, 0.0], "sizes": [1.0, 1.0, 1.0]}, {"translations": [2800.0, 0.0, 300.0], "angles": [0.0, 0.0, 0.0], "sizes": [1.0, 1.0, 1.0]}, {"translations": [3200.0, 0.0, 0.0], "angles": [0.0, 0.0, 0.0], "sizes": [1.0, 1.0, 1.0]}, {"translations": [3200.0, 0.0, 300.0], "angles": [0.0, 0.0, 0.0], "sizes": [1.0, 1.0, 1.0]}], "SM_PaletteA_01": [{"translations": [104.04623413085938, -1.7162489891052246, 37.0], "angles": [0.0, 0.0, 0.04192977817518215], "sizes": [1.0, 1.0, 1.0]}, {"translations": [77.0445785522461, -0.000858306884765625, 187.0], "angles": [0.0, 0.0, 0.030932622486199313], "sizes": [0.9999999999999999, 0.9999999999999999, 1.0]}, {"translations": [167.94365692138672, 0.4796934127807617, 337.0], "angles": [0.0, 0.0, -0.0321517786312307], "sizes": [1.0, 1.0, 1.0]}, {"translations": [482.2792282104492, 6.109950542449951, 37.0], "angles": [0.0, 0.0, 0.005998916426349244], "sizes": [1.0, 1.0, 1.0]}, {"translations": [491.85707092285156, -2.9225897789001465, 187.0], "angles": [0.0, 0.0, -0.03846769979549158], "sizes": [1.0, 1.0, 1.0]}, {"translations": [533.3830947875977, 8.623649597167969, 337.0], "angles": [0.0, 0.0, 0.03151558493477441], "sizes": [0.9999999999999999, 0.9999999999999999, 1.0]}, {"translations": [911.4894409179688, 2.581357955932617, 37.0], "angles": [0.0, 0.0, -0.035077024945175256], "sizes": [0.9999999999999999, 0.9999999999999999, 1.0]}, {"translations": [962.7283554077148, 0.3313159942626953, 187.0], "angles": [0.0, 0.0, 0.006206644324078859], "sizes": [1.0, 1.0, 1.0]}, {"translations": [935.8382797241211, -4.22123908996582, 337.0], "angles": [0.0, 0.0, 0.02292717953749262], "sizes": [1.0, 1.0, 1.0]}, {"translations": [1312.5039825439453, 3.831033706665039, 37.0], "angles": [0.0, 0.0, -0.011362477661506514], "sizes": [0.9999999999999999, 0.9999999999999999, 1.0]}, {"translations": [1367.7973022460938, 1.4619636535644531, 187.0], "angles": [0.0, 0.0, -0.0037112208924688656], "sizes": [1.0, 1.0, 1.0]}, {"translations": [1278.5350646972656, 1.4052867889404297, 337.0], "angles": [0.0, 0.0, 0.009088187787313365], "sizes": [1.0, 1.0, 1.0]}, {"translations": [1713.750633239746, 9.805569648742676, 37.0], "angles": [0.0, 0.0, -0.04131510030240329], "sizes": [1.0, 1.0, 1.0]}, {"translations": [1675.6761093139648, 3.6362338066101074, 187.0], "angles": [0.0, 0.0, -0.008859159954579596], "sizes": [1.0, 1.0, 1.0]}, {"translations": [1697.231704711914, 6.969821453094482, 337.0], "angles": [0.0, 0.0, -0.027280201194551087], "sizes": [1.0, 1.0, 1.0]}, {"translations": [2079.5151443481445, 2.395656108856201, 37.0], "angles": [0.0, 0.0, -0.03136917933746571], "sizes": [1.0, 1.0, 1.0]}, {"translations": [2093.033576965332, 0.1521778106689453, 187.0], "angles": [0.0, 0.0, 0.019015738133927745], "sizes": [0.9999999999999999, 0.9999999999999999, 1.0]}, {"translations": [2094.2071533203125, 0.5452275276184082, 337.0], "angles": [0.0, 0.0, 0.04250718133658829], "sizes": [1.0, 1.0, 1.0]}, {"translations": [2498.907196044922, -4.518120288848877, 37.0], "angles": [0.0, 0.0, 0.0208077419720382], "sizes": [1.0, 1.0, 1.0]}, {"translations": [2502.4140243530273, -5.466940402984619, 187.0], "angles": [0.0, 0.0, 0.0100708803062069], "sizes": [1.0, 1.0, 1.0]}, {"translations": [2532.563407897949, 9.540740966796875, 337.0], "angles": [0.0, 0.0, 0.01470189844845644], "sizes": [1.0, 1.0, 1.0]}, {"translations": [2907.6520080566406, -5.5121564865112305, 37.0], "angles": [0.0, 0.0, 0.02009414328408049], "sizes": [1.0, 1.0, 1.0]}, {"translations": [2875.525344848633, 9.49099349975586, 187.0], "angles": [0.0, 0.0, 0.005482256089469905], "sizes": [1.0, 1.0, 1.0]}, {"translations": [2882.421142578125, 7.635831832885742, 337.0], "angles": [0.0, 0.0, -0.002800396050513314], "sizes": [1.0, 1.0, 1.0]}, {"translations": [288.7731170654297, -1.7162489891052246, 37.0], "angles": [0.0, 0.0, 0.015258457457010615], "sizes": [1.0, 1.0, 1.0]}, {"translations": [275.2722930908203, -0.000858306884765625, 187.0], "angles": [0.0, 0.0, -0.009042915909217786], "sizes": [1.0, 1.0, 1.0]}, {"translations": [320.7218246459961, 0.4796934127807617, 337.0], "angles": [0.0, 0.0, -0.01062214282114547], "sizes": [1.0, 1.0, 1.0]}, {"translations": [677.8896102905273, 6.109950542449951, 37.0], "angles": [0.0, 0.0, 0.04126720012780565], "sizes": [1.0, 1.0, 1.0]}, {"translations": [682.6785354614258, -2.9225897789001465, 187.0], "angles": [0.0, 0.0, -0.03250580430707993], "sizes": [0.9999999999999999, 0.9999999999999999, 1.0]}, {"translations": [703.4415435791016, 8.623649597167969, 337.0], "angles": [0.0, 0.0, 0.014667281087285884], "sizes": [1.0, 1.0, 1.0]}, {"translations": [1092.4947204589844, 2.581357955932617, 37.0], "angles": [0.0, 0.0, -0.03707581901246543], "sizes": [0.9999999999999999, 0.9999999999999999, 1.0]}, {"translations": [1118.1141815185547, 0.3313159942626953, 187.0], "angles": [0.0, 0.0, -0.030890028111842927], "sizes": [1.0, 1.0, 1.0]}, {"translations": [1104.6691436767578, -4.22123908996582, 337.0], "angles": [0.0, 0.0, -0.006776569586608384], "sizes": [1.0, 1.0, 1.0]}, {"translations": [1493.0019912719727, 3.831033706665039, 37.0], "angles": [0.0, 0.0, 0.002755119885917663], "sizes": [1.0, 1.0, 1.0]}, {"translations": [1520.6486511230469, 1.4619636535644531, 187.0], "angles": [0.0, 0.0, 0.014970858514335298], "sizes": [1.0, 1.0, 1.0]}, {"translations": [1476.0175323486328, 1.4052867889404297, 337.0], "angles": [0.0, 0.0, 3.062635253112346e-05], "sizes": [1.0, 1.0, 1.0]}, {"translations": [1893.6253204345703, 9.805569648742676, 37.0], "angles": [0.0, 0.0, 0.02725091731360957], "sizes": [1.0, 1.0, 1.0]}, {"translations": [1874.5880508422852, 3.6362338066101074, 187.0], "angles": [0.0, 0.0, -0.013250575937917572], "sizes": [1.0, 1.0, 1.0]}, {"translations": [1885.365852355957, 6.969821453094482, 337.0], "angles": [0.0, 0.0, -0.023978867890832676], "sizes": [1.0, 1.0, 1.0]}, {"translations": [2276.5075759887695, 2.395656108856201, 37.0], "angles": [0.0, 0.0, 0.03844374907502261], "sizes": [0.9999999999999999, 0.9999999999999999, 1.0]}, {"translations": [2283.2667846679688, 0.1521778106689453, 187.0], "angles": [0.0, 0.0, 0.030874054687092], "sizes": [0.9999999999999999, 0.9999999999999999, 1.0]}, {"translations": [2283.8535766601562, 0.5452275276184082, 337.0], "angles": [0.0, 0.0, -0.03155285272712097], "sizes": [1.0, 1.0, 1.0]}, {"translations": [2686.203598022461, -4.518120288848877, 37.0], "angles": [0.0, 0.0, -0.03451808318928668], "sizes": [0.9999999999999999, 0.9999999999999999, 1.0]}, {"translations": [2687.9570083618164, -5.466940402984619, 187.0], "angles": [0.0, 0.0, 0.00620131810440312], "sizes": [1.0, 1.0, 1.0]}, {"translations": [2703.031707763672, 9.540740966796875, 337.0], "angles": [0.0, 0.0, -0.034392986859896335], "sizes": [0.9999999999999999, 0.9999999999999999, 1.0]}, {"translations": [3090.5760040283203, -5.5121564865112305, 37.0], "angles": [0.0, 0.0, -0.03397243875850753], "sizes": [1.0, 1.0, 1.0]}, {"translations": [3074.5126724243164, 9.49099349975586, 187.0], "angles": [0.0, 0.0, 0.0024648259138856533], "sizes": [1.0, 1.0, 1.0]}, {"translations": [3077.9605712890625, 7.635831832885742, 337.0], "angles": [0.0, 0.0, 0.01758581449152407], "sizes": [0.9999999999999999, 0.9999999999999999, 1.0]}], "SM_CardBoxC_02": [{"translations": [3049.0341126400876, -23.400598213579944, 358.0], "angles": [0.0, 0.0, -0.16854786210786368], "sizes": [1.0, 1.0, 1.0]}, {"translations": [2700.9693493939676, -20.388286380494424, 358.0], "angles": [0.0, 0.0, 0.8392825752266359], "sizes": [1.0000000000000004, 1.0000000000000004, 1.0]}, {"translations": [2845.1982177343093, 39.160259769612864, 208.0], "angles": [0.0, 0.0, 0.6694950539747165], "sizes": [1.0000000000000002, 1.0000000000000002, 1.0]}, {"translations": [2061.767439246146, 27.888690197630105, 358.0], "angles": [0.0, 0.0, 0.09412571024964486], "sizes": [1.0, 1.0, 1.0]}, {"translations": [904.4945498870729, 24.371952405600695, 358.0], "angles": [0.0, 0.0, 0.7965434173805968], "sizes": [1.0000000000000007, 1.0000000000000007, 1.0]}, {"translations": [943.5189433947238, 30.404207757697048, 58.0], "angles": [0.0, 0.0, 0.6135224696845939], "sizes": [1.0000000000000004, 1.0000000000000004, 1.0]}, {"translations": [71.63814630130283, 25.66469042559983, 58.0], "angles": [0.0, 0.0, 0.8951727323127886], "sizes": [1.0000000000000002, 1.0000000000000002, 1.0]}], "SM_CardBoxA_01": [{"translations": [3076.905585590317, 37.61727618060593, 358.0], "angles": [0.0, 0.0, -0.758793036922792], "sizes": [1.0000000000000004, 1.0000000000000004, 1.0]}, {"translations": [1921.9463158649912, 41.39546071898978, 58.0], "angles": [0.0, 0.0, 0.12438997173079973], "sizes": [1.0, 1.0, 1.0]}, {"translations": [1506.0175322923544, 1.4071243700914353, 358.0], "angles": [0.0, 0.0, 0.7207884366612867], "sizes": [1.0, 1.0, 1.0]}, {"translations": [290.09130182769354, -28.876244178743136, 358.0], "angles": [0.0, 0.0, 0.8642969358776875], "sizes": [1.0, 1.0, 1.0]}, {"translations": [964.4314712196876, 27.12249074708233, 358.0], "angles": [0.0, 0.0, 0.583911988228283], "sizes": [1.0000000000000004, 1.0000000000000004, 1.0]}, {"translations": [535.2730905816776, -21.31675647720517, 358.0], "angles": [0.0, 0.0, -0.5261501482101502], "sizes": [1.0, 1.0, 1.0]}, {"translations": [451.9214589213138, 35.7478628135197, 58.0], "angles": [0.0, 0.0, 0.9452952047426464], "sizes": [1.0000000000000009, 1.0000000000000009, 1.0]}, {"translations": [3074.660561529907, -20.508641978236994, 208.0], "angles": [0.0, 0.0, -0.7338321860432638], "sizes": [1.0000000000000002, 1.0000000000000002, 1.0]}], "SM_CardBoxA_02": [{"translations": [3088.5388342972446, -35.4429088907992, 58.0], "angles": [0.0, 0.0, 0.8172731091399111], "sizes": [1.0000000000000004, 1.0000000000000004, 1.0]}, {"translations": [2718.326772912837, -35.09256109041638, 208.0], "angles": [0.0, 0.0, -0.2444984510651896], "sizes": [1.0, 1.0, 1.0]}, {"translations": [1925.2152115048175, -18.51542578167824, 58.0], "angles": [0.0, 0.0, 0.9996388068743979], "sizes": [1.0000000000000004, 1.0000000000000004, 1.0]}, {"translations": [1493.1672978377292, -26.168510852199812, 58.0], "angles": [0.0, 0.0, 0.6521864520226474], "sizes": [1.0, 1.0, 1.0]}, {"translations": [712.6151378226068, -4.871907369374517, 208.0], "angles": [0.0, 0.0, 0.7627222541125911], "sizes": [1.0000000000000004, 1.0000000000000004, 1.0]}, {"translations": [2876.470829364967, 23.258211870496417, 58.0], "angles": [0.0, 0.0, 0.9986825724474292], "sizes": [1.000000000000001, 1.000000000000001, 1.0]}, {"translations": [2066.8636906503007, -31.8944865465481, 358.0], "angles": [0.0, 0.0, -0.3784783235417601], "sizes": [1.0, 1.0, 1.0]}, {"translations": [1311.8222778945621, -26.161219939418466, 58.0], "angles": [0.0, 0.0, -0.4103806524877103], "sizes": [1.0, 1.0, 1.0]}, {"translations": [138.00568113353583, 2.4078027784686293, 358.0], "angles": [0.0, 0.0, -0.8294644671022932], "sizes": [1.0000000000000007, 1.0000000000000007, 1.0]}], "SM_CardBoxD_05": [{"translations": [3062.6824213551076, 26.455765648852196, 58.0], "angles": [0.0, 0.0, 0.8204065614054245], "sizes": [1.0000000000000004, 1.0000000000000004, 1.0]}, {"translations": [1135.0729732023378, 25.369420757010715, 358.0], "angles": [0.0, 0.0, 0.9979972774577693], "sizes": [1.0000000000000007, 1.0000000000000007, 1.0]}, {"translations": [274.729740321072, -29.995951847196295, 208.0], "angles": [0.0, 0.0, 0.28715932014018886], "sizes": [1.0, 1.0, 1.0]}, {"translations": [2905.8524719629563, -20.17827277010114, 208.0], "angles": [0.0, 0.0, 0.05797250009197733], "sizes": [1.0, 1.0, 1.0]}, {"translations": [932.7306667537408, -0.041075492261609614, 208.0], "angles": [0.0, 0.0, -0.303495173789816], "sizes": [1.0, 1.0, 1.0]}, {"translations": [452.64131593937947, -24.24781874668546, 58.0], "angles": [0.0, 0.0, 0.998723861303381], "sizes": [1.0000000000000007, 1.0000000000000007, 1.0]}], "SM_CardBoxB_01": [{"translations": [2735.0230934806673, 37.40740994438384, 358.0], "angles": [0.0, 0.0, -0.7898739740922032], "sizes": [1.0000000000000004, 1.0000000000000004, 1.0]}, {"translations": [2686.203598022461, -4.518120288848877, 58.0], "angles": [0.0, 0.0, -0.1142308632997053], "sizes": [1.0, 1.0, 1.0]}, {"translations": [1462.8371401473514, 33.665271699773484, 58.0], "angles": [0.0, 0.0, -0.6203149450329892], "sizes": [0.9999999999999999, 0.9999999999999999, 1.0]}, {"translations": [672.5745091278102, 37.7307996497374, 358.0], "angles": [0.0, 0.0, 0.01803514539610009], "sizes": [1.0, 1.0, 1.0]}, {"translations": [2845.856078578776, -20.836133614567476, 208.0], "angles": [0.0, 0.0, 0.9879368136981461], "sizes": [0.9999999999999994, 0.9999999999999994, 1.0]}, {"translations": [2498.907196044922, -4.518120288848877, 58.0], "angles": [0.0, 0.0, 0.9827012582158722], "sizes": [1.0000000000000004, 1.0000000000000004, 1.0]}, {"translations": [2049.574185872883, 4.276880599090814, 58.0], "angles": [0.0, 0.0, 0.989363254078775], "sizes": [1.0000000000000007, 1.0000000000000007, 1.0]}, {"translations": [1676.207638051571, 33.63152472370406, 208.0], "angles": [0.0, 0.0, 0.9778468384125891], "sizes": [1.000000000000001, 1.000000000000001, 1.0]}, {"translations": [1397.5738041363775, -28.759881676890405, 208.0], "angles": [0.0, 0.0, 0.9143131618485945], "sizes": [0.9999999999999998, 0.9999999999999998, 1.0]}, {"translations": [907.2450882285546, -35.56496892701397, 358.0], "angles": [0.0, 0.0, -0.2249918874004685], "sizes": [1.0, 1.0, 1.0]}], "SM_CardBoxD_02": [{"translations": [2252.021083086174, -27.502808996572668, 358.0], "angles": [0.0, 0.0, 0.3273742434985739], "sizes": [1.0, 1.0, 1.0]}, {"translations": [2285.745805185052, 30.485492576705244, 358.0], "angles": [0.0, 0.0, -0.6489802562091933], "sizes": [1.0, 1.0, 1.0]}, {"translations": [1863.6698771842364, 8.17112182882958, 58.0], "angles": [0.0, 0.0, 0.9814689572572906], "sizes": [1.0000000000000002, 1.0000000000000002, 1.0]}, {"translations": [1446.0156948237602, 31.403449151511015, 358.0], "angles": [0.0, 0.0, -0.5077873120811573], "sizes": [0.9999999999999998, 0.9999999999999998, 1.0]}, {"translations": [1522.836229265081, 33.9958848312863, 58.0], "angles": [0.0, 0.0, -0.3484939889163974], "sizes": [1.0, 1.0, 1.0]}, {"translations": [1060.354177776171, -25.113145398600576, 58.0], "angles": [0.0, 0.0, -0.7339033769877535], "sizes": [1.0000000000000002, 1.0000000000000002, 1.0]}, {"translations": [291.3658870544722, 31.110216231083328, 358.0], "angles": [0.0, 0.0, 0.7674553416210301], "sizes": [1.0000000000000002, 1.0000000000000002, 1.0]}, {"translations": [318.7591478339916, -0.8008481223502927, 58.0], "angles": [0.0, 0.0, 0.9976575324854529], "sizes": [1.000000000000001, 1.000000000000001, 1.0]}, {"translations": [2878.881639699633, -36.693335178185045, 58.0], "angles": [0.0, 0.0, 0.9803709113416463], "sizes": [1.0000000000000007, 1.0000000000000007, 1.0]}, {"translations": [2471.8158875356953, 23.922752064066504, 208.0], "angles": [0.0, 0.0, 0.7343971928423499], "sizes": [1.0000000000000002, 1.0000000000000002, 1.0]}, {"translations": [2126.646867394479, -26.79823514239329, 358.0], "angles": [0.0, 0.0, 0.9950553863768767], "sizes": [0.9999999999999999, 0.9999999999999999, 1.0]}], "SM_CardBoxC_01": [{"translations": [2315.061152422347, -27.939069564614318, 208.0], "angles": [0.0, 0.0, 0.8359072233206806], "sizes": [1.0000000000000009, 1.0000000000000009, 1.0]}, {"translations": [2246.596251299346, 0.09073630029668633, 58.0], "angles": [0.0, 0.0, -0.49183136104053055], "sizes": [1.0000000000000002, 1.0000000000000002, 1.0]}, {"translations": [704.3214857784625, -21.363442654762423, 358.0], "angles": [0.0, 0.0, 0.9373954323109274], "sizes": [1.0000000000000004, 1.0000000000000004, 1.0]}, {"translations": [2501.6943580778893, 38.64575364857814, 358.0], "angles": [0.0, 0.0, 0.5276022976720157], "sizes": [1.0, 1.0, 1.0]}, {"translations": [2064.1960108507674, -30.966864279153242, 208.0], "angles": [0.0, 0.0, -0.16294797569925337], "sizes": [1.0, 1.0, 1.0]}, {"translations": [1247.9947516591362, 30.855062331940175, 358.0], "angles": [0.0, 0.0, 0.8965808766496254], "sizes": [1.0, 1.0, 1.0]}, {"translations": [199.80974207492548, 28.489559834943794, 358.0], "angles": [0.0, 0.0, 0.3296744753724441], "sizes": [1.0, 1.0, 1.0]}], "SM_CardBoxB_02": [{"translations": [2251.4724169135907, 28.24342518595221, 208.0], "angles": [0.0, 0.0, -0.7769126900235828], "sizes": [1.0000000000000007, 1.0000000000000007, 1.0]}, {"translations": [1491.5602495635148, -29.422739594344826, 208.0], "angles": [0.0, 0.0, -0.663770199746919], "sizes": [1.0000000000000002, 1.0000000000000002, 1.0]}, {"translations": [1074.2653141511778, -33.811898936942356, 358.0], "angles": [0.0, 0.0, -0.36997998072699245], "sizes": [1.0000000000000002, 1.0000000000000002, 1.0]}, {"translations": [650.7926155097704, -30.909874549606762, 208.0], "angles": [0.0, 0.0, 0.9921000405909316], "sizes": [1.0000000000000002, 1.0000000000000002, 1.0]}, {"translations": [654.6912506907191, 28.963330172755214, 208.0], "angles": [0.0, 0.0, 0.9818161765698532], "sizes": [1.0000000000000013, 1.0000000000000013, 1.0]}, {"translations": [2936.422376413648, 25.669022205162584, 58.0], "angles": [0.0, 0.0, 0.9352075879755382], "sizes": [1.0000000000000004, 1.0000000000000004, 1.0]}, {"translations": [1309.075377735395, -28.044488754059316, 358.0], "angles": [0.0, 0.0, 0.9999109467114992], "sizes": [1.0000000000000009, 1.0000000000000009, 1.0]}], "SM_CardBoxD_03": [{"translations": [1855.4003515222767, 8.408139841594357, 358.0], "angles": [0.0, 0.0, -0.41824703238074307], "sizes": [1.0, 1.0, 1.0]}, {"translations": [1875.383015600302, 33.625699140848916, 208.0], "angles": [0.0, 0.0, -0.23642422558173537], "sizes": [1.0, 1.0, 1.0]}, {"translations": [1064.8002171044511, 34.721900638746014, 58.0], "angles": [0.0, 0.0, -0.8037423542562321], "sizes": [1.0000000000000002, 1.0000000000000002, 1.0]}, {"translations": [351.35234746429865, 29.83563100430466, 358.0], "angles": [0.0, 0.0, 0.748189317896151], "sizes": [1.0000000000000002, 1.0000000000000002, 1.0]}, {"translations": [2938.8331867483143, -34.28252484351888, 58.0], "angles": [0.0, 0.0, 0.7125536661442479], "sizes": [1.0000000000000004, 1.0000000000000004, 1.0]}, {"translations": [2503.458395216168, -21.32830885326321, 358.0], "angles": [0.0, 0.0, 0.7722950847424267], "sizes": [1.0000000000000004, 1.0000000000000004, 1.0]}, {"translations": [2061.91453487551, 28.989743925233384, 208.0], "angles": [0.0, 0.0, 0.962618881509389], "sizes": [1.0000000000000013, 1.0000000000000013, 1.0]}, {"translations": [993.0984355482132, -29.293981173187063, 208.0], "angles": [0.0, 0.0, 0.9999985836906236], "sizes": [1.0000000000000007, 1.0000000000000007, 1.0]}, {"translations": [459.6395030964251, -30.527450281166924, 208.0], "angles": [0.0, 0.0, 0.9449415924203642], "sizes": [1.0000000000000007, 1.0000000000000007, 1.0]}], "SM_CardBoxD_01": [{"translations": [1549.737052682579, 32.34666690147373, 208.0], "angles": [0.0, 0.0, -0.18735789652428786], "sizes": [1.0, 1.0, 1.0]}, {"translations": [675.4156874999618, 36.00777163406665, 58.0], "angles": [0.0, 0.0, 0.859803852857498], "sizes": [1.0000000000000004, 1.0000000000000004, 1.0]}, {"translations": [1695.5955018190475, -22.985525984272606, 358.0], "angles": [0.0, 0.0, 0.9397594254312808], "sizes": [1.0000000000000007, 1.0000000000000007, 1.0]}, {"translations": [1683.853049490526, 12.282359094450106, 58.0], "angles": [0.0, 0.0, 0.9701229249843069], "sizes": [1.0000000000000009, 1.0000000000000009, 1.0]}, {"translations": [77.0445785522461, -0.000858306884765625, 208.0], "angles": [0.0, 0.0, 0.4639883960952721], "sizes": [1.0, 1.0, 1.0]}], "SM_CardBoxD_04": [{"translations": [1088.1714331487597, 2.1838332177023245, 208.0], "angles": [0.0, 0.0, -0.12497609483397143], "sizes": [1.0, 1.0, 1.0]}, {"translations": [1149.9094471117892, 28.42154714061804, 208.0], "angles": [0.0, 0.0, 0.9640836591509585], "sizes": [1.0000000000000007, 1.0000000000000007, 1.0]}, {"translations": [2852.2535900070175, -22.19567452984186, 358.0], "angles": [0.0, 0.0, 0.2572175194985342], "sizes": [1.0, 1.0, 1.0]}, {"translations": [2912.4206720450425, 7.4678087286957275, 358.0], "angles": [0.0, 0.0, 0.9956590159749396], "sizes": [0.9999999999999987, 0.9999999999999987, 1.0]}, {"translations": [2533.0121611703594, -34.85663287003574, 208.0], "angles": [0.0, 0.0, -0.3582985436038451], "sizes": [1.0, 1.0, 1.0]}, {"translations": [939.3122907197331, -29.448144520822417, 58.0], "angles": [0.0, 0.0, -0.7663381187256391], "sizes": [1.0000000000000004, 1.0000000000000004, 1.0]}, {"translations": [3074.3647833187256, 39.49062897774871, 208.0], "angles": [0.0, 0.0, -0.4066205230426148], "sizes": [1.0, 1.0, 1.0]}]}