{"SM_RackShelf_01": [{"translations": [200.0, 0.0, 37.0], "angles": [0.0, 0.0, 0.0], "sizes": [1.0, 1.0, 1.0]}, {"translations": [200.0, 0.0, 187.0], "angles": [0.0, 0.0, 0.0], "sizes": [1.0, 1.0, 1.0]}, {"translations": [200.0, 0.0, 337.0], "angles": [0.0, 0.0, 0.0], "sizes": [1.0, 1.0, 1.0]}, {"translations": [200.0, 0.0, 487.0], "angles": [0.0, 0.0, 0.0], "sizes": [1.0, 1.0, 1.0]}, {"translations": [600.0, 0.0, 37.0], "angles": [0.0, 0.0, 0.0], "sizes": [1.0, 1.0, 1.0]}, {"translations": [600.0, 0.0, 187.0], "angles": [0.0, 0.0, 0.0], "sizes": [1.0, 1.0, 1.0]}, {"translations": [600.0, 0.0, 337.0], "angles": [0.0, 0.0, 0.0], "sizes": [1.0, 1.0, 1.0]}, {"translations": [600.0, 0.0, 487.0], "angles": [0.0, 0.0, 0.0], "sizes": [1.0, 1.0, 1.0]}, {"translations": [1000.0, 0.0, 37.0], "angles": [0.0, 0.0, 0.0], "sizes": [1.0, 1.0, 1.0]}, {"translations": [1000.0, 0.0, 187.0], "angles": [0.0, 0.0, 0.0], "sizes": [1.0, 1.0, 1.0]}, {"translations": [1000.0, 0.0, 337.0], "angles": [0.0, 0.0, 0.0], "sizes": [1.0, 1.0, 1.0]}, {"translations": [1000.0, 0.0, 487.0], "angles": [0.0, 0.0, 0.0], "sizes": [1.0, 1.0, 1.0]}, {"translations": [1400.0, 0.0, 37.0], "angles": [0.0, 0.0, 0.0], "sizes": [1.0, 1.0, 1.0]}, {"translations": [1400.0, 0.0, 187.0], "angles": [0.0, 0.0, 0.0], "sizes": [1.0, 1.0, 1.0]}, {"translations": [1400.0, 0.0, 337.0], "angles": [0.0, 0.0, 0.0], "sizes": [1.0, 1.0, 1.0]}, {"translations": [1400.0, 0.0, 487.0], "angles": [0.0, 0.0, 0.0], "sizes": [1.0, 1.0, 1.0]}, {"translations": [1800.0, 0.0, 37.0], "angles": [0.0, 0.0, 0.0], "sizes": [1.0, 1.0, 1.0]}, {"translations": [1800.0, 0.0, 187.0], "angles": [0.0, 0.0, 0.0], "sizes": [1.0, 1.0, 1.0]}, {"translations": [1800.0, 0.0, 337.0], "angles": [0.0, 0.0, 0.0], "sizes": [1.0, 1.0, 1.0]}, {"translations": [1800.0, 0.0, 487.0], "angles": [0.0, 0.0, 0.0], "sizes": [1.0, 1.0, 1.0]}, {"translations": [2200.0, 0.0, 37.0], "angles": [0.0, 0.0, 0.0], "sizes": [1.0, 1.0, 1.0]}, {"translations": [2200.0, 0.0, 187.0], "angles": [0.0, 0.0, 0.0], "sizes": [1.0, 1.0, 1.0]}, {"translations": [2200.0, 0.0, 337.0], "angles": [0.0, 0.0, 0.0], "sizes": [1.0, 1.0, 1.0]}, {"translations": [2200.0, 0.0, 487.0], "angles": [0.0, 0.0, 0.0], "sizes": [1.0, 1.0, 1.0]}, {"translations": [2600.0, 0.0, 37.0], "angles": [0.0, 0.0, 0.0], "sizes": [1.0, 1.0, 1.0]}, {"translations": [2600.0, 0.0, 187.0], "angles": [0.0, 0.0, 0.0], "sizes": [1.0, 1.0, 1.0]}, {"translations": [2600.0, 0.0, 337.0], "angles": [0.0, 0.0, 0.0], "sizes": [1.0, 1.0, 1.0]}, {"translations": [2600.0, 0.0, 487.0], "angles": [0.0, 0.0, 0.0], "sizes": [1.0, 1.0, 1.0]}, {"translations": [3000.0, 0.0, 37.0], "angles": [0.0, 0.0, 0.0], "sizes": [1.0, 1.0, 1.0]}, {"translations": [3000.0, 0.0, 187.0], "angles": [0.0, 0.0, 0.0], "sizes": [1.0, 1.0, 1.0]}, {"translations": [3000.0, 0.0, 337.0], "angles": [0.0, 0.0, 0.0], "sizes": [1.0, 1.0, 1.0]}, {"translations": [3000.0, 0.0, 487.0], "angles": [0.0, 0.0, 0.0], "sizes": [1.0, 1.0, 1.0]}, {"translations": [3400.0, 0.0, 37.0], "angles": [0.0, 0.0, 0.0], "sizes": [1.0, 1.0, 1.0]}, {"translations": [3400.0, 0.0, 187.0], "angles": [0.0, 0.0, 0.0], "sizes": [1.0, 1.0, 1.0]}, {"translations": [3400.0, 0.0, 337.0], "angles": [0.0, 0.0, 0.0], "sizes": [1.0, 1.0, 1.0]}, {"translations": [3400.0, 0.0, 487.0], "angles": [0.0, 0.0, 0.0], "sizes": [1.0, 1.0, 1.0]}, {"translations": [3800.0, 0.0, 37.0], "angles": [0.0, 0.0, 0.0], "sizes": [1.0, 1.0, 1.0]}, {"translations": [3800.0, 0.0, 187.0], "angles": [0.0, 0.0, 0.0], "sizes": [1.0, 1.0, 1.0]}, {"translations": [3800.0, 0.0, 337.0], "angles": [0.0, 0.0, 0.0], "sizes": [1.0, 1.0, 1.0]}, {"translations": [3800.0, 0.0, 487.0], "angles": [0.0, 0.0, 0.0], "sizes": [1.0, 1.0, 1.0]}], "SM_RackFrame_03": [{"translations": [0.0, 0.0, 0.0], "angles": [0.0, 0.0, 0.0], "sizes": [1.0, 1.0, 1.0]}, {"translations": [400.0, 0.0, 0.0], "angles": [0.0, 0.0, 0.0], "sizes": [1.0, 1.0, 1.0]}, {"translations": [800.0, 0.0, 0.0], "angles": [0.0, 0.0, 0.0], "sizes": [1.0, 1.0, 1.0]}, {"translations": [1200.0, 0.0, 0.0], "angles": [0.0, 0.0, 0.0], "sizes": [1.0, 1.0, 1.0]}, {"translations": [1600.0, 0.0, 0.0], "angles": [0.0, 0.0, 0.0], "sizes": [1.0, 1.0, 1.0]}, {"translations": [2000.0, 0.0, 0.0], "angles": [0.0, 0.0, 0.0], "sizes": [1.0, 1.0, 1.0]}, {"translations": [2400.0, 0.0, 0.0], "angles": [0.0, 0.0, 0.0], "sizes": [1.0, 1.0, 1.0]}, {"translations": [2800.0, 0.0, 0.0], "angles": [0.0, 0.0, 0.0], "sizes": [1.0, 1.0, 1.0]}, {"translations": [3200.0, 0.0, 0.0], "angles": [0.0, 0.0, 0.0], "sizes": [1.0, 1.0, 1.0]}, {"translations": [3600.0, 0.0, 0.0], "angles": [0.0, 0.0, 0.0], "sizes": [1.0, 1.0, 1.0]}, {"translations": [0.0, 0.0, 300.0], "angles": [0.0, 0.0, 0.0], "sizes": [1.0, 1.0, 1.0]}, {"translations": [400.0, 0.0, 300.0], "angles": [0.0, 0.0, 0.0], "sizes": [1.0, 1.0, 1.0]}, {"translations": [800.0, 0.0, 300.0], "angles": [0.0, 0.0, 0.0], "sizes": [1.0, 1.0, 1.0]}, {"translations": [1200.0, 0.0, 300.0], "angles": [0.0, 0.0, 0.0], "sizes": [1.0, 1.0, 1.0]}, {"translations": [1600.0, 0.0, 300.0], "angles": [0.0, 0.0, 0.0], "sizes": [1.0, 1.0, 1.0]}, {"translations": [2000.0, 0.0, 300.0], "angles": [0.0, 0.0, 0.0], "sizes": [1.0, 1.0, 1.0]}, {"translations": [2400.0, 0.0, 300.0], "angles": [0.0, 0.0, 0.0], "sizes": [1.0, 1.0, 1.0]}, {"translations": [2800.0, 0.0, 300.0], "angles": [0.0, 0.0, 0.0], "sizes": [1.0, 1.0, 1.0]}, {"translations": [3200.0, 0.0, 300.0], "angles": [0.0, 0.0, 0.0], "sizes": [1.0, 1.0, 1.0]}, {"translations": [3600.0, 0.0, 300.0], "angles": [0.0, 0.0, 0.0], "sizes": [1.0, 1.0, 1.0]}, {"translations": [4000.0, 0.0, 0.0], "angles": [0.0, 0.0, 0.0], "sizes": [1.0, 1.0, 1.0]}, {"translations": [4000.0, 0.0, 300.0], "angles": [0.0, 0.0, 0.0], "sizes": [1.0, 1.0, 1.0]}], "SM_PaletteA_01": [{"translations": [104.04623413085938, -1.7162489891052246, 37.0], "angles": [0.0, 0.0, -0.03216508754953117], "sizes": [0.9999999999999999, 0.9999999999999999, 1.0]}, {"translations": [77.0445785522461, -0.000858306884765625, 187.0], "angles": [0.0, 0.0, 0.03946033776262557], "sizes": [1.0, 1.0, 1.0]}, {"translations": [167.94365692138672, 0.4796934127807617, 337.0], "angles": [0.0, 0.0, 0.010608825685508057], "sizes": [1.0, 1.0, 1.0]}, {"translations": [74.09922790527344, -9.138336181640625, 487.0], "angles": [0.0, 0.0, -0.004590082460769199], "sizes": [1.0, 1.0, 1.0]}, {"translations": [482.2792282104492, 6.109950542449951, 37.0], "angles": [0.0, 0.0, -0.01929532289991542], "sizes": [0.9999999999999999, 0.9999999999999999, 1.0]}, {"translations": [491.85707092285156, -2.9225897789001465, 187.0], "angles": [0.0, 0.0, 0.037278087651921726], "sizes": [1.0, 1.0, 1.0]}, {"translations": [533.3830947875977, 8.623649597167969, 337.0], "angles": [0.0, 0.0, 0.030038185097974707], "sizes": [1.0, 1.0, 1.0]}, {"translations": [494.8818664550781, 8.459146499633789, 487.0], "angles": [0.0, 0.0, -0.03181638161667117], "sizes": [1.0, 1.0, 1.0]}, {"translations": [911.4894409179688, 2.581357955932617, 37.0], "angles": [0.0, 0.0, 0.02185681982080392], "sizes": [1.0, 1.0, 1.0]}, {"translations": [962.7283554077148, 0.3313159942626953, 187.0], "angles": [0.0, 0.0, -0.03527398522363894], "sizes": [1.0, 1.0, 1.0]}, {"translations": [935.8382797241211, -4.22123908996582, 337.0], "angles": [0.0, 0.0, -0.041783428523353074], "sizes": [0.9999999999999999, 0.9999999999999999, 1.0]}, {"translations": [966.4827346801758, 3.2526063919067383, 487.0], "angles": [0.0, 0.0, -0.020637330021932295], "sizes": [1.0, 1.0, 1.0]}, {"translations": [1312.5039825439453, 3.831033706665039, 37.0], "angles": [0.0, 0.0, -0.019620179521552785], "sizes": [1.0, 1.0, 1.0]}, {"translations": [1367.7973022460938, 1.4619636535644531, 187.0], "angles": [0.0, 0.0, -0.031414432842663265], "sizes": [1.0, 1.0, 1.0]}, {"translations": [1278.5350646972656, 1.4052867889404297, 337.0], "angles": [0.0, 0.0, 0.04329211967525159], "sizes": [1.0, 1.0, 1.0]}, {"translations": [1300.343391418457, -2.281332015991211, 487.0], "angles": [0.0, 0.0, -0.03265220457218883], "sizes": [1.0, 1.0, 1.0]}, {"translations": [1713.750633239746, 9.805569648742676, 37.0], "angles": [0.0, 0.0, 0.042858414863240296], "sizes": [1.0, 1.0, 1.0]}, {"translations": [1675.6761093139648, 3.6362338066101074, 187.0], "angles": [0.0, 0.0, -0.03619221395022137], "sizes": [1.0, 1.0, 1.0]}, {"translations": [1697.231704711914, 6.969821453094482, 337.0], "angles": [0.0, 0.0, 0.03265486839258299], "sizes": [1.0, 1.0, 1.0]}, {"translations": [1714.9520950317383, 8.078994750976562, 487.0], "angles": [0.0, 0.0, -0.011511611169461781], "sizes": [1.0, 1.0, 1.0]}, {"translations": [2079.5151443481445, 2.395656108856201, 37.0], "angles": [0.0, 0.0, 0.007192022983284224], "sizes": [1.0, 1.0, 1.0]}, {"translations": [2093.033576965332, 0.1521778106689453, 187.0], "angles": [0.0, 0.0, 0.0013542586122415685], "sizes": [1.0, 1.0, 1.0]}, {"translations": [2094.2071533203125, 0.5452275276184082, 337.0], "angles": [0.0, 0.0, -0.00025433968359017374], "sizes": [1.0, 1.0, 1.0]}, {"translations": [2138.9098052978516, 0.4858231544494629, 487.0], "angles": [0.0, 0.0, -0.027754078917902162], "sizes": [1.0, 1.0, 1.0]}, {"translations": [2498.907196044922, -4.518120288848877, 37.0], "angles": [0.0, 0.0, 0.028134772627206362], "sizes": [0.9999999999999999, 0.9999999999999999, 1.0]}, {"translations": [2502.4140243530273, -5.466940402984619, 187.0], "angles": [0.0, 0.0, 0.005695310850352246], "sizes": [1.0, 1.0, 1.0]}, {"translations": [2532.563407897949, 9.540740966796875, 337.0], "angles": [0.0, 0.0, 0.008297238043301687], "sizes": [1.0, 1.0, 1.0]}, {"translations": [2560.399745941162, -8.810394287109375, 487.0], "angles": [0.0, 0.0, -0.0020706686856482135], "sizes": [1.0, 1.0, 1.0]}, {"translations": [2907.6520080566406, -5.5121564865112305, 37.0], "angles": [0.0, 0.0, -0.027565060584926852], "sizes": [1.0, 1.0, 1.0]}, {"translations": [2875.525344848633, 9.49099349975586, 187.0], "angles": [0.0, 0.0, 0.018930528158957897], "sizes": [1.0, 1.0, 1.0]}, {"translations": [2882.421142578125, 7.635831832885742, 337.0], "angles": [0.0, 0.0, 0.0015832954199226357], "sizes": [1.0, 1.0, 1.0]}, {"translations": [2919.150360107422, -5.7010817527771, 487.0], "angles": [0.0, 0.0, -0.0166378388717185], "sizes": [1.0, 1.0, 1.0]}, {"translations": [3281.321846008301, 1.9383478164672852, 37.0], "angles": [0.0, 0.0, 0.014744504407240053], "sizes": [1.0, 1.0, 1.0]}, {"translations": [3335.089340209961, 3.0927324295043945, 187.0], "angles": [0.0, 0.0, 0.0381270569389685], "sizes": [1.0, 1.0, 1.0]}, {"translations": [3325.660598754883, 5.971324443817139, 337.0], "angles": [0.0, 0.0, 0.03953218700560734], "sizes": [1.0, 1.0, 1.0]}, {"translations": [3369.652936935425, -9.388505935668945, 487.0], "angles": [0.0, 0.0, -0.012089494562802394], "sizes": [1.0, 1.0, 1.0]}, {"translations": [3737.7925033569336, 1.735079288482666, 37.0], "angles": [0.0, 0.0, 0.0012184323076404233], "sizes": [0.9999999999999999, 0.9999999999999999, 1.0]}, {"translations": [3735.742576599121, 1.8309926986694336, 187.0], "angles": [0.0, 0.0, -0.027825958576030495], "sizes": [1.0, 1.0, 1.0]}, {"translations": [3691.6289443969727, -8.20798110961914, 337.0], "angles": [0.0, 0.0, 0.0029388824576205255], "sizes": [1.0, 1.0, 1.0]}, {"translations": [3719.700859069824, 7.732515335083008, 487.0], "angles": [0.0, 0.0, 0.020067517043183814], "sizes": [1.0, 1.0, 1.0]}, {"translations": [288.7731170654297, -1.7162489891052246, 37.0], "angles": [0.0, 0.0, 0.03764003167649417], "sizes": [1.0, 1.0, 1.0]}, {"translations": [275.2722930908203, -0.000858306884765625, 187.0], "angles": [0.0, 0.0, 0.02611677728482321], "sizes": [1.0, 1.0, 1.0]}, {"translations": [320.7218246459961, 0.4796934127807617, 337.0], "angles": [0.0, 0.0, 0.021750318701364294], "sizes": [1.0, 1.0, 1.0]}, {"translations": [273.7996139526367, -9.138336181640625, 487.0], "angles": [0.0, 0.0, 0.028613965246877062], "sizes": [1.0, 1.0, 1.0]}, {"translations": [677.8896102905273, 6.109950542449951, 37.0], "angles": [0.0, 0.0, 0.003330380816392282], "sizes": [1.0, 1.0, 1.0]}, {"translations": [682.6785354614258, -2.9225897789001465, 187.0], "angles": [0.0, 0.0, 0.03254839441679099], "sizes": [1.0, 1.0, 1.0]}, {"translations": [703.4415435791016, 8.623649597167969, 337.0], "angles": [0.0, 0.0, -0.038481005741759534], "sizes": [0.9999999999999999, 0.9999999999999999, 1.0]}, {"translations": [684.1909332275391, 8.459146499633789, 487.0], "angles": [0.0, 0.0, 0.014600709189504235], "sizes": [1.0, 1.0, 1.0]}, {"translations": [1092.4947204589844, 2.581357955932617, 37.0], "angles": [0.0, 0.0, 0.011405088598581373], "sizes": [0.9999999999999999, 0.9999999999999999, 1.0]}, {"translations": [1118.1141815185547, 0.3313159942626953, 187.0], "angles": [0.0, 0.0, -0.042286333558645875], "sizes": [1.0, 1.0, 1.0]}, {"translations": [1104.6691436767578, -4.22123908996582, 337.0], "angles": [0.0, 0.0, 0.010177406491451104], "sizes": [0.9999999999999999, 0.9999999999999999, 1.0]}, {"translations": [1119.9913635253906, 3.2526063919067383, 487.0], "angles": [0.0, 0.0, -0.016715061883651808], "sizes": [1.0, 1.0, 1.0]}, {"translations": [1493.0019912719727, 3.831033706665039, 37.0], "angles": [0.0, 0.0, 0.04031987905802159], "sizes": [1.0, 1.0, 1.0]}, {"translations": [1520.6486511230469, 1.4619636535644531, 187.0], "angles": [0.0, 0.0, 0.014355713648706707], "sizes": [1.0, 1.0, 1.0]}, {"translations": [1476.0175323486328, 1.4052867889404297, 337.0], "angles": [0.0, 0.0, 0.0011997901936370737], "sizes": [0.9999999999999999, 0.9999999999999999, 1.0]}, {"translations": [1486.9216995239258, -2.281332015991211, 487.0], "angles": [0.0, 0.0, 0.02239200080741477], "sizes": [0.9999999999999999, 0.9999999999999999, 1.0]}, {"translations": [1893.6253204345703, 9.805569648742676, 37.0], "angles": [0.0, 0.0, -0.02814808523872329], "sizes": [1.0, 1.0, 1.0]}, {"translations": [1874.5880508422852, 3.6362338066101074, 187.0], "angles": [0.0, 0.0, -0.008379793166857372], "sizes": [1.0, 1.0, 1.0]}, {"translations": [1885.365852355957, 6.969821453094482, 337.0], "angles": [0.0, 0.0, 0.03892543288684709], "sizes": [1.0, 1.0, 1.0]}, {"translations": [1894.2260513305664, 8.078994750976562, 487.0], "angles": [0.0, 0.0, -0.036029862919802466], "sizes": [1.0, 1.0, 1.0]}, {"translations": [2276.5075759887695, 2.395656108856201, 37.0], "angles": [0.0, 0.0, 0.005484919210519412], "sizes": [1.0, 1.0, 1.0]}, {"translations": [2283.2667846679688, 0.1521778106689453, 187.0], "angles": [0.0, 0.0, -0.014129362716171745], "sizes": [1.0, 1.0, 1.0]}, {"translations": [2283.8535766601562, 0.5452275276184082, 337.0], "angles": [0.0, 0.0, -0.025256837232642753], "sizes": [1.0, 1.0, 1.0]}, {"translations": [2306.204902648926, 0.4858231544494629, 487.0], "angles": [0.0, 0.0, -0.03664466763231633], "sizes": [0.9999999999999999, 0.9999999999999999, 1.0]}, {"translations": [2686.203598022461, -4.518120288848877, 37.0], "angles": [0.0, 0.0, -0.020373726270094216], "sizes": [0.9999999999999999, 0.9999999999999999, 1.0]}, {"translations": [2687.9570083618164, -5.466940402984619, 187.0], "angles": [0.0, 0.0, -0.03871519759327373], "sizes": [1.0, 1.0, 1.0]}, {"translations": [2703.031707763672, 9.540740966796875, 337.0], "angles": [0.0, 0.0, 0.03818294259809984], "sizes": [1.0, 1.0, 1.0]}, {"translations": [2716.9498748779297, -8.810394287109375, 487.0], "angles": [0.0, 0.0, -0.030839450078897764], "sizes": [1.0, 1.0, 1.0]}, {"translations": [3090.5760040283203, -5.5121564865112305, 37.0], "angles": [0.0, 0.0, 0.012704658293911583], "sizes": [1.0, 1.0, 1.0]}, {"translations": [3074.5126724243164, 9.49099349975586, 187.0], "angles": [0.0, 0.0, -0.024780266057536967], "sizes": [0.9999999999999999, 0.9999999999999999, 1.0]}, {"translations": [3077.9605712890625, 7.635831832885742, 337.0], "angles": [0.0, 0.0, -0.002811048652944275], "sizes": [1.0, 1.0, 1.0]}, {"translations": [3096.325180053711, -5.7010817527771, 487.0], "angles": [0.0, 0.0, 0.028512802257343973], "sizes": [1.0, 1.0, 1.0]}, {"translations": [3477.410919189453, 1.9383478164672852, 37.0], "angles": [0.0, 0.0, 0.034619226984630005], "sizes": [0.9999999999999999, 0.9999999999999999, 1.0]}, {"translations": [3504.2946701049805, 3.0927324295043945, 187.0], "angles": [0.0, 0.0, -0.019492368075745607], "sizes": [1.0, 1.0, 1.0]}, {"translations": [3499.5802993774414, 5.971324443817139, 337.0], "angles": [0.0, 0.0, 0.024021466194485877], "sizes": [1.0, 1.0, 1.0]}, {"translations": [3521.5764694213867, -9.388505935668945, 487.0], "angles": [0.0, 0.0, 0.01233715527177354], "sizes": [1.0, 1.0, 1.0]}, {"translations": [3905.6462478637695, 1.735079288482666, 37.0], "angles": [0.0, 0.0, 0.01101361811424114], "sizes": [0.9999999999999999, 0.9999999999999999, 1.0]}, {"translations": [3904.621292114258, 1.8309926986694336, 187.0], "angles": [0.0, 0.0, -0.0074956255621188555], "sizes": [0.9999999999999999, 0.9999999999999999, 1.0]}, {"translations": [3882.564468383789, -8.20798110961914, 337.0], "angles": [0.0, 0.0, 0.030376262608262695], "sizes": [1.0, 1.0, 1.0]}, {"translations": [3896.6004333496094, 7.732515335083008, 487.0], "angles": [0.0, 0.0, 0.0068324946747356586], "sizes": [0.9999999999999999, 0.9999999999999999, 1.0]}], "SM_CardBoxA_01": [{"translations": [3492.325774726112, -40.11954659236998, 508.0], "angles": [0.0, 0.0, 0.3166073089376754], "sizes": [1.0000000000000002, 1.0000000000000002, 1.0]}, {"translations": [3520.836296440674, 20.602361740319065, 508.0], "angles": [0.0, 0.0, -0.7718196246321319], "sizes": [1.0000000000000004, 1.0000000000000004, 1.0]}, {"translations": [2715.5459060349704, -37.698178746868486, 208.0], "angles": [0.0, 0.0, -0.39618958522602504], "sizes": [1.0000000000000002, 1.0000000000000002, 1.0]}, {"translations": [1863.6728593167268, 11.493785566232638, 58.0], "angles": [0.0, 0.0, 0.8156785128018132], "sizes": [1.0000000000000007, 1.0000000000000007, 1.0]}, {"translations": [1118.9885999244445, -26.730630010466804, 508.0], "angles": [0.0, 0.0, 0.9986386407515524], "sizes": [1.0000000000000002, 1.0000000000000002, 1.0]}, {"translations": [3737.865609241126, -28.264831636880036, 58.0], "angles": [0.0, 0.0, 0.6498109476178114], "sizes": [0.9999999999999998, 0.9999999999999998, 1.0]}, {"translations": [3340.387022951462, 21.32804137491408, 508.0], "angles": [0.0, 0.0, 0.9787738423616517], "sizes": [1.0000000000000007, 1.0000000000000007, 1.0]}, {"translations": [2879.350873181314, 26.095528730356037, 58.0], "angles": [0.0, 0.0, 0.8867005192705372], "sizes": [1.0, 1.0, 1.0]}, {"translations": [2107.291419379893, -27.803356260001966, 508.0], "angles": [0.0, 0.0, -0.5317079754744146], "sizes": [1.0000000000000002, 1.0000000000000002, 1.0]}, {"translations": [2064.191896821111, -29.43950821053929, 358.0], "angles": [0.0, 0.0, 0.9938301152355966], "sizes": [0.9999999999999981, 0.9999999999999981, 1.0]}, {"translations": [466.85061982113945, 40.30642600899378, 508.0], "angles": [0.0, 0.0, 0.9449671888747694], "sizes": [1.0000000000000007, 1.0000000000000007, 1.0]}, {"translations": [561.5274794083075, 40.37098986878054, 358.0], "angles": [0.0, 0.0, 0.9854129913817884], "sizes": [0.9999999999999997, 0.9999999999999997, 1.0]}, {"translations": [464.1755808794677, -35.07434103723816, 208.0], "angles": [0.0, 0.0, -0.1942512063379523], "sizes": [1.0, 1.0, 1.0]}, {"translations": [3875.6535258508075, 1.0743022813285876, 58.0], "angles": [0.0, 0.0, 0.9951028540190203], "sizes": [1.0, 1.0, 1.0]}], "SM_CardBoxC_01": [{"translations": [3530.9865496050147, -22.553181628033425, 358.0], "angles": [0.0, 0.0, 0.7107322114601033], "sizes": [1.0000000000000004, 1.0000000000000004, 1.0]}, {"translations": [3096.325180053711, -5.7010817527771, 508.0], "angles": [0.0, 0.0, -0.440152041326197], "sizes": [1.0, 1.0, 1.0]}, {"translations": [650.7902304003821, 25.06197740256286, 208.0], "angles": [0.0, 0.0, 0.8500581831515169], "sizes": [1.0000000000000004, 1.0000000000000004, 1.0]}, {"translations": [243.74674612492447, 28.391744400529983, 208.0], "angles": [0.0, 0.0, -0.1930865247814874], "sizes": [1.0, 1.0, 1.0]}, {"translations": [3661.4531304328198, 21.615168482615776, 358.0], "angles": [0.0, 0.0, -0.7721221511465094], "sizes": [1.0, 1.0, 1.0]}, {"translations": [3295.7543663834495, 3.601247367889085, 358.0], "angles": [0.0, 0.0, -0.42831918409383585], "sizes": [1.0, 1.0, 1.0]}, {"translations": [2064.222417582155, 30.560484026819754, 358.0], "angles": [0.0, 0.0, 0.48219519747017225], "sizes": [0.9999999999999997, 0.9999999999999997, 1.0]}, {"translations": [2109.08053061788, 32.82406281576976, 58.0], "angles": [0.0, 0.0, -0.716239348267682], "sizes": [1.0, 1.0, 1.0]}, {"translations": [3880.74273368247, 21.736655850578092, 358.0], "angles": [0.0, 0.0, -0.5531747950516058], "sizes": [1.0, 1.0, 1.0]}], "SM_CardBoxB_02": [{"translations": [3504.2946701049805, 3.0927324295043945, 208.0], "angles": [0.0, 0.0, 0.9887546831259558], "sizes": [1.0000000000000007, 1.0000000000000007, 1.0]}, {"translations": [3046.035875514536, 40.94050919966988, 208.0], "angles": [0.0, 0.0, 0.6222885062682486], "sizes": [1.0000000000000004, 1.0000000000000004, 1.0]}, {"translations": [2746.8928105770597, -10.65988116669895, 508.0], "angles": [0.0, 0.0, -0.24349126991870676], "sizes": [1.0, 1.0, 1.0]}, {"translations": [1917.6086969168848, -20.605511266926356, 358.0], "angles": [0.0, 0.0, -0.17147368001909583], "sizes": [1.0, 1.0, 1.0]}, {"translations": [1074.6753584529313, -4.831851853482228, 358.0], "angles": [0.0, 0.0, -0.7921765239894211], "sizes": [1.0000000000000002, 1.0000000000000002, 1.0]}, {"translations": [701.1343933340224, -21.28750313465819, 358.0], "angles": [0.0, 0.0, 0.6683731675957172], "sizes": [1.0000000000000002, 1.0000000000000002, 1.0]}, {"translations": [290.7502092278128, -0.825016985933986, 358.0], "angles": [0.0, 0.0, -0.6809990348180253], "sizes": [1.0000000000000002, 1.0000000000000002, 1.0]}, {"translations": [3398.9188509193878, -40.10505324625197, 508.0], "angles": [0.0, 0.0, 0.018277593522987953], "sizes": [1.0, 1.0, 1.0]}, {"translations": [2852.5162905937123, -22.459015363775027, 358.0], "angles": [0.0, 0.0, -0.5710710692690045], "sizes": [0.9999999999999999, 0.9999999999999999, 1.0]}, {"translations": [2935.9531429319672, -37.1198417033785, 58.0], "angles": [0.0, 0.0, 0.4385223808082251], "sizes": [1.0, 1.0, 1.0]}, {"translations": [2560.399745941162, -8.810394287109375, 508.0], "angles": [0.0, 0.0, 0.990410769620495], "sizes": [0.9999999999999989, 0.9999999999999989, 1.0]}, {"translations": [2502.567538547498, 9.042923820985012, 358.0], "angles": [0.0, 0.0, -0.618410036782508], "sizes": [1.0000000000000002, 1.0000000000000002, 1.0]}, {"translations": [1744.9441440002352, 7.3883438469166345, 508.0], "angles": [0.0, 0.0, 0.31455685161777763], "sizes": [1.0, 1.0, 1.0]}, {"translations": [1725.2094770973997, 38.86408821604037, 358.0], "angles": [0.0, 0.0, 0.9863443833875203], "sizes": [1.000000000000001, 1.000000000000001, 1.0]}, {"translations": [1683.8608438632214, 7.2364275687876205, 58.0], "angles": [0.0, 0.0, 0.9632397794797947], "sizes": [1.0000000000000013, 1.0000000000000013, 1.0]}], "SM_CardBoxD_04": [{"translations": [3477.410919189453, 1.9383478164672852, 58.0], "angles": [0.0, 0.0, 0.7385687547499269], "sizes": [1.0000000000000007, 1.0000000000000007, 1.0]}, {"translations": [1866.4643285452985, 40.161493843066154, 508.0], "angles": [0.0, 0.0, 0.5352367995610456], "sizes": [1.0, 1.0, 1.0]}, {"translations": [1506.0894333386477, -28.522639481463656, 358.0], "angles": [0.0, 0.0, -0.757987060523789], "sizes": [0.9999999999999999, 0.9999999999999999, 1.0]}, {"translations": [1134.052316137068, 26.383158897377054, 358.0], "angles": [0.0, 0.0, 0.9963711165082121], "sizes": [1.0000000000000004, 1.0000000000000004, 1.0]}, {"translations": [713.3021932163018, 39.322304825810704, 508.0], "angles": [0.0, 0.0, -0.4569648317993892], "sizes": [1.0, 1.0, 1.0]}, {"translations": [303.6648957982351, 31.52468865901108, 208.0], "angles": [0.0, 0.0, -0.789415888140843], "sizes": [1.0000000000000002, 1.0000000000000002, 1.0]}, {"translations": [286.5163155521583, 28.198744691818327, 58.0], "angles": [0.0, 0.0, 0.3142959230522621], "sizes": [1.0000000000000002, 1.0000000000000002, 1.0]}, {"translations": [3764.0272085272936, -29.79146129667688, 208.0], "angles": [0.0, 0.0, -0.8607676190688973], "sizes": [1.0000000000000009, 1.0000000000000009, 1.0]}, {"translations": [2918.152227954122, -35.684472691837826, 508.0], "angles": [0.0, 0.0, 0.8175155854509571], "sizes": [1.0000000000000002, 1.0000000000000002, 1.0]}, {"translations": [2882.326144972001, 37.63568142342254, 358.0], "angles": [0.0, 0.0, 0.06621143717754091], "sizes": [1.0, 1.0, 1.0]}, {"translations": [2939.2596932735078, 22.788978388815423, 58.0], "angles": [0.0, 0.0, 0.999755597423955], "sizes": [1.0000000000000009, 1.0000000000000009, 1.0]}, {"translations": [2472.7576836558546, -35.80670731793015, 208.0], "angles": [0.0, 0.0, 0.09343654817373033], "sizes": [1.0, 1.0, 1.0]}, {"translations": [2079.9466545667337, -27.601240379468273, 58.0], "angles": [0.0, 0.0, 0.640134358367874], "sizes": [1.0, 1.0, 1.0]}, {"translations": [1270.4073614062625, -0.3232444007434099, 508.0], "angles": [0.0, 0.0, 0.78210395475635], "sizes": [1.0000000000000007, 1.0000000000000007, 1.0]}, {"translations": [1251.2426090411172, -31.077352639793993, 358.0], "angles": [0.0, 0.0, 0.9531783973663753], "sizes": [1.000000000000001, 1.000000000000001, 1.0]}, {"translations": [935.2703125531558, -25.483863554221138, 508.0], "angles": [0.0, 0.0, 0.7248396631430584], "sizes": [1.0000000000000004, 1.0000000000000004, 1.0]}, {"translations": [963.2287121088785, -36.62130411730849, 358.0], "angles": [0.0, 0.0, 0.8065247050360889], "sizes": [1.0, 1.0, 1.0]}, {"translations": [3935.067645949536, 31.37789673508304, 208.0], "angles": [0.0, 0.0, -0.027731365490100076], "sizes": [1.0, 1.0, 1.0]}], "SM_CardBoxD_01": [{"translations": [3077.791909036274, -22.363694047442504, 358.0], "angles": [0.0, 0.0, 0.775805921848073], "sizes": [1.0000000000000002, 1.0000000000000002, 1.0]}, {"translations": [3048.129707661523, 37.8040199660026, 358.0], "angles": [0.0, 0.0, -0.4030577856996899], "sizes": [0.9999999999999999, 0.9999999999999999, 1.0]}, {"translations": [3059.8234705528453, 23.715941036929863, 58.0], "angles": [0.0, 0.0, -0.8585642955666339], "sizes": [1.0, 1.0, 1.0]}, {"translations": [705.7486938241807, 38.53480232899413, 358.0], "angles": [0.0, 0.0, 0.01767114305928448], "sizes": [0.9999999999999999, 0.9999999999999999, 1.0]}, {"translations": [276.83876522006085, -29.959933143540063, 208.0], "angles": [0.0, 0.0, 0.6962984702889444], "sizes": [1.0000000000000004, 1.0000000000000004, 1.0]}, {"translations": [2890.165101321661, 25.280441339583614, 508.0], "angles": [0.0, 0.0, 0.31800830242817224], "sizes": [1.0, 1.0, 1.0]}, {"translations": [2497.2197779349585, 25.43438578530405, 58.0], "angles": [0.0, 0.0, -0.38189073009508573], "sizes": [1.0000000000000002, 1.0000000000000002, 1.0]}, {"translations": [2092.9523215231097, 30.152067769685615, 208.0], "angles": [0.0, 0.0, 0.9984762222257382], "sizes": [0.9999999999999998, 0.9999999999999998, 1.0]}, {"translations": [1343.6578696222673, 32.63095245500802, 58.0], "angles": [0.0, 0.0, 0.9950633288069171], "sizes": [0.9999999999999999, 0.9999999999999999, 1.0]}, {"translations": [932.8030106497283, 2.44643800389876, 208.0], "angles": [0.0, 0.0, -0.4664338134677157], "sizes": [0.9999999999999999, 0.9999999999999999, 1.0]}, {"translations": [77.0445785522461, -0.000858306884765625, 208.0], "angles": [0.0, 0.0, 0.47153032097836023], "sizes": [1.0, 1.0, 1.0]}, {"translations": [3927.007572482136, -21.854743574372794, 508.0], "angles": [0.0, 0.0, 0.19561155769487834], "sizes": [1.0, 1.0, 1.0]}], "SM_CardBoxB_01": [{"translations": [3102.9894693340966, -21.958522200158164, 208.0], "angles": [0.0, 0.0, 0.6082050577256847], "sizes": [1.0000000000000004, 1.0000000000000004, 1.0]}, {"translations": [2684.9814281797085, -34.493214965521155, 58.0], "angles": [0.0, 0.0, 0.7093189447376839], "sizes": [1.0000000000000007, 1.0000000000000007, 1.0]}, {"translations": [2276.2854725488787, 2.683026487871321, 508.0], "angles": [0.0, 0.0, 0.9569549299343334], "sizes": [1.0000000000000004, 1.0000000000000004, 1.0]}, {"translations": [2285.368503470983, 30.506953057998636, 358.0], "angles": [0.0, 0.0, -0.45109553069252095], "sizes": [1.0, 1.0, 1.0]}, {"translations": [3338.936389624842, -38.654419919631835, 508.0], "angles": [0.0, 0.0, 0.5611828034017586], "sizes": [1.0000000000000002, 1.0000000000000002, 1.0]}, {"translations": [2906.639471105048, -19.351876456263874, 208.0], "angles": [0.0, 0.0, 0.9975130205055256], "sizes": [1.0000000000000013, 1.0000000000000013, 1.0]}, {"translations": [2874.389716698435, 39.46949160597323, 208.0], "angles": [0.0, 0.0, 0.8942786263799587], "sizes": [1.0000000000000004, 1.0000000000000004, 1.0]}, {"translations": [2168.8635879640565, -1.1787800973042402, 508.0], "angles": [0.0, 0.0, -0.8324715071533023], "sizes": [1.0000000000000007, 1.0000000000000007, 1.0]}, {"translations": [2049.086737641231, 31.961042378591593, 58.0], "angles": [0.0, 0.0, 0.9763613094565631], "sizes": [1.000000000000001, 1.000000000000001, 1.0]}, {"translations": [1339.7404499269023, 33.286687343473915, 208.0], "angles": [0.0, 0.0, 0.9624667368768758], "sizes": [1.000000000000001, 1.000000000000001, 1.0]}, {"translations": [44.37589408309037, 21.135801733336717, 508.0], "angles": [0.0, 0.0, 0.9944121183143633], "sizes": [0.9999999999999991, 0.9999999999999991, 1.0]}], "SM_CardBoxD_02": [{"translations": [3121.3285375037954, -34.740254009952324, 58.0], "angles": [0.0, 0.0, 0.9925734231873141], "sizes": [0.9999999999999996, 0.9999999999999996, 1.0]}, {"translations": [2673.119183989999, 7.251435069926205, 358.0], "angles": [0.0, 0.0, 0.9369371570491657], "sizes": [1.0, 1.0, 1.0]}, {"translations": [1921.9877741158343, -24.00350434111303, 508.0], "angles": [0.0, 0.0, -0.684625130154333], "sizes": [1.0000000000000002, 1.0000000000000002, 1.0]}, {"translations": [1926.308550422656, 35.8407175362446, 508.0], "angles": [0.0, 0.0, -0.023051462209588144], "sizes": [1.0, 1.0, 1.0]}, {"translations": [1445.945631358618, 31.333213059344516, 358.0], "angles": [0.0, 0.0, 0.9993052992426452], "sizes": [1.0000000000000007, 1.0000000000000007, 1.0]}, {"translations": [1495.4192167836725, -26.07142473449975, 58.0], "angles": [0.0, 0.0, -0.8543886307200327], "sizes": [1.0000000000000002, 1.0000000000000002, 1.0]}, {"translations": [708.0887665451637, -23.68956223054786, 58.0], "angles": [0.0, 0.0, 0.5259124442429285], "sizes": [1.0, 1.0, 1.0]}, {"translations": [3750.8805053147576, -21.039513791150195, 508.0], "angles": [0.0, 0.0, 0.7908679184919968], "sizes": [1.0000000000000007, 1.0000000000000007, 1.0]}, {"translations": [3718.4970505104743, 37.708353020666294, 508.0], "angles": [0.0, 0.0, 0.48350721856106094], "sizes": [1.0000000000000002, 1.0000000000000002, 1.0]}, {"translations": [3252.2194641282817, -28.93318225428793, 58.0], "angles": [0.0, 0.0, -0.7559076462672153], "sizes": [1.0000000000000002, 1.0000000000000002, 1.0]}, {"translations": [2093.1148324075543, -29.847712148347725, 208.0], "angles": [0.0, 0.0, -0.08531063793363182], "sizes": [1.0, 1.0, 1.0]}, {"translations": [1703.4274065817067, -28.45528376357388, 208.0], "angles": [0.0, 0.0, -0.4612432857118455], "sizes": [1.0, 1.0, 1.0]}, {"translations": [1332.2375090458993, 25.696610380955544, 508.0], "angles": [0.0, 0.0, 0.9930972175164178], "sizes": [1.0000000000000002, 1.0000000000000002, 1.0]}, {"translations": [997.6951568071958, 31.989076338034614, 508.0], "angles": [0.0, 0.0, 0.9214653572540112], "sizes": [1.0000000000000004, 1.0000000000000004, 1.0]}, {"translations": [881.5181041523294, 1.2702620476784976, 58.0], "angles": [0.0, 0.0, -0.2055323549184635], "sizes": [1.0, 1.0, 1.0]}, {"translations": [3904.1715672148252, -28.165636237176518, 208.0], "angles": [0.0, 0.0, 0.87349561841841], "sizes": [1.0000000000000004, 1.0000000000000004, 1.0]}], "SM_CardBoxD_05": [{"translations": [2660.3681106886625, 26.764297940899247, 208.0], "angles": [0.0, 0.0, 0.9648655569883239], "sizes": [1.000000000000001, 1.000000000000001, 1.0]}, {"translations": [2306.8348611307338, -27.273448628530137, 58.0], "angles": [0.0, 0.0, 0.8943872970908742], "sizes": [0.9999999999999993, 0.9999999999999993, 1.0]}, {"translations": [1857.790519635936, -25.273023107833268, 358.0], "angles": [0.0, 0.0, 0.6332383849022146], "sizes": [1.0000000000000002, 1.0000000000000002, 1.0]}, {"translations": [1875.0908207788798, 33.63202055059895, 208.0], "angles": [0.0, 0.0, 0.9232865022292616], "sizes": [1.0, 1.0, 1.0]}, {"translations": [1456.9517836259354, -3.624515200586531, 508.0], "angles": [0.0, 0.0, 0.4769432653120381], "sizes": [1.0, 1.0, 1.0]}, {"translations": [1091.010890723963, 34.238606395226256, 508.0], "angles": [0.0, 0.0, -0.07147415189879566], "sizes": [0.9999999999999999, 0.9999999999999999, 1.0]}, {"translations": [1091.8104596503817, 32.57355339317613, 58.0], "angles": [0.0, 0.0, -0.691185691899235], "sizes": [1.0000000000000004, 1.0000000000000004, 1.0]}, {"translations": [350.6934400641794, 1.7844038114955094, 358.0], "angles": [0.0, 0.0, 0.9238697993526468], "sizes": [1.0000000000000007, 1.0000000000000007, 1.0]}, {"translations": [3707.4579446709486, 33.453446694015746, 208.0], "angles": [0.0, 0.0, 0.7714543638399666], "sizes": [1.0000000000000004, 1.0000000000000004, 1.0]}, {"translations": [3357.936908202244, -21.56483085168803, 358.0], "angles": [0.0, 0.0, 0.8020180512607732], "sizes": [1.0000000000000004, 1.0000000000000004, 1.0]}, {"translations": [3337.375300294002, -26.820047222245964, 208.0], "angles": [0.0, 0.0, 0.9829896829994901], "sizes": [1.0000000000000004, 1.0000000000000004, 1.0]}, {"translations": [3362.71615977767, 35.29147216529596, 208.0], "angles": [0.0, 0.0, -0.09377058660904529], "sizes": [1.0, 1.0, 1.0]}, {"translations": [1685.6506969673012, 38.76169462353348, 508.0], "angles": [0.0, 0.0, -0.6854413865841683], "sizes": [1.0000000000000002, 1.0000000000000002, 1.0]}, {"translations": [1647.924812046223, 35.727751376794096, 208.0], "angles": [0.0, 0.0, -0.20983118465685696], "sizes": [1.0, 1.0, 1.0]}, {"translations": [992.6537001657014, -1.7838060153733695, 208.0], "angles": [0.0, 0.0, -0.05060774075169542], "sizes": [0.9999999999999999, 0.9999999999999999, 1.0]}, {"translations": [104.37336582025078, 20.584997640542436, 508.0], "angles": [0.0, 0.0, -0.7661978930429016], "sizes": [0.9999999999999999, 0.9999999999999999, 1.0]}, {"translations": [198.57339781076058, -28.87706003595433, 358.0], "angles": [0.0, 0.0, -0.1860930379063086], "sizes": [1.0, 1.0, 1.0]}], "SM_CardBoxC_02": [{"translations": [2657.4506731885413, 26.679144230575773, 58.0], "angles": [0.0, 0.0, 0.1243401711972771], "sizes": [1.0, 1.0, 1.0]}, {"translations": [2284.114461803606, 30.140199477223035, 208.0], "angles": [0.0, 0.0, 0.6026506436467637], "sizes": [1.0000000000000002, 1.0000000000000002, 1.0]}, {"translations": [1904.0810676496794, -26.862322873973294, 208.0], "angles": [0.0, 0.0, 0.9950282662048268], "sizes": [0.9999999999999996, 0.9999999999999996, 1.0]}, {"translations": [714.5668405224694, -30.907156960363153, 208.0], "angles": [0.0, 0.0, 0.47129479649708494], "sizes": [1.0, 1.0, 1.0]}, {"translations": [275.51574888527335, -39.08921064121165, 508.0], "angles": [0.0, 0.0, -0.7757615228036998], "sizes": [1.0000000000000002, 1.0000000000000002, 1.0]}, {"translations": [3767.7193083981037, 31.808096098038064, 58.0], "angles": [0.0, 0.0, 0.3607671705717735], "sizes": [1.0, 1.0, 1.0]}, {"translations": [2472.074257438082, 24.189400294187994, 208.0], "angles": [0.0, 0.0, -0.3867415027516317], "sizes": [0.9999999999999999, 0.9999999999999999, 1.0]}, {"translations": [1684.2693951591814, -21.222403313460497, 508.0], "angles": [0.0, 0.0, 0.9865507190010753], "sizes": [1.0000000000000007, 1.0000000000000007, 1.0]}, {"translations": [1275.9399728109727, 31.29283433138185, 358.0], "angles": [0.0, 0.0, -0.7034181433554989], "sizes": [1.0000000000000004, 1.0000000000000004, 1.0]}, {"translations": [1395.8541545652852, -30.362760036345005, 208.0], "angles": [0.0, 0.0, -0.22804605006084386], "sizes": [1.0, 1.0, 1.0]}, {"translations": [938.3430960454137, 25.67400961608421, 358.0], "angles": [0.0, 0.0, 0.5605916033384892], "sizes": [1.0, 1.0, 1.0]}, {"translations": [535.184572613049, -21.32221284899322, 358.0], "angles": [0.0, 0.0, -0.8264956197736427], "sizes": [1.0000000000000007, 1.0000000000000007, 1.0]}, {"translations": [489.6219403153745, 26.994030871960792, 208.0], "angles": [0.0, 0.0, -0.22171390094543733], "sizes": [1.0, 1.0, 1.0]}, {"translations": [76.03721636380988, 30.150582100996996, 58.0], "angles": [0.0, 0.0, 0.8597121621651794], "sizes": [1.0000000000000002, 1.0000000000000002, 1.0]}, {"translations": [3866.6032343286183, 7.322575223547627, 508.0], "angles": [0.0, 0.0, 0.1604937454615792], "sizes": [1.0, 1.0, 1.0]}], "SM_CardBoxA_02": [{"translations": [2717.4008625418855, 24.23480454507103, 58.0], "angles": [0.0, 0.0, 0.1513975686725719], "sizes": [1.0, 1.0, 1.0]}, {"translations": [2252.4310858657773, -28.988166720247772, 208.0], "angles": [0.0, 0.0, 0.9859392519791123], "sizes": [1.0000000000000002, 1.0000000000000002, 1.0]}, {"translations": [1550.636285932185, 2.323217712343941, 208.0], "angles": [0.0, 0.0, 0.9950616607020413], "sizes": [0.9999999999999998, 0.9999999999999998, 1.0]}, {"translations": [1489.7997622551293, 30.588344403923145, 208.0], "angles": [0.0, 0.0, -0.7482562076456015], "sizes": [1.0000000000000004, 1.0000000000000004, 1.0]}, {"translations": [1063.1867858303435, -28.095098289913537, 58.0], "angles": [0.0, 0.0, 0.8578493523653393], "sizes": [1.0000000000000007, 1.0000000000000007, 1.0]}, {"translations": [3691.8052765829316, -38.20746288781316, 358.0], "angles": [0.0, 0.0, 0.2569587146803223], "sizes": [1.0, 1.0, 1.0]}, {"translations": [3311.3088019836878, 2.822921911835409, 58.0], "angles": [0.0, 0.0, 0.8367255408478411], "sizes": [1.0000000000000002, 1.0000000000000002, 1.0]}, {"translations": [483.43673204942843, 36.087611973301236, 58.0], "angles": [0.0, 0.0, -0.4554450004323907], "sizes": [1.0, 1.0, 1.0]}, {"translations": [137.95040975233223, -0.15680030753861784, 358.0], "angles": [0.0, 0.0, -0.8048257870173244], "sizes": [1.0000000000000004, 1.0000000000000004, 1.0]}, {"translations": [3934.9781928695775, 32.38857830859877, 58.0], "angles": [0.0, 0.0, 0.804076049773688], "sizes": [1.0, 1.0, 1.0]}], "SM_CardBoxD_03": [{"translations": [2336.124332748973, -1.7113801789723952, 508.0], "angles": [0.0, 0.0, -0.14254247536489908], "sizes": [1.0, 1.0, 1.0]}, {"translations": [1088.2214695589046, 2.8662265838884666, 208.0], "angles": [0.0, 0.0, 0.8955702988632532], "sizes": [1.0000000000000002, 1.0000000000000002, 1.0]}, {"translations": [685.0668823962461, -21.528062657836024, 508.0], "angles": [0.0, 0.0, -0.07012423774076373], "sizes": [1.0, 1.0, 1.0]}, {"translations": [654.6939682799627, -34.81089483994382, 208.0], "angles": [0.0, 0.0, -0.8033814135624239], "sizes": [1.0, 1.0, 1.0]}, {"translations": [2563.057094394212, -19.957311237842426, 358.0], "angles": [0.0, 0.0, 0.5346173654955053], "sizes": [1.0, 1.0, 1.0]}, {"translations": [1283.7040637956022, 34.984920784987104, 58.0], "angles": [0.0, 0.0, -0.6937281406663902], "sizes": [1.0000000000000002, 1.0000000000000002, 1.0]}, {"translations": [526.7291459644381, 36.49039313357247, 508.0], "angles": [0.0, 0.0, 0.9997113495301635], "sizes": [1.000000000000001, 1.000000000000001, 1.0]}]}