{"SM_RackShelf_01": [{"translations": [200.0, 0.0, 37.0], "angles": [0.0, 0.0, 0.0], "sizes": [1.0, 1.0, 1.0]}, {"translations": [200.0, 0.0, 187.0], "angles": [0.0, 0.0, 0.0], "sizes": [1.0, 1.0, 1.0]}, {"translations": [200.0, 0.0, 337.0], "angles": [0.0, 0.0, 0.0], "sizes": [1.0, 1.0, 1.0]}, {"translations": [200.0, 0.0, 487.0], "angles": [0.0, 0.0, 0.0], "sizes": [1.0, 1.0, 1.0]}, {"translations": [200.0, 0.0, 637.0], "angles": [0.0, 0.0, 0.0], "sizes": [1.0, 1.0, 1.0]}, {"translations": [600.0, 0.0, 37.0], "angles": [0.0, 0.0, 0.0], "sizes": [1.0, 1.0, 1.0]}, {"translations": [600.0, 0.0, 187.0], "angles": [0.0, 0.0, 0.0], "sizes": [1.0, 1.0, 1.0]}, {"translations": [600.0, 0.0, 337.0], "angles": [0.0, 0.0, 0.0], "sizes": [1.0, 1.0, 1.0]}, {"translations": [600.0, 0.0, 487.0], "angles": [0.0, 0.0, 0.0], "sizes": [1.0, 1.0, 1.0]}, {"translations": [600.0, 0.0, 637.0], "angles": [0.0, 0.0, 0.0], "sizes": [1.0, 1.0, 1.0]}, {"translations": [1000.0, 0.0, 37.0], "angles": [0.0, 0.0, 0.0], "sizes": [1.0, 1.0, 1.0]}, {"translations": [1000.0, 0.0, 187.0], "angles": [0.0, 0.0, 0.0], "sizes": [1.0, 1.0, 1.0]}, {"translations": [1000.0, 0.0, 337.0], "angles": [0.0, 0.0, 0.0], "sizes": [1.0, 1.0, 1.0]}, {"translations": [1000.0, 0.0, 487.0], "angles": [0.0, 0.0, 0.0], "sizes": [1.0, 1.0, 1.0]}, {"translations": [1000.0, 0.0, 637.0], "angles": [0.0, 0.0, 0.0], "sizes": [1.0, 1.0, 1.0]}, {"translations": [1400.0, 0.0, 37.0], "angles": [0.0, 0.0, 0.0], "sizes": [1.0, 1.0, 1.0]}, {"translations": [1400.0, 0.0, 187.0], "angles": [0.0, 0.0, 0.0], "sizes": [1.0, 1.0, 1.0]}, {"translations": [1400.0, 0.0, 337.0], "angles": [0.0, 0.0, 0.0], "sizes": [1.0, 1.0, 1.0]}, {"translations": [1400.0, 0.0, 487.0], "angles": [0.0, 0.0, 0.0], "sizes": [1.0, 1.0, 1.0]}, {"translations": [1400.0, 0.0, 637.0], "angles": [0.0, 0.0, 0.0], "sizes": [1.0, 1.0, 1.0]}, {"translations": [1800.0, 0.0, 37.0], "angles": [0.0, 0.0, 0.0], "sizes": [1.0, 1.0, 1.0]}, {"translations": [1800.0, 0.0, 187.0], "angles": [0.0, 0.0, 0.0], "sizes": [1.0, 1.0, 1.0]}, {"translations": [1800.0, 0.0, 337.0], "angles": [0.0, 0.0, 0.0], "sizes": [1.0, 1.0, 1.0]}, {"translations": [1800.0, 0.0, 487.0], "angles": [0.0, 0.0, 0.0], "sizes": [1.0, 1.0, 1.0]}, {"translations": [1800.0, 0.0, 637.0], "angles": [0.0, 0.0, 0.0], "sizes": [1.0, 1.0, 1.0]}], "SM_RackFrame_03": [{"translations": [0.0, 0.0, 0.0], "angles": [0.0, 0.0, 0.0], "sizes": [1.0, 1.0, 1.0]}, {"translations": [400.0, 0.0, 0.0], "angles": [0.0, 0.0, 0.0], "sizes": [1.0, 1.0, 1.0]}, {"translations": [800.0, 0.0, 0.0], "angles": [0.0, 0.0, 0.0], "sizes": [1.0, 1.0, 1.0]}, {"translations": [1200.0, 0.0, 0.0], "angles": [0.0, 0.0, 0.0], "sizes": [1.0, 1.0, 1.0]}, {"translations": [1600.0, 0.0, 0.0], "angles": [0.0, 0.0, 0.0], "sizes": [1.0, 1.0, 1.0]}, {"translations": [0.0, 0.0, 300.0], "angles": [0.0, 0.0, 0.0], "sizes": [1.0, 1.0, 1.0]}, {"translations": [400.0, 0.0, 300.0], "angles": [0.0, 0.0, 0.0], "sizes": [1.0, 1.0, 1.0]}, {"translations": [800.0, 0.0, 300.0], "angles": [0.0, 0.0, 0.0], "sizes": [1.0, 1.0, 1.0]}, {"translations": [1200.0, 0.0, 300.0], "angles": [0.0, 0.0, 0.0], "sizes": [1.0, 1.0, 1.0]}, {"translations": [1600.0, 0.0, 300.0], "angles": [0.0, 0.0, 0.0], "sizes": [1.0, 1.0, 1.0]}, {"translations": [0.0, 0.0, 600.0], "angles": [0.0, 0.0, 0.0], "sizes": [1.0, 1.0, 1.0]}, {"translations": [400.0, 0.0, 600.0], "angles": [0.0, 0.0, 0.0], "sizes": [1.0, 1.0, 1.0]}, {"translations": [800.0, 0.0, 600.0], "angles": [0.0, 0.0, 0.0], "sizes": [1.0, 1.0, 1.0]}, {"translations": [1200.0, 0.0, 600.0], "angles": [0.0, 0.0, 0.0], "sizes": [1.0, 1.0, 1.0]}, {"translations": [1600.0, 0.0, 600.0], "angles": [0.0, 0.0, 0.0], "sizes": [1.0, 1.0, 1.0]}, {"translations": [2000.0, 0.0, 0.0], "angles": [0.0, 0.0, 0.0], "sizes": [1.0, 1.0, 1.0]}, {"translations": [2000.0, 0.0, 300.0], "angles": [0.0, 0.0, 0.0], "sizes": [1.0, 1.0, 1.0]}, {"translations": [2000.0, 0.0, 600.0], "angles": [0.0, 0.0, 0.0], "sizes": [1.0, 1.0, 1.0]}], "SM_PaletteA_01": [{"translations": [104.04623413085938, -1.7162489891052246, 37.0], "angles": [0.0, 0.0, -0.03108168987603155], "sizes": [1.0, 1.0, 1.0]}, {"translations": [77.0445785522461, -0.000858306884765625, 187.0], "angles": [0.0, 0.0, 0.03428119381472213], "sizes": [1.0, 1.0, 1.0]}, {"translations": [167.94365692138672, 0.4796934127807617, 337.0], "angles": [0.0, 0.0, 0.030831464394832763], "sizes": [0.9999999999999999, 0.9999999999999999, 1.0]}, {"translations": [74.09922790527344, -9.138336181640625, 487.0], "angles": [0.0, 0.0, 0.011301226808866251], "sizes": [1.0, 1.0, 1.0]}, {"translations": [106.05471801757812, -5.421197414398193, 637.0], "angles": [0.0, 0.0, 0.0424353408681661], "sizes": [1.0, 1.0, 1.0]}, {"translations": [482.2792282104492, 6.109950542449951, 37.0], "angles": [0.0, 0.0, -0.009911093415032029], "sizes": [1.0, 1.0, 1.0]}, {"translations": [491.85707092285156, -2.9225897789001465, 187.0], "angles": [0.0, 0.0, 0.016882822557199903], "sizes": [1.0, 1.0, 1.0]}, {"translations": [533.3830947875977, 8.623649597167969, 337.0], "angles": [0.0, 0.0, 0.0429754859873909], "sizes": [0.9999999999999999, 0.9999999999999999, 1.0]}, {"translations": [494.8818664550781, 8.459146499633789, 487.0], "angles": [0.0, 0.0, 0.018283471260683703], "sizes": [1.0, 1.0, 1.0]}, {"translations": [541.5834045410156, 7.324190139770508, 637.0], "angles": [0.0, 0.0, -0.00951162768944766], "sizes": [1.0, 1.0, 1.0]}, {"translations": [911.4894409179688, 2.581357955932617, 37.0], "angles": [0.0, 0.0, -0.015364971412343659], "sizes": [1.0, 1.0, 1.0]}, {"translations": [962.7283554077148, 0.3313159942626953, 187.0], "angles": [0.0, 0.0, 0.014901618849193974], "sizes": [1.0, 1.0, 1.0]}, {"translations": [935.8382797241211, -4.22123908996582, 337.0], "angles": [0.0, 0.0, -0.003442232940803476], "sizes": [1.0, 1.0, 1.0]}, {"translations": [966.4827346801758, 3.2526063919067383, 487.0], "angles": [0.0, 0.0, -0.01754054773622452], "sizes": [1.0, 1.0, 1.0]}, {"translations": [881.7578506469727, 2.102322578430176, 637.0], "angles": [0.0, 0.0, 0.005588786102325691], "sizes": [1.0, 1.0, 1.0]}, {"translations": [1312.5039825439453, 3.831033706665039, 37.0], "angles": [0.0, 0.0, 0.01886928639480483], "sizes": [1.0, 1.0, 1.0]}, {"translations": [1367.7973022460938, 1.4619636535644531, 187.0], "angles": [0.0, 0.0, -0.039090431520671085], "sizes": [1.0, 1.0, 1.0]}, {"translations": [1278.5350646972656, 1.4052867889404297, 337.0], "angles": [0.0, 0.0, -0.020493545577548587], "sizes": [1.0, 1.0, 1.0]}, {"translations": [1300.343391418457, -2.281332015991211, 487.0], "angles": [0.0, 0.0, 0.015082698650942191], "sizes": [0.9999999999999999, 0.9999999999999999, 1.0]}, {"translations": [1315.598030090332, -4.324848651885986, 637.0], "angles": [0.0, 0.0, 0.015934833684362357], "sizes": [1.0, 1.0, 1.0]}, {"translations": [1713.750633239746, 9.805569648742676, 37.0], "angles": [0.0, 0.0, -0.014725866383930749], "sizes": [1.0, 1.0, 1.0]}, {"translations": [1675.6761093139648, 3.6362338066101074, 187.0], "angles": [0.0, 0.0, 0.01939118500191844], "sizes": [0.9999999999999999, 0.9999999999999999, 1.0]}, {"translations": [1697.231704711914, 6.969821453094482, 337.0], "angles": [0.0, 0.0, 0.037227514397456966], "sizes": [1.0, 1.0, 1.0]}, {"translations": [1714.9520950317383, 8.078994750976562, 487.0], "angles": [0.0, 0.0, 0.001450132317196419], "sizes": [1.0, 1.0, 1.0]}, {"translations": [1734.4088516235352, 9.549428939819336, 637.0], "angles": [0.0, 0.0, 0.011394436646423596], "sizes": [1.0, 1.0, 1.0]}, {"translations": [288.7731170654297, -1.7162489891052246, 37.0], "angles": [0.0, 0.0, 0.013663338928279839], "sizes": [1.0, 1.0, 1.0]}, {"translations": [275.2722930908203, -0.000858306884765625, 187.0], "angles": [0.0, 0.0, 0.036453043988543904], "sizes": [1.0, 1.0, 1.0]}, {"translations": [320.7218246459961, 0.4796934127807617, 337.0], "angles": [0.0, 0.0, -0.01852578411128736], "sizes": [0.9999999999999999, 0.9999999999999999, 1.0]}, {"translations": [273.7996139526367, -9.138336181640625, 487.0], "angles": [0.0, 0.0, 0.017716293215327503], "sizes": [1.0, 1.0, 1.0]}, {"translations": [289.77735900878906, -5.421197414398193, 637.0], "angles": [0.0, 0.0, -0.006579492258618564], "sizes": [0.9999999999999999, 0.9999999999999999, 1.0]}, {"translations": [677.8896102905273, 6.109950542449951, 37.0], "angles": [0.0, 0.0, -0.023582156627691375], "sizes": [1.0, 1.0, 1.0]}, {"translations": [682.6785354614258, -2.9225897789001465, 187.0], "angles": [0.0, 0.0, 0.025025209213943942], "sizes": [0.9999999999999999, 0.9999999999999999, 1.0]}, {"translations": [703.4415435791016, 8.623649597167969, 337.0], "angles": [0.0, 0.0, -0.0391463150965794], "sizes": [1.0, 1.0, 1.0]}, {"translations": [684.1909332275391, 8.459146499633789, 487.0], "angles": [0.0, 0.0, -0.009453038699061406], "sizes": [1.0, 1.0, 1.0]}, {"translations": [707.5417022705078, 7.324190139770508, 637.0], "angles": [0.0, 0.0, 0.012736613641256816], "sizes": [1.0, 1.0, 1.0]}, {"translations": [1092.4947204589844, 2.581357955932617, 37.0], "angles": [0.0, 0.0, 0.002217147410323823], "sizes": [1.0, 1.0, 1.0]}, {"translations": [1118.1141815185547, 0.3313159942626953, 187.0], "angles": [0.0, 0.0, -0.038784391934950556], "sizes": [0.9999999999999999, 0.9999999999999999, 1.0]}, {"translations": [1104.6691436767578, -4.22123908996582, 337.0], "angles": [0.0, 0.0, -0.028419627312600323], "sizes": [1.0, 1.0, 1.0]}, {"translations": [1119.9913635253906, 3.2526063919067383, 487.0], "angles": [0.0, 0.0, 0.0041692914429746234], "sizes": [1.0, 1.0, 1.0]}, {"translations": [1077.6289291381836, 2.102322578430176, 637.0], "angles": [0.0, 0.0, -0.029098473278202225], "sizes": [1.0, 1.0, 1.0]}, {"translations": [1493.0019912719727, 3.831033706665039, 37.0], "angles": [0.0, 0.0, 0.02663060521895931], "sizes": [1.0, 1.0, 1.0]}, {"translations": [1520.6486511230469, 1.4619636535644531, 187.0], "angles": [0.0, 0.0, 0.023321230301219503], "sizes": [0.9999999999999999, 0.9999999999999999, 1.0]}, {"translations": [1476.0175323486328, 1.4052867889404297, 337.0], "angles": [0.0, 0.0, 0.0138231187035537], "sizes": [0.9999999999999999, 0.9999999999999999, 1.0]}, {"translations": [1486.9216995239258, -2.281332015991211, 487.0], "angles": [0.0, 0.0, 0.03648231927461444], "sizes": [1.0, 1.0, 1.0]}, {"translations": [1494.5490188598633, -4.324848651885986, 637.0], "angles": [0.0, 0.0, -0.0397716913197239], "sizes": [0.9999999999999999, 0.9999999999999999, 1.0]}, {"translations": [1893.6253204345703, 9.805569648742676, 37.0], "angles": [0.0, 0.0, -0.014249196020865475], "sizes": [1.0, 1.0, 1.0]}, {"translations": [1874.5880508422852, 3.6362338066101074, 187.0], "angles": [0.0, 0.0, 0.025166316457309077], "sizes": [1.0, 1.0, 1.0]}, {"translations": [1885.365852355957, 6.969821453094482, 337.0], "angles": [0.0, 0.0, 0.036745803754108505], "sizes": [1.0, 1.0, 1.0]}, {"translations": [1894.2260513305664, 8.078994750976562, 487.0], "angles": [0.0, 0.0, -0.03217307289777403], "sizes": [1.0, 1.0, 1.0]}, {"translations": [1903.9544296264648, 9.549428939819336, 637.0], "angles": [0.0, 0.0, 0.0401815027496287], "sizes": [1.0, 1.0, 1.0]}], "SM_CardBoxA_01": [{"translations": [1876.4602459398468, -22.762640993976326, 658.0], "angles": [0.0, 0.0, 0.7912063606478791], "sizes": [1.0000000000000007, 1.0000000000000007, 1.0]}, {"translations": [1674.512856977487, 33.61367272326339, 208.0], "angles": [0.0, 0.0, 0.7410703556982123], "sizes": [1.0000000000000002, 1.0000000000000002, 1.0]}, {"translations": [1313.6359381574246, -26.14760329519201, 58.0], "angles": [0.0, 0.0, 0.9979052427353822], "sizes": [1.0000000000000007, 1.0000000000000007, 1.0]}], "SM_CardBoxD_02": [{"translations": [1936.2664995602604, -17.94475474679879, 658.0], "angles": [0.0, 0.0, 0.9977922880648612], "sizes": [1.0000000000000007, 1.0000000000000007, 1.0]}, {"translations": [1105.8329567779738, -29.592043244124913, 658.0], "angles": [0.0, 0.0, -0.6837826367624719], "sizes": [1.0000000000000002, 1.0000000000000002, 1.0]}, {"translations": [1120.241518837717, -26.746350628625073, 508.0], "angles": [0.0, 0.0, 0.7870964161250228], "sizes": [1.0000000000000004, 1.0000000000000004, 1.0]}, {"translations": [676.7873007186802, 36.55032202869731, 658.0], "angles": [0.0, 0.0, 0.6636017068035197], "sizes": [1.0000000000000002, 1.0000000000000002, 1.0]}, {"translations": [1279.7644191950974, 31.380087664320087, 358.0], "angles": [0.0, 0.0, -0.005543133362458784], "sizes": [0.9999999999999999, 0.9999999999999999, 1.0]}, {"translations": [882.4253953151209, 33.48898247150447, 58.0], "angles": [0.0, 0.0, 0.4532502357424452], "sizes": [1.0, 1.0, 1.0]}], "SM_CardBoxD_05": [{"translations": [1871.6423596926693, 37.043612626437465, 658.0], "angles": [0.0, 0.0, -0.39718846048694584], "sizes": [1.0, 1.0, 1.0]}, {"translations": [1467.028339527108, 27.964657523707068, 658.0], "angles": [0.0, 0.0, -0.18020720709902494], "sizes": [1.0, 1.0, 1.0]}, {"translations": [1446.0289970652743, 0.5759789095823117, 358.0], "angles": [0.0, 0.0, 0.8737162673959111], "sizes": [1.0000000000000002, 1.0000000000000002, 1.0]}, {"translations": [1489.2823906620627, 30.030437618648765, 208.0], "angles": [0.0, 0.0, 0.320737974219111], "sizes": [1.0, 1.0, 1.0]}, {"translations": [1088.2044352620205, 2.656628633401848, 208.0], "angles": [0.0, 0.0, 0.9999699424942201], "sizes": [1.0000000000000002, 1.0000000000000002, 1.0]}, {"translations": [681.177493151673, 27.039834555327754, 208.0], "angles": [0.0, 0.0, 0.9213628821983506], "sizes": [1.0000000000000009, 1.0000000000000009, 1.0]}, {"translations": [647.9229773772001, 7.52448645146522, 58.0], "angles": [0.0, 0.0, -0.050782128054346544], "sizes": [0.9999999999999999, 0.9999999999999999, 1.0]}, {"translations": [277.45802205620635, -29.921128841922922, 208.0], "angles": [0.0, 0.0, -0.2242586284502538], "sizes": [1.0, 1.0, 1.0]}, {"translations": [1270.3570406863728, -3.1861909952956355, 508.0], "angles": [0.0, 0.0, 0.27745016460463157], "sizes": [1.0, 1.0, 1.0]}, {"translations": [103.41353453549114, 21.53203106085542, 508.0], "angles": [0.0, 0.0, -0.7558895815431758], "sizes": [1.0, 1.0, 1.0]}, {"translations": [199.73563059176874, -27.614263413229626, 358.0], "angles": [0.0, 0.0, -0.1661823268533912], "sizes": [1.0, 1.0, 1.0]}, {"translations": [1866.2175427661205, 39.946273392168266, 508.0], "angles": [0.0, 0.0, 0.5028225883787567], "sizes": [1.0, 1.0, 1.0]}], "SM_CardBoxD_01": [{"translations": [1887.5691115932475, -22.94916330129339, 358.0], "angles": [0.0, 0.0, 0.992821416611851], "sizes": [1.0000000000000004, 1.0000000000000004, 1.0]}, {"translations": [1913.0815778730544, 39.092065444772885, 358.0], "angles": [0.0, 0.0, 0.6859049203440675], "sizes": [1.0000000000000002, 1.0000000000000002, 1.0]}, {"translations": [1150.349240414228, 27.915749611657713, 208.0], "angles": [0.0, 0.0, 0.20953616445716713], "sizes": [1.0, 1.0, 1.0]}, {"translations": [738.2961038223355, -21.901941749156297, 658.0], "angles": [0.0, 0.0, 0.7061084781546858], "sizes": [1.0000000000000004, 1.0000000000000004, 1.0]}, {"translations": [1697.231704711914, 6.969821453094482, 358.0], "angles": [0.0, 0.0, 0.910469628407344], "sizes": [1.0000000000000002, 1.0000000000000002, 1.0]}, {"translations": [76.16276350685396, -7.965024359926909, 658.0], "angles": [0.0, 0.0, 0.910090235697313], "sizes": [1.0, 1.0, 1.0]}, {"translations": [77.0445785522461, -0.000858306884765625, 208.0], "angles": [0.0, 0.0, 0.46695366869487503], "sizes": [1.0, 1.0, 1.0]}], "SM_CardBoxD_03": [{"translations": [1853.2436083642785, 34.68554697019182, 358.0], "angles": [0.0, 0.0, 0.9976423686753593], "sizes": [0.9999999999999996, 0.9999999999999996, 1.0]}, {"translations": [1922.7582730970164, -21.037112938342304, 58.0], "angles": [0.0, 0.0, -0.6158196202746559], "sizes": [1.0000000000000002, 1.0000000000000002, 1.0]}, {"translations": [1526.8385250354563, 23.19583068086919, 658.0], "angles": [0.0, 0.0, -0.6805314474872074], "sizes": [1.0000000000000004, 1.0000000000000004, 1.0]}, {"translations": [1122.6274540320774, -27.285318581857794, 58.0], "angles": [0.0, 0.0, -0.7668864833519892], "sizes": [1.0000000000000002, 1.0000000000000002, 1.0]}, {"translations": [654.1962948239778, 9.026303479322003, 508.0], "angles": [0.0, 0.0, 0.9165310736275262], "sizes": [0.9999999999999998, 0.9999999999999998, 1.0]}, {"translations": [1340.2326191845382, 33.71391317163226, 208.0], "angles": [0.0, 0.0, 0.4461390066014848], "sizes": [1.0, 1.0, 1.0]}, {"translations": [880.581816402397, -26.482687646915277, 58.0], "angles": [0.0, 0.0, 0.026720964484514022], "sizes": [1.0, 1.0, 1.0]}, {"translations": [535.9592417134522, -21.265536859080886, 358.0], "angles": [0.0, 0.0, -0.6364055342940063], "sizes": [1.0000000000000002, 1.0000000000000002, 1.0]}], "SM_CardBoxB_02": [{"translations": [1906.0595509772704, -24.81626484032102, 208.0], "angles": [0.0, 0.0, 0.9230512193204373], "sizes": [1.0000000000000004, 1.0000000000000004, 1.0]}, {"translations": [1514.6543599701065, 29.826292383469465, 508.0], "angles": [-0.0, -0.0, 0.03422616942927535], "sizes": [0.9999999999999999, 0.9999999999999999, 1.0]}, {"translations": [1549.2171250881313, 32.82822411454863, 208.0], "angles": [0.0, 0.0, -0.7899249908023405], "sizes": [1.0, 1.0, 1.0]}, {"translations": [1109.3232949607386, 30.30635021822042, 658.0], "angles": [0.0, 0.0, 0.8884162132120523], "sizes": [1.0, 1.0, 1.0]}, {"translations": [274.86242471564657, -39.119504158923135, 508.0], "angles": [0.0, 0.0, 0.4172799742067332], "sizes": [0.9999999999999999, 0.9999999999999999, 1.0]}, {"translations": [287.95339325626793, 28.272549801054634, 58.0], "angles": [0.0, 0.0, 0.8212217189370733], "sizes": [1.0000000000000002, 1.0000000000000002, 1.0]}, {"translations": [1764.4010616323458, 10.233050755883577, 658.0], "angles": [0.0, 0.0, 0.9388505026841385], "sizes": [1.0000000000000004, 1.0000000000000004, 1.0]}, {"translations": [1284.6572965971245, 24.70394758396078, 658.0], "angles": [0.0, 0.0, -0.2647158616608593], "sizes": [1.0, 1.0, 1.0]}, {"translations": [936.0448124769584, 25.778049971977055, 358.0], "angles": [0.0, 0.0, 0.9243589654017177], "sizes": [1.0, 1.0, 1.0]}, {"translations": [993.6090297676757, -28.761362656457234, 208.0], "angles": [0.0, 0.0, 0.9017213261718589], "sizes": [1.0, 1.0, 1.0]}, {"translations": [462.8869976846708, -33.91831297701966, 208.0], "angles": [0.0, 0.0, 0.9483566964811316], "sizes": [1.000000000000001, 1.000000000000001, 1.0]}, {"translations": [521.8399691410017, -1.9097647989307582, 208.0], "angles": [0.0, 0.0, -0.09403133567545151], "sizes": [0.9999999999999999, 0.9999999999999999, 1.0]}, {"translations": [1922.2345598950124, -23.788283890215137, 508.0], "angles": [0.0, 0.0, 0.3225205363218269], "sizes": [1.0, 1.0, 1.0]}], "SM_CardBoxB_01": [{"translations": [1844.626051451327, 2.1267330625830017, 208.0], "angles": [0.0, 0.0, -0.7958141037679671], "sizes": [1.0, 1.0, 1.0]}, {"translations": [1862.7826378474854, -19.327383013703418, 58.0], "angles": [0.0, 0.0, -0.45482120253280184], "sizes": [1.0, 1.0, 1.0]}, {"translations": [1894.4801853968897, 39.793387273508216, 58.0], "angles": [0.0, 0.0, -0.6528960520036131], "sizes": [1.0000000000000004, 1.0000000000000004, 1.0]}, {"translations": [1524.5567095524852, -24.529145316703026, 58.0], "angles": [0.0, 0.0, 0.9497828719939359], "sizes": [1.0000000000000007, 1.0000000000000007, 1.0]}, {"translations": [1073.013115304957, -32.468289692174395, 358.0], "angles": [0.0, 0.0, -0.09471143859176087], "sizes": [0.9999999999999999, 0.9999999999999999, 1.0]}, {"translations": [714.1855716311003, 7.891989519945575, 508.0], "angles": [0.0, 0.0, -0.795866991979143], "sizes": [1.0000000000000002, 1.0000000000000002, 1.0]}, {"translations": [733.3495975399632, 6.276671055682513, 358.0], "angles": [0.0, 0.0, 0.012806928882337929], "sizes": [1.0, 1.0, 1.0]}, {"translations": [290.1721199994827, 24.576205202498933, 658.0], "angles": [0.0, 0.0, 0.2869817105583223], "sizes": [1.0, 1.0, 1.0]}, {"translations": [1714.8650871841903, 38.07886857795232, 508.0], "angles": [0.0, 0.0, 0.8451051466439672], "sizes": [0.9999999999999998, 0.9999999999999998, 1.0]}, {"translations": [1277.3057101994339, -28.569514086439227, 358.0], "angles": [0.0, 0.0, 0.6934235611969625], "sizes": [1.0000000000000009, 1.0000000000000009, 1.0]}, {"translations": [511.58883280469377, 7.894861984741891, 658.0], "angles": [0.0, 0.0, 0.9812471589361299], "sizes": [1.0, 1.0, 1.0]}, {"translations": [43.428860662777396, 20.17597044857708, 508.0], "angles": [0.0, 0.0, 0.9926089901779175], "sizes": [1.0, 1.0, 1.0]}], "SM_CardBoxD_04": [{"translations": [1462.2595126842702, -31.845527984641162, 658.0], "angles": [0.0, 0.0, 0.9933422906487354], "sizes": [1.0, 1.0, 1.0]}, {"translations": [1552.014911584031, -27.10651031151986, 208.0], "angles": [0.0, 0.0, -0.18723600169418395], "sizes": [1.0, 1.0, 1.0]}, {"translations": [1076.4220930745491, 27.43478928183515, 358.0], "angles": [0.0, 0.0, 0.8445896625269353], "sizes": [1.0000000000000002, 1.0000000000000002, 1.0]}, {"translations": [289.59284087459145, -31.705047779265083, 58.0], "angles": [0.0, 0.0, -0.10592559725973721], "sizes": [1.0, 1.0, 1.0]}, {"translations": [1742.8541659930866, -21.064875461025878, 58.0], "angles": [0.0, 0.0, 0.130836067129402], "sizes": [0.9999999999999999, 0.9999999999999999, 1.0]}, {"translations": [851.4244027895732, 31.765126577418904, 658.0], "angles": [0.0, 0.0, -0.0475571259250457], "sizes": [0.9999999999999999, 0.9999999999999999, 1.0]}, {"translations": [452.8797583940611, 36.6986931533401, 58.0], "angles": [0.0, 0.0, 0.9979719478038859], "sizes": [1.0000000000000004, 1.0000000000000004, 1.0]}], "SM_CardBoxA_02": [{"translations": [1459.189039077745, -34.38895641545189, 508.0], "angles": [0.0, 0.0, 0.41086294414939684], "sizes": [1.0, 1.0, 1.0]}, {"translations": [911.4206546459613, 32.43577043582974, 658.0], "angles": [0.0, 0.0, 0.020561655091667925], "sizes": [0.9999999999999999, 0.9999999999999999, 1.0]}, {"translations": [966.4827346801758, 3.2526063919067383, 508.0], "angles": [0.0, 0.0, 0.27918585637906307], "sizes": [1.0, 1.0, 1.0]}, {"translations": [138.00069167319052, -1.3693150094050606, 358.0], "angles": [0.0, 0.0, -0.7926568229315458], "sizes": [1.0000000000000004, 1.0000000000000004, 1.0]}], "SM_CardBoxC_02": [{"translations": [1506.8353755113494, -27.7539406150599, 358.0], "angles": [0.0, 0.0, 0.9995543371197372], "sizes": [1.000000000000001, 1.000000000000001, 1.0]}, {"translations": [1062.628043921194, -27.551375617160282, 58.0], "angles": [0.0, 0.0, 0.4155244086849096], "sizes": [0.9999999999999999, 0.9999999999999999, 1.0]}, {"translations": [671.1865110767545, -18.937425822208134, 358.0], "angles": [0.0, 0.0, 0.35544178110230257], "sizes": [1.0, 1.0, 1.0]}, {"translations": [706.4417072948393, -25.27121827989254, 58.0], "angles": [0.0, 0.0, 0.2593673902171595], "sizes": [1.0, 1.0, 1.0]}, {"translations": [1683.7636443081915, 10.689025826956673, 58.0], "angles": [0.0, 0.0, 0.6995204129045934], "sizes": [1.0000000000000002, 1.0000000000000002, 1.0]}, {"translations": [530.8069478617431, 38.51283605341682, 358.0], "angles": [0.0, 0.0, 0.9063375454849917], "sizes": [0.9999999999999998, 0.9999999999999998, 1.0]}, {"translations": [511.6786980268373, -24.478792068440203, 58.0], "angles": [0.0, 0.0, 0.19848574139683495], "sizes": [1.0, 1.0, 1.0]}, {"translations": [75.96819877849438, 30.089787085063797, 58.0], "angles": [0.0, 0.0, 0.8602653105220274], "sizes": [1.0, 1.0, 1.0]}], "SM_CardBoxC_01": [{"translations": [1049.4249014983934, 33.79668840098526, 658.0], "angles": [0.0, 0.0, -0.15761390089174263], "sizes": [1.0, 1.0, 1.0]}, {"translations": [1145.6986151359497, -31.90374290141063, 208.0], "angles": [0.0, 0.0, 0.8182673673364153], "sizes": [0.9999999999999999, 0.9999999999999999, 1.0]}, {"translations": [736.7678341594346, 38.078591691598106, 658.0], "angles": [0.0, 0.0, -0.09299684822311186], "sizes": [1.0, 1.0, 1.0]}, {"translations": [302.71797116690936, 21.90564255865176, 508.0], "angles": [0.0, 0.0, -0.6441919454591453], "sizes": [1.0, 1.0, 1.0]}, {"translations": [290.74241692661235, 1.5910496990166012, 358.0], "angles": [0.0, 0.0, -0.22102395804666403], "sizes": [1.0, 1.0, 1.0]}, {"translations": [1346.5387635835395, -33.353644887732756, 658.0], "angles": [0.0, 0.0, 0.8759921594550819], "sizes": [1.0000000000000002, 1.0000000000000002, 1.0]}, {"translations": [1395.3619853076493, -30.78998586450335, 208.0], "angles": [0.0, 0.0, -0.05884408112771512], "sizes": [1.0, 1.0, 1.0]}, {"translations": [912.0912985043722, -27.560481420558553, 658.0], "angles": [0.0, 0.0, 0.9490994672025899], "sizes": [1.0, 1.0, 1.0]}, {"translations": [460.86134772473207, 26.047483459280592, 208.0], "angles": [0.0, 0.0, 0.7504198694675698], "sizes": [1.0000000000000007, 1.0000000000000007, 1.0]}]}