{"SM_RackShelf_01": [{"translations": [200.0, 0.0, 37.0], "angles": [0.0, 0.0, 0.0], "sizes": [1.0, 1.0, 1.0]}, {"translations": [200.0, 0.0, 187.0], "angles": [0.0, 0.0, 0.0], "sizes": [1.0, 1.0, 1.0]}, {"translations": [200.0, 0.0, 337.0], "angles": [0.0, 0.0, 0.0], "sizes": [1.0, 1.0, 1.0]}, {"translations": [200.0, 0.0, 487.0], "angles": [0.0, 0.0, 0.0], "sizes": [1.0, 1.0, 1.0]}, {"translations": [200.0, 0.0, 637.0], "angles": [0.0, 0.0, 0.0], "sizes": [1.0, 1.0, 1.0]}, {"translations": [200.0, 0.0, 787.0], "angles": [0.0, 0.0, 0.0], "sizes": [1.0, 1.0, 1.0]}, {"translations": [600.0, 0.0, 37.0], "angles": [0.0, 0.0, 0.0], "sizes": [1.0, 1.0, 1.0]}, {"translations": [600.0, 0.0, 187.0], "angles": [0.0, 0.0, 0.0], "sizes": [1.0, 1.0, 1.0]}, {"translations": [600.0, 0.0, 337.0], "angles": [0.0, 0.0, 0.0], "sizes": [1.0, 1.0, 1.0]}, {"translations": [600.0, 0.0, 487.0], "angles": [0.0, 0.0, 0.0], "sizes": [1.0, 1.0, 1.0]}, {"translations": [600.0, 0.0, 637.0], "angles": [0.0, 0.0, 0.0], "sizes": [1.0, 1.0, 1.0]}, {"translations": [600.0, 0.0, 787.0], "angles": [0.0, 0.0, 0.0], "sizes": [1.0, 1.0, 1.0]}, {"translations": [1000.0, 0.0, 37.0], "angles": [0.0, 0.0, 0.0], "sizes": [1.0, 1.0, 1.0]}, {"translations": [1000.0, 0.0, 187.0], "angles": [0.0, 0.0, 0.0], "sizes": [1.0, 1.0, 1.0]}, {"translations": [1000.0, 0.0, 337.0], "angles": [0.0, 0.0, 0.0], "sizes": [1.0, 1.0, 1.0]}, {"translations": [1000.0, 0.0, 487.0], "angles": [0.0, 0.0, 0.0], "sizes": [1.0, 1.0, 1.0]}, {"translations": [1000.0, 0.0, 637.0], "angles": [0.0, 0.0, 0.0], "sizes": [1.0, 1.0, 1.0]}, {"translations": [1000.0, 0.0, 787.0], "angles": [0.0, 0.0, 0.0], "sizes": [1.0, 1.0, 1.0]}, {"translations": [1400.0, 0.0, 37.0], "angles": [0.0, 0.0, 0.0], "sizes": [1.0, 1.0, 1.0]}, {"translations": [1400.0, 0.0, 187.0], "angles": [0.0, 0.0, 0.0], "sizes": [1.0, 1.0, 1.0]}, {"translations": [1400.0, 0.0, 337.0], "angles": [0.0, 0.0, 0.0], "sizes": [1.0, 1.0, 1.0]}, {"translations": [1400.0, 0.0, 487.0], "angles": [0.0, 0.0, 0.0], "sizes": [1.0, 1.0, 1.0]}, {"translations": [1400.0, 0.0, 637.0], "angles": [0.0, 0.0, 0.0], "sizes": [1.0, 1.0, 1.0]}, {"translations": [1400.0, 0.0, 787.0], "angles": [0.0, 0.0, 0.0], "sizes": [1.0, 1.0, 1.0]}, {"translations": [1800.0, 0.0, 37.0], "angles": [0.0, 0.0, 0.0], "sizes": [1.0, 1.0, 1.0]}, {"translations": [1800.0, 0.0, 187.0], "angles": [0.0, 0.0, 0.0], "sizes": [1.0, 1.0, 1.0]}, {"translations": [1800.0, 0.0, 337.0], "angles": [0.0, 0.0, 0.0], "sizes": [1.0, 1.0, 1.0]}, {"translations": [1800.0, 0.0, 487.0], "angles": [0.0, 0.0, 0.0], "sizes": [1.0, 1.0, 1.0]}, {"translations": [1800.0, 0.0, 637.0], "angles": [0.0, 0.0, 0.0], "sizes": [1.0, 1.0, 1.0]}, {"translations": [1800.0, 0.0, 787.0], "angles": [0.0, 0.0, 0.0], "sizes": [1.0, 1.0, 1.0]}, {"translations": [2200.0, 0.0, 37.0], "angles": [0.0, 0.0, 0.0], "sizes": [1.0, 1.0, 1.0]}, {"translations": [2200.0, 0.0, 187.0], "angles": [0.0, 0.0, 0.0], "sizes": [1.0, 1.0, 1.0]}, {"translations": [2200.0, 0.0, 337.0], "angles": [0.0, 0.0, 0.0], "sizes": [1.0, 1.0, 1.0]}, {"translations": [2200.0, 0.0, 487.0], "angles": [0.0, 0.0, 0.0], "sizes": [1.0, 1.0, 1.0]}, {"translations": [2200.0, 0.0, 637.0], "angles": [0.0, 0.0, 0.0], "sizes": [1.0, 1.0, 1.0]}, {"translations": [2200.0, 0.0, 787.0], "angles": [0.0, 0.0, 0.0], "sizes": [1.0, 1.0, 1.0]}, {"translations": [2600.0, 0.0, 37.0], "angles": [0.0, 0.0, 0.0], "sizes": [1.0, 1.0, 1.0]}, {"translations": [2600.0, 0.0, 187.0], "angles": [0.0, 0.0, 0.0], "sizes": [1.0, 1.0, 1.0]}, {"translations": [2600.0, 0.0, 337.0], "angles": [0.0, 0.0, 0.0], "sizes": [1.0, 1.0, 1.0]}, {"translations": [2600.0, 0.0, 487.0], "angles": [0.0, 0.0, 0.0], "sizes": [1.0, 1.0, 1.0]}, {"translations": [2600.0, 0.0, 637.0], "angles": [0.0, 0.0, 0.0], "sizes": [1.0, 1.0, 1.0]}, {"translations": [2600.0, 0.0, 787.0], "angles": [0.0, 0.0, 0.0], "sizes": [1.0, 1.0, 1.0]}, {"translations": [3000.0, 0.0, 37.0], "angles": [0.0, 0.0, 0.0], "sizes": [1.0, 1.0, 1.0]}, {"translations": [3000.0, 0.0, 187.0], "angles": [0.0, 0.0, 0.0], "sizes": [1.0, 1.0, 1.0]}, {"translations": [3000.0, 0.0, 337.0], "angles": [0.0, 0.0, 0.0], "sizes": [1.0, 1.0, 1.0]}, {"translations": [3000.0, 0.0, 487.0], "angles": [0.0, 0.0, 0.0], "sizes": [1.0, 1.0, 1.0]}, {"translations": [3000.0, 0.0, 637.0], "angles": [0.0, 0.0, 0.0], "sizes": [1.0, 1.0, 1.0]}, {"translations": [3000.0, 0.0, 787.0], "angles": [0.0, 0.0, 0.0], "sizes": [1.0, 1.0, 1.0]}], "SM_RackFrame_03": [{"translations": [0.0, 0.0, 0.0], "angles": [0.0, 0.0, 0.0], "sizes": [1.0, 1.0, 1.0]}, {"translations": [400.0, 0.0, 0.0], "angles": [0.0, 0.0, 0.0], "sizes": [1.0, 1.0, 1.0]}, {"translations": [800.0, 0.0, 0.0], "angles": [0.0, 0.0, 0.0], "sizes": [1.0, 1.0, 1.0]}, {"translations": [1200.0, 0.0, 0.0], "angles": [0.0, 0.0, 0.0], "sizes": [1.0, 1.0, 1.0]}, {"translations": [1600.0, 0.0, 0.0], "angles": [0.0, 0.0, 0.0], "sizes": [1.0, 1.0, 1.0]}, {"translations": [2000.0, 0.0, 0.0], "angles": [0.0, 0.0, 0.0], "sizes": [1.0, 1.0, 1.0]}, {"translations": [2400.0, 0.0, 0.0], "angles": [0.0, 0.0, 0.0], "sizes": [1.0, 1.0, 1.0]}, {"translations": [2800.0, 0.0, 0.0], "angles": [0.0, 0.0, 0.0], "sizes": [1.0, 1.0, 1.0]}, {"translations": [0.0, 0.0, 300.0], "angles": [0.0, 0.0, 0.0], "sizes": [1.0, 1.0, 1.0]}, {"translations": [400.0, 0.0, 300.0], "angles": [0.0, 0.0, 0.0], "sizes": [1.0, 1.0, 1.0]}, {"translations": [800.0, 0.0, 300.0], "angles": [0.0, 0.0, 0.0], "sizes": [1.0, 1.0, 1.0]}, {"translations": [1200.0, 0.0, 300.0], "angles": [0.0, 0.0, 0.0], "sizes": [1.0, 1.0, 1.0]}, {"translations": [1600.0, 0.0, 300.0], "angles": [0.0, 0.0, 0.0], "sizes": [1.0, 1.0, 1.0]}, {"translations": [2000.0, 0.0, 300.0], "angles": [0.0, 0.0, 0.0], "sizes": [1.0, 1.0, 1.0]}, {"translations": [2400.0, 0.0, 300.0], "angles": [0.0, 0.0, 0.0], "sizes": [1.0, 1.0, 1.0]}, {"translations": [2800.0, 0.0, 300.0], "angles": [0.0, 0.0, 0.0], "sizes": [1.0, 1.0, 1.0]}, {"translations": [0.0, 0.0, 600.0], "angles": [0.0, 0.0, 0.0], "sizes": [1.0, 1.0, 1.0]}, {"translations": [400.0, 0.0, 600.0], "angles": [0.0, 0.0, 0.0], "sizes": [1.0, 1.0, 1.0]}, {"translations": [800.0, 0.0, 600.0], "angles": [0.0, 0.0, 0.0], "sizes": [1.0, 1.0, 1.0]}, {"translations": [1200.0, 0.0, 600.0], "angles": [0.0, 0.0, 0.0], "sizes": [1.0, 1.0, 1.0]}, {"translations": [1600.0, 0.0, 600.0], "angles": [0.0, 0.0, 0.0], "sizes": [1.0, 1.0, 1.0]}, {"translations": [2000.0, 0.0, 600.0], "angles": [0.0, 0.0, 0.0], "sizes": [1.0, 1.0, 1.0]}, {"translations": [2400.0, 0.0, 600.0], "angles": [0.0, 0.0, 0.0], "sizes": [1.0, 1.0, 1.0]}, {"translations": [2800.0, 0.0, 600.0], "angles": [0.0, 0.0, 0.0], "sizes": [1.0, 1.0, 1.0]}, {"translations": [3200.0, 0.0, 0.0], "angles": [0.0, 0.0, 0.0], "sizes": [1.0, 1.0, 1.0]}, {"translations": [3200.0, 0.0, 300.0], "angles": [0.0, 0.0, 0.0], "sizes": [1.0, 1.0, 1.0]}, {"translations": [3200.0, 0.0, 600.0], "angles": [0.0, 0.0, 0.0], "sizes": [1.0, 1.0, 1.0]}], "SM_PaletteA_01": [{"translations": [104.04623413085938, -1.7162489891052246, 37.0], "angles": [0.0, 0.0, 0.022423954876313035], "sizes": [1.0, 1.0, 1.0]}, {"translations": [77.0445785522461, -0.000858306884765625, 187.0], "angles": [0.0, 0.0, -0.026327102986678574], "sizes": [1.0, 1.0, 1.0]}, {"translations": [167.94365692138672, 0.4796934127807617, 337.0], "angles": [0.0, 0.0, 0.011591502751898797], "sizes": [0.9999999999999999, 0.9999999999999999, 1.0]}, {"translations": [74.09922790527344, -9.138336181640625, 487.0], "angles": [0.0, 0.0, -0.016318294611125033], "sizes": [1.0, 1.0, 1.0]}, {"translations": [106.05471801757812, -5.421197414398193, 637.0], "angles": [0.0, 0.0, -0.03984886176642822], "sizes": [1.0, 1.0, 1.0]}, {"translations": [115.29872131347656, 7.166991233825684, 787.0], "angles": [0.0, 0.0, 0.032593644134141085], "sizes": [0.9999999999999999, 0.9999999999999999, 1.0]}, {"translations": [482.2792282104492, 6.109950542449951, 37.0], "angles": [0.0, 0.0, 0.02785790412024304], "sizes": [0.9999999999999999, 0.9999999999999999, 1.0]}, {"translations": [491.85707092285156, -2.9225897789001465, 187.0], "angles": [0.0, 0.0, 0.01516791525790176], "sizes": [1.0, 1.0, 1.0]}, {"translations": [533.3830947875977, 8.623649597167969, 337.0], "angles": [0.0, 0.0, 0.002677888499286593], "sizes": [0.9999999999999999, 0.9999999999999999, 1.0]}, {"translations": [494.8818664550781, 8.459146499633789, 487.0], "angles": [0.0, 0.0, 0.018464539803269998], "sizes": [0.9999999999999999, 0.9999999999999999, 1.0]}, {"translations": [541.5834045410156, 7.324190139770508, 637.0], "angles": [0.0, 0.0, -0.010931059889118553], "sizes": [1.0, 1.0, 1.0]}, {"translations": [533.2000122070312, 9.428579330444336, 787.0], "angles": [0.0, 0.0, 0.03370626893529311], "sizes": [1.0, 1.0, 1.0]}, {"translations": [911.4894409179688, 2.581357955932617, 37.0], "angles": [0.0, 0.0, 0.0429754859873909], "sizes": [0.9999999999999999, 0.9999999999999999, 1.0]}, {"translations": [962.7283554077148, 0.3313159942626953, 187.0], "angles": [0.0, 0.0, 0.027809985793265074], "sizes": [1.0, 1.0, 1.0]}, {"translations": [935.8382797241211, -4.22123908996582, 337.0], "angles": [0.0, 0.0, -0.02603424736275183], "sizes": [1.0, 1.0, 1.0]}, {"translations": [966.4827346801758, 3.2526063919067383, 487.0], "angles": [0.0, 0.0, -0.03665265174834937], "sizes": [0.9999999999999999, 0.9999999999999999, 1.0]}, {"translations": [881.7578506469727, 2.102322578430176, 637.0], "angles": [0.0, 0.0, -0.04088135933750329], "sizes": [1.0, 1.0, 1.0]}, {"translations": [922.1294860839844, 5.8795952796936035, 787.0], "angles": [0.0, 0.0, 0.03625609202620833], "sizes": [0.9999999999999999, 0.9999999999999999, 1.0]}, {"translations": [1312.5039825439453, 3.831033706665039, 37.0], "angles": [0.0, 0.0, -0.03886156538189409], "sizes": [0.9999999999999999, 0.9999999999999999, 1.0]}, {"translations": [1367.7973022460938, 1.4619636535644531, 187.0], "angles": [0.0, 0.0, 0.0210447176465716], "sizes": [0.9999999999999999, 0.9999999999999999, 1.0]}, {"translations": [1278.5350646972656, 1.4052867889404297, 337.0], "angles": [0.0, 0.0, -0.00557280478391925], "sizes": [1.0, 1.0, 1.0]}, {"translations": [1300.343391418457, -2.281332015991211, 487.0], "angles": [0.0, 0.0, -0.009655433864456007], "sizes": [0.9999999999999999, 0.9999999999999999, 1.0]}, {"translations": [1315.598030090332, -4.324848651885986, 637.0], "angles": [0.0, 0.0, -0.042879700565995556], "sizes": [1.0, 1.0, 1.0]}, {"translations": [1286.8436584472656, 4.431722164154053, 787.0], "angles": [0.0, 0.0, -0.005676671624780229], "sizes": [1.0, 1.0, 1.0]}, {"translations": [1713.750633239746, 9.805569648742676, 37.0], "angles": [0.0, 0.0, 0.012523567345999704], "sizes": [1.0, 1.0, 1.0]}, {"translations": [1675.6761093139648, 3.6362338066101074, 187.0], "angles": [0.0, 0.0, -0.040479542428513954], "sizes": [1.0, 1.0, 1.0]}, {"translations": [1697.231704711914, 6.969821453094482, 337.0], "angles": [0.0, 0.0, 0.03123608237767176], "sizes": [1.0, 1.0, 1.0]}, {"translations": [1714.9520950317383, 8.078994750976562, 487.0], "angles": [0.0, 0.0, 0.020147395723100075], "sizes": [0.9999999999999999, 0.9999999999999999, 1.0]}, {"translations": [1734.4088516235352, 9.549428939819336, 637.0], "angles": [0.0, 0.0, 0.0073065411023796765], "sizes": [1.0, 1.0, 1.0]}, {"translations": [1715.0519256591797, 4.0348219871521, 787.0], "angles": [0.0, 0.0, 0.01286177195947274], "sizes": [0.9999999999999999, 0.9999999999999999, 1.0]}, {"translations": [2079.5151443481445, 2.395656108856201, 37.0], "angles": [0.0, 0.0, 0.04187124008524711], "sizes": [1.0, 1.0, 1.0]}, {"translations": [2093.033576965332, 0.1521778106689453, 187.0], "angles": [0.0, 0.0, 0.021039392503684726], "sizes": [1.0, 1.0, 1.0]}, {"translations": [2094.2071533203125, 0.5452275276184082, 337.0], "angles": [0.0, 0.0, 0.016784294358291263], "sizes": [0.9999999999999999, 0.9999999999999999, 1.0]}, {"translations": [2138.9098052978516, 0.4858231544494629, 487.0], "angles": [0.0, 0.0, -0.034829496068120615], "sizes": [1.0, 1.0, 1.0]}, {"translations": [2166.2614097595215, -6.692960262298584, 637.0], "angles": [0.0, 0.0, 0.01657659149351291], "sizes": [0.9999999999999999, 0.9999999999999999, 1.0]}, {"translations": [2099.147735595703, -7.900900840759277, 787.0], "angles": [0.0, 0.0, -0.02831047748296398], "sizes": [1.0, 1.0, 1.0]}, {"translations": [2498.907196044922, -4.518120288848877, 37.0], "angles": [0.0, 0.0, -0.011397099634584311], "sizes": [0.9999999999999999, 0.9999999999999999, 1.0]}, {"translations": [2502.4140243530273, -5.466940402984619, 187.0], "angles": [0.0, 0.0, -0.03429716546425311], "sizes": [0.9999999999999999, 0.9999999999999999, 1.0]}, {"translations": [2532.563407897949, 9.540740966796875, 337.0], "angles": [0.0, 0.0, 0.01085116979499597], "sizes": [1.0, 1.0, 1.0]}, {"translations": [2560.399745941162, -8.810394287109375, 487.0], "angles": [0.0, 0.0, -0.015615286840274838], "sizes": [1.0, 1.0, 1.0]}, {"translations": [2504.8695068359375, 5.577380657196045, 637.0], "angles": [0.0, 0.0, 0.014571412333024801], "sizes": [1.0, 1.0, 1.0]}, {"translations": [2506.439613342285, 7.717952728271484, 787.0], "angles": [0.0, 0.0, -0.019931716753078147], "sizes": [1.0, 1.0, 1.0]}, {"translations": [2907.6520080566406, -5.5121564865112305, 37.0], "angles": [0.0, 0.0, -0.028033610343296666], "sizes": [0.9999999999999999, 0.9999999999999999, 1.0]}, {"translations": [2875.525344848633, 9.49099349975586, 187.0], "angles": [0.0, 0.0, 0.030589222726827885], "sizes": [1.0, 1.0, 1.0]}, {"translations": [2882.421142578125, 7.635831832885742, 337.0], "angles": [0.0, 0.0, -0.0011625059643859653], "sizes": [0.9999999999999999, 0.9999999999999999, 1.0]}, {"translations": [2919.150360107422, -5.7010817527771, 487.0], "angles": [0.0, 0.0, 0.01124796697249665], "sizes": [1.0, 1.0, 1.0]}, {"translations": [2953.922176361084, 1.8576598167419434, 637.0], "angles": [0.0, 0.0, 0.003018782137293212], "sizes": [1.0, 1.0, 1.0]}, {"translations": [2955.815299987793, 0.9525680541992188, 787.0], "angles": [0.0, 0.0, 0.03217041111525457], "sizes": [1.0, 1.0, 1.0]}, {"translations": [288.7731170654297, -1.7162489891052246, 37.0], "angles": [0.0, 0.0, -0.037701245063210057], "sizes": [0.9999999999999999, 0.9999999999999999, 1.0]}, {"translations": [275.2722930908203, -0.000858306884765625, 187.0], "angles": [0.0, 0.0, -0.017372787912972212], "sizes": [1.0, 1.0, 1.0]}, {"translations": [320.7218246459961, 0.4796934127807617, 337.0], "angles": [0.0, 0.0, -0.017034606109643566], "sizes": [1.0, 1.0, 1.0]}, {"translations": [273.7996139526367, -9.138336181640625, 487.0], "angles": [0.0, 0.0, -0.03492265208038085], "sizes": [0.9999999999999999, 0.9999999999999999, 1.0]}, {"translations": [289.77735900878906, -5.421197414398193, 637.0], "angles": [0.0, 0.0, -0.03938582306311527], "sizes": [1.0, 1.0, 1.0]}, {"translations": [294.3993606567383, 7.166991233825684, 787.0], "angles": [0.0, 0.0, -0.005181315362850474], "sizes": [1.0, 1.0, 1.0]}, {"translations": [677.8896102905273, 6.109950542449951, 37.0], "angles": [0.0, 0.0, -0.014867001590262286], "sizes": [1.0, 1.0, 1.0]}, {"translations": [682.6785354614258, -2.9225897789001465, 187.0], "angles": [0.0, 0.0, 0.010893777853846758], "sizes": [1.0, 1.0, 1.0]}, {"translations": [703.4415435791016, 8.623649597167969, 337.0], "angles": [0.0, 0.0, 0.033110033063612127], "sizes": [0.9999999999999999, 0.9999999999999999, 1.0]}, {"translations": [684.1909332275391, 8.459146499633789, 487.0], "angles": [0.0, 0.0, -0.0336423851596196], "sizes": [1.0, 1.0, 1.0]}, {"translations": [707.5417022705078, 7.324190139770508, 637.0], "angles": [0.0, 0.0, 0.01349290713027288], "sizes": [1.0, 1.0, 1.0]}, {"translations": [703.3500061035156, 9.428579330444336, 787.0], "angles": [0.0, 0.0, -0.03719558275641391], "sizes": [1.0, 1.0, 1.0]}, {"translations": [1092.4947204589844, 2.581357955932617, 37.0], "angles": [0.0, 0.0, 0.032535085663693175], "sizes": [1.0, 1.0, 1.0]}, {"translations": [1118.1141815185547, 0.3313159942626953, 187.0], "angles": [0.0, 0.0, -0.01917550074365525], "sizes": [0.9999999999999999, 0.9999999999999999, 1.0]}, {"translations": [1104.6691436767578, -4.22123908996582, 337.0], "angles": [0.0, 0.0, -0.02435960115620296], "sizes": [0.9999999999999999, 0.9999999999999999, 1.0]}, {"translations": [1119.9913635253906, 3.2526063919067383, 487.0], "angles": [0.0, 0.0, 0.015543387097154698], "sizes": [1.0, 1.0, 1.0]}, {"translations": [1077.6289291381836, 2.102322578430176, 637.0], "angles": [0.0, 0.0, 0.014645978087055448], "sizes": [1.0, 1.0, 1.0]}, {"translations": [1097.8147430419922, 5.8795952796936035, 787.0], "angles": [0.0, 0.0, 0.0015433480523893738], "sizes": [0.9999999999999999, 0.9999999999999999, 1.0]}, {"translations": [1493.0019912719727, 3.831033706665039, 37.0], "angles": [0.0, 0.0, -0.017473974752590993], "sizes": [0.9999999999999999, 0.9999999999999999, 1.0]}, {"translations": [1520.6486511230469, 1.4619636535644531, 187.0], "angles": [0.0, 0.0, -0.035510862222897704], "sizes": [1.0, 1.0, 1.0]}, {"translations": [1476.0175323486328, 1.4052867889404297, 337.0], "angles": [0.0, 0.0, -0.00940776385297822], "sizes": [0.9999999999999999, 0.9999999999999999, 1.0]}, {"translations": [1486.9216995239258, -2.281332015991211, 487.0], "angles": [0.0, 0.0, 0.014512828984440323], "sizes": [1.0, 1.0, 1.0]}, {"translations": [1494.5490188598633, -4.324848651885986, 637.0], "angles": [0.0, 0.0, -0.02589048097978995], "sizes": [1.0, 1.0, 1.0]}, {"translations": [1480.1718292236328, 4.431722164154053, 787.0], "angles": [0.0, 0.0, -0.00953026897211874], "sizes": [1.0, 1.0, 1.0]}, {"translations": [1893.6253204345703, 9.805569648742676, 37.0], "angles": [0.0, 0.0, -0.017151770158058074], "sizes": [1.0, 1.0, 1.0]}, {"translations": [1874.5880508422852, 3.6362338066101074, 187.0], "angles": [0.0, 0.0, -0.04115012057623462], "sizes": [0.9999999999999999, 0.9999999999999999, 1.0]}, {"translations": [1885.365852355957, 6.969821453094482, 337.0], "angles": [0.0, 0.0, -0.017402078256388114], "sizes": [1.0, 1.0, 1.0]}, {"translations": [1894.2260513305664, 8.078994750976562, 487.0], "angles": [0.0, 0.0, -0.031704581120608546], "sizes": [1.0, 1.0, 1.0]}, {"translations": [1903.9544296264648, 9.549428939819336, 637.0], "angles": [0.0, 0.0, -0.02712312867285857], "sizes": [1.0, 1.0, 1.0]}, {"translations": [1894.2759628295898, 4.0348219871521, 787.0], "angles": [0.0, 0.0, -0.018129029359028027], "sizes": [1.0, 1.0, 1.0]}, {"translations": [2276.5075759887695, 2.395656108856201, 37.0], "angles": [0.0, 0.0, 0.032497821124336655], "sizes": [1.0, 1.0, 1.0]}, {"translations": [2283.2667846679688, 0.1521778106689453, 187.0], "angles": [0.0, 0.0, 0.039207524935308484], "sizes": [1.0, 1.0, 1.0]}, {"translations": [2283.8535766601562, 0.5452275276184082, 337.0], "angles": [0.0, 0.0, -0.0166964223575425], "sizes": [1.0, 1.0, 1.0]}, {"translations": [2306.204902648926, 0.4858231544494629, 487.0], "angles": [0.0, 0.0, 0.029063868906624993], "sizes": [1.0, 1.0, 1.0]}, {"translations": [2319.8807067871094, -6.692960262298584, 637.0], "angles": [0.0, 0.0, 0.029258201147586715], "sizes": [1.0, 1.0, 1.0]}, {"translations": [2286.3238677978516, -7.900900840759277, 787.0], "angles": [0.0, 0.0, -0.0039056354433031322], "sizes": [0.9999999999999999, 0.9999999999999999, 1.0]}, {"translations": [2686.203598022461, -4.518120288848877, 37.0], "angles": [0.0, 0.0, -0.029960986107838396], "sizes": [1.0, 1.0, 1.0]}, {"translations": [2687.9570083618164, -5.466940402984619, 187.0], "angles": [0.0, 0.0, 0.004020155672346041], "sizes": [1.0, 1.0, 1.0]}, {"translations": [2703.031707763672, 9.540740966796875, 337.0], "angles": [0.0, 0.0, 0.031866958098914724], "sizes": [1.0, 1.0, 1.0]}, {"translations": [2716.9498748779297, -8.810394287109375, 487.0], "angles": [0.0, 0.0, -0.04008570203595654], "sizes": [1.0, 1.0, 1.0]}, {"translations": [2689.1847534179688, 5.577380657196045, 637.0], "angles": [0.0, 0.0, 0.028842906727452756], "sizes": [1.0, 1.0, 1.0]}, {"translations": [2689.9698028564453, 7.717952728271484, 787.0], "angles": [0.0, 0.0, 0.03225824981781225], "sizes": [1.0, 1.0, 1.0]}, {"translations": [3090.5760040283203, -5.5121564865112305, 37.0], "angles": [0.0, 0.0, 0.03959339175509195], "sizes": [1.0, 1.0, 1.0]}, {"translations": [3074.5126724243164, 9.49099349975586, 187.0], "angles": [0.0, 0.0, -0.016651152832540712], "sizes": [1.0, 1.0, 1.0]}, {"translations": [3077.9605712890625, 7.635831832885742, 337.0], "angles": [0.0, 0.0, -0.018959817673242323], "sizes": [1.0, 1.0, 1.0]}, {"translations": [3096.325180053711, -5.7010817527771, 487.0], "angles": [0.0, 0.0, -0.03013668160700345], "sizes": [0.9999999999999999, 0.9999999999999999, 1.0]}, {"translations": [3113.7110900878906, 1.8576598167419434, 637.0], "angles": [0.0, 0.0, 0.037230175712353916], "sizes": [1.0, 1.0, 1.0]}, {"translations": [3114.6576538085938, 0.9525680541992188, 787.0], "angles": [0.0, 0.0, 0.013247913010586705], "sizes": [1.0, 1.0, 1.0]}], "SM_CardBoxB_02": [{"translations": [1872.371780468136, -18.779642208771175, 658.0], "angles": [0.0, 0.0, 0.9812106681640337], "sizes": [1.0, 1.0, 1.0]}, {"translations": [1877.054966766161, 33.53463386120379, 208.0], "angles": [0.0, 0.0, -0.5003878155935391], "sizes": [0.9999999999999999, 0.9999999999999999, 1.0]}, {"translations": [1074.7047470868672, -2.760096727377559, 358.0], "angles": [0.0, 0.0, 0.4354114639052445], "sizes": [1.0, 1.0, 1.0]}, {"translations": [671.2028261704245, -18.25821937127377, 808.0], "angles": [0.0, 0.0, 0.9899814498337427], "sizes": [1.0000000000000004, 1.0000000000000004, 1.0]}, {"translations": [2927.8066216883512, -30.914561404200047, 808.0], "angles": [0.0, 0.0, 0.8802029105334889], "sizes": [1.0000000000000002, 1.0000000000000002, 1.0]}, {"translations": [2882.351392267393, -22.364087081907225, 358.0], "angles": [0.0, 0.0, -0.7854834484423338], "sizes": [0.9999999999999999, 0.9999999999999999, 1.0]}, {"translations": [2091.7714928424602, 30.125618448453498, 208.0], "angles": [0.0, 0.0, -0.6896546419913807], "sizes": [1.0000000000000002, 1.0000000000000002, 1.0]}, {"translations": [1686.185048458039, -23.105248568793492, 508.0], "angles": [0.0, 0.0, 0.7907313606700128], "sizes": [1.0000000000000007, 1.0000000000000007, 1.0]}, {"translations": [1683.7678517119682, 36.846041324675724, 508.0], "angles": [0.0, 0.0, -0.5486104931644347], "sizes": [1.0, 1.0, 1.0]}, {"translations": [1703.1510118680399, -28.692232436688315, 208.0], "angles": [0.0, 0.0, 0.9654363542825358], "sizes": [1.0000000000000002, 1.0000000000000002, 1.0]}, {"translations": [1248.8712911613536, 31.737786514649326, 358.0], "angles": [0.0, 0.0, 0.07832556496706145], "sizes": [1.0, 1.0, 1.0]}, {"translations": [998.5998110820784, 30.974319964381777, 508.0], "angles": [0.0, 0.0, 0.6345982102571993], "sizes": [1.0000000000000004, 1.0000000000000004, 1.0]}, {"translations": [570.9204108485587, -23.32446498425049, 658.0], "angles": [0.0, 0.0, 0.9224189778924956], "sizes": [1.0, 1.0, 1.0]}, {"translations": [533.5437675214527, -21.375920137623154, 358.0], "angles": [0.0, 0.0, 0.9687294090138042], "sizes": [1.0000000000000002, 1.0000000000000002, 1.0]}, {"translations": [3049.1195243450156, 38.75164792649437, 358.0], "angles": [0.0, 0.0, 0.9975572151369756], "sizes": [1.0000000000000007, 1.0000000000000007, 1.0]}, {"translations": [3063.0438029619577, -37.79183901966775, 58.0], "angles": [0.0, 0.0, -0.6720991506333832], "sizes": [1.0, 1.0, 1.0]}, {"translations": [1923.1686801299388, -27.03302130783886, 808.0], "angles": [0.0, 0.0, 0.999638570312699], "sizes": [1.0000000000000009, 1.0000000000000009, 1.0]}, {"translations": [3141.3956630497078, 34.006756536895885, 658.0], "angles": [0.0, 0.0, -0.18442020172047893], "sizes": [1.0, 1.0, 1.0]}], "SM_CardBoxD_04": [{"translations": [1932.2835007750552, -22.033220218509623, 658.0], "angles": [0.0, 0.0, -0.7842591236611084], "sizes": [1.0000000000000002, 1.0000000000000002, 1.0]}, {"translations": [1875.6253584778744, 41.1320780981483, 658.0], "angles": [0.0, 0.0, 0.17264002278977317], "sizes": [1.0, 1.0, 1.0]}, {"translations": [1086.9859250079598, -28.49630351568998, 208.0], "angles": [0.0, 0.0, -0.09124415927906251], "sizes": [0.9999999999999999, 0.9999999999999999, 1.0]}, {"translations": [2923.948170529394, 28.961246353641013, 808.0], "angles": [0.0, 0.0, -0.7902321492475364], "sizes": [1.0000000000000002, 1.0000000000000002, 1.0]}, {"translations": [2953.7410502581574, 31.857113034006396, 658.0], "angles": [0.0, 0.0, 0.8643528984713219], "sizes": [1.0000000000000002, 1.0000000000000002, 1.0]}, {"translations": [2590.385115710176, -9.747197262935085, 508.0], "angles": [0.0, 0.0, 0.8902926868388157], "sizes": [0.9999999999999998, 0.9999999999999998, 1.0]}, {"translations": [1733.9704708594584, 39.546225807246486, 658.0], "angles": [0.0, 0.0, 0.8648950640120916], "sizes": [0.9999999999999997, 0.9999999999999997, 1.0]}, {"translations": [1308.1988382331776, -28.927212936768466, 358.0], "angles": [0.0, 0.0, 0.9977045805361751], "sizes": [0.9999999999999997, 0.9999999999999997, 1.0]}, {"translations": [967.3591381876571, 24.17656860220883, 358.0], "angles": [0.0, 0.0, 0.838981810949682], "sizes": [1.0000000000000002, 1.0000000000000002, 1.0]}, {"translations": [143.28040097465185, 39.05783009609722, 808.0], "angles": [0.0, 0.0, 0.584603258041601], "sizes": [1.0000000000000002, 1.0000000000000002, 1.0]}, {"translations": [1892.324732768472, -21.860694421181442, 508.0], "angles": [0.0, 0.0, -0.3257825930389081], "sizes": [1.0, 1.0, 1.0]}, {"translations": [2675.0036843543558, -22.30937526166979, 358.0], "angles": [0.0, 0.0, 0.9985092695275244], "sizes": [0.9999999999999999, 0.9999999999999999, 1.0]}, {"translations": [2658.1991854520766, -35.707178095049045, 208.0], "angles": [0.0, 0.0, -0.22738217402197725], "sizes": [1.0, 1.0, 1.0]}, {"translations": [2657.716770669752, 24.290882506755363, 208.0], "angles": [0.0, 0.0, -0.6361860031747939], "sizes": [1.0, 1.0, 1.0]}, {"translations": [2349.829344247046, -4.938219742081495, 658.0], "angles": [0.0, 0.0, 0.9721890023960577], "sizes": [1.000000000000001, 1.000000000000001, 1.0]}, {"translations": [2254.8719485889383, 31.530146994055592, 358.0], "angles": [0.0, 0.0, -0.3737992357845407], "sizes": [1.0, 1.0, 1.0]}, {"translations": [3094.517800465543, -35.646588578080184, 508.0], "angles": [0.0, 0.0, 0.9125256308591745], "sizes": [1.0000000000000009, 1.0000000000000009, 1.0]}], "SM_CardBoxD_05": [{"translations": [1854.3400557095592, -21.96804202119073, 358.0], "angles": [0.0, 0.0, 0.6785503394718629], "sizes": [1.0000000000000002, 1.0000000000000002, 1.0]}, {"translations": [712.0178271119652, 27.72387764304899, 208.0], "angles": [0.0, 0.0, 0.9960039255494736], "sizes": [0.9999999999999991, 0.9999999999999991, 1.0]}, {"translations": [2935.923499501809, -37.146359044277176, 58.0], "angles": [0.0, 0.0, 0.9686748643641243], "sizes": [1.0000000000000013, 1.0000000000000013, 1.0]}, {"translations": [1645.7744249152781, 6.063015651221836, 208.0], "angles": [0.0, 0.0, -0.7336910396091121], "sizes": [1.0, 1.0, 1.0]}, {"translations": [922.1294860839844, 5.8795952796936035, 808.0], "angles": [0.0, 0.0, 0.7829070455046536], "sizes": [1.0000000000000004, 1.0000000000000004, 1.0]}, {"translations": [884.2086816173412, 32.00204544595325, 658.0], "angles": [0.0, 0.0, 0.9513057847467733], "sizes": [1.0000000000000002, 1.0000000000000002, 1.0]}, {"translations": [938.7610211077008, 35.3696827938094, 508.0], "angles": [0.0, 0.0, -0.2633513974106688], "sizes": [1.0, 1.0, 1.0]}, {"translations": [105.0622180085568, 19.86671930639416, 508.0], "angles": [0.0, 0.0, -0.7736820780781786], "sizes": [1.0000000000000002, 1.0000000000000002, 1.0]}, {"translations": [198.6310385847179, -28.816801371562363, 358.0], "angles": [0.0, 0.0, -0.18512737688489003], "sizes": [1.0, 1.0, 1.0]}, {"translations": [3046.8447551954537, -21.20521511116132, 358.0], "angles": [0.0, 0.0, -0.32135250424386935], "sizes": [1.0, 1.0, 1.0]}, {"translations": [2691.904290550504, -22.21961159085001, 808.0], "angles": [0.0, 0.0, 0.976471997269452], "sizes": [1.0000000000000009, 1.0000000000000009, 1.0]}, {"translations": [2246.5709424914394, 0.4468167500261362, 58.0], "angles": [0.0, 0.0, 0.6985617824249468], "sizes": [1.0000000000000002, 1.0000000000000002, 1.0]}], "SM_CardBoxD_01": [{"translations": [1914.3037158302423, -24.05597519330333, 358.0], "angles": [0.0, 0.0, -0.22653883435106317], "sizes": [1.0, 1.0, 1.0]}, {"translations": [1476.5819731999466, 31.399976427697627, 358.0], "angles": [0.0, 0.0, -0.12265597380596516], "sizes": [1.0, 1.0, 1.0]}, {"translations": [1464.0685900675317, 34.860991726985475, 58.0], "angles": [0.0, 0.0, -0.7055973450767119], "sizes": [1.0000000000000004, 1.0000000000000004, 1.0]}, {"translations": [256.59793360432906, -29.37049946248667, 58.0], "angles": [0.0, 0.0, 0.3719274336728298], "sizes": [1.0, 1.0, 1.0]}, {"translations": [2070.8937723852428, 23.748957972542794, 808.0], "angles": [0.0, 0.0, -0.021701758685120833], "sizes": [0.9999999999999999, 0.9999999999999999, 1.0]}, {"translations": [1683.7600436240903, 9.054214536084395, 58.0], "angles": [0.0, 0.0, 0.9839560002085135], "sizes": [1.0000000000000007, 1.0000000000000007, 1.0]}, {"translations": [1336.5614716353396, 30.172987425911302, 208.0], "angles": [0.0, 0.0, 0.4795013895528723], "sizes": [1.0, 1.0, 1.0]}, {"translations": [505.2894059471272, -22.524480901787026, 808.0], "angles": [0.0, 0.0, -0.8640673994675664], "sizes": [0.9999999999999999, 0.9999999999999999, 1.0]}, {"translations": [76.14999392462292, -3.0321647808361383, 658.0], "angles": [0.0, 0.0, 0.9410798256183259], "sizes": [0.9999999999999999, 0.9999999999999999, 1.0]}, {"translations": [77.0445785522461, -0.000858306884765625, 208.0], "angles": [0.0, 0.0, 0.4125253877498153], "sizes": [1.0, 1.0, 1.0]}, {"translations": [3058.2963214951637, 22.02004457985159, 58.0], "angles": [0.0, 0.0, -0.8106914516589415], "sizes": [1.0, 1.0, 1.0]}, {"translations": [2746.8534630674667, -11.213603264826258, 508.0], "angles": [0.0, 0.0, 0.9870139722525153], "sizes": [1.0, 1.0, 1.0]}], "SM_CardBoxC_02": [{"translations": [1916.3916490023548, 35.90768492737969, 358.0], "angles": [0.0, 0.0, 0.19108943129299802], "sizes": [1.0, 1.0, 1.0]}, {"translations": [1517.779740224134, -31.39801665116731, 508.0], "angles": [0.0, 0.0, -0.064105261587867], "sizes": [1.0, 1.0, 1.0]}, {"translations": [1491.953712864033, -26.15064590571571, 58.0], "angles": [0.0, 0.0, 0.9809993416331751], "sizes": [1.0000000000000004, 1.0000000000000004, 1.0]}, {"translations": [349.6824859137966, -30.524823982781434, 358.0], "angles": [0.0, 0.0, 0.45218303550808114], "sizes": [0.9999999999999999, 0.9999999999999999, 1.0]}, {"translations": [274.2300831283058, -29.98274948129262, 208.0], "angles": [0.0, 0.0, -0.3537836862652504], "sizes": [1.0, 1.0, 1.0]}, {"translations": [2949.81760442707, -35.01865542180731, 508.0], "angles": [0.0, 0.0, 0.6870883600811363], "sizes": [1.0000000000000002, 1.0000000000000002, 1.0]}, {"translations": [2909.333363612939, 24.440690514955982, 58.0], "angles": [0.0, 0.0, 0.7216429088190189], "sizes": [1.0000000000000002, 1.0000000000000002, 1.0]}, {"translations": [2476.4634497422485, 8.913618159672154, 808.0], "angles": [0.0, 0.0, -0.04894831689003371], "sizes": [1.0, 1.0, 1.0]}, {"translations": [2130.7975944090053, 20.35306236970104, 808.0], "angles": [0.0, 0.0, 0.941646593711041], "sizes": [1.0000000000000004, 1.0000000000000004, 1.0]}, {"translations": [2111.9200234817035, -24.989080668031672, 58.0], "angles": [0.0, 0.0, -0.7427243378746338], "sizes": [1.0000000000000002, 1.0000000000000002, 1.0]}, {"translations": [1727.1731631413759, 8.843071867965868, 358.0], "angles": [0.0, 0.0, 0.9489309171017907], "sizes": [1.000000000000002, 1.000000000000002, 1.0]}, {"translations": [1284.924528390564, 36.070353001612006, 58.0], "angles": [0.0, 0.0, 0.7194179201682226], "sizes": [1.0000000000000004, 1.0000000000000004, 1.0]}, {"translations": [908.9132939921142, 32.47054441218147, 58.0], "angles": [0.0, 0.0, 0.9588077513229971], "sizes": [1.0000000000000013, 1.0000000000000013, 1.0]}, {"translations": [524.8614101012694, 9.566830013150353, 508.0], "angles": [0.0, 0.0, -0.2486128860951443], "sizes": [1.0, 1.0, 1.0]}, {"translations": [72.73130517159298, 26.90848200135299, 58.0], "angles": [0.0, 0.0, 0.8863040451314391], "sizes": [0.9999999999999998, 0.9999999999999998, 1.0]}, {"translations": [3103.4971061119304, -21.4913015057519, 208.0], "angles": [0.0, 0.0, 0.8715652327753167], "sizes": [1.0000000000000002, 1.0000000000000002, 1.0]}, {"translations": [3122.855686561477, -33.04435755287405, 58.0], "angles": [0.0, 0.0, 0.8661252592094031], "sizes": [1.0000000000000007, 1.0000000000000007, 1.0]}, {"translations": [1863.2081195345988, -24.85789531319688, 808.0], "angles": [0.0, 0.0, 0.12833307022522566], "sizes": [1.0, 1.0, 1.0]}], "SM_CardBoxA_02": [{"translations": [1922.578714615937, -21.205734183544052, 58.0], "angles": [0.0, 0.0, 0.7515865956834445], "sizes": [1.0000000000000004, 1.0000000000000004, 1.0]}, {"translations": [1456.9343368562336, -3.152010048507215, 508.0], "angles": [0.0, 0.0, 0.9366612449887796], "sizes": [1.0, 1.0, 1.0]}, {"translations": [1108.494723288982, -27.006142709876364, 658.0], "angles": [0.0, 0.0, 0.9267217118705976], "sizes": [1.0000000000000002, 1.0000000000000002, 1.0]}, {"translations": [656.2762423147508, 40.40863837733813, 508.0], "angles": [0.0, 0.0, -0.8449018408666684], "sizes": [1.0000000000000004, 1.0000000000000004, 1.0]}, {"translations": [705.4270563339738, -21.310573945463624, 358.0], "angles": [0.0, 0.0, 0.40290867304898476], "sizes": [1.0, 1.0, 1.0]}, {"translations": [291.03358355928924, 28.198467978135803, 58.0], "angles": [0.0, 0.0, 0.9995263340857218], "sizes": [1.0000000000000009, 1.0000000000000009, 1.0]}, {"translations": [2907.303697307889, -18.618369975344404, 208.0], "angles": [0.0, 0.0, -0.7761440827855013], "sizes": [1.0000000000000002, 1.0000000000000002, 1.0]}, {"translations": [2504.8695068359375, 5.577380657196045, 658.0], "angles": [0.0, 0.0, 0.9427202872535894], "sizes": [1.0000000000000004, 1.0000000000000004, 1.0]}, {"translations": [2049.620336392921, -0.11441506947934155, 58.0], "angles": [0.0, 0.0, 0.9180247624263943], "sizes": [1.0000000000000002, 1.0000000000000002, 1.0]}, {"translations": [991.0139979097123, 31.952866055086623, 208.0], "angles": [0.0, 0.0, 0.9804928616598906], "sizes": [1.0000000000000002, 1.0000000000000002, 1.0]}, {"translations": [137.95171869754955, -0.21575002671327703, 358.0], "angles": [0.0, 0.0, -0.8042421327451357], "sizes": [1.0000000000000002, 1.0000000000000002, 1.0]}, {"translations": [3085.462989264993, -29.8317065383038, 808.0], "angles": [0.0, 0.0, 0.997455852099178], "sizes": [1.0000000000000009, 1.0000000000000009, 1.0]}, {"translations": [3113.8628487841424, 30.942037622251053, 808.0], "angles": [0.0, 0.0, 0.547063024858876], "sizes": [1.0000000000000002, 1.0000000000000002, 1.0]}, {"translations": [2289.932069327173, -8.447700782515673, 658.0], "angles": [0.0, 0.0, 0.5788299248515882], "sizes": [1.0000000000000002, 1.0000000000000002, 1.0]}, {"translations": [2334.411124676472, 32.178236109804686, 508.0], "angles": [0.0, 0.0, 0.9804495398130502], "sizes": [1.0000000000000009, 1.0000000000000009, 1.0]}], "SM_CardBoxB_01": [{"translations": [1863.6429714277435, 10.834524474202697, 58.0], "angles": [0.0, 0.0, 0.8840507071575429], "sizes": [1.0000000000000002, 1.0000000000000002, 1.0]}, {"translations": [731.0368048052337, -22.718600602646852, 808.0], "angles": [0.0, 0.0, 0.5998329795107132], "sizes": [1.0000000000000002, 1.0000000000000002, 1.0]}, {"translations": [257.5091178294163, -32.96680706802238, 658.0], "angles": [0.0, 0.0, -0.798016998491557], "sizes": [1.0000000000000007, 1.0000000000000007, 1.0]}, {"translations": [317.32296866241325, -37.68943859377092, 658.0], "angles": [0.0, 0.0, -0.3111639105024338], "sizes": [1.0000000000000002, 1.0000000000000002, 1.0]}, {"translations": [2924.1038492467464, -28.322919503449246, 658.0], "angles": [0.0, 0.0, 0.9972736968889385], "sizes": [0.9999999999999998, 0.9999999999999998, 1.0]}, {"translations": [2888.483115787774, 23.616491916253107, 508.0], "angles": [0.0, 0.0, 0.2738839360651358], "sizes": [1.0, 1.0, 1.0]}, {"translations": [2528.899402412117, -5.201901853076821, 58.0], "angles": [0.0, 0.0, 0.5057027655483437], "sizes": [0.9999999999999999, 0.9999999999999999, 1.0]}, {"translations": [1715.0519256591797, 4.0348219871521, 808.0], "angles": [0.0, 0.0, 0.9966759053272081], "sizes": [1.0, 1.0, 1.0]}, {"translations": [1317.1823197808098, 34.08919387852161, 808.0], "angles": [0.0, 0.0, -0.22107344590449446], "sizes": [1.0, 1.0, 1.0]}, {"translations": [1270.3489850626436, -1.7020329892840231, 508.0], "angles": [0.0, 0.0, -0.8501354417808935], "sizes": [1.0000000000000002, 1.0000000000000002, 1.0]}, {"translations": [453.99661751658715, -25.514311225051262, 58.0], "angles": [0.0, 0.0, 0.5121574121711936], "sizes": [0.9999999999999998, 0.9999999999999998, 1.0]}, {"translations": [45.09417241723865, 21.824653921642735, 508.0], "angles": [0.0, 0.0, 0.9955818864044663], "sizes": [1.0, 1.0, 1.0]}, {"translations": [2718.197246053881, -35.224763312724605, 208.0], "angles": [0.0, 0.0, -0.18351049089441132], "sizes": [1.0, 1.0, 1.0]}], "SM_CardBoxD_02": [{"translations": [1449.6054886153902, -24.991038104401554, 808.0], "angles": [0.0, 0.0, 0.8991622825673531], "sizes": [0.9999999999999994, 0.9999999999999994, 1.0]}, {"translations": [1522.955891712923, -35.83753775818262, 658.0], "angles": [0.0, 0.0, 0.3563609871844285], "sizes": [1.0, 1.0, 1.0]}, {"translations": [1492.8536203141412, 33.51561028436119, 208.0], "angles": [0.0, 0.0, 0.7097013770932973], "sizes": [1.0000000000000007, 1.0000000000000007, 1.0]}, {"translations": [1046.7631349873852, 31.210787866736716, 658.0], "angles": [0.0, 0.0, -0.7665379685651492], "sizes": [1.0000000000000004, 1.0000000000000004, 1.0]}, {"translations": [713.325002883375, -32.26188142943954, 208.0], "angles": [0.0, 0.0, -0.7492936887904893], "sizes": [1.0000000000000002, 1.0000000000000002, 1.0]}, {"translations": [2983.8239782872347, 32.81969751259848, 808.0], "angles": [0.0, 0.0, 0.2017908013722501], "sizes": [1.0, 1.0, 1.0]}, {"translations": [2845.5814868814546, 7.6564990076780095, 208.0], "angles": [0.0, 0.0, -0.8072857281104787], "sizes": [1.0000000000000004, 1.0000000000000004, 1.0]}, {"translations": [565.1530724392626, -18.482026929459703, 808.0], "angles": [0.0, 0.0, 0.6902613505042716], "sizes": [1.0000000000000002, 1.0000000000000002, 1.0]}, {"translations": [572.2320596650367, 36.66119644731357, 658.0], "angles": [0.0, 0.0, -0.7890522892752363], "sizes": [1.0000000000000004, 1.0000000000000004, 1.0]}, {"translations": [2690.9146078279373, -24.372704546694642, 658.0], "angles": [0.0, 0.0, -0.2639955533660202], "sizes": [1.0, 1.0, 1.0]}, {"translations": [2731.059731172988, 41.390857195263536, 358.0], "angles": [0.0, 0.0, -0.6117881137675331], "sizes": [1.0000000000000004, 1.0000000000000004, 1.0]}, {"translations": [2316.088616219263, -38.13432194076218, 808.0], "angles": [0.0, 0.0, 0.5617394078546859], "sizes": [0.9999999999999998, 0.9999999999999998, 1.0]}, {"translations": [2307.94799811283, -29.463494337001247, 508.0], "angles": [0.0, 0.0, 0.5791465616034596], "sizes": [1.0000000000000002, 1.0000000000000002, 1.0]}, {"translations": [3145.8601868080445, -25.82691314507539, 658.0], "angles": [0.0, 0.0, 0.8466894887522372], "sizes": [1.0000000000000002, 1.0000000000000002, 1.0]}, {"translations": [3081.5619933677367, 29.542232778559278, 658.0], "angles": [0.0, 0.0, 0.2017627775472069], "sizes": [1.0, 1.0, 1.0]}], "SM_CardBoxD_03": [{"translations": [1488.5950044922502, -26.333067155341183, 208.0], "angles": [0.0, 0.0, 0.9349677637097563], "sizes": [1.0000000000000007, 1.0000000000000007, 1.0]}, {"translations": [1524.0319492922931, 32.76443491110611, 58.0], "angles": [0.0, 0.0, 0.5789543310619809], "sizes": [1.0000000000000002, 1.0000000000000002, 1.0]}, {"translations": [1120.9238540873987, -26.73289779514614, 508.0], "angles": [0.0, 0.0, -0.3050954110541441], "sizes": [1.0, 1.0, 1.0]}, {"translations": [675.6632074017975, 41.575759263535524, 808.0], "angles": [0.0, 0.0, 0.928065949892144], "sizes": [1.0, 1.0, 1.0]}, {"translations": [294.0884859079275, -22.831398004440956, 808.0], "angles": [0.0, 0.0, 0.4929405159682161], "sizes": [0.9999999999999996, 0.9999999999999996, 1.0]}, {"translations": [294.71023540554904, 37.16538047209232, 808.0], "angles": [0.0, 0.0, -0.016009067631490154], "sizes": [0.9999999999999999, 0.9999999999999999, 1.0]}, {"translations": [2531.912376042447, 39.53367609364169, 358.0], "angles": [0.0, 0.0, 0.9877811638670418], "sizes": [1.0000000000000002, 1.0000000000000002, 1.0]}, {"translations": [2067.497876782401, -36.15486405121959, 808.0], "angles": [0.0, 0.0, -0.5257734383873253], "sizes": [0.9999999999999999, 0.9999999999999999, 1.0]}, {"translations": [2138.9098052978516, 0.4858231544494629, 508.0], "angles": [0.0, 0.0, 0.9075442947421325], "sizes": [0.9999999999999998, 0.9999999999999998, 1.0]}, {"translations": [2093.200237519191, 30.52832477539206, 358.0], "angles": [0.0, 0.0, 0.9970306651714537], "sizes": [1.0000000000000009, 1.0000000000000009, 1.0]}, {"translations": [1318.1684457891392, 25.564831224876247, 658.0], "angles": [0.0, 0.0, -0.2852652723737303], "sizes": [1.0000000000000002, 1.0000000000000002, 1.0]}, {"translations": [1310.1740499731625, -26.078353017499087, 58.0], "angles": [0.0, 0.0, 0.9995877836056553], "sizes": [1.0000000000000009, 1.0000000000000009, 1.0]}, {"translations": [461.8708748620478, -3.832559999862276, 208.0], "angles": [0.0, 0.0, 0.4103898668207831], "sizes": [1.0, 1.0, 1.0]}, {"translations": [2671.1815915352054, 37.56876437611285, 358.0], "angles": [0.0, 0.0, 0.3507105744807267], "sizes": [1.0, 1.0, 1.0]}, {"translations": [2256.5591193764403, 22.332520259243626, 808.0], "angles": [0.0, 0.0, 0.999191821065454], "sizes": [0.9999999999999999, 0.9999999999999999, 1.0]}, {"translations": [2315.5251935384613, -27.404945717452, 208.0], "angles": [0.0, 0.0, -0.12894668555096492], "sizes": [1.0, 1.0, 1.0]}], "SM_CardBoxC_01": [{"translations": [1097.8147430419922, 5.8795952796936035, 808.0], "angles": [0.0, 0.0, 0.9563829606458532], "sizes": [1.0000000000000004, 1.0000000000000004, 1.0]}, {"translations": [1064.5093040505128, -29.30620181969847, 58.0], "angles": [0.0, 0.0, 0.30643177836410435], "sizes": [1.0000000000000002, 1.0000000000000002, 1.0]}, {"translations": [701.4560308242293, 38.55787313979956, 358.0], "angles": [0.0, 0.0, 0.7169712229558378], "sizes": [1.0000000000000004, 1.0000000000000004, 1.0]}, {"translations": [678.781531799904, 36.09668887827286, 58.0], "angles": [0.0, 0.0, 0.9172077474763338], "sizes": [1.0000000000000004, 1.0000000000000004, 1.0]}, {"translations": [275.8936949464177, 20.788488320659734, 508.0], "angles": [0.0, 0.0, -0.7741954619363055], "sizes": [1.0000000000000007, 1.0000000000000007, 1.0]}, {"translations": [2882.490892888857, 37.63575074767871, 358.0], "angles": [0.0, 0.0, 0.4634177266909484], "sizes": [0.9999999999999999, 0.9999999999999999, 1.0]}, {"translations": [2536.415776942322, 6.5222872968708145, 808.0], "angles": [0.0, 0.0, -0.6145379490214179], "sizes": [1.0000000000000002, 1.0000000000000002, 1.0]}, {"translations": [2166.2614097595215, -6.692960262298584, 658.0], "angles": [0.0, 0.0, 0.790900895088749], "sizes": [1.0000000000000007, 1.0000000000000007, 1.0]}, {"translations": [2065.23097187366, -30.44478552127664, 358.0], "angles": [0.0, 0.0, -0.12564708590909365], "sizes": [1.0, 1.0, 1.0]}, {"translations": [964.285053265462, -26.666788595282114, 508.0], "angles": [0.0, 0.0, 0.015522697039997242], "sizes": [1.0, 1.0, 1.0]}, {"translations": [907.4404720319465, 27.29961937357013, 358.0], "angles": [0.0, 0.0, 0.9999992217946617], "sizes": [1.0000000000000016, 1.0000000000000016, 1.0]}, {"translations": [480.60840267362966, 36.06338677313159, 58.0], "angles": [0.0, 0.0, 0.9712194997645199], "sizes": [1.0000000000000007, 1.0000000000000007, 1.0]}, {"translations": [2687.454899008, 35.52746586108673, 658.0], "angles": [-0.0, -0.0, 0.02010798684354151], "sizes": [1.0, 1.0, 1.0]}, {"translations": [2689.4494956661097, 23.496402880144572, 508.0], "angles": [0.0, 0.0, 0.9907728241683638], "sizes": [1.0000000000000002, 1.0000000000000002, 1.0]}, {"translations": [2716.1497383811475, -6.314972430187256, 58.0], "angles": [0.0, 0.0, 0.8767683603037207], "sizes": [1.0000000000000004, 1.0000000000000004, 1.0]}, {"translations": [2310.8239081960896, 32.410586681161654, 208.0], "angles": [0.0, 0.0, 0.9946547858023828], "sizes": [1.0000000000000002, 1.0000000000000002, 1.0]}], "SM_CardBoxA_01": [{"translations": [1048.5204638498772, -28.763471572368104, 658.0], "angles": [0.0, 0.0, -0.6672862579243258], "sizes": [1.0000000000000002, 1.0000000000000002, 1.0]}, {"translations": [1119.2645000188759, 30.3092540045365, 208.0], "angles": [0.0, 0.0, 0.996396189305433], "sizes": [1.0000000000000002, 1.0000000000000002, 1.0]}, {"translations": [677.5526257830774, 6.514689410278959, 658.0], "angles": [0.0, 0.0, -0.39167239383840385], "sizes": [1.0, 1.0, 1.0]}, {"translations": [714.1230246227854, 6.441746017175758, 508.0], "angles": [0.0, 0.0, 0.7647687510187134], "sizes": [1.0000000000000007, 1.0000000000000007, 1.0]}, {"translations": [271.7055329588557, -39.06516068394099, 508.0], "angles": [0.0, 0.0, 0.7274957271007935], "sizes": [1.0000000000000004, 1.0000000000000004, 1.0]}, {"translations": [2472.4846020865602, -3.410321139361468, 208.0], "angles": [0.0, 0.0, -0.1490095556025179], "sizes": [1.0, 1.0, 1.0]}, {"translations": [1399.033132856848, -27.249060118782396, 208.0], "angles": [0.0, 0.0, -0.5152297223625217], "sizes": [1.0000000000000002, 1.0000000000000002, 1.0]}, {"translations": [904.3174212605851, -32.61904678214047, 358.0], "angles": [0.0, 0.0, 0.2551213734744274], "sizes": [1.0, 1.0, 1.0]}, {"translations": [932.7747591263042, -1.3366377851505307, 208.0], "angles": [0.0, 0.0, -0.1546597144706527], "sizes": [1.0, 1.0, 1.0]}, {"translations": [531.1787852208676, 39.36041257651203, 808.0], "angles": [0.0, 0.0, -0.7321572806262927], "sizes": [1.0000000000000002, 1.0000000000000002, 1.0]}, {"translations": [87.31704165230127, -24.723847628445856, 808.0], "angles": [0.0, 0.0, 0.9939317557886655], "sizes": [1.0000000000000002, 1.0000000000000002, 1.0]}, {"translations": [2312.8352047313742, -30.439691938818775, 358.0], "angles": [0.0, 0.0, 0.714535933676821], "sizes": [1.0000000000000002, 1.0000000000000002, 1.0]}, {"translations": [1895.3635258269107, 34.01510228482207, 808.0], "angles": [0.0, 0.0, 0.7413842139428319], "sizes": [1.0000000000000004, 1.0000000000000004, 1.0]}]}