{"SM_RackShelf_01": [{"translations": [200.0, 0.0, 37.0], "angles": [0.0, 0.0, 0.0], "sizes": [1.0, 1.0, 1.0]}, {"translations": [200.0, 0.0, 187.0], "angles": [0.0, 0.0, 0.0], "sizes": [1.0, 1.0, 1.0]}, {"translations": [200.0, 0.0, 337.0], "angles": [0.0, 0.0, 0.0], "sizes": [1.0, 1.0, 1.0]}, {"translations": [200.0, 0.0, 487.0], "angles": [0.0, 0.0, 0.0], "sizes": [1.0, 1.0, 1.0]}, {"translations": [200.0, 0.0, 637.0], "angles": [0.0, 0.0, 0.0], "sizes": [1.0, 1.0, 1.0]}, {"translations": [200.0, 0.0, 787.0], "angles": [0.0, 0.0, 0.0], "sizes": [1.0, 1.0, 1.0]}, {"translations": [200.0, 0.0, 937.0], "angles": [0.0, 0.0, 0.0], "sizes": [1.0, 1.0, 1.0]}, {"translations": [600.0, 0.0, 37.0], "angles": [0.0, 0.0, 0.0], "sizes": [1.0, 1.0, 1.0]}, {"translations": [600.0, 0.0, 187.0], "angles": [0.0, 0.0, 0.0], "sizes": [1.0, 1.0, 1.0]}, {"translations": [600.0, 0.0, 337.0], "angles": [0.0, 0.0, 0.0], "sizes": [1.0, 1.0, 1.0]}, {"translations": [600.0, 0.0, 487.0], "angles": [0.0, 0.0, 0.0], "sizes": [1.0, 1.0, 1.0]}, {"translations": [600.0, 0.0, 637.0], "angles": [0.0, 0.0, 0.0], "sizes": [1.0, 1.0, 1.0]}, {"translations": [600.0, 0.0, 787.0], "angles": [0.0, 0.0, 0.0], "sizes": [1.0, 1.0, 1.0]}, {"translations": [600.0, 0.0, 937.0], "angles": [0.0, 0.0, 0.0], "sizes": [1.0, 1.0, 1.0]}, {"translations": [1000.0, 0.0, 37.0], "angles": [0.0, 0.0, 0.0], "sizes": [1.0, 1.0, 1.0]}, {"translations": [1000.0, 0.0, 187.0], "angles": [0.0, 0.0, 0.0], "sizes": [1.0, 1.0, 1.0]}, {"translations": [1000.0, 0.0, 337.0], "angles": [0.0, 0.0, 0.0], "sizes": [1.0, 1.0, 1.0]}, {"translations": [1000.0, 0.0, 487.0], "angles": [0.0, 0.0, 0.0], "sizes": [1.0, 1.0, 1.0]}, {"translations": [1000.0, 0.0, 637.0], "angles": [0.0, 0.0, 0.0], "sizes": [1.0, 1.0, 1.0]}, {"translations": [1000.0, 0.0, 787.0], "angles": [0.0, 0.0, 0.0], "sizes": [1.0, 1.0, 1.0]}, {"translations": [1000.0, 0.0, 937.0], "angles": [0.0, 0.0, 0.0], "sizes": [1.0, 1.0, 1.0]}, {"translations": [1400.0, 0.0, 37.0], "angles": [0.0, 0.0, 0.0], "sizes": [1.0, 1.0, 1.0]}, {"translations": [1400.0, 0.0, 187.0], "angles": [0.0, 0.0, 0.0], "sizes": [1.0, 1.0, 1.0]}, {"translations": [1400.0, 0.0, 337.0], "angles": [0.0, 0.0, 0.0], "sizes": [1.0, 1.0, 1.0]}, {"translations": [1400.0, 0.0, 487.0], "angles": [0.0, 0.0, 0.0], "sizes": [1.0, 1.0, 1.0]}, {"translations": [1400.0, 0.0, 637.0], "angles": [0.0, 0.0, 0.0], "sizes": [1.0, 1.0, 1.0]}, {"translations": [1400.0, 0.0, 787.0], "angles": [0.0, 0.0, 0.0], "sizes": [1.0, 1.0, 1.0]}, {"translations": [1400.0, 0.0, 937.0], "angles": [0.0, 0.0, 0.0], "sizes": [1.0, 1.0, 1.0]}], "SM_RackFrame_03": [{"translations": [0.0, 0.0, 0.0], "angles": [0.0, 0.0, 0.0], "sizes": [1.0, 1.0, 1.0]}, {"translations": [400.0, 0.0, 0.0], "angles": [0.0, 0.0, 0.0], "sizes": [1.0, 1.0, 1.0]}, {"translations": [800.0, 0.0, 0.0], "angles": [0.0, 0.0, 0.0], "sizes": [1.0, 1.0, 1.0]}, {"translations": [1200.0, 0.0, 0.0], "angles": [0.0, 0.0, 0.0], "sizes": [1.0, 1.0, 1.0]}, {"translations": [0.0, 0.0, 300.0], "angles": [0.0, 0.0, 0.0], "sizes": [1.0, 1.0, 1.0]}, {"translations": [400.0, 0.0, 300.0], "angles": [0.0, 0.0, 0.0], "sizes": [1.0, 1.0, 1.0]}, {"translations": [800.0, 0.0, 300.0], "angles": [0.0, 0.0, 0.0], "sizes": [1.0, 1.0, 1.0]}, {"translations": [1200.0, 0.0, 300.0], "angles": [0.0, 0.0, 0.0], "sizes": [1.0, 1.0, 1.0]}, {"translations": [0.0, 0.0, 600.0], "angles": [0.0, 0.0, 0.0], "sizes": [1.0, 1.0, 1.0]}, {"translations": [400.0, 0.0, 600.0], "angles": [0.0, 0.0, 0.0], "sizes": [1.0, 1.0, 1.0]}, {"translations": [800.0, 0.0, 600.0], "angles": [0.0, 0.0, 0.0], "sizes": [1.0, 1.0, 1.0]}, {"translations": [1200.0, 0.0, 600.0], "angles": [0.0, 0.0, 0.0], "sizes": [1.0, 1.0, 1.0]}, {"translations": [0.0, 0.0, 900.0], "angles": [0.0, 0.0, 0.0], "sizes": [1.0, 1.0, 1.0]}, {"translations": [400.0, 0.0, 900.0], "angles": [0.0, 0.0, 0.0], "sizes": [1.0, 1.0, 1.0]}, {"translations": [800.0, 0.0, 900.0], "angles": [0.0, 0.0, 0.0], "sizes": [1.0, 1.0, 1.0]}, {"translations": [1200.0, 0.0, 900.0], "angles": [0.0, 0.0, 0.0], "sizes": [1.0, 1.0, 1.0]}, {"translations": [1600.0, 0.0, 0.0], "angles": [0.0, 0.0, 0.0], "sizes": [1.0, 1.0, 1.0]}, {"translations": [1600.0, 0.0, 300.0], "angles": [0.0, 0.0, 0.0], "sizes": [1.0, 1.0, 1.0]}, {"translations": [1600.0, 0.0, 600.0], "angles": [0.0, 0.0, 0.0], "sizes": [1.0, 1.0, 1.0]}, {"translations": [1600.0, 0.0, 900.0], "angles": [0.0, 0.0, 0.0], "sizes": [1.0, 1.0, 1.0]}], "SM_PaletteA_01": [{"translations": [104.04623413085938, -1.7162489891052246, 37.0], "angles": [0.0, 0.0, 2.263686926374023e-05], "sizes": [1.0, 1.0, 1.0]}, {"translations": [77.0445785522461, -0.000858306884765625, 187.0], "angles": [0.0, 0.0, 0.03241796214944227], "sizes": [1.0, 1.0, 1.0]}, {"translations": [167.94365692138672, 0.4796934127807617, 337.0], "angles": [0.0, 0.0, -0.04170892086049936], "sizes": [1.0, 1.0, 1.0]}, {"translations": [74.09922790527344, -9.138336181640625, 487.0], "angles": [0.0, 0.0, 0.005647374721665922], "sizes": [0.9999999999999999, 0.9999999999999999, 1.0]}, {"translations": [106.05471801757812, -5.421197414398193, 637.0], "angles": [0.0, 0.0, -0.03538044933187565], "sizes": [0.9999999999999999, 0.9999999999999999, 1.0]}, {"translations": [115.29872131347656, 7.166991233825684, 787.0], "angles": [0.0, 0.0, -0.033996395442643774], "sizes": [1.0, 1.0, 1.0]}, {"translations": [132.94749450683594, -1.137080192565918, 937.0], "angles": [0.0, 0.0, 0.0007124163372792526], "sizes": [1.0, 1.0, 1.0]}, {"translations": [482.2792282104492, 6.109950542449951, 37.0], "angles": [0.0, 0.0, 0.017007978356936633], "sizes": [1.0, 1.0, 1.0]}, {"translations": [491.85707092285156, -2.9225897789001465, 187.0], "angles": [0.0, 0.0, -0.013479592535809905], "sizes": [1.0, 1.0, 1.0]}, {"translations": [533.3830947875977, 8.623649597167969, 337.0], "angles": [0.0, 0.0, -0.02549112619119849], "sizes": [1.0, 1.0, 1.0]}, {"translations": [494.8818664550781, 8.459146499633789, 487.0], "angles": [0.0, 0.0, -0.014158654557761781], "sizes": [1.0, 1.0, 1.0]}, {"translations": [541.5834045410156, 7.324190139770508, 637.0], "angles": [0.0, 0.0, 0.02780199939921937], "sizes": [1.0, 1.0, 1.0]}, {"translations": [533.2000122070312, 9.428579330444336, 787.0], "angles": [0.0, 0.0, -0.026050220909921883], "sizes": [1.0, 1.0, 1.0]}, {"translations": [479.88209533691406, -8.396973609924316, 937.0], "angles": [0.0, 0.0, 0.023166804530784554], "sizes": [1.0, 1.0, 1.0]}, {"translations": [911.4894409179688, 2.581357955932617, 37.0], "angles": [0.0, 0.0, 0.03217041111525457], "sizes": [1.0, 1.0, 1.0]}, {"translations": [962.7283554077148, 0.3313159942626953, 187.0], "angles": [0.0, 0.0, 0.032636236201357575], "sizes": [0.9999999999999999, 0.9999999999999999, 1.0]}, {"translations": [935.8382797241211, -4.22123908996582, 337.0], "angles": [0.0, 0.0, -0.01648339047026385], "sizes": [1.0, 1.0, 1.0]}, {"translations": [966.4827346801758, 3.2526063919067383, 487.0], "angles": [0.0, 0.0, 0.03897333756924725], "sizes": [1.0, 1.0, 1.0]}, {"translations": [881.7578506469727, 2.102322578430176, 637.0], "angles": [0.0, 0.0, 0.024529996694350298], "sizes": [1.0, 1.0, 1.0]}, {"translations": [922.1294860839844, 5.8795952796936035, 787.0], "angles": [0.0, 0.0, 0.027013972838016348], "sizes": [1.0, 1.0, 1.0]}, {"translations": [880.4381942749023, 9.166719436645508, 937.0], "angles": [0.0, 0.0, -0.011961666872956366], "sizes": [1.0, 1.0, 1.0]}, {"translations": [1312.5039825439453, 3.831033706665039, 37.0], "angles": [0.0, 0.0, 0.0074050753968219404], "sizes": [1.0, 1.0, 1.0]}, {"translations": [1367.7973022460938, 1.4619636535644531, 187.0], "angles": [0.0, 0.0, -0.010632794863917447], "sizes": [1.0, 1.0, 1.0]}, {"translations": [1278.5350646972656, 1.4052867889404297, 337.0], "angles": [0.0, 0.0, 0.026713138001799308], "sizes": [1.0, 1.0, 1.0]}, {"translations": [1300.343391418457, -2.281332015991211, 487.0], "angles": [0.0, 0.0, -0.03983821758100367], "sizes": [1.0, 1.0, 1.0]}, {"translations": [1315.598030090332, -4.324848651885986, 637.0], "angles": [0.0, 0.0, -0.005772546453726859], "sizes": [1.0, 1.0, 1.0]}, {"translations": [1286.8436584472656, 4.431722164154053, 787.0], "angles": [0.0, 0.0, -0.0035594165120921427], "sizes": [1.0, 1.0, 1.0]}, {"translations": [1352.2860984802246, -4.739868640899658, 937.0], "angles": [0.0, 0.0, 0.024652469217475294], "sizes": [1.0, 1.0, 1.0]}, {"translations": [288.7731170654297, -1.7162489891052246, 37.0], "angles": [0.0, 0.0, -0.030964563031114258], "sizes": [0.9999999999999999, 0.9999999999999999, 1.0]}, {"translations": [275.2722930908203, -0.000858306884765625, 187.0], "angles": [0.0, 0.0, 0.04079088323223401], "sizes": [1.0, 1.0, 1.0]}, {"translations": [320.7218246459961, 0.4796934127807617, 337.0], "angles": [0.0, 0.0, 0.0040547764843326724], "sizes": [1.0, 1.0, 1.0]}, {"translations": [273.7996139526367, -9.138336181640625, 487.0], "angles": [0.0, 0.0, 0.029716076064995205], "sizes": [1.0, 1.0, 1.0]}, {"translations": [289.77735900878906, -5.421197414398193, 637.0], "angles": [0.0, 0.0, 0.03118550696807666], "sizes": [0.9999999999999999, 0.9999999999999999, 1.0]}, {"translations": [294.3993606567383, 7.166991233825684, 787.0], "angles": [0.0, 0.0, 0.011721993980243092], "sizes": [1.0, 1.0, 1.0]}, {"translations": [303.22374725341797, -1.137080192565918, 937.0], "angles": [0.0, 0.0, 0.02150535479139132], "sizes": [0.9999999999999999, 0.9999999999999999, 1.0]}, {"translations": [677.8896102905273, 6.109950542449951, 37.0], "angles": [0.0, 0.0, 0.026667876232562775], "sizes": [1.0, 1.0, 1.0]}, {"translations": [682.6785354614258, -2.9225897789001465, 187.0], "angles": [0.0, 0.0, 0.023480982449185703], "sizes": [1.0, 1.0, 1.0]}, {"translations": [703.4415435791016, 8.623649597167969, 337.0], "angles": [0.0, 0.0, 0.04125655655559889], "sizes": [1.0, 1.0, 1.0]}, {"translations": [684.1909332275391, 8.459146499633789, 487.0], "angles": [0.0, 0.0, -0.04121930401601443], "sizes": [1.0, 1.0, 1.0]}, {"translations": [707.5417022705078, 7.324190139770508, 637.0], "angles": [0.0, 0.0, 0.001679174293051664], "sizes": [1.0, 1.0, 1.0]}, {"translations": [703.3500061035156, 9.428579330444336, 787.0], "angles": [0.0, 0.0, 0.010100173588258165], "sizes": [1.0, 1.0, 1.0]}, {"translations": [676.691047668457, -8.396973609924316, 937.0], "angles": [0.0, 0.0, -0.0003741845273972916], "sizes": [0.9999999999999999, 0.9999999999999999, 1.0]}, {"translations": [1092.4947204589844, 2.581357955932617, 37.0], "angles": [0.0, 0.0, -0.026651905025410295], "sizes": [1.0, 1.0, 1.0]}, {"translations": [1118.1141815185547, 0.3313159942626953, 187.0], "angles": [0.0, 0.0, -0.04013360035999074], "sizes": [1.0, 1.0, 1.0]}, {"translations": [1104.6691436767578, -4.22123908996582, 337.0], "angles": [0.0, 0.0, -0.01725562118975745], "sizes": [1.0, 1.0, 1.0]}, {"translations": [1119.9913635253906, 3.2526063919067383, 487.0], "angles": [0.0, 0.0, 0.0214920420635396], "sizes": [1.0, 1.0, 1.0]}, {"translations": [1077.6289291381836, 2.102322578430176, 637.0], "angles": [0.0, 0.0, -0.013769860551143726], "sizes": [1.0, 1.0, 1.0]}, {"translations": [1097.8147430419922, 5.8795952796936035, 787.0], "angles": [0.0, 0.0, -0.007972332739563024], "sizes": [1.0, 1.0, 1.0]}, {"translations": [1076.9691009521484, 9.166719436645508, 937.0], "angles": [0.0, 0.0, -0.02336382926838437], "sizes": [1.0, 1.0, 1.0]}, {"translations": [1493.0019912719727, 3.831033706665039, 37.0], "angles": [0.0, 0.0, -0.005543510464436315], "sizes": [1.0, 1.0, 1.0]}, {"translations": [1520.6486511230469, 1.4619636535644531, 187.0], "angles": [0.0, 0.0, -0.037701245063210057], "sizes": [0.9999999999999999, 0.9999999999999999, 1.0]}, {"translations": [1476.0175323486328, 1.4052867889404297, 337.0], "angles": [0.0, 0.0, -0.031914870615687936], "sizes": [1.0, 1.0, 1.0]}, {"translations": [1486.9216995239258, -2.281332015991211, 487.0], "angles": [0.0, 0.0, -0.0021985053281290945], "sizes": [1.0, 1.0, 1.0]}, {"translations": [1494.5490188598633, -4.324848651885986, 637.0], "angles": [0.0, 0.0, -0.03751494735156091], "sizes": [1.0, 1.0, 1.0]}, {"translations": [1480.1718292236328, 4.431722164154053, 787.0], "angles": [0.0, 0.0, -0.02392561787005161], "sizes": [1.0, 1.0, 1.0]}, {"translations": [1512.893051147461, -4.739868640899658, 937.0], "angles": [0.0, 0.0, -0.03866729658816698], "sizes": [1.0, 1.0, 1.0]}], "SM_CardBoxD_02": [{"translations": [1480.6644580041411, -32.33185631852743, 958.0], "angles": [0.0, 0.0, 0.3736481586611189], "sizes": [1.0, 1.0, 1.0]}, {"translations": [1496.798331219494, 25.59070907162659, 658.0], "angles": [0.0, 0.0, 0.36204750049429246], "sizes": [0.9999999999999999, 0.9999999999999999, 1.0]}, {"translations": [677.5418714480862, 7.223439824226828, 658.0], "angles": [0.0, 0.0, 0.5042285950255251], "sizes": [0.9999999999999998, 0.9999999999999998, 1.0]}, {"translations": [737.4407827773857, 37.4247712777358, 658.0], "angles": [0.0, 0.0, 0.9967379938053156], "sizes": [0.9999999999999992, 0.9999999999999992, 1.0]}, {"translations": [711.2369835676132, 28.452799330499005, 208.0], "angles": [0.0, 0.0, 0.9971381161173495], "sizes": [1.0000000000000013, 1.0000000000000013, 1.0]}, {"translations": [331.9059755574365, 30.125193869251135, 958.0], "angles": [0.0, 0.0, 0.9991743753569209], "sizes": [1.0000000000000009, 1.0000000000000009, 1.0]}, {"translations": [1250.1800965115908, -30.154114016356456, 358.0], "angles": [0.0, 0.0, 0.9925408137440147], "sizes": [1.0000000000000004, 1.0000000000000004, 1.0]}, {"translations": [1398.4284504941704, 30.81724864629354, 208.0], "angles": [0.0, 0.0, 0.6365773461907208], "sizes": [1.0000000000000004, 1.0000000000000004, 1.0]}, {"translations": [850.4467791633651, 9.88436810239817, 958.0], "angles": [0.0, 0.0, 0.7837309293335203], "sizes": [1.0000000000000004, 1.0000000000000004, 1.0]}, {"translations": [913.1931043315014, -26.39021724850208, 658.0], "angles": [0.0, 0.0, 0.139989684201554], "sizes": [0.9999999999999999, 0.9999999999999999, 1.0]}, {"translations": [994.6215790180854, -27.647645525759895, 208.0], "angles": [0.0, 0.0, 0.9472142437791274], "sizes": [1.0000000000000004, 1.0000000000000004, 1.0]}, {"translations": [879.6223114595695, 30.59003625537441, 58.0], "angles": [0.0, 0.0, 0.9717658126392088], "sizes": [1.0000000000000007, 1.0000000000000007, 1.0]}], "SM_CardBoxC_01": [{"translations": [1540.4850388250886, -36.968461784219414, 958.0], "angles": [0.0, 0.0, 0.7009683957265171], "sizes": [1.0000000000000004, 1.0000000000000004, 1.0]}, {"translations": [676.691047668457, -8.396973609924316, 958.0], "angles": [0.0, 0.0, 0.9634076394586032], "sizes": [1.0, 1.0, 1.0]}, {"translations": [733.9498647970082, -19.959320355281488, 808.0], "angles": [0.0, 0.0, 0.9998487583618486], "sizes": [1.0000000000000007, 1.0000000000000007, 1.0]}, {"translations": [323.68784503087903, 37.8620182425402, 808.0], "angles": [0.0, 0.0, 0.9341384533315693], "sizes": [0.9999999999999998, 0.9999999999999998, 1.0]}, {"translations": [302.72704332909973, 32.34472391625191, 208.0], "angles": [0.0, 0.0, -0.44396377872523124], "sizes": [0.9999999999999999, 0.9999999999999999, 1.0]}, {"translations": [316.8586059158958, -33.51570363899417, 58.0], "angles": [0.0, 0.0, 0.6335501372494383], "sizes": [1.0000000000000004, 1.0000000000000004, 1.0]}, {"translations": [1332.6365619078942, 25.235047464967924, 508.0], "angles": [0.0, 0.0, -0.09847313711079331], "sizes": [1.0, 1.0, 1.0]}, {"translations": [1338.4420172533646, 32.093111901641194, 208.0], "angles": [0.0, 0.0, 0.938016290949241], "sizes": [0.9999999999999998, 0.9999999999999998, 1.0]}, {"translations": [893.7935182228076, -25.696866291710432, 808.0], "angles": [0.0, 0.0, -0.11796606984201383], "sizes": [1.0, 1.0, 1.0]}, {"translations": [102.99026992844762, -31.179794709733084, 958.0], "angles": [0.0, 0.0, 0.8995830761009372], "sizes": [0.999999999999999, 0.999999999999999, 1.0]}, {"translations": [200.33963643294106, 27.874957811704714, 358.0], "angles": [0.0, 0.0, 0.3206304956147939], "sizes": [1.0, 1.0, 1.0]}], "SM_CardBoxD_01": [{"translations": [1456.7900795285684, -32.149132009552545, 508.0], "angles": [0.0, 0.0, -0.6096695991783021], "sizes": [1.0, 1.0, 1.0]}, {"translations": [1493.3345967891528, 33.82918987616888, 58.0], "angles": [0.0, 0.0, 0.5953655826668041], "sizes": [1.0, 1.0, 1.0]}, {"translations": [1097.8147430419922, 5.8795952796936035, 808.0], "angles": [0.0, 0.0, 0.810873000399168], "sizes": [1.0, 1.0, 1.0]}, {"translations": [1078.4550424408296, 32.0909460348543, 658.0], "angles": [0.0, 0.0, 0.9674217766134467], "sizes": [1.0000000000000016, 1.0000000000000016, 1.0]}, {"translations": [672.750147410023, 38.81647901617016, 808.0], "angles": [0.0, 0.0, 0.9361723273651724], "sizes": [1.0000000000000004, 1.0000000000000004, 1.0]}, {"translations": [258.8306453152522, 0.14073391060619, 58.0], "angles": [0.0, 0.0, 0.8755793533749856], "sizes": [1.0000000000000002, 1.0000000000000002, 1.0]}, {"translations": [1353.7647970930775, -34.70340398658854, 958.0], "angles": [0.0, 0.0, 0.986872264739688], "sizes": [1.000000000000001, 1.000000000000001, 1.0]}, {"translations": [938.9104935992491, -28.99288200221219, 508.0], "angles": [0.0, 0.0, -0.3151620738115722], "sizes": [1.0, 1.0, 1.0]}, {"translations": [511.6297816112513, 5.656714988082946, 658.0], "angles": [0.0, 0.0, 0.4252270867608105], "sizes": [1.0, 1.0, 1.0]}, {"translations": [76.12982458927365, -3.2996995226670567, 658.0], "angles": [0.0, 0.0, 0.9395582029150814], "sizes": [1.0000000000000002, 1.0000000000000002, 1.0]}, {"translations": [77.0445785522461, -0.000858306884765625, 208.0], "angles": [0.0, 0.0, 0.465304319140607], "sizes": [1.0000000000000002, 1.0000000000000002, 1.0]}], "SM_CardBoxD_04": [{"translations": [1516.789499517487, -32.41295201134854, 508.0], "angles": [0.0, 0.0, -0.07597362186020014], "sizes": [1.0, 1.0, 1.0]}, {"translations": [1490.7339341558059, 3.722430147424034, 208.0], "angles": [0.0, 0.0, 0.5727895483965383], "sizes": [1.0000000000000002, 1.0000000000000002, 1.0]}, {"translations": [1276.9328483874544, 31.36247128442624, 358.0], "angles": [0.0, 0.0, -0.7988632709216884], "sizes": [1.0000000000000004, 1.0000000000000004, 1.0]}, {"translations": [478.4924601244271, 21.570824340145627, 958.0], "angles": [0.0, 0.0, 0.9431512982933539], "sizes": [1.0000000000000007, 1.0000000000000007, 1.0]}, {"translations": [147.267980660046, 35.059041298885155, 808.0], "angles": [0.0, 0.0, 0.5293112788688207], "sizes": [1.0000000000000002, 1.0000000000000002, 1.0]}], "SM_CardBoxB_02": [{"translations": [1457.0538995303646, 27.850287979366115, 508.0], "angles": [0.0, 0.0, 0.4060055719934697], "sizes": [0.9999999999999999, 0.9999999999999999, 1.0]}, {"translations": [1552.8238345841476, 29.1162141269459, 208.0], "angles": [0.0, 0.0, 0.8967212919872855], "sizes": [0.9999999999999999, 0.9999999999999999, 1.0]}, {"translations": [1135.6864614097271, 24.725712401547547, 358.0], "angles": [0.0, 0.0, -0.6897009975855346], "sizes": [1.0000000000000002, 1.0000000000000002, 1.0]}, {"translations": [735.8127031798657, -18.800938387008852, 358.0], "angles": [0.0, 0.0, 0.8564296489012302], "sizes": [1.0000000000000004, 1.0000000000000004, 1.0]}, {"translations": [649.5317843343471, -25.446882426639153, 58.0], "angles": [0.0, 0.0, 0.675192708662907], "sizes": [1.0000000000000004, 1.0000000000000004, 1.0]}, {"translations": [273.2514960705002, -2.4271030714651882, 958.0], "angles": [0.0, 0.0, 0.4722894316472205], "sizes": [0.9999999999999999, 0.9999999999999999, 1.0]}, {"translations": [287.90713868273355, 24.520450434910448, 658.0], "angles": [0.0, 0.0, 0.9703608224799143], "sizes": [1.0000000000000009, 1.0000000000000009, 1.0]}, {"translations": [277.71770908324896, -29.90102453759282, 208.0], "angles": [0.0, 0.0, 0.9995969287051513], "sizes": [1.0000000000000002, 1.0000000000000002, 1.0]}, {"translations": [1380.7709352130607, 26.702365317642034, 958.0], "angles": [0.0, 0.0, -0.7907859505715575], "sizes": [1.0000000000000002, 1.0000000000000002, 1.0]}, {"translations": [481.271730549401, -38.36477155999426, 958.0], "angles": [0.0, 0.0, 0.12704541918847098], "sizes": [0.9999999999999999, 0.9999999999999999, 1.0]}, {"translations": [524.869838405145, 7.6097123809379905, 508.0], "angles": [0.0, 0.0, 0.14317860040818375], "sizes": [1.0, 1.0, 1.0]}, {"translations": [461.05927081595917, -32.10298574221597, 208.0], "angles": [0.0, 0.0, 0.3024314759213943], "sizes": [1.0, 1.0, 1.0]}], "SM_CardBoxD_05": [{"translations": [1477.9314491217901, 31.344173250955464, 358.0], "angles": [0.0, 0.0, 0.9574781082595324], "sizes": [1.0000000000000013, 1.0000000000000013, 1.0]}, {"translations": [1492.6693857547925, -26.1671224628388, 58.0], "angles": [0.0, 0.0, -0.6131153242830971], "sizes": [1.0, 1.0, 1.0]}, {"translations": [350.96412276234435, -29.276035525390462, 358.0], "angles": [0.0, 0.0, 0.1617123251788718], "sizes": [0.9999999999999999, 0.9999999999999999, 1.0]}, {"translations": [320.4785400569076, 30.47870694004049, 358.0], "angles": [0.0, 0.0, -0.7065976855936605], "sizes": [1.0000000000000002, 1.0000000000000002, 1.0]}, {"translations": [1345.2496837362373, -34.66919633087345, 658.0], "angles": [0.0, 0.0, -0.7071182049820801], "sizes": [1.0000000000000002, 1.0000000000000002, 1.0]}, {"translations": [1270.4386164332589, 0.10706348824777212, 508.0], "angles": [0.0, 0.0, 0.058132178136991224], "sizes": [1.0, 1.0, 1.0]}, {"translations": [909.7119607206869, -21.54234434064438, 958.0], "angles": [0.0, 0.0, -0.10642262845304225], "sizes": [0.9999999999999999, 0.9999999999999999, 1.0]}, {"translations": [994.0549757611025, 35.49809478602567, 508.0], "angles": [0.0, 0.0, -0.6934912708946278], "sizes": [1.0, 1.0, 1.0]}, {"translations": [905.8545818538048, -3.2323700280620504, 358.0], "angles": [0.0, 0.0, 0.9210095326361939], "sizes": [1.0, 1.0, 1.0]}, {"translations": [943.356570376368, -25.427320343509177, 58.0], "angles": [0.0, 0.0, -0.20220130945307302], "sizes": [1.0, 1.0, 1.0]}, {"translations": [103.7584772548665, 21.198587327816668, 508.0], "angles": [0.0, 0.0, -0.7595791894019792], "sizes": [1.0, 1.0, 1.0]}, {"translations": [1448.771049197643, -24.098805587000502, 808.0], "angles": [0.0, 0.0, 0.5603682488500515], "sizes": [1.0000000000000002, 1.0000000000000002, 1.0]}], "SM_CardBoxB_01": [{"translations": [1105.5349017445537, -22.201975548779256, 958.0], "angles": [0.0, 0.0, 0.28282873159046096], "sizes": [1.0, 1.0, 1.0]}, {"translations": [1074.6870090645166, -3.186055969237852, 358.0], "angles": [0.0, 0.0, 0.9761600713045436], "sizes": [1.0000000000000007, 1.0000000000000007, 1.0]}, {"translations": [1088.210823871226, 2.737391931541019, 208.0], "angles": [0.0, 0.0, 0.5422733490166877], "sizes": [1.0, 1.0, 1.0]}, {"translations": [651.82181872745, -18.9678552774494, 508.0], "angles": [0.0, 0.0, 0.9838950638253834], "sizes": [0.9999999999999996, 0.9999999999999996, 1.0]}, {"translations": [714.053924570825, -31.481037885087517, 208.0], "angles": [0.0, 0.0, 0.996054980479539], "sizes": [1.0000000000000002, 1.0000000000000002, 1.0]}, {"translations": [261.7059314855359, -37.23306558976233, 658.0], "angles": [0.0, 0.0, -0.7949467804547239], "sizes": [1.0, 1.0, 1.0]}, {"translations": [1256.6308549761739, -25.353954031245358, 808.0], "angles": [0.0, 0.0, 0.4274205929917069], "sizes": [0.9999999999999998, 0.9999999999999998, 1.0]}, {"translations": [43.762304395816145, 20.52091316795245, 508.0], "angles": [0.0, 0.0, 0.9932792775706353], "sizes": [0.9999999999999996, 0.9999999999999996, 1.0]}, {"translations": [1511.5726092496227, 32.962249915308604, 808.0], "angles": [0.0, 0.0, 0.9930874680442571], "sizes": [1.0000000000000004, 1.0000000000000004, 1.0]}], "SM_CardBoxC_02": [{"translations": [1047.0018530632333, 10.568166533155201, 958.0], "angles": [0.0, 0.0, -0.6492938596735958], "sizes": [1.0, 1.0, 1.0]}, {"translations": [673.5436697866311, 6.150363788874309, 358.0], "angles": [0.0, 0.0, 0.9397755975965338], "sizes": [1.0000000000000009, 1.0000000000000009, 1.0]}, {"translations": [709.4464432596164, -22.24787541373031, 58.0], "angles": [0.0, 0.0, 0.6215450109426375], "sizes": [1.0, 1.0, 1.0]}, {"translations": [501.8931120698596, -19.808391983354532, 358.0], "angles": [0.0, 0.0, -0.04127177769394353], "sizes": [1.0, 1.0, 1.0]}, {"translations": [564.8730775053357, 37.05569117769047, 358.0], "angles": [0.0, 0.0, 0.9982605725942478], "sizes": [1.0000000000000007, 1.0000000000000007, 1.0]}, {"translations": [74.04487594944956, 28.282392767993628, 58.0], "angles": [0.0, 0.0, 0.8757074966168449], "sizes": [0.9999999999999997, 0.9999999999999997, 1.0]}], "SM_CardBoxD_03": [{"translations": [1046.8141923791134, -27.060187575347836, 658.0], "angles": [0.0, 0.0, -0.7056844472249216], "sizes": [1.0000000000000007, 1.0000000000000007, 1.0]}, {"translations": [1088.7298533286037, 31.93566725047251, 508.0], "angles": [0.0, 0.0, 0.885119357561177], "sizes": [1.0000000000000002, 1.0000000000000002, 1.0]}, {"translations": [1060.9387936455075, -25.777476345612506, 58.0], "angles": [0.0, 0.0, 0.9860604360213844], "sizes": [1.0000000000000007, 1.0000000000000007, 1.0]}, {"translations": [654.1200873552384, -34.2979788882993, 208.0], "angles": [0.0, 0.0, -0.03707822876354967], "sizes": [1.0, 1.0, 1.0]}, {"translations": [273.7996139526367, -9.138336181640625, 508.0], "angles": [0.0, 0.0, 0.9697760819694509], "sizes": [1.0000000000000002, 1.0000000000000002, 1.0]}, {"translations": [1327.8597708994162, -34.57450250542831, 508.0], "angles": [0.0, 0.0, 0.18174879355752105], "sizes": [1.0, 1.0, 1.0]}, {"translations": [890.5530245125804, 34.2155631408704, 808.0], "angles": [0.0, 0.0, 0.8440443331779338], "sizes": [1.0, 1.0, 1.0]}, {"translations": [462.6766749595357, 27.875210327992257, 208.0], "angles": [0.0, 0.0, 0.9989710728135935], "sizes": [1.000000000000001, 1.000000000000001, 1.0]}, {"translations": [522.654871029744, 26.257806184415678, 208.0], "angles": [0.0, 0.0, 0.1490876270470297], "sizes": [1.0, 1.0, 1.0]}], "SM_CardBoxA_02": [{"translations": [1091.3083026668248, -28.008903804880173, 508.0], "angles": [0.0, 0.0, 0.07292549286518005], "sizes": [1.0, 1.0, 1.0]}, {"translations": [1150.4236151031616, 27.828597704313044, 208.0], "angles": [0.0, 0.0, 0.227570094120113], "sizes": [1.0, 1.0, 1.0]}, {"translations": [651.3031463520266, 25.635858327287224, 208.0], "angles": [0.0, 0.0, 0.9903549127377496], "sizes": [1.0, 1.0, 1.0]}, {"translations": [676.2901067840729, 36.06728000508463, 58.0], "angles": [0.0, 0.0, 0.9956167657998473], "sizes": [1.0000000000000007, 1.0000000000000007, 1.0]}, {"translations": [320.57257171531865, 26.36923986136089, 58.0], "angles": [0.0, 0.0, -0.014359633084891955], "sizes": [1.0, 1.0, 1.0]}, {"translations": [1316.8428982805112, 4.218158526307858, 808.0], "angles": [0.0, 0.0, 0.12732836760808772], "sizes": [1.0, 1.0, 1.0]}, {"translations": [561.5968125432191, -22.093186652233058, 808.0], "angles": [0.0, 0.0, 0.158292188221484], "sizes": [1.0, 1.0, 1.0]}, {"translations": [534.762495030276, 39.387862489876994, 808.0], "angles": [0.0, 0.0, -0.5598206551257768], "sizes": [1.0, 1.0, 1.0]}, {"translations": [569.8695523190925, 38.94528822122241, 658.0], "angles": [-0.0, -0.0, 0.006566026421087738], "sizes": [1.0, 1.0, 1.0]}, {"translations": [561.8151363681202, -22.866333120570054, 358.0], "angles": [0.0, 0.0, -0.14667671319551734], "sizes": [0.9999999999999999, 0.9999999999999999, 1.0]}, {"translations": [504.9510532070752, 40.11363231490599, 358.0], "angles": [0.0, 0.0, -0.07420222019671274], "sizes": [1.0, 1.0, 1.0]}, {"translations": [481.258897117323, 36.092594262782555, 58.0], "angles": [0.0, 0.0, 0.9140539073921148], "sizes": [1.0000000000000004, 1.0000000000000004, 1.0]}, {"translations": [138.04803496614755, 2.980050969095966, 358.0], "angles": [0.0, 0.0, -0.8347683496033518], "sizes": [1.0000000000000002, 1.0000000000000002, 1.0]}], "SM_CardBoxA_01": [{"translations": [1094.0932667149502, 32.538738513443604, 58.0], "angles": [0.0, 0.0, -0.547110738155776], "sizes": [1.0, 1.0, 1.0]}, {"translations": [714.0889913661251, 5.988090138130856, 508.0], "angles": [0.0, 0.0, 0.10744646223447528], "sizes": [1.0, 1.0, 1.0]}, {"translations": [1312.5039825439453, 3.831033706665039, 58.0], "angles": [0.0, 0.0, 0.23410752033177082], "sizes": [1.0, 1.0, 1.0]}, {"translations": [932.7922628425183, -1.6258150509112683, 208.0], "angles": [0.0, 0.0, 0.6187947259742586], "sizes": [1.0000000000000002, 1.0000000000000002, 1.0]}, {"translations": [83.32946196690715, -20.72505883123379, 808.0], "angles": [0.0, 0.0, 0.9844073484300571], "sizes": [1.0, 1.0, 1.0]}]}