[{"SM_RackShelf_01": [{"translations": [200.0, 0.0, 37.0], "angles": [0.0, 0.0, 0.0], "sizes": [1.0, 1.0, 1.0]}, {"translations": [200.0, 0.0, 187.0], "angles": [0.0, 0.0, 0.0], "sizes": [1.0, 1.0, 1.0]}, {"translations": [200.0, 0.0, 337.0], "angles": [0.0, 0.0, 0.0], "sizes": [1.0, 1.0, 1.0]}, {"translations": [600.0, 0.0, 37.0], "angles": [0.0, 0.0, 0.0], "sizes": [1.0, 1.0, 1.0]}, {"translations": [600.0, 0.0, 187.0], "angles": [0.0, 0.0, 0.0], "sizes": [1.0, 1.0, 1.0]}, {"translations": [600.0, 0.0, 337.0], "angles": [0.0, 0.0, 0.0], "sizes": [1.0, 1.0, 1.0]}, {"translations": [1000.0, 0.0, 37.0], "angles": [0.0, 0.0, 0.0], "sizes": [1.0, 1.0, 1.0]}, {"translations": [1000.0, 0.0, 187.0], "angles": [0.0, 0.0, 0.0], "sizes": [1.0, 1.0, 1.0]}, {"translations": [1000.0, 0.0, 337.0], "angles": [0.0, 0.0, 0.0], "sizes": [1.0, 1.0, 1.0]}, {"translations": [1400.0, 0.0, 37.0], "angles": [0.0, 0.0, 0.0], "sizes": [1.0, 1.0, 1.0]}, {"translations": [1400.0, 0.0, 187.0], "angles": [0.0, 0.0, 0.0], "sizes": [1.0, 1.0, 1.0]}, {"translations": [1400.0, 0.0, 337.0], "angles": [0.0, 0.0, 0.0], "sizes": [1.0, 1.0, 1.0]}, {"translations": [1800.0, 0.0, 37.0], "angles": [0.0, 0.0, 0.0], "sizes": [1.0, 1.0, 1.0]}, {"translations": [1800.0, 0.0, 187.0], "angles": [0.0, 0.0, 0.0], "sizes": [1.0, 1.0, 1.0]}, {"translations": [1800.0, 0.0, 337.0], "angles": [0.0, 0.0, 0.0], "sizes": [1.0, 1.0, 1.0]}, {"translations": [2200.0, 0.0, 37.0], "angles": [0.0, 0.0, 0.0], "sizes": [1.0, 1.0, 1.0]}, {"translations": [2200.0, 0.0, 187.0], "angles": [0.0, 0.0, 0.0], "sizes": [1.0, 1.0, 1.0]}, {"translations": [2200.0, 0.0, 337.0], "angles": [0.0, 0.0, 0.0], "sizes": [1.0, 1.0, 1.0]}, {"translations": [2600.0, 0.0, 37.0], "angles": [0.0, 0.0, 0.0], "sizes": [1.0, 1.0, 1.0]}, {"translations": [2600.0, 0.0, 187.0], "angles": [0.0, 0.0, 0.0], "sizes": [1.0, 1.0, 1.0]}, {"translations": [2600.0, 0.0, 337.0], "angles": [0.0, 0.0, 0.0], "sizes": [1.0, 1.0, 1.0]}, {"translations": [3000.0, 0.0, 37.0], "angles": [0.0, 0.0, 0.0], "sizes": [1.0, 1.0, 1.0]}, {"translations": [3000.0, 0.0, 187.0], "angles": [0.0, 0.0, 0.0], "sizes": [1.0, 1.0, 1.0]}, {"translations": [3000.0, 0.0, 337.0], "angles": [0.0, 0.0, 0.0], "sizes": [1.0, 1.0, 1.0]}, {"translations": [3400.0, 0.0, 37.0], "angles": [0.0, 0.0, 0.0], "sizes": [1.0, 1.0, 1.0]}, {"translations": [3400.0, 0.0, 187.0], "angles": [0.0, 0.0, 0.0], "sizes": [1.0, 1.0, 1.0]}, {"translations": [3400.0, 0.0, 337.0], "angles": [0.0, 0.0, 0.0], "sizes": [1.0, 1.0, 1.0]}]}, {"SM_RackFrame_03": [{"translations": [0.0, 0.0, 0.0], "angles": [0.0, 0.0, 0.0], "sizes": [1.0, 1.0, 1.0]}, {"translations": [400.0, 0.0, 0.0], "angles": [0.0, 0.0, 0.0], "sizes": [1.0, 1.0, 1.0]}, {"translations": [800.0, 0.0, 0.0], "angles": [0.0, 0.0, 0.0], "sizes": [1.0, 1.0, 1.0]}, {"translations": [1200.0, 0.0, 0.0], "angles": [0.0, 0.0, 0.0], "sizes": [1.0, 1.0, 1.0]}, {"translations": [1600.0, 0.0, 0.0], "angles": [0.0, 0.0, 0.0], "sizes": [1.0, 1.0, 1.0]}, {"translations": [2000.0, 0.0, 0.0], "angles": [0.0, 0.0, 0.0], "sizes": [1.0, 1.0, 1.0]}, {"translations": [2400.0, 0.0, 0.0], "angles": [0.0, 0.0, 0.0], "sizes": [1.0, 1.0, 1.0]}, {"translations": [2800.0, 0.0, 0.0], "angles": [0.0, 0.0, 0.0], "sizes": [1.0, 1.0, 1.0]}, {"translations": [3200.0, 0.0, 0.0], "angles": [0.0, 0.0, 0.0], "sizes": [1.0, 1.0, 1.0]}, {"translations": [0.0, 0.0, 300.0], "angles": [0.0, 0.0, 0.0], "sizes": [1.0, 1.0, 1.0]}, {"translations": [400.0, 0.0, 300.0], "angles": [0.0, 0.0, 0.0], "sizes": [1.0, 1.0, 1.0]}, {"translations": [800.0, 0.0, 300.0], "angles": [0.0, 0.0, 0.0], "sizes": [1.0, 1.0, 1.0]}, {"translations": [1200.0, 0.0, 300.0], "angles": [0.0, 0.0, 0.0], "sizes": [1.0, 1.0, 1.0]}, {"translations": [1600.0, 0.0, 300.0], "angles": [0.0, 0.0, 0.0], "sizes": [1.0, 1.0, 1.0]}, {"translations": [2000.0, 0.0, 300.0], "angles": [0.0, 0.0, 0.0], "sizes": [1.0, 1.0, 1.0]}, {"translations": [2400.0, 0.0, 300.0], "angles": [0.0, 0.0, 0.0], "sizes": [1.0, 1.0, 1.0]}, {"translations": [2800.0, 0.0, 300.0], "angles": [0.0, 0.0, 0.0], "sizes": [1.0, 1.0, 1.0]}, {"translations": [3200.0, 0.0, 300.0], "angles": [0.0, 0.0, 0.0], "sizes": [1.0, 1.0, 1.0]}, {"translations": [0.0, 0.0, 0.0], "angles": [0.0, 0.0, 0.0], "sizes": [1.0, 1.0, 1.0]}, {"translations": [400.0, 0.0, 0.0], "angles": [0.0, 0.0, 0.0], "sizes": [1.0, 1.0, 1.0]}, {"translations": [800.0, 0.0, 0.0], "angles": [0.0, 0.0, 0.0], "sizes": [1.0, 1.0, 1.0]}, {"translations": [1200.0, 0.0, 0.0], "angles": [0.0, 0.0, 0.0], "sizes": [1.0, 1.0, 1.0]}, {"translations": [1600.0, 0.0, 0.0], "angles": [0.0, 0.0, 0.0], "sizes": [1.0, 1.0, 1.0]}, {"translations": [2000.0, 0.0, 0.0], "angles": [0.0, 0.0, 0.0], "sizes": [1.0, 1.0, 1.0]}, {"translations": [2400.0, 0.0, 0.0], "angles": [0.0, 0.0, 0.0], "sizes": [1.0, 1.0, 1.0]}, {"translations": [2800.0, 0.0, 0.0], "angles": [0.0, 0.0, 0.0], "sizes": [1.0, 1.0, 1.0]}, {"translations": [3200.0, 0.0, 0.0], "angles": [0.0, 0.0, 0.0], "sizes": [1.0, 1.0, 1.0]}, {"translations": [0.0, 0.0, 300.0], "angles": [0.0, 0.0, 0.0], "sizes": [1.0, 1.0, 1.0]}, {"translations": [400.0, 0.0, 300.0], "angles": [0.0, 0.0, 0.0], "sizes": [1.0, 1.0, 1.0]}, {"translations": [800.0, 0.0, 300.0], "angles": [0.0, 0.0, 0.0], "sizes": [1.0, 1.0, 1.0]}, {"translations": [1200.0, 0.0, 300.0], "angles": [0.0, 0.0, 0.0], "sizes": [1.0, 1.0, 1.0]}, {"translations": [1600.0, 0.0, 300.0], "angles": [0.0, 0.0, 0.0], "sizes": [1.0, 1.0, 1.0]}, {"translations": [2000.0, 0.0, 300.0], "angles": [0.0, 0.0, 0.0], "sizes": [1.0, 1.0, 1.0]}, {"translations": [2400.0, 0.0, 300.0], "angles": [0.0, 0.0, 0.0], "sizes": [1.0, 1.0, 1.0]}, {"translations": [2800.0, 0.0, 300.0], "angles": [0.0, 0.0, 0.0], "sizes": [1.0, 1.0, 1.0]}, {"translations": [3200.0, 0.0, 300.0], "angles": [0.0, 0.0, 0.0], "sizes": [1.0, 1.0, 1.0]}, {"translations": [3600.0, 0.0, 0.0], "angles": [0.0, 0.0, 0.0], "sizes": [1.0, 1.0, 1.0]}, {"translations": [3600.0, 0.0, 300.0], "angles": [0.0, 0.0, 0.0], "sizes": [1.0, 1.0, 1.0]}]}, {"SM_PaletteA_01": [{"translations": [104.04623413085938, 0.0, 37.0], "angles": [0.0, 0.0, 0.0], "sizes": [1.0, 1.0, 1.0]}, {"translations": [77.0445785522461, 0.0, 187.0], "angles": [0.0, 0.0, 0.0], "sizes": [1.0, 1.0, 1.0]}, {"translations": [167.94365692138672, 0.0, 337.0], "angles": [0.0, 0.0, 0.0], "sizes": [1.0, 1.0, 1.0]}, {"translations": [482.2792282104492, 0.0, 37.0], "angles": [0.0, 0.0, 0.0], "sizes": [1.0, 1.0, 1.0]}, {"translations": [491.85707092285156, 0.0, 187.0], "angles": [0.0, 0.0, 0.0], "sizes": [1.0, 1.0, 1.0]}, {"translations": [533.3830947875977, 0.0, 337.0], "angles": [0.0, 0.0, 0.0], "sizes": [1.0, 1.0, 1.0]}, {"translations": [911.4894409179688, 0.0, 37.0], "angles": [0.0, 0.0, 0.0], "sizes": [1.0, 1.0, 1.0]}, {"translations": [962.7283554077148, 0.0, 187.0], "angles": [0.0, 0.0, 0.0], "sizes": [1.0, 1.0, 1.0]}, {"translations": [935.8382797241211, 0.0, 337.0], "angles": [0.0, 0.0, 0.0], "sizes": [1.0, 1.0, 1.0]}, {"translations": [1312.5039825439453, 0.0, 37.0], "angles": [0.0, 0.0, 0.0], "sizes": [1.0, 1.0, 1.0]}, {"translations": [1367.7973022460938, 0.0, 187.0], "angles": [0.0, 0.0, 0.0], "sizes": [1.0, 1.0, 1.0]}, {"translations": [1278.5350646972656, 0.0, 337.0], "angles": [0.0, 0.0, 0.0], "sizes": [1.0, 1.0, 1.0]}, {"translations": [1713.750633239746, 0.0, 37.0], "angles": [0.0, 0.0, 0.0], "sizes": [1.0, 1.0, 1.0]}, {"translations": [1675.6761093139648, 0.0, 187.0], "angles": [0.0, 0.0, 0.0], "sizes": [1.0, 1.0, 1.0]}, {"translations": [1697.231704711914, 0.0, 337.0], "angles": [0.0, 0.0, 0.0], "sizes": [1.0, 1.0, 1.0]}, {"translations": [2079.5151443481445, 0.0, 37.0], "angles": [0.0, 0.0, 0.0], "sizes": [1.0, 1.0, 1.0]}, {"translations": [2093.033576965332, 0.0, 187.0], "angles": [0.0, 0.0, 0.0], "sizes": [1.0, 1.0, 1.0]}, {"translations": [2094.2071533203125, 0.0, 337.0], "angles": [0.0, 0.0, 0.0], "sizes": [1.0, 1.0, 1.0]}, {"translations": [2498.907196044922, 0.0, 37.0], "angles": [0.0, 0.0, 0.0], "sizes": [1.0, 1.0, 1.0]}, {"translations": [2502.4140243530273, 0.0, 187.0], "angles": [0.0, 0.0, 0.0], "sizes": [1.0, 1.0, 1.0]}, {"translations": [2532.563407897949, 0.0, 337.0], "angles": [0.0, 0.0, 0.0], "sizes": [1.0, 1.0, 1.0]}, {"translations": [2907.6520080566406, 0.0, 37.0], "angles": [0.0, 0.0, 0.0], "sizes": [1.0, 1.0, 1.0]}, {"translations": [2875.525344848633, 0.0, 187.0], "angles": [0.0, 0.0, 0.0], "sizes": [1.0, 1.0, 1.0]}, {"translations": [2882.421142578125, 0.0, 337.0], "angles": [0.0, 0.0, 0.0], "sizes": [1.0, 1.0, 1.0]}, {"translations": [3281.321846008301, 0.0, 37.0], "angles": [0.0, 0.0, 0.0], "sizes": [1.0, 1.0, 1.0]}, {"translations": [3335.089340209961, 0.0, 187.0], "angles": [0.0, 0.0, 0.0], "sizes": [1.0, 1.0, 1.0]}, {"translations": [3325.660598754883, 0.0, 337.0], "angles": [0.0, 0.0, 0.0], "sizes": [1.0, 1.0, 1.0]}, {"translations": [288.7731170654297, 0.0, 37.0], "angles": [0.0, 0.0, 0.0], "sizes": [1.0, 1.0, 1.0]}, {"translations": [275.2722930908203, 0.0, 187.0], "angles": [0.0, 0.0, 0.0], "sizes": [1.0, 1.0, 1.0]}, {"translations": [320.7218246459961, 0.0, 337.0], "angles": [0.0, 0.0, 0.0], "sizes": [1.0, 1.0, 1.0]}, {"translations": [677.8896102905273, 0.0, 37.0], "angles": [0.0, 0.0, 0.0], "sizes": [1.0, 1.0, 1.0]}, {"translations": [682.6785354614258, 0.0, 187.0], "angles": [0.0, 0.0, 0.0], "sizes": [1.0, 1.0, 1.0]}, {"translations": [703.4415435791016, 0.0, 337.0], "angles": [0.0, 0.0, 0.0], "sizes": [1.0, 1.0, 1.0]}, {"translations": [1092.4947204589844, 0.0, 37.0], "angles": [0.0, 0.0, 0.0], "sizes": [1.0, 1.0, 1.0]}, {"translations": [1118.1141815185547, 0.0, 187.0], "angles": [0.0, 0.0, 0.0], "sizes": [1.0, 1.0, 1.0]}, {"translations": [1104.6691436767578, 0.0, 337.0], "angles": [0.0, 0.0, 0.0], "sizes": [1.0, 1.0, 1.0]}, {"translations": [1493.0019912719727, 0.0, 37.0], "angles": [0.0, 0.0, 0.0], "sizes": [1.0, 1.0, 1.0]}, {"translations": [1520.6486511230469, 0.0, 187.0], "angles": [0.0, 0.0, 0.0], "sizes": [1.0, 1.0, 1.0]}, {"translations": [1476.0175323486328, 0.0, 337.0], "angles": [0.0, 0.0, 0.0], "sizes": [1.0, 1.0, 1.0]}, {"translations": [1893.6253204345703, 0.0, 37.0], "angles": [0.0, 0.0, 0.0], "sizes": [1.0, 1.0, 1.0]}, {"translations": [1874.5880508422852, 0.0, 187.0], "angles": [0.0, 0.0, 0.0], "sizes": [1.0, 1.0, 1.0]}, {"translations": [1885.365852355957, 0.0, 337.0], "angles": [0.0, 0.0, 0.0], "sizes": [1.0, 1.0, 1.0]}, {"translations": [2276.5075759887695, 0.0, 37.0], "angles": [0.0, 0.0, 0.0], "sizes": [1.0, 1.0, 1.0]}, {"translations": [2283.2667846679688, 0.0, 187.0], "angles": [0.0, 0.0, 0.0], "sizes": [1.0, 1.0, 1.0]}, {"translations": [2283.8535766601562, 0.0, 337.0], "angles": [0.0, 0.0, 0.0], "sizes": [1.0, 1.0, 1.0]}, {"translations": [2686.203598022461, 0.0, 37.0], "angles": [0.0, 0.0, 0.0], "sizes": [1.0, 1.0, 1.0]}, {"translations": [2687.9570083618164, 0.0, 187.0], "angles": [0.0, 0.0, 0.0], "sizes": [1.0, 1.0, 1.0]}, {"translations": [2703.031707763672, 0.0, 337.0], "angles": [0.0, 0.0, 0.0], "sizes": [1.0, 1.0, 1.0]}, {"translations": [3090.5760040283203, 0.0, 37.0], "angles": [0.0, 0.0, 0.0], "sizes": [1.0, 1.0, 1.0]}, {"translations": [3074.5126724243164, 0.0, 187.0], "angles": [0.0, 0.0, 0.0], "sizes": [1.0, 1.0, 1.0]}, {"translations": [3077.9605712890625, 0.0, 337.0], "angles": [0.0, 0.0, 0.0], "sizes": [1.0, 1.0, 1.0]}, {"translations": [3477.410919189453, 0.0, 37.0], "angles": [0.0, 0.0, 0.0], "sizes": [1.0, 1.0, 1.0]}, {"translations": [3504.2946701049805, 0.0, 187.0], "angles": [0.0, 0.0, 0.0], "sizes": [1.0, 1.0, 1.0]}, {"translations": [3499.5802993774414, 0.0, 337.0], "angles": [0.0, 0.0, 0.0], "sizes": [1.0, 1.0, 1.0]}]}, {"SM_CardBoxB_02": [{"translations": [3557.0802993774414, -27.5, 358.0], "angles": [0.0, 0.0, 0.6129441309218505], "sizes": [1.0, 1.0, 1.0]}, {"translations": [3489.910919189453, -47.5, 58.0], "angles": [0.0, 0.0, 0.0697889681480819], "sizes": [1.0, 1.0, 1.0]}, {"translations": [3047.0126724243164, -7.5, 208.0], "angles": [0.0, 0.0, 0.9973860288806136], "sizes": [0.9999999999999999, 0.9999999999999999, 1.0]}, {"translations": [2715.4570083618164, -22.5, 208.0], "angles": [0.0, 0.0, 0.686440682829942], "sizes": [1.0000000000000002, 1.0000000000000002, 1.0]}, {"translations": [1932.0880508422852, -2.5, 208.0], "angles": [0.0, 0.0, 0.7167417602672312], "sizes": [1.0000000000000002, 1.0000000000000002, 1.0]}, {"translations": [1896.1253204345703, -7.5, 58.0], "angles": [0.0, 0.0, 0.8785320537329727], "sizes": [0.9999999999999996, 0.9999999999999996, 1.0]}, {"translations": [1139.9947204589844, -47.5, 58.0], "angles": [0.0, 0.0, 0.004868572134306099], "sizes": [0.9999999999999999, 0.9999999999999999, 1.0]}, {"translations": [1109.9947204589844, 47.5, 58.0], "angles": [0.0, 0.0, 0.33090274980570883], "sizes": [1.0, 1.0, 1.0]}, {"translations": [675.9415435791016, 47.5, 358.0], "angles": [0.0, 0.0, 0.3625222416089822], "sizes": [0.9999999999999999, 0.9999999999999999, 1.0]}, {"translations": [3303.160598754883, -12.5, 358.0], "angles": [0.0, 0.0, 0.6692700726587731], "sizes": [1.0000000000000002, 1.0000000000000002, 1.0]}, {"translations": [3318.821846008301, -42.5, 58.0], "angles": [0.0, 0.0, 0.004849659752651763], "sizes": [1.0, 1.0, 1.0]}, {"translations": [2466.407196044922, 7.5, 58.0], "angles": [0.0, 0.0, 0.5004430161167323], "sizes": [0.9999999999999998, 0.9999999999999998, 1.0]}, {"translations": [2022.0151443481445, 2.5, 58.0], "angles": [0.0, 0.0, 0.6214591998684321], "sizes": [1.0000000000000002, 1.0000000000000002, 1.0]}, {"translations": [923.3382797241211, 2.5, 358.0], "angles": [0.0, 0.0, 0.05327404654225754], "sizes": [1.0, 1.0, 1.0]}, {"translations": [868.9894409179688, 17.5, 58.0], "angles": [0.0, 0.0, 0.6336255064000259], "sizes": [1.0000000000000002, 1.0000000000000002, 1.0]}, {"translations": [505.88309478759766, 47.5, 358.0], "angles": [0.0, 0.0, 0.3625222416089822], "sizes": [0.9999999999999999, 0.9999999999999999, 1.0]}]}, {"SM_CardBoxD_03": [{"translations": [3457.0802993774414, 27.5, 358.0], "angles": [0.0, 0.0, 0.7950175546420323], "sizes": [1.0, 1.0, 1.0]}, {"translations": [3135.4605712890625, -12.5, 358.0], "angles": [0.0, 0.0, 0.4042135895804773], "sizes": [0.9999999999999999, 0.9999999999999999, 1.0]}, {"translations": [3033.0760040283203, 12.5, 58.0], "angles": [0.0, 0.0, 0.6138808199753425], "sizes": [1.0000000000000002, 1.0000000000000002, 1.0]}, {"translations": [2653.703598022461, 22.5, 58.0], "angles": [0.0, 0.0, 0.34982893568535706], "sizes": [0.9999999999999999, 0.9999999999999999, 1.0]}, {"translations": [1550.5019912719727, 42.5, 58.0], "angles": [0.0, 0.0, 0.786399571859302], "sizes": [1.0000000000000002, 1.0000000000000002, 1.0]}, {"translations": [1047.1691436767578, 2.5, 358.0], "angles": [0.0, 0.0, 0.6826849200816758], "sizes": [1.0000000000000002, 1.0000000000000002, 1.0]}, {"translations": [1170.6141815185547, 42.5, 208.0], "angles": [0.0, 0.0, 0.5826336016696377], "sizes": [1.0, 1.0, 1.0]}, {"translations": [655.3896102905273, 22.5, 58.0], "angles": [0.0, 0.0, 0.921427193088175], "sizes": [0.9999999999999998, 0.9999999999999998, 1.0]}, {"translations": [3277.589340209961, 47.5, 208.0], "angles": [0.0, 0.0, 0.603826321378367], "sizes": [1.0, 1.0, 1.0]}, {"translations": [2939.921142578125, -12.5, 358.0], "angles": [0.0, 0.0, 0.4042135895804773], "sizes": [0.9999999999999999, 0.9999999999999999, 1.0]}, {"translations": [2850.1520080566406, -17.5, 58.0], "angles": [0.0, 0.0, 0.602349536490085], "sizes": [1.0, 1.0, 1.0]}, {"translations": [2499.9140243530273, 37.5, 208.0], "angles": [0.0, 0.0, 0.5323974356522893], "sizes": [0.9999999999999998, 0.9999999999999998, 1.0]}, {"translations": [995.2283554077148, 42.5, 208.0], "angles": [0.0, 0.0, 0.7318369638943456], "sizes": [1.0000000000000002, 1.0000000000000002, 1.0]}, {"translations": [180.44365692138672, -22.5, 358.0], "angles": [0.0, 0.0, 0.43947763017631974], "sizes": [0.9999999999999999, 0.9999999999999999, 1.0]}]}, {"SM_CardBoxC_01": [{"translations": [3471.7946701049805, 27.5, 208.0], "angles": [0.0, 0.0, 0.8181774106083178], "sizes": [1.0000000000000002, 1.0000000000000002, 1.0]}, {"translations": [3143.0760040283203, -27.5, 58.0], "angles": [0.0, 0.0, 0.5889476128053758], "sizes": [1.0, 1.0, 1.0]}, {"translations": [2755.531707763672, 32.5, 358.0], "angles": [0.0, 0.0, 0.13386501124013656], "sizes": [1.0, 1.0, 1.0]}, {"translations": [1445.5019912719727, -12.5, 58.0], "angles": [0.0, 0.0, 0.5394935037613042], "sizes": [0.9999999999999999, 0.9999999999999999, 1.0]}, {"translations": [1142.1691436767578, 32.5, 358.0], "angles": [0.0, 0.0, 0.8325248555951843], "sizes": [1.0, 1.0, 1.0]}, {"translations": [333.2218246459961, 47.5, 358.0], "angles": [0.0, 0.0, 0.12141113737794167], "sizes": [1.0, 1.0, 1.0]}, {"translations": [2928.025344848633, -37.5, 208.0], "angles": [0.0, 0.0, 0.8493100644485168], "sizes": [1.0, 1.0, 1.0]}, {"translations": [2960.1520080566406, -27.5, 58.0], "angles": [0.0, 0.0, 0.5889476128053758], "sizes": [1.0, 1.0, 1.0]}, {"translations": [2475.063407897949, 2.5, 358.0], "angles": [0.0, 0.0, 0.571366425069277], "sizes": [1.0, 1.0, 1.0]}, {"translations": [2585.063407897949, 32.5, 358.0], "angles": [0.0, 0.0, 0.13386501124013656], "sizes": [1.0, 1.0, 1.0]}, {"translations": [2051.7071533203125, 32.5, 358.0], "angles": [0.0, 0.0, 0.5381266398223613], "sizes": [0.9999999999999999, 0.9999999999999999, 1.0]}, {"translations": [2127.0151443481445, -42.5, 58.0], "angles": [0.0, 0.0, 0.09457948929837151], "sizes": [0.9999999999999999, 0.9999999999999999, 1.0]}, {"translations": [1661.250633239746, 7.5, 58.0], "angles": [0.0, 0.0, 0.9094727748280194], "sizes": [0.9999999999999997, 0.9999999999999997, 1.0]}, {"translations": [1350.0039825439453, -7.5, 58.0], "angles": [0.0, 0.0, 0.042466434347857476], "sizes": [1.0, 1.0, 1.0]}, {"translations": [1015.2283554077148, -37.5, 208.0], "angles": [0.0, 0.0, 0.01860368687046303], "sizes": [0.9999999999999999, 0.9999999999999999, 1.0]}, {"translations": [968.9894409179688, -27.5, 58.0], "angles": [0.0, 0.0, 0.5436683201695383], "sizes": [0.9999999999999999, 0.9999999999999999, 1.0]}, {"translations": [534.7792282104492, -42.5, 58.0], "angles": [0.0, 0.0, 0.6884940864053898], "sizes": [1.0000000000000002, 1.0000000000000002, 1.0]}]}, {"SM_CardBoxA_01": [{"translations": [3474.910919189453, 32.5, 58.0], "angles": [0.0, 0.0, 0.9843563807777322], "sizes": [1.0, 1.0, 1.0]}, {"translations": [2645.531707763672, -42.5, 358.0], "angles": [0.0, 0.0, 0.7214838247256994], "sizes": [1.0000000000000002, 1.0000000000000002, 1.0]}, {"translations": [2295.7667846679688, 2.5, 208.0], "angles": [0.0, 0.0, 0.938930238338133], "sizes": [0.9999999999999998, 0.9999999999999998, 1.0]}, {"translations": [2274.0075759887695, -7.5, 58.0], "angles": [0.0, 0.0, 0.8502341012309943], "sizes": [0.9999999999999997, 0.9999999999999997, 1.0]}, {"translations": [1837.0880508422852, 2.5, 208.0], "angles": [0.0, 0.0, 0.20488229754885823], "sizes": [1.0, 1.0, 1.0]}, {"translations": [1493.1486511230469, 32.5, 208.0], "angles": [0.0, 0.0, 0.06471113613479441], "sizes": [1.0, 1.0, 1.0]}, {"translations": [1060.6141815185547, -27.5, 208.0], "angles": [0.0, 0.0, 0.7457645228465068], "sizes": [1.0000000000000002, 1.0000000000000002, 1.0]}, {"translations": [217.7722930908203, 22.5, 208.0], "angles": [0.0, 0.0, 0.662364552596411], "sizes": [1.0000000000000002, 1.0000000000000002, 1.0]}, {"translations": [322.7722930908203, 27.5, 208.0], "angles": [0.0, 0.0, 0.3694513968548011], "sizes": [1.0, 1.0, 1.0]}, {"translations": [326.2731170654297, 47.5, 58.0], "angles": [0.0, 0.0, 0.446812553600391], "sizes": [0.9999999999999999, 0.9999999999999999, 1.0]}, {"translations": [3278.821846008301, 32.5, 58.0], "angles": [0.0, 0.0, 0.9843563807777322], "sizes": [1.0, 1.0, 1.0]}, {"translations": [2818.025344848633, 22.5, 208.0], "angles": [0.0, 0.0, 0.033895567634740824], "sizes": [1.0, 1.0, 1.0]}, {"translations": [2105.533576965332, 2.5, 208.0], "angles": [0.0, 0.0, 0.938930238338133], "sizes": [0.9999999999999998, 0.9999999999999998, 1.0]}, {"translations": [1688.1761093139648, 7.5, 208.0], "angles": [0.0, 0.0, 0.08411476534149827], "sizes": [0.9999999999999999, 0.9999999999999999, 1.0]}, {"translations": [1370.2973022460938, -42.5, 208.0], "angles": [0.0, 0.0, 0.9452617247804345], "sizes": [1.0000000000000002, 1.0000000000000002, 1.0]}, {"translations": [905.2283554077148, -27.5, 208.0], "angles": [0.0, 0.0, 0.7457645228465068], "sizes": [1.0000000000000002, 1.0000000000000002, 1.0]}, {"translations": [439.7792282104492, -12.5, 58.0], "angles": [0.0, 0.0, 0.969440234399511], "sizes": [1.0000000000000004, 1.0000000000000004, 1.0]}, {"translations": [124.5445785522461, 27.5, 208.0], "angles": [0.0, 0.0, 0.3694513968548011], "sizes": [1.0, 1.0, 1.0]}, {"translations": [141.54623413085938, 47.5, 58.0], "angles": [0.0, 0.0, 0.446812553600391], "sizes": [0.9999999999999999, 0.9999999999999999, 1.0]}]}, {"SM_CardBoxB_01": [{"translations": [3025.4605712890625, -12.5, 358.0], "angles": [0.0, 0.0, 0.9875540174635618], "sizes": [0.9999999999999994, 0.9999999999999994, 1.0]}, {"translations": [2630.4570083618164, 47.5, 208.0], "angles": [0.0, 0.0, 0.04964315118088921], "sizes": [1.0, 1.0, 1.0]}, {"translations": [2246.3535766601562, -47.5, 358.0], "angles": [0.0, 0.0, 0.5121345240263367], "sizes": [0.9999999999999998, 0.9999999999999998, 1.0]}, {"translations": [1902.865852355957, -2.5, 358.0], "angles": [0.0, 0.0, 0.9558671887152765], "sizes": [1.0000000000000004, 1.0000000000000004, 1.0]}, {"translations": [1478.5175323486328, -17.5, 358.0], "angles": [0.0, 0.0, 0.9731557277042318], "sizes": [1.0000000000000004, 1.0000000000000004, 1.0]}, {"translations": [695.1785354614258, -27.5, 208.0], "angles": [0.0, 0.0, 0.9720068903394526], "sizes": [1.0000000000000002, 1.0000000000000002, 1.0]}, {"translations": [3383.160598754883, -7.5, 358.0], "angles": [0.0, 0.0, 0.7105648468234472], "sizes": [1.0000000000000002, 1.0000000000000002, 1.0]}, {"translations": [3377.589340209961, 27.5, 208.0], "angles": [0.0, 0.0, 0.5928541479056703], "sizes": [1.0, 1.0, 1.0]}, {"translations": [2829.921142578125, -12.5, 358.0], "angles": [0.0, 0.0, 0.9875540174635618], "sizes": [0.9999999999999994, 0.9999999999999994, 1.0]}, {"translations": [2151.7071533203125, -27.5, 358.0], "angles": [0.0, 0.0, 0.6694812309065481], "sizes": [1.0, 1.0, 1.0]}, {"translations": [1714.731704711914, -2.5, 358.0], "angles": [0.0, 0.0, 0.9558671887152765], "sizes": [1.0000000000000004, 1.0000000000000004, 1.0]}, {"translations": [1771.250633239746, 2.5, 58.0], "angles": [0.0, 0.0, 0.6397853824519747], "sizes": [1.0000000000000002, 1.0000000000000002, 1.0]}, {"translations": [1256.0350646972656, 12.5, 358.0], "angles": [0.0, 0.0, 0.2139746803032193], "sizes": [1.0, 1.0, 1.0]}, {"translations": [504.35707092285156, -27.5, 208.0], "angles": [0.0, 0.0, 0.9720068903394526], "sizes": [1.0000000000000002, 1.0000000000000002, 1.0]}, {"translations": [24.544578552246094, -37.5, 208.0], "angles": [0.0, 0.0, 0.7154363878647926], "sizes": [1.0000000000000002, 1.0000000000000002, 1.0]}]}]