[{"SM_RackShelf_01": [{"translations": [200.0, 0.0, 37.0], "angles": [0.0, 0.0, 0.0], "sizes": [1.0, 1.0, 1.0]}, {"translations": [200.0, 0.0, 187.0], "angles": [0.0, 0.0, 0.0], "sizes": [1.0, 1.0, 1.0]}, {"translations": [200.0, 0.0, 337.0], "angles": [0.0, 0.0, 0.0], "sizes": [1.0, 1.0, 1.0]}, {"translations": [200.0, 0.0, 487.0], "angles": [0.0, 0.0, 0.0], "sizes": [1.0, 1.0, 1.0]}, {"translations": [200.0, 0.0, 637.0], "angles": [0.0, 0.0, 0.0], "sizes": [1.0, 1.0, 1.0]}, {"translations": [200.0, 0.0, 787.0], "angles": [0.0, 0.0, 0.0], "sizes": [1.0, 1.0, 1.0]}, {"translations": [200.0, 0.0, 937.0], "angles": [0.0, 0.0, 0.0], "sizes": [1.0, 1.0, 1.0]}, {"translations": [200.0, 0.0, 1087.0], "angles": [0.0, 0.0, 0.0], "sizes": [1.0, 1.0, 1.0]}, {"translations": [600.0, 0.0, 37.0], "angles": [0.0, 0.0, 0.0], "sizes": [1.0, 1.0, 1.0]}, {"translations": [600.0, 0.0, 187.0], "angles": [0.0, 0.0, 0.0], "sizes": [1.0, 1.0, 1.0]}, {"translations": [600.0, 0.0, 337.0], "angles": [0.0, 0.0, 0.0], "sizes": [1.0, 1.0, 1.0]}, {"translations": [600.0, 0.0, 487.0], "angles": [0.0, 0.0, 0.0], "sizes": [1.0, 1.0, 1.0]}, {"translations": [600.0, 0.0, 637.0], "angles": [0.0, 0.0, 0.0], "sizes": [1.0, 1.0, 1.0]}, {"translations": [600.0, 0.0, 787.0], "angles": [0.0, 0.0, 0.0], "sizes": [1.0, 1.0, 1.0]}, {"translations": [600.0, 0.0, 937.0], "angles": [0.0, 0.0, 0.0], "sizes": [1.0, 1.0, 1.0]}, {"translations": [600.0, 0.0, 1087.0], "angles": [0.0, 0.0, 0.0], "sizes": [1.0, 1.0, 1.0]}, {"translations": [1000.0, 0.0, 37.0], "angles": [0.0, 0.0, 0.0], "sizes": [1.0, 1.0, 1.0]}, {"translations": [1000.0, 0.0, 187.0], "angles": [0.0, 0.0, 0.0], "sizes": [1.0, 1.0, 1.0]}, {"translations": [1000.0, 0.0, 337.0], "angles": [0.0, 0.0, 0.0], "sizes": [1.0, 1.0, 1.0]}, {"translations": [1000.0, 0.0, 487.0], "angles": [0.0, 0.0, 0.0], "sizes": [1.0, 1.0, 1.0]}, {"translations": [1000.0, 0.0, 637.0], "angles": [0.0, 0.0, 0.0], "sizes": [1.0, 1.0, 1.0]}, {"translations": [1000.0, 0.0, 787.0], "angles": [0.0, 0.0, 0.0], "sizes": [1.0, 1.0, 1.0]}, {"translations": [1000.0, 0.0, 937.0], "angles": [0.0, 0.0, 0.0], "sizes": [1.0, 1.0, 1.0]}, {"translations": [1000.0, 0.0, 1087.0], "angles": [0.0, 0.0, 0.0], "sizes": [1.0, 1.0, 1.0]}, {"translations": [1400.0, 0.0, 37.0], "angles": [0.0, 0.0, 0.0], "sizes": [1.0, 1.0, 1.0]}, {"translations": [1400.0, 0.0, 187.0], "angles": [0.0, 0.0, 0.0], "sizes": [1.0, 1.0, 1.0]}, {"translations": [1400.0, 0.0, 337.0], "angles": [0.0, 0.0, 0.0], "sizes": [1.0, 1.0, 1.0]}, {"translations": [1400.0, 0.0, 487.0], "angles": [0.0, 0.0, 0.0], "sizes": [1.0, 1.0, 1.0]}, {"translations": [1400.0, 0.0, 637.0], "angles": [0.0, 0.0, 0.0], "sizes": [1.0, 1.0, 1.0]}, {"translations": [1400.0, 0.0, 787.0], "angles": [0.0, 0.0, 0.0], "sizes": [1.0, 1.0, 1.0]}, {"translations": [1400.0, 0.0, 937.0], "angles": [0.0, 0.0, 0.0], "sizes": [1.0, 1.0, 1.0]}, {"translations": [1400.0, 0.0, 1087.0], "angles": [0.0, 0.0, 0.0], "sizes": [1.0, 1.0, 1.0]}, {"translations": [1800.0, 0.0, 37.0], "angles": [0.0, 0.0, 0.0], "sizes": [1.0, 1.0, 1.0]}, {"translations": [1800.0, 0.0, 187.0], "angles": [0.0, 0.0, 0.0], "sizes": [1.0, 1.0, 1.0]}, {"translations": [1800.0, 0.0, 337.0], "angles": [0.0, 0.0, 0.0], "sizes": [1.0, 1.0, 1.0]}, {"translations": [1800.0, 0.0, 487.0], "angles": [0.0, 0.0, 0.0], "sizes": [1.0, 1.0, 1.0]}, {"translations": [1800.0, 0.0, 637.0], "angles": [0.0, 0.0, 0.0], "sizes": [1.0, 1.0, 1.0]}, {"translations": [1800.0, 0.0, 787.0], "angles": [0.0, 0.0, 0.0], "sizes": [1.0, 1.0, 1.0]}, {"translations": [1800.0, 0.0, 937.0], "angles": [0.0, 0.0, 0.0], "sizes": [1.0, 1.0, 1.0]}, {"translations": [1800.0, 0.0, 1087.0], "angles": [0.0, 0.0, 0.0], "sizes": [1.0, 1.0, 1.0]}, {"translations": [2200.0, 0.0, 37.0], "angles": [0.0, 0.0, 0.0], "sizes": [1.0, 1.0, 1.0]}, {"translations": [2200.0, 0.0, 187.0], "angles": [0.0, 0.0, 0.0], "sizes": [1.0, 1.0, 1.0]}, {"translations": [2200.0, 0.0, 337.0], "angles": [0.0, 0.0, 0.0], "sizes": [1.0, 1.0, 1.0]}, {"translations": [2200.0, 0.0, 487.0], "angles": [0.0, 0.0, 0.0], "sizes": [1.0, 1.0, 1.0]}, {"translations": [2200.0, 0.0, 637.0], "angles": [0.0, 0.0, 0.0], "sizes": [1.0, 1.0, 1.0]}, {"translations": [2200.0, 0.0, 787.0], "angles": [0.0, 0.0, 0.0], "sizes": [1.0, 1.0, 1.0]}, {"translations": [2200.0, 0.0, 937.0], "angles": [0.0, 0.0, 0.0], "sizes": [1.0, 1.0, 1.0]}, {"translations": [2200.0, 0.0, 1087.0], "angles": [0.0, 0.0, 0.0], "sizes": [1.0, 1.0, 1.0]}]}, {"SM_RackFrame_03": [{"translations": [0.0, 0.0, 0.0], "angles": [0.0, 0.0, 0.0], "sizes": [1.0, 1.0, 1.0]}, {"translations": [400.0, 0.0, 0.0], "angles": [0.0, 0.0, 0.0], "sizes": [1.0, 1.0, 1.0]}, {"translations": [800.0, 0.0, 0.0], "angles": [0.0, 0.0, 0.0], "sizes": [1.0, 1.0, 1.0]}, {"translations": [1200.0, 0.0, 0.0], "angles": [0.0, 0.0, 0.0], "sizes": [1.0, 1.0, 1.0]}, {"translations": [1600.0, 0.0, 0.0], "angles": [0.0, 0.0, 0.0], "sizes": [1.0, 1.0, 1.0]}, {"translations": [2000.0, 0.0, 0.0], "angles": [0.0, 0.0, 0.0], "sizes": [1.0, 1.0, 1.0]}, {"translations": [0.0, 0.0, 300.0], "angles": [0.0, 0.0, 0.0], "sizes": [1.0, 1.0, 1.0]}, {"translations": [400.0, 0.0, 300.0], "angles": [0.0, 0.0, 0.0], "sizes": [1.0, 1.0, 1.0]}, {"translations": [800.0, 0.0, 300.0], "angles": [0.0, 0.0, 0.0], "sizes": [1.0, 1.0, 1.0]}, {"translations": [1200.0, 0.0, 300.0], "angles": [0.0, 0.0, 0.0], "sizes": [1.0, 1.0, 1.0]}, {"translations": [1600.0, 0.0, 300.0], "angles": [0.0, 0.0, 0.0], "sizes": [1.0, 1.0, 1.0]}, {"translations": [2000.0, 0.0, 300.0], "angles": [0.0, 0.0, 0.0], "sizes": [1.0, 1.0, 1.0]}, {"translations": [0.0, 0.0, 600.0], "angles": [0.0, 0.0, 0.0], "sizes": [1.0, 1.0, 1.0]}, {"translations": [400.0, 0.0, 600.0], "angles": [0.0, 0.0, 0.0], "sizes": [1.0, 1.0, 1.0]}, {"translations": [800.0, 0.0, 600.0], "angles": [0.0, 0.0, 0.0], "sizes": [1.0, 1.0, 1.0]}, {"translations": [1200.0, 0.0, 600.0], "angles": [0.0, 0.0, 0.0], "sizes": [1.0, 1.0, 1.0]}, {"translations": [1600.0, 0.0, 600.0], "angles": [0.0, 0.0, 0.0], "sizes": [1.0, 1.0, 1.0]}, {"translations": [2000.0, 0.0, 600.0], "angles": [0.0, 0.0, 0.0], "sizes": [1.0, 1.0, 1.0]}, {"translations": [0.0, 0.0, 900.0], "angles": [0.0, 0.0, 0.0], "sizes": [1.0, 1.0, 1.0]}, {"translations": [400.0, 0.0, 900.0], "angles": [0.0, 0.0, 0.0], "sizes": [1.0, 1.0, 1.0]}, {"translations": [800.0, 0.0, 900.0], "angles": [0.0, 0.0, 0.0], "sizes": [1.0, 1.0, 1.0]}, {"translations": [1200.0, 0.0, 900.0], "angles": [0.0, 0.0, 0.0], "sizes": [1.0, 1.0, 1.0]}, {"translations": [1600.0, 0.0, 900.0], "angles": [0.0, 0.0, 0.0], "sizes": [1.0, 1.0, 1.0]}, {"translations": [2000.0, 0.0, 900.0], "angles": [0.0, 0.0, 0.0], "sizes": [1.0, 1.0, 1.0]}, {"translations": [0.0, 0.0, 0.0], "angles": [0.0, 0.0, 0.0], "sizes": [1.0, 1.0, 1.0]}, {"translations": [400.0, 0.0, 0.0], "angles": [0.0, 0.0, 0.0], "sizes": [1.0, 1.0, 1.0]}, {"translations": [800.0, 0.0, 0.0], "angles": [0.0, 0.0, 0.0], "sizes": [1.0, 1.0, 1.0]}, {"translations": [1200.0, 0.0, 0.0], "angles": [0.0, 0.0, 0.0], "sizes": [1.0, 1.0, 1.0]}, {"translations": [1600.0, 0.0, 0.0], "angles": [0.0, 0.0, 0.0], "sizes": [1.0, 1.0, 1.0]}, {"translations": [2000.0, 0.0, 0.0], "angles": [0.0, 0.0, 0.0], "sizes": [1.0, 1.0, 1.0]}, {"translations": [0.0, 0.0, 300.0], "angles": [0.0, 0.0, 0.0], "sizes": [1.0, 1.0, 1.0]}, {"translations": [400.0, 0.0, 300.0], "angles": [0.0, 0.0, 0.0], "sizes": [1.0, 1.0, 1.0]}, {"translations": [800.0, 0.0, 300.0], "angles": [0.0, 0.0, 0.0], "sizes": [1.0, 1.0, 1.0]}, {"translations": [1200.0, 0.0, 300.0], "angles": [0.0, 0.0, 0.0], "sizes": [1.0, 1.0, 1.0]}, {"translations": [1600.0, 0.0, 300.0], "angles": [0.0, 0.0, 0.0], "sizes": [1.0, 1.0, 1.0]}, {"translations": [2000.0, 0.0, 300.0], "angles": [0.0, 0.0, 0.0], "sizes": [1.0, 1.0, 1.0]}, {"translations": [0.0, 0.0, 600.0], "angles": [0.0, 0.0, 0.0], "sizes": [1.0, 1.0, 1.0]}, {"translations": [400.0, 0.0, 600.0], "angles": [0.0, 0.0, 0.0], "sizes": [1.0, 1.0, 1.0]}, {"translations": [800.0, 0.0, 600.0], "angles": [0.0, 0.0, 0.0], "sizes": [1.0, 1.0, 1.0]}, {"translations": [1200.0, 0.0, 600.0], "angles": [0.0, 0.0, 0.0], "sizes": [1.0, 1.0, 1.0]}, {"translations": [1600.0, 0.0, 600.0], "angles": [0.0, 0.0, 0.0], "sizes": [1.0, 1.0, 1.0]}, {"translations": [2000.0, 0.0, 600.0], "angles": [0.0, 0.0, 0.0], "sizes": [1.0, 1.0, 1.0]}, {"translations": [0.0, 0.0, 900.0], "angles": [0.0, 0.0, 0.0], "sizes": [1.0, 1.0, 1.0]}, {"translations": [400.0, 0.0, 900.0], "angles": [0.0, 0.0, 0.0], "sizes": [1.0, 1.0, 1.0]}, {"translations": [800.0, 0.0, 900.0], "angles": [0.0, 0.0, 0.0], "sizes": [1.0, 1.0, 1.0]}, {"translations": [1200.0, 0.0, 900.0], "angles": [0.0, 0.0, 0.0], "sizes": [1.0, 1.0, 1.0]}, {"translations": [1600.0, 0.0, 900.0], "angles": [0.0, 0.0, 0.0], "sizes": [1.0, 1.0, 1.0]}, {"translations": [2000.0, 0.0, 900.0], "angles": [0.0, 0.0, 0.0], "sizes": [1.0, 1.0, 1.0]}, {"translations": [2400.0, 0.0, 0.0], "angles": [0.0, 0.0, 0.0], "sizes": [1.0, 1.0, 1.0]}, {"translations": [2400.0, 0.0, 300.0], "angles": [0.0, 0.0, 0.0], "sizes": [1.0, 1.0, 1.0]}, {"translations": [2400.0, 0.0, 600.0], "angles": [0.0, 0.0, 0.0], "sizes": [1.0, 1.0, 1.0]}, {"translations": [2400.0, 0.0, 900.0], "angles": [0.0, 0.0, 0.0], "sizes": [1.0, 1.0, 1.0]}]}, {"SM_PaletteA_01": [{"translations": [104.04623413085938, 0.0, 37.0], "angles": [0.0, 0.0, 0.0], "sizes": [1.0, 1.0, 1.0]}, {"translations": [77.0445785522461, 0.0, 187.0], "angles": [0.0, 0.0, 0.0], "sizes": [1.0, 1.0, 1.0]}, {"translations": [167.94365692138672, 0.0, 337.0], "angles": [0.0, 0.0, 0.0], "sizes": [1.0, 1.0, 1.0]}, {"translations": [74.09922790527344, 0.0, 487.0], "angles": [0.0, 0.0, 0.0], "sizes": [1.0, 1.0, 1.0]}, {"translations": [106.05471801757812, 0.0, 637.0], "angles": [0.0, 0.0, 0.0], "sizes": [1.0, 1.0, 1.0]}, {"translations": [115.29872131347656, 0.0, 787.0], "angles": [0.0, 0.0, 0.0], "sizes": [1.0, 1.0, 1.0]}, {"translations": [132.94749450683594, 0.0, 937.0], "angles": [0.0, 0.0, 0.0], "sizes": [1.0, 1.0, 1.0]}, {"translations": [141.91117095947266, 0.0, 1087.0], "angles": [0.0, 0.0, 0.0], "sizes": [1.0, 1.0, 1.0]}, {"translations": [482.2792282104492, 0.0, 37.0], "angles": [0.0, 0.0, 0.0], "sizes": [1.0, 1.0, 1.0]}, {"translations": [491.85707092285156, 0.0, 187.0], "angles": [0.0, 0.0, 0.0], "sizes": [1.0, 1.0, 1.0]}, {"translations": [533.3830947875977, 0.0, 337.0], "angles": [0.0, 0.0, 0.0], "sizes": [1.0, 1.0, 1.0]}, {"translations": [494.8818664550781, 0.0, 487.0], "angles": [0.0, 0.0, 0.0], "sizes": [1.0, 1.0, 1.0]}, {"translations": [541.5834045410156, 0.0, 637.0], "angles": [0.0, 0.0, 0.0], "sizes": [1.0, 1.0, 1.0]}, {"translations": [533.2000122070312, 0.0, 787.0], "angles": [0.0, 0.0, 0.0], "sizes": [1.0, 1.0, 1.0]}, {"translations": [479.88209533691406, 0.0, 937.0], "angles": [0.0, 0.0, 0.0], "sizes": [1.0, 1.0, 1.0]}, {"translations": [518.589485168457, 0.0, 1087.0], "angles": [0.0, 0.0, 0.0], "sizes": [1.0, 1.0, 1.0]}, {"translations": [911.4894409179688, 0.0, 37.0], "angles": [0.0, 0.0, 0.0], "sizes": [1.0, 1.0, 1.0]}, {"translations": [962.7283554077148, 0.0, 187.0], "angles": [0.0, 0.0, 0.0], "sizes": [1.0, 1.0, 1.0]}, {"translations": [935.8382797241211, 0.0, 337.0], "angles": [0.0, 0.0, 0.0], "sizes": [1.0, 1.0, 1.0]}, {"translations": [966.4827346801758, 0.0, 487.0], "angles": [0.0, 0.0, 0.0], "sizes": [1.0, 1.0, 1.0]}, {"translations": [881.7578506469727, 0.0, 637.0], "angles": [0.0, 0.0, 0.0], "sizes": [1.0, 1.0, 1.0]}, {"translations": [922.1294860839844, 0.0, 787.0], "angles": [0.0, 0.0, 0.0], "sizes": [1.0, 1.0, 1.0]}, {"translations": [880.4381942749023, 0.0, 937.0], "angles": [0.0, 0.0, 0.0], "sizes": [1.0, 1.0, 1.0]}, {"translations": [910.0795974731445, 0.0, 1087.0], "angles": [0.0, 0.0, 0.0], "sizes": [1.0, 1.0, 1.0]}, {"translations": [1312.5039825439453, 0.0, 37.0], "angles": [0.0, 0.0, 0.0], "sizes": [1.0, 1.0, 1.0]}, {"translations": [1367.7973022460938, 0.0, 187.0], "angles": [0.0, 0.0, 0.0], "sizes": [1.0, 1.0, 1.0]}, {"translations": [1278.5350646972656, 0.0, 337.0], "angles": [0.0, 0.0, 0.0], "sizes": [1.0, 1.0, 1.0]}, {"translations": [1300.343391418457, 0.0, 487.0], "angles": [0.0, 0.0, 0.0], "sizes": [1.0, 1.0, 1.0]}, {"translations": [1315.598030090332, 0.0, 637.0], "angles": [0.0, 0.0, 0.0], "sizes": [1.0, 1.0, 1.0]}, {"translations": [1286.8436584472656, 0.0, 787.0], "angles": [0.0, 0.0, 0.0], "sizes": [1.0, 1.0, 1.0]}, {"translations": [1352.2860984802246, 0.0, 937.0], "angles": [0.0, 0.0, 0.0], "sizes": [1.0, 1.0, 1.0]}, {"translations": [1276.7451858520508, 0.0, 1087.0], "angles": [0.0, 0.0, 0.0], "sizes": [1.0, 1.0, 1.0]}, {"translations": [1713.750633239746, 0.0, 37.0], "angles": [0.0, 0.0, 0.0], "sizes": [1.0, 1.0, 1.0]}, {"translations": [1675.6761093139648, 0.0, 187.0], "angles": [0.0, 0.0, 0.0], "sizes": [1.0, 1.0, 1.0]}, {"translations": [1697.231704711914, 0.0, 337.0], "angles": [0.0, 0.0, 0.0], "sizes": [1.0, 1.0, 1.0]}, {"translations": [1714.9520950317383, 0.0, 487.0], "angles": [0.0, 0.0, 0.0], "sizes": [1.0, 1.0, 1.0]}, {"translations": [1734.4088516235352, 0.0, 637.0], "angles": [0.0, 0.0, 0.0], "sizes": [1.0, 1.0, 1.0]}, {"translations": [1715.0519256591797, 0.0, 787.0], "angles": [0.0, 0.0, 0.0], "sizes": [1.0, 1.0, 1.0]}, {"translations": [1741.4865112304688, 0.0, 937.0], "angles": [0.0, 0.0, 0.0], "sizes": [1.0, 1.0, 1.0]}, {"translations": [1760.2896919250488, 0.0, 1087.0], "angles": [0.0, 0.0, 0.0], "sizes": [1.0, 1.0, 1.0]}, {"translations": [2079.5151443481445, 0.0, 37.0], "angles": [0.0, 0.0, 0.0], "sizes": [1.0, 1.0, 1.0]}, {"translations": [2093.033576965332, 0.0, 187.0], "angles": [0.0, 0.0, 0.0], "sizes": [1.0, 1.0, 1.0]}, {"translations": [2094.2071533203125, 0.0, 337.0], "angles": [0.0, 0.0, 0.0], "sizes": [1.0, 1.0, 1.0]}, {"translations": [2138.9098052978516, 0.0, 487.0], "angles": [0.0, 0.0, 0.0], "sizes": [1.0, 1.0, 1.0]}, {"translations": [2166.2614097595215, 0.0, 637.0], "angles": [0.0, 0.0, 0.0], "sizes": [1.0, 1.0, 1.0]}, {"translations": [2099.147735595703, 0.0, 787.0], "angles": [0.0, 0.0, 0.0], "sizes": [1.0, 1.0, 1.0]}, {"translations": [2075.7228469848633, 0.0, 937.0], "angles": [0.0, 0.0, 0.0], "sizes": [1.0, 1.0, 1.0]}, {"translations": [2112.7602767944336, 0.0, 1087.0], "angles": [0.0, 0.0, 0.0], "sizes": [1.0, 1.0, 1.0]}, {"translations": [288.7731170654297, 0.0, 37.0], "angles": [0.0, 0.0, 0.0], "sizes": [1.0, 1.0, 1.0]}, {"translations": [275.2722930908203, 0.0, 187.0], "angles": [0.0, 0.0, 0.0], "sizes": [1.0, 1.0, 1.0]}, {"translations": [320.7218246459961, 0.0, 337.0], "angles": [0.0, 0.0, 0.0], "sizes": [1.0, 1.0, 1.0]}, {"translations": [273.7996139526367, 0.0, 487.0], "angles": [0.0, 0.0, 0.0], "sizes": [1.0, 1.0, 1.0]}, {"translations": [289.77735900878906, 0.0, 637.0], "angles": [0.0, 0.0, 0.0], "sizes": [1.0, 1.0, 1.0]}, {"translations": [294.3993606567383, 0.0, 787.0], "angles": [0.0, 0.0, 0.0], "sizes": [1.0, 1.0, 1.0]}, {"translations": [303.22374725341797, 0.0, 937.0], "angles": [0.0, 0.0, 0.0], "sizes": [1.0, 1.0, 1.0]}, {"translations": [307.7055892944336, 0.0, 1087.0], "angles": [0.0, 0.0, 0.0], "sizes": [1.0, 1.0, 1.0]}, {"translations": [677.8896102905273, 0.0, 37.0], "angles": [0.0, 0.0, 0.0], "sizes": [1.0, 1.0, 1.0]}, {"translations": [682.6785354614258, 0.0, 187.0], "angles": [0.0, 0.0, 0.0], "sizes": [1.0, 1.0, 1.0]}, {"translations": [703.4415435791016, 0.0, 337.0], "angles": [0.0, 0.0, 0.0], "sizes": [1.0, 1.0, 1.0]}, {"translations": [684.1909332275391, 0.0, 487.0], "angles": [0.0, 0.0, 0.0], "sizes": [1.0, 1.0, 1.0]}, {"translations": [707.5417022705078, 0.0, 637.0], "angles": [0.0, 0.0, 0.0], "sizes": [1.0, 1.0, 1.0]}, {"translations": [703.3500061035156, 0.0, 787.0], "angles": [0.0, 0.0, 0.0], "sizes": [1.0, 1.0, 1.0]}, {"translations": [676.691047668457, 0.0, 937.0], "angles": [0.0, 0.0, 0.0], "sizes": [1.0, 1.0, 1.0]}, {"translations": [696.0447387695312, 0.0, 1087.0], "angles": [0.0, 0.0, 0.0], "sizes": [1.0, 1.0, 1.0]}, {"translations": [1092.4947204589844, 0.0, 37.0], "angles": [0.0, 0.0, 0.0], "sizes": [1.0, 1.0, 1.0]}, {"translations": [1118.1141815185547, 0.0, 187.0], "angles": [0.0, 0.0, 0.0], "sizes": [1.0, 1.0, 1.0]}, {"translations": [1104.6691436767578, 0.0, 337.0], "angles": [0.0, 0.0, 0.0], "sizes": [1.0, 1.0, 1.0]}, {"translations": [1119.9913635253906, 0.0, 487.0], "angles": [0.0, 0.0, 0.0], "sizes": [1.0, 1.0, 1.0]}, {"translations": [1077.6289291381836, 0.0, 637.0], "angles": [0.0, 0.0, 0.0], "sizes": [1.0, 1.0, 1.0]}, {"translations": [1097.8147430419922, 0.0, 787.0], "angles": [0.0, 0.0, 0.0], "sizes": [1.0, 1.0, 1.0]}, {"translations": [1076.9691009521484, 0.0, 937.0], "angles": [0.0, 0.0, 0.0], "sizes": [1.0, 1.0, 1.0]}, {"translations": [1091.789794921875, 0.0, 1087.0], "angles": [0.0, 0.0, 0.0], "sizes": [1.0, 1.0, 1.0]}, {"translations": [1493.0019912719727, 0.0, 37.0], "angles": [0.0, 0.0, 0.0], "sizes": [1.0, 1.0, 1.0]}, {"translations": [1520.6486511230469, 0.0, 187.0], "angles": [0.0, 0.0, 0.0], "sizes": [1.0, 1.0, 1.0]}, {"translations": [1476.0175323486328, 0.0, 337.0], "angles": [0.0, 0.0, 0.0], "sizes": [1.0, 1.0, 1.0]}, {"translations": [1486.9216995239258, 0.0, 487.0], "angles": [0.0, 0.0, 0.0], "sizes": [1.0, 1.0, 1.0]}, {"translations": [1494.5490188598633, 0.0, 637.0], "angles": [0.0, 0.0, 0.0], "sizes": [1.0, 1.0, 1.0]}, {"translations": [1480.1718292236328, 0.0, 787.0], "angles": [0.0, 0.0, 0.0], "sizes": [1.0, 1.0, 1.0]}, {"translations": [1512.893051147461, 0.0, 937.0], "angles": [0.0, 0.0, 0.0], "sizes": [1.0, 1.0, 1.0]}, {"translations": [1475.1225967407227, 0.0, 1087.0], "angles": [0.0, 0.0, 0.0], "sizes": [1.0, 1.0, 1.0]}, {"translations": [1893.6253204345703, 0.0, 37.0], "angles": [0.0, 0.0, 0.0], "sizes": [1.0, 1.0, 1.0]}, {"translations": [1874.5880508422852, 0.0, 187.0], "angles": [0.0, 0.0, 0.0], "sizes": [1.0, 1.0, 1.0]}, {"translations": [1885.365852355957, 0.0, 337.0], "angles": [0.0, 0.0, 0.0], "sizes": [1.0, 1.0, 1.0]}, {"translations": [1894.2260513305664, 0.0, 487.0], "angles": [0.0, 0.0, 0.0], "sizes": [1.0, 1.0, 1.0]}, {"translations": [1903.9544296264648, 0.0, 637.0], "angles": [0.0, 0.0, 0.0], "sizes": [1.0, 1.0, 1.0]}, {"translations": [1894.2759628295898, 0.0, 787.0], "angles": [0.0, 0.0, 0.0], "sizes": [1.0, 1.0, 1.0]}, {"translations": [1907.4932556152344, 0.0, 937.0], "angles": [0.0, 0.0, 0.0], "sizes": [1.0, 1.0, 1.0]}, {"translations": [1916.8948440551758, 0.0, 1087.0], "angles": [0.0, 0.0, 0.0], "sizes": [1.0, 1.0, 1.0]}, {"translations": [2276.5075759887695, 0.0, 37.0], "angles": [0.0, 0.0, 0.0], "sizes": [1.0, 1.0, 1.0]}, {"translations": [2283.2667846679688, 0.0, 187.0], "angles": [0.0, 0.0, 0.0], "sizes": [1.0, 1.0, 1.0]}, {"translations": [2283.8535766601562, 0.0, 337.0], "angles": [0.0, 0.0, 0.0], "sizes": [1.0, 1.0, 1.0]}, {"translations": [2306.204902648926, 0.0, 487.0], "angles": [0.0, 0.0, 0.0], "sizes": [1.0, 1.0, 1.0]}, {"translations": [2319.8807067871094, 0.0, 637.0], "angles": [0.0, 0.0, 0.0], "sizes": [1.0, 1.0, 1.0]}, {"translations": [2286.3238677978516, 0.0, 787.0], "angles": [0.0, 0.0, 0.0], "sizes": [1.0, 1.0, 1.0]}, {"translations": [2274.611427307129, 0.0, 937.0], "angles": [0.0, 0.0, 0.0], "sizes": [1.0, 1.0, 1.0]}, {"translations": [2293.130142211914, 0.0, 1087.0], "angles": [0.0, 0.0, 0.0], "sizes": [1.0, 1.0, 1.0]}]}, {"SM_CardBoxD_03": [{"translations": [2265.630142211914, 2.5, 1108.0], "angles": [0.0, 0.0, 0.5811643468957152], "sizes": [1.0, 1.0, 1.0]}, {"translations": [2343.8238677978516, 37.5, 808.0], "angles": [0.0, 0.0, 0.6131178205826452], "sizes": [1.0, 1.0, 1.0]}, {"translations": [1427.6225967407227, -22.5, 1108.0], "angles": [0.0, 0.0, 0.9970260986685029], "sizes": [0.9999999999999997, 0.9999999999999997, 1.0]}, {"translations": [1495.393051147461, 27.5, 958.0], "angles": [0.0, 0.0, 0.8233634969305519], "sizes": [0.9999999999999999, 0.9999999999999999, 1.0]}, {"translations": [1517.0490188598633, 12.5, 658.0], "angles": [0.0, 0.0, 0.5424954881416043], "sizes": [1.0, 1.0, 1.0]}, {"translations": [1463.1486511230469, 12.5, 208.0], "angles": [0.0, 0.0, 0.7423291863379081], "sizes": [1.0000000000000002, 1.0000000000000002, 1.0]}, {"translations": [1568.1486511230469, 42.5, 208.0], "angles": [0.0, 0.0, 0.9098319572436078], "sizes": [0.9999999999999996, 0.9999999999999996, 1.0]}, {"translations": [1019.4691009521484, -27.5, 958.0], "angles": [0.0, 0.0, 0.7790524115315015], "sizes": [1.0000000000000002, 1.0000000000000002, 1.0]}, {"translations": [1040.1289291381836, -27.5, 658.0], "angles": [0.0, 0.0, 0.13881353662352758], "sizes": [1.0, 1.0, 1.0]}, {"translations": [1150.6141815185547, 42.5, 208.0], "angles": [0.0, 0.0, 0.7318369638943456], "sizes": [1.0000000000000002, 1.0000000000000002, 1.0]}, {"translations": [1099.9947204589844, -47.5, 58.0], "angles": [0.0, 0.0, 0.006760736624393581], "sizes": [1.0, 1.0, 1.0]}, {"translations": [738.5447387695312, 22.5, 1108.0], "angles": [0.0, 0.0, 0.648253258926107], "sizes": [1.0, 1.0, 1.0]}, {"translations": [655.3896102905273, 22.5, 58.0], "angles": [0.0, 0.0, 0.921427193088175], "sizes": [0.9999999999999998, 0.9999999999999998, 1.0]}, {"translations": [327.27735900878906, 12.5, 658.0], "angles": [0.0, 0.0, 0.8788914091493434], "sizes": [0.9999999999999996, 0.9999999999999996, 1.0]}, {"translations": [338.2218246459961, -42.5, 358.0], "angles": [0.0, 0.0, 0.5008147326250406], "sizes": [0.9999999999999999, 0.9999999999999999, 1.0]}, {"translations": [2170.2602767944336, -17.5, 1108.0], "angles": [0.0, 0.0, 0.6546228664474275], "sizes": [1.0000000000000002, 1.0000000000000002, 1.0]}, {"translations": [2146.7071533203125, -7.5, 358.0], "angles": [0.0, 0.0, 0.7170195293157113], "sizes": [1.0000000000000002, 1.0000000000000002, 1.0]}, {"translations": [1701.9088516235352, 7.5, 658.0], "angles": [0.0, 0.0, 0.8232016322110777], "sizes": [0.9999999999999999, 0.9999999999999999, 1.0]}, {"translations": [1229.2451858520508, -22.5, 1108.0], "angles": [0.0, 0.0, 0.9970260986685029], "sizes": [0.9999999999999997, 0.9999999999999997, 1.0]}, {"translations": [1258.098030090332, -17.5, 658.0], "angles": [0.0, 0.0, 0.9266561853934534], "sizes": [0.9999999999999999, 0.9999999999999999, 1.0]}, {"translations": [1242.843391418457, -27.5, 508.0], "angles": [0.0, 0.0, 0.9144492911736837], "sizes": [0.9999999999999994, 0.9999999999999994, 1.0]}, {"translations": [844.2578506469727, -27.5, 658.0], "angles": [0.0, 0.0, 0.13881353662352758], "sizes": [1.0, 1.0, 1.0]}, {"translations": [995.2283554077148, 42.5, 208.0], "angles": [0.0, 0.0, 0.7318369638943456], "sizes": [1.0000000000000002, 1.0000000000000002, 1.0]}, {"translations": [918.9894409179688, -47.5, 58.0], "angles": [0.0, 0.0, 0.006760736624393581], "sizes": [1.0, 1.0, 1.0]}, {"translations": [180.44365692138672, -22.5, 358.0], "angles": [0.0, 0.0, 0.43947763017631974], "sizes": [0.9999999999999999, 0.9999999999999999, 1.0]}]}, {"SM_CardBoxB_02": [{"translations": [2282.111427307129, 32.5, 958.0], "angles": [0.0, 0.0, 0.9585014561245359], "sizes": [1.0000000000000004, 1.0000000000000004, 1.0]}, {"translations": [2233.8238677978516, -22.5, 808.0], "angles": [0.0, 0.0, 0.765306475452051], "sizes": [1.0, 1.0, 1.0]}, {"translations": [2292.3807067871094, 2.5, 658.0], "angles": [0.0, 0.0, 0.858221686507055], "sizes": [0.9999999999999998, 0.9999999999999998, 1.0]}, {"translations": [2258.704902648926, -27.5, 508.0], "angles": [0.0, 0.0, 0.16297799557729073], "sizes": [1.0, 1.0, 1.0]}, {"translations": [2251.3535766601562, 12.5, 358.0], "angles": [0.0, 0.0, 0.8224557683675034], "sizes": [0.9999999999999999, 0.9999999999999999, 1.0]}, {"translations": [1894.3948440551758, -12.5, 1108.0], "angles": [0.0, 0.0, 0.7566995505925713], "sizes": [1.0, 1.0, 1.0]}, {"translations": [1896.1253204345703, -7.5, 58.0], "angles": [0.0, 0.0, 0.8785320537329727], "sizes": [0.9999999999999996, 0.9999999999999996, 1.0]}, {"translations": [1109.9947204589844, 47.5, 58.0], "angles": [0.0, 0.0, 0.33090274980570883], "sizes": [1.0, 1.0, 1.0]}, {"translations": [676.6909332275391, -47.5, 508.0], "angles": [0.0, 0.0, 0.5127582780443097], "sizes": [0.9999999999999999, 0.9999999999999999, 1.0]}, {"translations": [675.9415435791016, 47.5, 358.0], "angles": [0.0, 0.0, 0.3625222416089822], "sizes": [0.9999999999999999, 0.9999999999999999, 1.0]}, {"translations": [281.2996139526367, 47.5, 508.0], "angles": [0.0, 0.0, 0.9997525786737209], "sizes": [1.0000000000000004, 1.0000000000000004, 1.0]}, {"translations": [2046.6477355957031, -22.5, 808.0], "angles": [0.0, 0.0, 0.765306475452051], "sizes": [1.0, 1.0, 1.0]}, {"translations": [2136.647735595703, 37.5, 808.0], "angles": [0.0, 0.0, 0.7685246095669321], "sizes": [1.0, 1.0, 1.0]}, {"translations": [2091.4098052978516, -27.5, 508.0], "angles": [0.0, 0.0, 0.16297799557729073], "sizes": [1.0, 1.0, 1.0]}, {"translations": [1772.5519256591797, -42.5, 808.0], "angles": [0.0, 0.0, 0.6857549138186615], "sizes": [1.0000000000000002, 1.0000000000000002, 1.0]}, {"translations": [1657.4520950317383, 47.5, 508.0], "angles": [0.0, 0.0, 0.9816509574815578], "sizes": [1.0000000000000004, 1.0000000000000004, 1.0]}, {"translations": [1716.250633239746, -7.5, 58.0], "angles": [0.0, 0.0, 0.8785320537329727], "sizes": [0.9999999999999996, 0.9999999999999996, 1.0]}, {"translations": [1334.2451858520508, -7.5, 1108.0], "angles": [0.0, 0.0, 0.11857336197201275], "sizes": [1.0, 1.0, 1.0]}, {"translations": [963.9827346801758, 42.5, 508.0], "angles": [0.0, 0.0, 0.6787773755405359], "sizes": [1.0000000000000002, 1.0000000000000002, 1.0]}, {"translations": [923.3382797241211, 2.5, 358.0], "angles": [0.0, 0.0, 0.05327404654225754], "sizes": [1.0, 1.0, 1.0]}, {"translations": [928.9894409179688, 47.5, 58.0], "angles": [0.0, 0.0, 0.33090274980570883], "sizes": [1.0, 1.0, 1.0]}, {"translations": [452.38209533691406, 2.5, 958.0], "angles": [0.0, 0.0, 0.03957000340876779], "sizes": [1.0, 1.0, 1.0]}, {"translations": [542.3818664550781, -27.5, 508.0], "angles": [0.0, 0.0, 0.8055560076895225], "sizes": [1.0, 1.0, 1.0]}, {"translations": [437.3818664550781, 7.5, 508.0], "angles": [0.0, 0.0, 0.9736791633151336], "sizes": [1.0000000000000007, 1.0000000000000007, 1.0]}, {"translations": [505.88309478759766, 47.5, 358.0], "angles": [0.0, 0.0, 0.3625222416089822], "sizes": [0.9999999999999999, 0.9999999999999999, 1.0]}, {"translations": [194.41117095947266, 22.5, 1108.0], "angles": [0.0, 0.0, 0.6899222040259909], "sizes": [1.0000000000000002, 1.0000000000000002, 1.0]}]}, {"SM_CardBoxC_01": [{"translations": [2363.704902648926, -2.5, 508.0], "angles": [0.0, 0.0, 0.8252647785966446], "sizes": [1.0, 1.0, 1.0]}, {"translations": [1861.7759628295898, -22.5, 808.0], "angles": [0.0, 0.0, 0.988629691566281], "sizes": [0.9999999999999996, 0.9999999999999996, 1.0]}, {"translations": [1861.4544296264648, 47.5, 658.0], "angles": [0.0, 0.0, 0.9891872143440266], "sizes": [0.9999999999999999, 0.9999999999999999, 1.0]}, {"translations": [1841.7260513305664, -22.5, 508.0], "angles": [0.0, 0.0, 0.918311576943538], "sizes": [0.9999999999999997, 0.9999999999999997, 1.0]}, {"translations": [1941.7260513305664, 12.5, 508.0], "angles": [0.0, 0.0, 0.6521966344484742], "sizes": [1.0, 1.0, 1.0]}, {"translations": [1917.865852355957, -27.5, 358.0], "angles": [0.0, 0.0, 0.4581044443652804], "sizes": [0.9999999999999999, 0.9999999999999999, 1.0]}, {"translations": [1897.0880508422852, -47.5, 208.0], "angles": [0.0, 0.0, 0.6724708372124997], "sizes": [1.0, 1.0, 1.0]}, {"translations": [1477.6718292236328, -17.5, 808.0], "angles": [0.0, 0.0, 0.47651413566731604], "sizes": [0.9999999999999997, 0.9999999999999997, 1.0]}, {"translations": [1530.5019912719727, -7.5, 58.0], "angles": [0.0, 0.0, 0.042466434347857476], "sizes": [1.0, 1.0, 1.0]}, {"translations": [1122.1691436767578, 2.5, 358.0], "angles": [0.0, 0.0, 0.9688343329710811], "sizes": [1.0000000000000004, 1.0000000000000004, 1.0]}, {"translations": [685.0417022705078, -32.5, 658.0], "angles": [0.0, 0.0, 0.11956748755765909], "sizes": [0.9999999999999999, 0.9999999999999999, 1.0]}, {"translations": [681.6909332275391, 47.5, 508.0], "angles": [0.0, 0.0, 0.9908523172616481], "sizes": [0.9999999999999992, 0.9999999999999992, 1.0]}, {"translations": [296.2731170654297, -27.5, 58.0], "angles": [0.0, 0.0, 0.8812696848288097], "sizes": [0.9999999999999996, 0.9999999999999996, 1.0]}, {"translations": [2218.7614097595215, 22.5, 658.0], "angles": [0.0, 0.0, 0.7172680509466607], "sizes": [1.0000000000000002, 1.0000000000000002, 1.0]}, {"translations": [2196.4098052978516, -2.5, 508.0], "angles": [0.0, 0.0, 0.8252647785966446], "sizes": [1.0, 1.0, 1.0]}, {"translations": [2051.7071533203125, 32.5, 358.0], "angles": [0.0, 0.0, 0.5381266398223613], "sizes": [0.9999999999999999, 0.9999999999999999, 1.0]}, {"translations": [2127.0151443481445, -42.5, 58.0], "angles": [0.0, 0.0, 0.09457948929837151], "sizes": [0.9999999999999999, 0.9999999999999999, 1.0]}, {"translations": [2022.0151443481445, 37.5, 58.0], "angles": [0.0, 0.0, 0.7646290772272847], "sizes": [1.0000000000000002, 1.0000000000000002, 1.0]}, {"translations": [1682.5519256591797, -22.5, 808.0], "angles": [0.0, 0.0, 0.988629691566281], "sizes": [0.9999999999999996, 0.9999999999999996, 1.0]}, {"translations": [1772.4520950317383, 37.5, 508.0], "angles": [0.0, 0.0, 0.9980811978833637], "sizes": [1.0000000000000002, 1.0000000000000002, 1.0]}, {"translations": [1324.7860984802246, 42.5, 958.0], "angles": [0.0, 0.0, 0.17608800037979766], "sizes": [1.0, 1.0, 1.0]}, {"translations": [1244.3436584472656, 12.5, 808.0], "angles": [0.0, 0.0, 0.9827679694159135], "sizes": [1.0, 1.0, 1.0]}, {"translations": [1373.098030090332, 37.5, 658.0], "angles": [0.0, 0.0, 0.5331794117725649], "sizes": [1.0, 1.0, 1.0]}, {"translations": [1357.843391418457, 12.5, 508.0], "angles": [0.0, 0.0, 0.8637928046871428], "sizes": [0.9999999999999998, 0.9999999999999998, 1.0]}, {"translations": [1330.0039825439453, 7.5, 58.0], "angles": [0.0, 0.0, 0.36385482839747696], "sizes": [0.9999999999999999, 0.9999999999999999, 1.0]}, {"translations": [967.5795974731445, 32.5, 1108.0], "angles": [0.0, 0.0, 0.7773565469102802], "sizes": [1.0000000000000002, 1.0000000000000002, 1.0]}, {"translations": [902.9381942749023, -37.5, 958.0], "angles": [0.0, 0.0, 0.9910757442117881], "sizes": [0.9999999999999992, 0.9999999999999992, 1.0]}, {"translations": [1015.2283554077148, -37.5, 208.0], "angles": [0.0, 0.0, 0.01860368687046303], "sizes": [0.9999999999999999, 0.9999999999999999, 1.0]}, {"translations": [510.70001220703125, 22.5, 808.0], "angles": [0.0, 0.0, 0.31686353677167417], "sizes": [1.0, 1.0, 1.0]}, {"translations": [519.0834045410156, -32.5, 658.0], "angles": [0.0, 0.0, 0.11956748755765909], "sizes": [0.9999999999999999, 0.9999999999999999, 1.0]}, {"translations": [534.7792282104492, -42.5, 58.0], "angles": [0.0, 0.0, 0.6884940864053898], "sizes": [1.0000000000000002, 1.0000000000000002, 1.0]}, {"translations": [99.41117095947266, 7.5, 1108.0], "angles": [0.0, 0.0, 0.46615972200143385], "sizes": [0.9999999999999999, 0.9999999999999999, 1.0]}, {"translations": [75.44749450683594, -22.5, 958.0], "angles": [0.0, 0.0, 0.7387651955697426], "sizes": [1.0000000000000002, 1.0000000000000002, 1.0]}, {"translations": [170.44749450683594, 42.5, 958.0], "angles": [0.0, 0.0, 0.9999105213667947], "sizes": [1.0000000000000009, 1.0000000000000009, 1.0]}, {"translations": [97.79872131347656, 27.5, 808.0], "angles": [0.0, 0.0, 0.7745310058735051], "sizes": [1.0000000000000002, 1.0000000000000002, 1.0]}, {"translations": [48.554718017578125, 2.5, 658.0], "angles": [0.0, 0.0, 0.0947942361568936], "sizes": [1.0, 1.0, 1.0]}]}, {"SM_CardBoxA_01": [{"translations": [2295.7667846679688, 2.5, 208.0], "angles": [0.0, 0.0, 0.938930238338133], "sizes": [0.9999999999999998, 0.9999999999999998, 1.0]}, {"translations": [2274.0075759887695, -7.5, 58.0], "angles": [0.0, 0.0, 0.8502341012309943], "sizes": [0.9999999999999997, 0.9999999999999997, 1.0]}, {"translations": [1949.9932556152344, -47.5, 958.0], "angles": [0.0, 0.0, 0.06262132879402747], "sizes": [1.0, 1.0, 1.0]}, {"translations": [1951.7759628295898, -2.5, 808.0], "angles": [0.0, 0.0, 0.7359020751357211], "sizes": [1.0000000000000002, 1.0000000000000002, 1.0]}, {"translations": [1882.0880508422852, 32.5, 208.0], "angles": [0.0, 0.0, 0.9999328928978104], "sizes": [1.0000000000000002, 1.0000000000000002, 1.0]}, {"translations": [1514.4216995239258, -12.5, 508.0], "angles": [0.0, 0.0, 0.8973835799142279], "sizes": [0.9999999999999997, 0.9999999999999997, 1.0]}, {"translations": [1119.4691009521484, 32.5, 958.0], "angles": [0.0, 0.0, 0.5843353059670675], "sizes": [1.0, 1.0, 1.0]}, {"translations": [1060.6141815185547, -27.5, 208.0], "angles": [0.0, 0.0, 0.7457645228465068], "sizes": [1.0000000000000002, 1.0000000000000002, 1.0]}, {"translations": [734.191047668457, -42.5, 958.0], "angles": [0.0, 0.0, 0.38360670569302435], "sizes": [0.9999999999999999, 0.9999999999999999, 1.0]}, {"translations": [719.191047668457, 47.5, 958.0], "angles": [0.0, 0.0, 0.9995849685794369], "sizes": [1.0000000000000009, 1.0000000000000009, 1.0]}, {"translations": [685.8500061035156, 2.5, 808.0], "angles": [0.0, 0.0, 0.8084001081251186], "sizes": [0.9999999999999999, 0.9999999999999999, 1.0]}, {"translations": [340.72374725341797, -47.5, 958.0], "angles": [0.0, 0.0, 0.5824748827001498], "sizes": [1.0, 1.0, 1.0]}, {"translations": [242.7722930908203, -27.5, 208.0], "angles": [0.0, 0.0, 0.8896506766732742], "sizes": [0.9999999999999996, 0.9999999999999996, 1.0]}, {"translations": [2080.2602767944336, 37.5, 1108.0], "angles": [0.0, 0.0, 0.09518680884744062], "sizes": [0.9999999999999999, 0.9999999999999999, 1.0]}, {"translations": [2083.2228469848633, -7.5, 958.0], "angles": [0.0, 0.0, 0.6809931354678845], "sizes": [1.0000000000000002, 1.0000000000000002, 1.0]}, {"translations": [2105.533576965332, 2.5, 208.0], "angles": [0.0, 0.0, 0.938930238338133], "sizes": [0.9999999999999998, 0.9999999999999998, 1.0]}, {"translations": [1742.7896919250488, -27.5, 1108.0], "angles": [0.0, 0.0, 0.3026752948867278], "sizes": [1.0, 1.0, 1.0]}, {"translations": [1702.4520950317383, -47.5, 508.0], "angles": [0.0, 0.0, 0.6578554844071793], "sizes": [1.0000000000000002, 1.0000000000000002, 1.0]}, {"translations": [1688.1761093139648, 7.5, 208.0], "angles": [0.0, 0.0, 0.08411476534149827], "sizes": [0.9999999999999999, 0.9999999999999999, 1.0]}, {"translations": [1344.3436584472656, -37.5, 808.0], "angles": [0.0, 0.0, 0.6347374277678487], "sizes": [1.0000000000000002, 1.0000000000000002, 1.0]}, {"translations": [1370.2973022460938, -42.5, 208.0], "angles": [0.0, 0.0, 0.9452617247804345], "sizes": [1.0000000000000002, 1.0000000000000002, 1.0]}, {"translations": [852.5795974731445, -22.5, 1108.0], "angles": [0.0, 0.0, 0.7353221687195498], "sizes": [1.0000000000000002, 1.0000000000000002, 1.0]}, {"translations": [905.2283554077148, -27.5, 208.0], "angles": [0.0, 0.0, 0.7457645228465068], "sizes": [1.0000000000000002, 1.0000000000000002, 1.0]}, {"translations": [534.0834045410156, 47.5, 658.0], "angles": [0.0, 0.0, 0.9948476146610898], "sizes": [0.9999999999999991, 0.9999999999999991, 1.0]}, {"translations": [439.7792282104492, -12.5, 58.0], "angles": [0.0, 0.0, 0.969440234399511], "sizes": [1.0000000000000004, 1.0000000000000004, 1.0]}, {"translations": [170.44749450683594, -47.5, 958.0], "angles": [0.0, 0.0, 0.5824748827001498], "sizes": [1.0, 1.0, 1.0]}, {"translations": [131.59922790527344, -32.5, 508.0], "angles": [0.0, 0.0, 0.47647477102696845], "sizes": [0.9999999999999999, 0.9999999999999999, 1.0]}, {"translations": [16.599227905273438, -7.5, 508.0], "angles": [0.0, 0.0, 0.3399862705067446], "sizes": [1.0, 1.0, 1.0]}, {"translations": [124.5445785522461, 27.5, 208.0], "angles": [0.0, 0.0, 0.3694513968548011], "sizes": [1.0, 1.0, 1.0]}, {"translations": [141.54623413085938, 47.5, 58.0], "angles": [0.0, 0.0, 0.446812553600391], "sizes": [0.9999999999999999, 0.9999999999999999, 1.0]}]}, {"SM_CardBoxB_01": [{"translations": [1879.9932556152344, 32.5, 958.0], "angles": [0.0, 0.0, 0.9863989910637078], "sizes": [0.9999999999999994, 0.9999999999999994, 1.0]}, {"translations": [1916.4544296264648, -47.5, 658.0], "angles": [0.0, 0.0, 0.21154287187213217], "sizes": [1.0, 1.0, 1.0]}, {"translations": [1532.6225967407227, -17.5, 1108.0], "angles": [0.0, 0.0, 0.9120916972620284], "sizes": [0.9999999999999993, 0.9999999999999993, 1.0]}, {"translations": [1453.5175323486328, 12.5, 358.0], "angles": [0.0, 0.0, 0.2139746803032193], "sizes": [1.0, 1.0, 1.0]}, {"translations": [1094.289794921875, -12.5, 1108.0], "angles": [0.0, 0.0, 0.9909424829422836], "sizes": [0.9999999999999994, 0.9999999999999994, 1.0]}, {"translations": [1065.3147430419922, 37.5, 808.0], "angles": [0.0, 0.0, 0.9655528259917509], "sizes": [1.0000000000000009, 1.0000000000000009, 1.0]}, {"translations": [1135.1289291381836, 2.5, 658.0], "angles": [0.0, 0.0, 0.6625254495128741], "sizes": [1.0000000000000002, 1.0000000000000002, 1.0]}, {"translations": [1127.4913635253906, -47.5, 508.0], "angles": [0.0, 0.0, 0.06884841878533804], "sizes": [0.9999999999999999, 0.9999999999999999, 1.0]}, {"translations": [1102.4913635253906, 27.5, 508.0], "angles": [0.0, 0.0, 0.9977457937505727], "sizes": [1.0, 1.0, 1.0]}, {"translations": [638.5447387695312, -17.5, 1108.0], "angles": [0.0, 0.0, 0.6192115327674441], "sizes": [1.0000000000000002, 1.0000000000000002, 1.0]}, {"translations": [619.191047668457, -2.5, 958.0], "angles": [0.0, 0.0, 0.9976873734109635], "sizes": [1.0, 1.0, 1.0]}, {"translations": [695.1785354614258, -27.5, 208.0], "angles": [0.0, 0.0, 0.9720068903394526], "sizes": [1.0000000000000002, 1.0000000000000002, 1.0]}, {"translations": [295.2055892944336, -32.5, 1108.0], "angles": [0.0, 0.0, 0.9722992504830072], "sizes": [1.0000000000000002, 1.0000000000000002, 1.0]}, {"translations": [245.72374725341797, 22.5, 958.0], "angles": [0.0, 0.0, 0.6471441279580455], "sizes": [1.0, 1.0, 1.0]}, {"translations": [271.8993606567383, -42.5, 808.0], "angles": [0.0, 0.0, 0.9999566447968055], "sizes": [1.0000000000000004, 1.0000000000000004, 1.0]}, {"translations": [291.8993606567383, 42.5, 808.0], "angles": [0.0, 0.0, 0.9969177620641534], "sizes": [0.9999999999999993, 0.9999999999999993, 1.0]}, {"translations": [271.2996139526367, -42.5, 508.0], "angles": [0.0, 0.0, 0.5357657670835358], "sizes": [0.9999999999999999, 0.9999999999999999, 1.0]}, {"translations": [313.2218246459961, 47.5, 358.0], "angles": [0.0, 0.0, 0.9995639210992099], "sizes": [1.000000000000001, 1.000000000000001, 1.0]}, {"translations": [2113.7614097595215, -7.5, 658.0], "angles": [0.0, 0.0, 0.9244575542229481], "sizes": [0.9999999999999993, 0.9999999999999993, 1.0]}, {"translations": [1728.9865112304688, -17.5, 958.0], "angles": [0.0, 0.0, 0.5503754274745211], "sizes": [0.9999999999999999, 0.9999999999999999, 1.0]}, {"translations": [1714.731704711914, -2.5, 358.0], "angles": [0.0, 0.0, 0.9558671887152765], "sizes": [1.0000000000000004, 1.0000000000000004, 1.0]}, {"translations": [1281.0350646972656, -17.5, 358.0], "angles": [0.0, 0.0, 0.9731557277042318], "sizes": [1.0000000000000004, 1.0000000000000004, 1.0]}, {"translations": [889.6294860839844, 37.5, 808.0], "angles": [0.0, 0.0, 0.9655528259917509], "sizes": [1.0000000000000009, 1.0000000000000009, 1.0]}, {"translations": [939.2578506469727, 2.5, 658.0], "angles": [0.0, 0.0, 0.6625254495128741], "sizes": [1.0000000000000002, 1.0000000000000002, 1.0]}, {"translations": [973.9827346801758, -47.5, 508.0], "angles": [0.0, 0.0, 0.06884841878533804], "sizes": [0.9999999999999999, 0.9999999999999999, 1.0]}, {"translations": [541.089485168457, 12.5, 1108.0], "angles": [0.0, 0.0, 0.9975414919722503], "sizes": [0.9999999999999994, 0.9999999999999994, 1.0]}, {"translations": [504.35707092285156, -27.5, 208.0], "angles": [0.0, 0.0, 0.9720068903394526], "sizes": [1.0000000000000002, 1.0000000000000002, 1.0]}, {"translations": [138.55471801757812, -42.5, 658.0], "angles": [0.0, 0.0, 0.7287569262865983], "sizes": [1.0000000000000002, 1.0000000000000002, 1.0]}, {"translations": [24.544578552246094, -37.5, 208.0], "angles": [0.0, 0.0, 0.7154363878647926], "sizes": [1.0000000000000002, 1.0000000000000002, 1.0]}]}]