[{"SM_RackShelf_01": [{"translations": [200.0, 0.0, 37.0], "angles": [0.0, 0.0, 0.0], "sizes": [1.0, 1.0, 1.0]}, {"translations": [200.0, 0.0, 187.0], "angles": [0.0, 0.0, 0.0], "sizes": [1.0, 1.0, 1.0]}, {"translations": [200.0, 0.0, 337.0], "angles": [0.0, 0.0, 0.0], "sizes": [1.0, 1.0, 1.0]}, {"translations": [200.0, 0.0, 487.0], "angles": [0.0, 0.0, 0.0], "sizes": [1.0, 1.0, 1.0]}, {"translations": [200.0, 0.0, 637.0], "angles": [0.0, 0.0, 0.0], "sizes": [1.0, 1.0, 1.0]}, {"translations": [200.0, 0.0, 787.0], "angles": [0.0, 0.0, 0.0], "sizes": [1.0, 1.0, 1.0]}, {"translations": [600.0, 0.0, 37.0], "angles": [0.0, 0.0, 0.0], "sizes": [1.0, 1.0, 1.0]}, {"translations": [600.0, 0.0, 187.0], "angles": [0.0, 0.0, 0.0], "sizes": [1.0, 1.0, 1.0]}, {"translations": [600.0, 0.0, 337.0], "angles": [0.0, 0.0, 0.0], "sizes": [1.0, 1.0, 1.0]}, {"translations": [600.0, 0.0, 487.0], "angles": [0.0, 0.0, 0.0], "sizes": [1.0, 1.0, 1.0]}, {"translations": [600.0, 0.0, 637.0], "angles": [0.0, 0.0, 0.0], "sizes": [1.0, 1.0, 1.0]}, {"translations": [600.0, 0.0, 787.0], "angles": [0.0, 0.0, 0.0], "sizes": [1.0, 1.0, 1.0]}, {"translations": [1000.0, 0.0, 37.0], "angles": [0.0, 0.0, 0.0], "sizes": [1.0, 1.0, 1.0]}, {"translations": [1000.0, 0.0, 187.0], "angles": [0.0, 0.0, 0.0], "sizes": [1.0, 1.0, 1.0]}, {"translations": [1000.0, 0.0, 337.0], "angles": [0.0, 0.0, 0.0], "sizes": [1.0, 1.0, 1.0]}, {"translations": [1000.0, 0.0, 487.0], "angles": [0.0, 0.0, 0.0], "sizes": [1.0, 1.0, 1.0]}, {"translations": [1000.0, 0.0, 637.0], "angles": [0.0, 0.0, 0.0], "sizes": [1.0, 1.0, 1.0]}, {"translations": [1000.0, 0.0, 787.0], "angles": [0.0, 0.0, 0.0], "sizes": [1.0, 1.0, 1.0]}, {"translations": [1400.0, 0.0, 37.0], "angles": [0.0, 0.0, 0.0], "sizes": [1.0, 1.0, 1.0]}, {"translations": [1400.0, 0.0, 187.0], "angles": [0.0, 0.0, 0.0], "sizes": [1.0, 1.0, 1.0]}, {"translations": [1400.0, 0.0, 337.0], "angles": [0.0, 0.0, 0.0], "sizes": [1.0, 1.0, 1.0]}, {"translations": [1400.0, 0.0, 487.0], "angles": [0.0, 0.0, 0.0], "sizes": [1.0, 1.0, 1.0]}, {"translations": [1400.0, 0.0, 637.0], "angles": [0.0, 0.0, 0.0], "sizes": [1.0, 1.0, 1.0]}, {"translations": [1400.0, 0.0, 787.0], "angles": [0.0, 0.0, 0.0], "sizes": [1.0, 1.0, 1.0]}]}, {"SM_RackFrame_03": [{"translations": [0.0, 0.0, 0.0], "angles": [0.0, 0.0, 0.0], "sizes": [1.0, 1.0, 1.0]}, {"translations": [400.0, 0.0, 0.0], "angles": [0.0, 0.0, 0.0], "sizes": [1.0, 1.0, 1.0]}, {"translations": [800.0, 0.0, 0.0], "angles": [0.0, 0.0, 0.0], "sizes": [1.0, 1.0, 1.0]}, {"translations": [1200.0, 0.0, 0.0], "angles": [0.0, 0.0, 0.0], "sizes": [1.0, 1.0, 1.0]}, {"translations": [0.0, 0.0, 300.0], "angles": [0.0, 0.0, 0.0], "sizes": [1.0, 1.0, 1.0]}, {"translations": [400.0, 0.0, 300.0], "angles": [0.0, 0.0, 0.0], "sizes": [1.0, 1.0, 1.0]}, {"translations": [800.0, 0.0, 300.0], "angles": [0.0, 0.0, 0.0], "sizes": [1.0, 1.0, 1.0]}, {"translations": [1200.0, 0.0, 300.0], "angles": [0.0, 0.0, 0.0], "sizes": [1.0, 1.0, 1.0]}, {"translations": [0.0, 0.0, 600.0], "angles": [0.0, 0.0, 0.0], "sizes": [1.0, 1.0, 1.0]}, {"translations": [400.0, 0.0, 600.0], "angles": [0.0, 0.0, 0.0], "sizes": [1.0, 1.0, 1.0]}, {"translations": [800.0, 0.0, 600.0], "angles": [0.0, 0.0, 0.0], "sizes": [1.0, 1.0, 1.0]}, {"translations": [1200.0, 0.0, 600.0], "angles": [0.0, 0.0, 0.0], "sizes": [1.0, 1.0, 1.0]}, {"translations": [0.0, 0.0, 0.0], "angles": [0.0, 0.0, 0.0], "sizes": [1.0, 1.0, 1.0]}, {"translations": [400.0, 0.0, 0.0], "angles": [0.0, 0.0, 0.0], "sizes": [1.0, 1.0, 1.0]}, {"translations": [800.0, 0.0, 0.0], "angles": [0.0, 0.0, 0.0], "sizes": [1.0, 1.0, 1.0]}, {"translations": [1200.0, 0.0, 0.0], "angles": [0.0, 0.0, 0.0], "sizes": [1.0, 1.0, 1.0]}, {"translations": [0.0, 0.0, 300.0], "angles": [0.0, 0.0, 0.0], "sizes": [1.0, 1.0, 1.0]}, {"translations": [400.0, 0.0, 300.0], "angles": [0.0, 0.0, 0.0], "sizes": [1.0, 1.0, 1.0]}, {"translations": [800.0, 0.0, 300.0], "angles": [0.0, 0.0, 0.0], "sizes": [1.0, 1.0, 1.0]}, {"translations": [1200.0, 0.0, 300.0], "angles": [0.0, 0.0, 0.0], "sizes": [1.0, 1.0, 1.0]}, {"translations": [0.0, 0.0, 600.0], "angles": [0.0, 0.0, 0.0], "sizes": [1.0, 1.0, 1.0]}, {"translations": [400.0, 0.0, 600.0], "angles": [0.0, 0.0, 0.0], "sizes": [1.0, 1.0, 1.0]}, {"translations": [800.0, 0.0, 600.0], "angles": [0.0, 0.0, 0.0], "sizes": [1.0, 1.0, 1.0]}, {"translations": [1200.0, 0.0, 600.0], "angles": [0.0, 0.0, 0.0], "sizes": [1.0, 1.0, 1.0]}, {"translations": [1600.0, 0.0, 0.0], "angles": [0.0, 0.0, 0.0], "sizes": [1.0, 1.0, 1.0]}, {"translations": [1600.0, 0.0, 300.0], "angles": [0.0, 0.0, 0.0], "sizes": [1.0, 1.0, 1.0]}, {"translations": [1600.0, 0.0, 600.0], "angles": [0.0, 0.0, 0.0], "sizes": [1.0, 1.0, 1.0]}]}, {"SM_PaletteA_01": [{"translations": [104.04623413085938, 0.0, 37.0], "angles": [0.0, 0.0, 0.0], "sizes": [1.0, 1.0, 1.0]}, {"translations": [77.0445785522461, 0.0, 187.0], "angles": [0.0, 0.0, 0.0], "sizes": [1.0, 1.0, 1.0]}, {"translations": [167.94365692138672, 0.0, 337.0], "angles": [0.0, 0.0, 0.0], "sizes": [1.0, 1.0, 1.0]}, {"translations": [74.09922790527344, 0.0, 487.0], "angles": [0.0, 0.0, 0.0], "sizes": [1.0, 1.0, 1.0]}, {"translations": [106.05471801757812, 0.0, 637.0], "angles": [0.0, 0.0, 0.0], "sizes": [1.0, 1.0, 1.0]}, {"translations": [115.29872131347656, 0.0, 787.0], "angles": [0.0, 0.0, 0.0], "sizes": [1.0, 1.0, 1.0]}, {"translations": [482.2792282104492, 0.0, 37.0], "angles": [0.0, 0.0, 0.0], "sizes": [1.0, 1.0, 1.0]}, {"translations": [491.85707092285156, 0.0, 187.0], "angles": [0.0, 0.0, 0.0], "sizes": [1.0, 1.0, 1.0]}, {"translations": [533.3830947875977, 0.0, 337.0], "angles": [0.0, 0.0, 0.0], "sizes": [1.0, 1.0, 1.0]}, {"translations": [494.8818664550781, 0.0, 487.0], "angles": [0.0, 0.0, 0.0], "sizes": [1.0, 1.0, 1.0]}, {"translations": [541.5834045410156, 0.0, 637.0], "angles": [0.0, 0.0, 0.0], "sizes": [1.0, 1.0, 1.0]}, {"translations": [533.2000122070312, 0.0, 787.0], "angles": [0.0, 0.0, 0.0], "sizes": [1.0, 1.0, 1.0]}, {"translations": [911.4894409179688, 0.0, 37.0], "angles": [0.0, 0.0, 0.0], "sizes": [1.0, 1.0, 1.0]}, {"translations": [962.7283554077148, 0.0, 187.0], "angles": [0.0, 0.0, 0.0], "sizes": [1.0, 1.0, 1.0]}, {"translations": [935.8382797241211, 0.0, 337.0], "angles": [0.0, 0.0, 0.0], "sizes": [1.0, 1.0, 1.0]}, {"translations": [966.4827346801758, 0.0, 487.0], "angles": [0.0, 0.0, 0.0], "sizes": [1.0, 1.0, 1.0]}, {"translations": [881.7578506469727, 0.0, 637.0], "angles": [0.0, 0.0, 0.0], "sizes": [1.0, 1.0, 1.0]}, {"translations": [922.1294860839844, 0.0, 787.0], "angles": [0.0, 0.0, 0.0], "sizes": [1.0, 1.0, 1.0]}, {"translations": [1312.5039825439453, 0.0, 37.0], "angles": [0.0, 0.0, 0.0], "sizes": [1.0, 1.0, 1.0]}, {"translations": [1367.7973022460938, 0.0, 187.0], "angles": [0.0, 0.0, 0.0], "sizes": [1.0, 1.0, 1.0]}, {"translations": [1278.5350646972656, 0.0, 337.0], "angles": [0.0, 0.0, 0.0], "sizes": [1.0, 1.0, 1.0]}, {"translations": [1300.343391418457, 0.0, 487.0], "angles": [0.0, 0.0, 0.0], "sizes": [1.0, 1.0, 1.0]}, {"translations": [1315.598030090332, 0.0, 637.0], "angles": [0.0, 0.0, 0.0], "sizes": [1.0, 1.0, 1.0]}, {"translations": [1286.8436584472656, 0.0, 787.0], "angles": [0.0, 0.0, 0.0], "sizes": [1.0, 1.0, 1.0]}, {"translations": [288.7731170654297, 0.0, 37.0], "angles": [0.0, 0.0, 0.0], "sizes": [1.0, 1.0, 1.0]}, {"translations": [275.2722930908203, 0.0, 187.0], "angles": [0.0, 0.0, 0.0], "sizes": [1.0, 1.0, 1.0]}, {"translations": [320.7218246459961, 0.0, 337.0], "angles": [0.0, 0.0, 0.0], "sizes": [1.0, 1.0, 1.0]}, {"translations": [273.7996139526367, 0.0, 487.0], "angles": [0.0, 0.0, 0.0], "sizes": [1.0, 1.0, 1.0]}, {"translations": [289.77735900878906, 0.0, 637.0], "angles": [0.0, 0.0, 0.0], "sizes": [1.0, 1.0, 1.0]}, {"translations": [294.3993606567383, 0.0, 787.0], "angles": [0.0, 0.0, 0.0], "sizes": [1.0, 1.0, 1.0]}, {"translations": [677.8896102905273, 0.0, 37.0], "angles": [0.0, 0.0, 0.0], "sizes": [1.0, 1.0, 1.0]}, {"translations": [682.6785354614258, 0.0, 187.0], "angles": [0.0, 0.0, 0.0], "sizes": [1.0, 1.0, 1.0]}, {"translations": [703.4415435791016, 0.0, 337.0], "angles": [0.0, 0.0, 0.0], "sizes": [1.0, 1.0, 1.0]}, {"translations": [684.1909332275391, 0.0, 487.0], "angles": [0.0, 0.0, 0.0], "sizes": [1.0, 1.0, 1.0]}, {"translations": [707.5417022705078, 0.0, 637.0], "angles": [0.0, 0.0, 0.0], "sizes": [1.0, 1.0, 1.0]}, {"translations": [703.3500061035156, 0.0, 787.0], "angles": [0.0, 0.0, 0.0], "sizes": [1.0, 1.0, 1.0]}, {"translations": [1092.4947204589844, 0.0, 37.0], "angles": [0.0, 0.0, 0.0], "sizes": [1.0, 1.0, 1.0]}, {"translations": [1118.1141815185547, 0.0, 187.0], "angles": [0.0, 0.0, 0.0], "sizes": [1.0, 1.0, 1.0]}, {"translations": [1104.6691436767578, 0.0, 337.0], "angles": [0.0, 0.0, 0.0], "sizes": [1.0, 1.0, 1.0]}, {"translations": [1119.9913635253906, 0.0, 487.0], "angles": [0.0, 0.0, 0.0], "sizes": [1.0, 1.0, 1.0]}, {"translations": [1077.6289291381836, 0.0, 637.0], "angles": [0.0, 0.0, 0.0], "sizes": [1.0, 1.0, 1.0]}, {"translations": [1097.8147430419922, 0.0, 787.0], "angles": [0.0, 0.0, 0.0], "sizes": [1.0, 1.0, 1.0]}, {"translations": [1493.0019912719727, 0.0, 37.0], "angles": [0.0, 0.0, 0.0], "sizes": [1.0, 1.0, 1.0]}, {"translations": [1520.6486511230469, 0.0, 187.0], "angles": [0.0, 0.0, 0.0], "sizes": [1.0, 1.0, 1.0]}, {"translations": [1476.0175323486328, 0.0, 337.0], "angles": [0.0, 0.0, 0.0], "sizes": [1.0, 1.0, 1.0]}, {"translations": [1486.9216995239258, 0.0, 487.0], "angles": [0.0, 0.0, 0.0], "sizes": [1.0, 1.0, 1.0]}, {"translations": [1494.5490188598633, 0.0, 637.0], "angles": [0.0, 0.0, 0.0], "sizes": [1.0, 1.0, 1.0]}, {"translations": [1480.1718292236328, 0.0, 787.0], "angles": [0.0, 0.0, 0.0], "sizes": [1.0, 1.0, 1.0]}]}, {"SM_CardBoxA_01": [{"translations": [1482.6718292236328, 27.5, 808.0], "angles": [0.0, 0.0, 0.4904761660547721], "sizes": [0.9999999999999999, 0.9999999999999999, 1.0]}, {"translations": [1137.4913635253906, -42.5, 508.0], "angles": [0.0, 0.0, 0.02440700796931684], "sizes": [1.0, 1.0, 1.0]}, {"translations": [1340.2973022460938, 32.5, 208.0], "angles": [0.0, 0.0, 0.06471113613479441], "sizes": [1.0, 1.0, 1.0]}, {"translations": [1255.0039825439453, -22.5, 58.0], "angles": [0.0, 0.0, 0.9994628564264895], "sizes": [1.0000000000000009, 1.0000000000000009, 1.0]}, {"translations": [905.2283554077148, -27.5, 208.0], "angles": [0.0, 0.0, 0.7457645228465068], "sizes": [1.0000000000000002, 1.0000000000000002, 1.0]}, {"translations": [515.7000122070312, 2.5, 808.0], "angles": [0.0, 0.0, 0.8084001081251186], "sizes": [0.9999999999999999, 0.9999999999999999, 1.0]}, {"translations": [484.0834045410156, -27.5, 658.0], "angles": [0.0, 0.0, 0.07922978801769814], "sizes": [1.0, 1.0, 1.0]}, {"translations": [439.7792282104492, -12.5, 58.0], "angles": [0.0, 0.0, 0.969440234399511], "sizes": [1.0000000000000004, 1.0000000000000004, 1.0]}, {"translations": [131.59922790527344, -32.5, 508.0], "angles": [0.0, 0.0, 0.47647477102696845], "sizes": [0.9999999999999999, 0.9999999999999999, 1.0]}, {"translations": [16.599227905273438, -7.5, 508.0], "angles": [0.0, 0.0, 0.3399862705067446], "sizes": [1.0, 1.0, 1.0]}, {"translations": [124.5445785522461, 27.5, 208.0], "angles": [0.0, 0.0, 0.3694513968548011], "sizes": [1.0, 1.0, 1.0]}, {"translations": [141.54623413085938, 47.5, 58.0], "angles": [0.0, 0.0, 0.446812553600391], "sizes": [0.9999999999999999, 0.9999999999999999, 1.0]}]}, {"SM_CardBoxD_03": [{"translations": [1437.0490188598633, -17.5, 658.0], "angles": [0.0, 0.0, 0.9266561853934534], "sizes": [0.9999999999999999, 0.9999999999999999, 1.0]}, {"translations": [1463.1486511230469, 12.5, 208.0], "angles": [0.0, 0.0, 0.7423291863379081], "sizes": [1.0000000000000002, 1.0000000000000002, 1.0]}, {"translations": [1568.1486511230469, 42.5, 208.0], "angles": [0.0, 0.0, 0.9098319572436078], "sizes": [0.9999999999999996, 0.9999999999999996, 1.0]}, {"translations": [655.3896102905273, 22.5, 58.0], "angles": [0.0, 0.0, 0.921427193088175], "sizes": [0.9999999999999998, 0.9999999999999998, 1.0]}, {"translations": [317.7722930908203, 42.5, 208.0], "angles": [0.0, 0.0, 0.8032938652149699], "sizes": [1.0, 1.0, 1.0]}, {"translations": [1229.3436584472656, 17.5, 808.0], "angles": [0.0, 0.0, 0.04484565351125578], "sizes": [1.0, 1.0, 1.0]}, {"translations": [1258.098030090332, -17.5, 658.0], "angles": [0.0, 0.0, 0.9266561853934534], "sizes": [0.9999999999999999, 0.9999999999999999, 1.0]}, {"translations": [1020.2283554077148, -27.5, 208.0], "angles": [0.0, 0.0, 0.2980105929709697], "sizes": [1.0, 1.0, 1.0]}, {"translations": [918.9894409179688, -47.5, 58.0], "angles": [0.0, 0.0, 0.006760736624393581], "sizes": [1.0, 1.0, 1.0]}, {"translations": [599.0834045410156, -27.5, 658.0], "angles": [0.0, 0.0, 0.9115789038495041], "sizes": [0.9999999999999997, 0.9999999999999997, 1.0]}, {"translations": [505.88309478759766, -2.5, 358.0], "angles": [0.0, 0.0, 0.17418762493132472], "sizes": [1.0, 1.0, 1.0]}, {"translations": [180.44365692138672, -22.5, 358.0], "angles": [0.0, 0.0, 0.43947763017631974], "sizes": [0.9999999999999999, 0.9999999999999999, 1.0]}]}, {"SM_CardBoxC_01": [{"translations": [1552.0490188598633, 37.5, 658.0], "angles": [0.0, 0.0, 0.5331794117725649], "sizes": [1.0, 1.0, 1.0]}, {"translations": [1523.5175323486328, 22.5, 358.0], "angles": [0.0, 0.0, 0.39378085018314657], "sizes": [0.9999999999999999, 0.9999999999999999, 1.0]}, {"translations": [1418.5175323486328, 47.5, 358.0], "angles": [0.0, 0.0, 0.9998994031496684], "sizes": [1.0000000000000007, 1.0000000000000007, 1.0]}, {"translations": [1530.5019912719727, -7.5, 58.0], "angles": [0.0, 0.0, 0.042466434347857476], "sizes": [1.0, 1.0, 1.0]}, {"translations": [1075.1289291381836, 17.5, 658.0], "angles": [0.0, 0.0, 0.821701240419652], "sizes": [1.0, 1.0, 1.0]}, {"translations": [1139.9947204589844, -12.5, 58.0], "angles": [0.0, 0.0, 0.724163523366107], "sizes": [1.0, 1.0, 1.0]}, {"translations": [750.8500061035156, 12.5, 808.0], "angles": [0.0, 0.0, 0.8461391211015933], "sizes": [0.9999999999999998, 0.9999999999999998, 1.0]}, {"translations": [685.0417022705078, -32.5, 658.0], "angles": [0.0, 0.0, 0.11956748755765909], "sizes": [0.9999999999999999, 0.9999999999999999, 1.0]}, {"translations": [681.6909332275391, 47.5, 508.0], "angles": [0.0, 0.0, 0.9908523172616481], "sizes": [0.9999999999999992, 0.9999999999999992, 1.0]}, {"translations": [276.8993606567383, 27.5, 808.0], "angles": [0.0, 0.0, 0.7745310058735051], "sizes": [1.0000000000000002, 1.0000000000000002, 1.0]}, {"translations": [232.27735900878906, 2.5, 658.0], "angles": [0.0, 0.0, 0.0947942361568936], "sizes": [1.0, 1.0, 1.0]}, {"translations": [296.2731170654297, -27.5, 58.0], "angles": [0.0, 0.0, 0.8812696848288097], "sizes": [0.9999999999999996, 0.9999999999999996, 1.0]}, {"translations": [1373.098030090332, 37.5, 658.0], "angles": [0.0, 0.0, 0.5331794117725649], "sizes": [1.0, 1.0, 1.0]}, {"translations": [1312.843391418457, 47.5, 508.0], "angles": [0.0, 0.0, 0.8555221075348991], "sizes": [0.9999999999999997, 0.9999999999999997, 1.0]}, {"translations": [879.2578506469727, 17.5, 658.0], "angles": [0.0, 0.0, 0.821701240419652], "sizes": [1.0, 1.0, 1.0]}, {"translations": [97.79872131347656, 27.5, 808.0], "angles": [0.0, 0.0, 0.7745310058735051], "sizes": [1.0000000000000002, 1.0000000000000002, 1.0]}, {"translations": [48.554718017578125, 2.5, 658.0], "angles": [0.0, 0.0, 0.0947942361568936], "sizes": [1.0, 1.0, 1.0]}]}, {"SM_CardBoxB_02": [{"translations": [1519.4216995239258, 32.5, 508.0], "angles": [0.0, 0.0, 0.8447332208034957], "sizes": [0.9999999999999999, 0.9999999999999999, 1.0]}, {"translations": [1418.5175323486328, -47.5, 358.0], "angles": [0.0, 0.0, 0.9994766740010989], "sizes": [1.0000000000000007, 1.0000000000000007, 1.0]}, {"translations": [1097.1691436767578, 32.5, 358.0], "angles": [0.0, 0.0, 0.449226100638404], "sizes": [0.9999999999999999, 0.9999999999999999, 1.0]}, {"translations": [1049.9947204589844, 17.5, 58.0], "angles": [0.0, 0.0, 0.6336255064000259], "sizes": [1.0000000000000002, 1.0000000000000002, 1.0]}, {"translations": [645.8500061035156, 27.5, 808.0], "angles": [0.0, 0.0, 0.6006711476685718], "sizes": [1.0, 1.0, 1.0]}, {"translations": [676.6909332275391, -47.5, 508.0], "angles": [0.0, 0.0, 0.5127582780443097], "sizes": [0.9999999999999999, 0.9999999999999999, 1.0]}, {"translations": [675.9415435791016, 47.5, 358.0], "angles": [0.0, 0.0, 0.3625222416089822], "sizes": [0.9999999999999999, 0.9999999999999999, 1.0]}, {"translations": [227.7722930908203, -22.5, 208.0], "angles": [0.0, 0.0, 0.999608943738536], "sizes": [1.0000000000000009, 1.0000000000000009, 1.0]}, {"translations": [1317.843391418457, -42.5, 508.0], "angles": [0.0, 0.0, 0.006200485882562895], "sizes": [0.9999999999999999, 0.9999999999999999, 1.0]}, {"translations": [1365.0039825439453, 37.5, 58.0], "angles": [0.0, 0.0, 0.9498444743505544], "sizes": [0.9999999999999999, 0.9999999999999999, 1.0]}, {"translations": [923.3382797241211, 2.5, 358.0], "angles": [0.0, 0.0, 0.05327404654225754], "sizes": [1.0, 1.0, 1.0]}, {"translations": [928.9894409179688, 47.5, 58.0], "angles": [0.0, 0.0, 0.33090274980570883], "sizes": [1.0, 1.0, 1.0]}, {"translations": [487.3818664550781, -47.5, 508.0], "angles": [0.0, 0.0, 0.5127582780443097], "sizes": [0.9999999999999999, 0.9999999999999999, 1.0]}]}, {"SM_CardBoxB_01": [{"translations": [1065.3147430419922, 37.5, 808.0], "angles": [0.0, 0.0, 0.9655528259917509], "sizes": [1.0000000000000009, 1.0000000000000009, 1.0]}, {"translations": [1102.4913635253906, 27.5, 508.0], "angles": [0.0, 0.0, 0.9977457937505727], "sizes": [1.0, 1.0, 1.0]}, {"translations": [1145.6141815185547, -12.5, 208.0], "angles": [0.0, 0.0, 0.5236703287491425], "sizes": [1.0, 1.0, 1.0]}, {"translations": [695.1785354614258, -27.5, 208.0], "angles": [0.0, 0.0, 0.9720068903394526], "sizes": [1.0000000000000002, 1.0000000000000002, 1.0]}, {"translations": [322.27735900878906, -42.5, 658.0], "angles": [0.0, 0.0, 0.7287569262865983], "sizes": [1.0000000000000002, 1.0000000000000002, 1.0]}, {"translations": [337.27735900878906, 47.5, 658.0], "angles": [0.0, 0.0, 0.9887132148765715], "sizes": [0.9999999999999993, 0.9999999999999993, 1.0]}, {"translations": [271.2996139526367, -27.5, 508.0], "angles": [0.0, 0.0, 0.20305792800680975], "sizes": [1.0, 1.0, 1.0]}, {"translations": [283.2218246459961, -37.5, 358.0], "angles": [0.0, 0.0, 0.42339979311177467], "sizes": [0.9999999999999999, 0.9999999999999999, 1.0]}, {"translations": [338.2218246459961, 47.5, 358.0], "angles": [0.0, 0.0, 0.9999969011392491], "sizes": [0.9999999999999998, 0.9999999999999998, 1.0]}, {"translations": [1334.3436584472656, -47.5, 808.0], "angles": [0.0, 0.0, 0.4759055599262609], "sizes": [0.9999999999999999, 0.9999999999999999, 1.0]}, {"translations": [1281.0350646972656, -17.5, 358.0], "angles": [0.0, 0.0, 0.9731557277042318], "sizes": [1.0000000000000004, 1.0000000000000004, 1.0]}, {"translations": [889.6294860839844, 37.5, 808.0], "angles": [0.0, 0.0, 0.9655528259917509], "sizes": [1.0000000000000009, 1.0000000000000009, 1.0]}, {"translations": [973.9827346801758, -47.5, 508.0], "angles": [0.0, 0.0, 0.06884841878533804], "sizes": [0.9999999999999999, 0.9999999999999999, 1.0]}, {"translations": [948.9827346801758, 27.5, 508.0], "angles": [0.0, 0.0, 0.9977457937505727], "sizes": [1.0, 1.0, 1.0]}, {"translations": [504.35707092285156, -27.5, 208.0], "angles": [0.0, 0.0, 0.9720068903394526], "sizes": [1.0000000000000002, 1.0000000000000002, 1.0]}, {"translations": [138.55471801757812, -42.5, 658.0], "angles": [0.0, 0.0, 0.7287569262865983], "sizes": [1.0000000000000002, 1.0000000000000002, 1.0]}, {"translations": [24.544578552246094, -37.5, 208.0], "angles": [0.0, 0.0, 0.7154363878647926], "sizes": [1.0000000000000002, 1.0000000000000002, 1.0]}]}]