[{"SM_RackShelf_01": [{"translations": [200.0, 0.0, 37.0], "angles": [0.0, 0.0, 0.0], "sizes": [1.0, 1.0, 1.0]}, {"translations": [200.0, 0.0, 187.0], "angles": [0.0, 0.0, 0.0], "sizes": [1.0, 1.0, 1.0]}, {"translations": [600.0, 0.0, 37.0], "angles": [0.0, 0.0, 0.0], "sizes": [1.0, 1.0, 1.0]}, {"translations": [600.0, 0.0, 187.0], "angles": [0.0, 0.0, 0.0], "sizes": [1.0, 1.0, 1.0]}, {"translations": [1000.0, 0.0, 37.0], "angles": [0.0, 0.0, 0.0], "sizes": [1.0, 1.0, 1.0]}, {"translations": [1000.0, 0.0, 187.0], "angles": [0.0, 0.0, 0.0], "sizes": [1.0, 1.0, 1.0]}, {"translations": [1400.0, 0.0, 37.0], "angles": [0.0, 0.0, 0.0], "sizes": [1.0, 1.0, 1.0]}, {"translations": [1400.0, 0.0, 187.0], "angles": [0.0, 0.0, 0.0], "sizes": [1.0, 1.0, 1.0]}, {"translations": [1800.0, 0.0, 37.0], "angles": [0.0, 0.0, 0.0], "sizes": [1.0, 1.0, 1.0]}, {"translations": [1800.0, 0.0, 187.0], "angles": [0.0, 0.0, 0.0], "sizes": [1.0, 1.0, 1.0]}, {"translations": [2200.0, 0.0, 37.0], "angles": [0.0, 0.0, 0.0], "sizes": [1.0, 1.0, 1.0]}, {"translations": [2200.0, 0.0, 187.0], "angles": [0.0, 0.0, 0.0], "sizes": [1.0, 1.0, 1.0]}, {"translations": [2600.0, 0.0, 37.0], "angles": [0.0, 0.0, 0.0], "sizes": [1.0, 1.0, 1.0]}, {"translations": [2600.0, 0.0, 187.0], "angles": [0.0, 0.0, 0.0], "sizes": [1.0, 1.0, 1.0]}, {"translations": [3000.0, 0.0, 37.0], "angles": [0.0, 0.0, 0.0], "sizes": [1.0, 1.0, 1.0]}, {"translations": [3000.0, 0.0, 187.0], "angles": [0.0, 0.0, 0.0], "sizes": [1.0, 1.0, 1.0]}, {"translations": [3400.0, 0.0, 37.0], "angles": [0.0, 0.0, 0.0], "sizes": [1.0, 1.0, 1.0]}, {"translations": [3400.0, 0.0, 187.0], "angles": [0.0, 0.0, 0.0], "sizes": [1.0, 1.0, 1.0]}]}, {"SM_RackFrame_03": [{"translations": [0.0, 0.0, 0.0], "angles": [0.0, 0.0, 0.0], "sizes": [1.0, 1.0, 1.0]}, {"translations": [400.0, 0.0, 0.0], "angles": [0.0, 0.0, 0.0], "sizes": [1.0, 1.0, 1.0]}, {"translations": [800.0, 0.0, 0.0], "angles": [0.0, 0.0, 0.0], "sizes": [1.0, 1.0, 1.0]}, {"translations": [1200.0, 0.0, 0.0], "angles": [0.0, 0.0, 0.0], "sizes": [1.0, 1.0, 1.0]}, {"translations": [1600.0, 0.0, 0.0], "angles": [0.0, 0.0, 0.0], "sizes": [1.0, 1.0, 1.0]}, {"translations": [2000.0, 0.0, 0.0], "angles": [0.0, 0.0, 0.0], "sizes": [1.0, 1.0, 1.0]}, {"translations": [2400.0, 0.0, 0.0], "angles": [0.0, 0.0, 0.0], "sizes": [1.0, 1.0, 1.0]}, {"translations": [2800.0, 0.0, 0.0], "angles": [0.0, 0.0, 0.0], "sizes": [1.0, 1.0, 1.0]}, {"translations": [3200.0, 0.0, 0.0], "angles": [0.0, 0.0, 0.0], "sizes": [1.0, 1.0, 1.0]}, {"translations": [0.0, 0.0, 0.0], "angles": [0.0, 0.0, 0.0], "sizes": [1.0, 1.0, 1.0]}, {"translations": [400.0, 0.0, 0.0], "angles": [0.0, 0.0, 0.0], "sizes": [1.0, 1.0, 1.0]}, {"translations": [800.0, 0.0, 0.0], "angles": [0.0, 0.0, 0.0], "sizes": [1.0, 1.0, 1.0]}, {"translations": [1200.0, 0.0, 0.0], "angles": [0.0, 0.0, 0.0], "sizes": [1.0, 1.0, 1.0]}, {"translations": [1600.0, 0.0, 0.0], "angles": [0.0, 0.0, 0.0], "sizes": [1.0, 1.0, 1.0]}, {"translations": [2000.0, 0.0, 0.0], "angles": [0.0, 0.0, 0.0], "sizes": [1.0, 1.0, 1.0]}, {"translations": [2400.0, 0.0, 0.0], "angles": [0.0, 0.0, 0.0], "sizes": [1.0, 1.0, 1.0]}, {"translations": [2800.0, 0.0, 0.0], "angles": [0.0, 0.0, 0.0], "sizes": [1.0, 1.0, 1.0]}, {"translations": [3200.0, 0.0, 0.0], "angles": [0.0, 0.0, 0.0], "sizes": [1.0, 1.0, 1.0]}, {"translations": [3600.0, 0.0, 0.0], "angles": [0.0, 0.0, 0.0], "sizes": [1.0, 1.0, 1.0]}]}, {"SM_PaletteA_01": [{"translations": [104.04623413085938, 0.0, 37.0], "angles": [0.0, 0.0, 0.0], "sizes": [1.0, 1.0, 1.0]}, {"translations": [77.0445785522461, 0.0, 187.0], "angles": [0.0, 0.0, 0.0], "sizes": [1.0, 1.0, 1.0]}, {"translations": [482.2792282104492, 0.0, 37.0], "angles": [0.0, 0.0, 0.0], "sizes": [1.0, 1.0, 1.0]}, {"translations": [491.85707092285156, 0.0, 187.0], "angles": [0.0, 0.0, 0.0], "sizes": [1.0, 1.0, 1.0]}, {"translations": [911.4894409179688, 0.0, 37.0], "angles": [0.0, 0.0, 0.0], "sizes": [1.0, 1.0, 1.0]}, {"translations": [962.7283554077148, 0.0, 187.0], "angles": [0.0, 0.0, 0.0], "sizes": [1.0, 1.0, 1.0]}, {"translations": [1312.5039825439453, 0.0, 37.0], "angles": [0.0, 0.0, 0.0], "sizes": [1.0, 1.0, 1.0]}, {"translations": [1367.7973022460938, 0.0, 187.0], "angles": [0.0, 0.0, 0.0], "sizes": [1.0, 1.0, 1.0]}, {"translations": [1713.750633239746, 0.0, 37.0], "angles": [0.0, 0.0, 0.0], "sizes": [1.0, 1.0, 1.0]}, {"translations": [1675.6761093139648, 0.0, 187.0], "angles": [0.0, 0.0, 0.0], "sizes": [1.0, 1.0, 1.0]}, {"translations": [2079.5151443481445, 0.0, 37.0], "angles": [0.0, 0.0, 0.0], "sizes": [1.0, 1.0, 1.0]}, {"translations": [2093.033576965332, 0.0, 187.0], "angles": [0.0, 0.0, 0.0], "sizes": [1.0, 1.0, 1.0]}, {"translations": [2498.907196044922, 0.0, 37.0], "angles": [0.0, 0.0, 0.0], "sizes": [1.0, 1.0, 1.0]}, {"translations": [2502.4140243530273, 0.0, 187.0], "angles": [0.0, 0.0, 0.0], "sizes": [1.0, 1.0, 1.0]}, {"translations": [2907.6520080566406, 0.0, 37.0], "angles": [0.0, 0.0, 0.0], "sizes": [1.0, 1.0, 1.0]}, {"translations": [2875.525344848633, 0.0, 187.0], "angles": [0.0, 0.0, 0.0], "sizes": [1.0, 1.0, 1.0]}, {"translations": [3281.321846008301, 0.0, 37.0], "angles": [0.0, 0.0, 0.0], "sizes": [1.0, 1.0, 1.0]}, {"translations": [3335.089340209961, 0.0, 187.0], "angles": [0.0, 0.0, 0.0], "sizes": [1.0, 1.0, 1.0]}, {"translations": [288.7731170654297, 0.0, 37.0], "angles": [0.0, 0.0, 0.0], "sizes": [1.0, 1.0, 1.0]}, {"translations": [275.2722930908203, 0.0, 187.0], "angles": [0.0, 0.0, 0.0], "sizes": [1.0, 1.0, 1.0]}, {"translations": [677.8896102905273, 0.0, 37.0], "angles": [0.0, 0.0, 0.0], "sizes": [1.0, 1.0, 1.0]}, {"translations": [682.6785354614258, 0.0, 187.0], "angles": [0.0, 0.0, 0.0], "sizes": [1.0, 1.0, 1.0]}, {"translations": [1092.4947204589844, 0.0, 37.0], "angles": [0.0, 0.0, 0.0], "sizes": [1.0, 1.0, 1.0]}, {"translations": [1118.1141815185547, 0.0, 187.0], "angles": [0.0, 0.0, 0.0], "sizes": [1.0, 1.0, 1.0]}, {"translations": [1493.0019912719727, 0.0, 37.0], "angles": [0.0, 0.0, 0.0], "sizes": [1.0, 1.0, 1.0]}, {"translations": [1520.6486511230469, 0.0, 187.0], "angles": [0.0, 0.0, 0.0], "sizes": [1.0, 1.0, 1.0]}, {"translations": [1893.6253204345703, 0.0, 37.0], "angles": [0.0, 0.0, 0.0], "sizes": [1.0, 1.0, 1.0]}, {"translations": [1874.5880508422852, 0.0, 187.0], "angles": [0.0, 0.0, 0.0], "sizes": [1.0, 1.0, 1.0]}, {"translations": [2276.5075759887695, 0.0, 37.0], "angles": [0.0, 0.0, 0.0], "sizes": [1.0, 1.0, 1.0]}, {"translations": [2283.2667846679688, 0.0, 187.0], "angles": [0.0, 0.0, 0.0], "sizes": [1.0, 1.0, 1.0]}, {"translations": [2686.203598022461, 0.0, 37.0], "angles": [0.0, 0.0, 0.0], "sizes": [1.0, 1.0, 1.0]}, {"translations": [2687.9570083618164, 0.0, 187.0], "angles": [0.0, 0.0, 0.0], "sizes": [1.0, 1.0, 1.0]}, {"translations": [3090.5760040283203, 0.0, 37.0], "angles": [0.0, 0.0, 0.0], "sizes": [1.0, 1.0, 1.0]}, {"translations": [3074.5126724243164, 0.0, 187.0], "angles": [0.0, 0.0, 0.0], "sizes": [1.0, 1.0, 1.0]}, {"translations": [3477.410919189453, 0.0, 37.0], "angles": [0.0, 0.0, 0.0], "sizes": [1.0, 1.0, 1.0]}, {"translations": [3504.2946701049805, 0.0, 187.0], "angles": [0.0, 0.0, 0.0], "sizes": [1.0, 1.0, 1.0]}]}]