[{"SM_RackShelf_01": [{"translations": [200.0, 0.0, 37.0], "angles": [0.0, 0.0, 0.0], "sizes": [1.0, 1.0, 1.0]}, {"translations": [200.0, 0.0, 187.0], "angles": [0.0, 0.0, 0.0], "sizes": [1.0, 1.0, 1.0]}, {"translations": [600.0, 0.0, 37.0], "angles": [0.0, 0.0, 0.0], "sizes": [1.0, 1.0, 1.0]}, {"translations": [600.0, 0.0, 187.0], "angles": [0.0, 0.0, 0.0], "sizes": [1.0, 1.0, 1.0]}, {"translations": [1000.0, 0.0, 37.0], "angles": [0.0, 0.0, 0.0], "sizes": [1.0, 1.0, 1.0]}, {"translations": [1000.0, 0.0, 187.0], "angles": [0.0, 0.0, 0.0], "sizes": [1.0, 1.0, 1.0]}, {"translations": [1400.0, 0.0, 37.0], "angles": [0.0, 0.0, 0.0], "sizes": [1.0, 1.0, 1.0]}, {"translations": [1400.0, 0.0, 187.0], "angles": [0.0, 0.0, 0.0], "sizes": [1.0, 1.0, 1.0]}, {"translations": [1800.0, 0.0, 37.0], "angles": [0.0, 0.0, 0.0], "sizes": [1.0, 1.0, 1.0]}, {"translations": [1800.0, 0.0, 187.0], "angles": [0.0, 0.0, 0.0], "sizes": [1.0, 1.0, 1.0]}, {"translations": [2200.0, 0.0, 37.0], "angles": [0.0, 0.0, 0.0], "sizes": [1.0, 1.0, 1.0]}, {"translations": [2200.0, 0.0, 187.0], "angles": [0.0, 0.0, 0.0], "sizes": [1.0, 1.0, 1.0]}, {"translations": [2600.0, 0.0, 37.0], "angles": [0.0, 0.0, 0.0], "sizes": [1.0, 1.0, 1.0]}, {"translations": [2600.0, 0.0, 187.0], "angles": [0.0, 0.0, 0.0], "sizes": [1.0, 1.0, 1.0]}, {"translations": [3000.0, 0.0, 37.0], "angles": [0.0, 0.0, 0.0], "sizes": [1.0, 1.0, 1.0]}, {"translations": [3000.0, 0.0, 187.0], "angles": [0.0, 0.0, 0.0], "sizes": [1.0, 1.0, 1.0]}]}, {"SM_RackFrame_03": [{"translations": [0.0, 0.0, 0.0], "angles": [0.0, 0.0, 0.0], "sizes": [1.0, 1.0, 1.0]}, {"translations": [400.0, 0.0, 0.0], "angles": [0.0, 0.0, 0.0], "sizes": [1.0, 1.0, 1.0]}, {"translations": [800.0, 0.0, 0.0], "angles": [0.0, 0.0, 0.0], "sizes": [1.0, 1.0, 1.0]}, {"translations": [1200.0, 0.0, 0.0], "angles": [0.0, 0.0, 0.0], "sizes": [1.0, 1.0, 1.0]}, {"translations": [1600.0, 0.0, 0.0], "angles": [0.0, 0.0, 0.0], "sizes": [1.0, 1.0, 1.0]}, {"translations": [2000.0, 0.0, 0.0], "angles": [0.0, 0.0, 0.0], "sizes": [1.0, 1.0, 1.0]}, {"translations": [2400.0, 0.0, 0.0], "angles": [0.0, 0.0, 0.0], "sizes": [1.0, 1.0, 1.0]}, {"translations": [2800.0, 0.0, 0.0], "angles": [0.0, 0.0, 0.0], "sizes": [1.0, 1.0, 1.0]}, {"translations": [0.0, 0.0, 0.0], "angles": [0.0, 0.0, 0.0], "sizes": [1.0, 1.0, 1.0]}, {"translations": [400.0, 0.0, 0.0], "angles": [0.0, 0.0, 0.0], "sizes": [1.0, 1.0, 1.0]}, {"translations": [800.0, 0.0, 0.0], "angles": [0.0, 0.0, 0.0], "sizes": [1.0, 1.0, 1.0]}, {"translations": [1200.0, 0.0, 0.0], "angles": [0.0, 0.0, 0.0], "sizes": [1.0, 1.0, 1.0]}, {"translations": [1600.0, 0.0, 0.0], "angles": [0.0, 0.0, 0.0], "sizes": [1.0, 1.0, 1.0]}, {"translations": [2000.0, 0.0, 0.0], "angles": [0.0, 0.0, 0.0], "sizes": [1.0, 1.0, 1.0]}, {"translations": [2400.0, 0.0, 0.0], "angles": [0.0, 0.0, 0.0], "sizes": [1.0, 1.0, 1.0]}, {"translations": [2800.0, 0.0, 0.0], "angles": [0.0, 0.0, 0.0], "sizes": [1.0, 1.0, 1.0]}, {"translations": [3200.0, 0.0, 0.0], "angles": [0.0, 0.0, 0.0], "sizes": [1.0, 1.0, 1.0]}]}, {"SM_PaletteA_01": [{"translations": [104.04623413085938, 0.0, 37.0], "angles": [0.0, 0.0, 0.0], "sizes": [1.0, 1.0, 1.0]}, {"translations": [77.0445785522461, 0.0, 187.0], "angles": [0.0, 0.0, 0.0], "sizes": [1.0, 1.0, 1.0]}, {"translations": [482.2792282104492, 0.0, 37.0], "angles": [0.0, 0.0, 0.0], "sizes": [1.0, 1.0, 1.0]}, {"translations": [491.85707092285156, 0.0, 187.0], "angles": [0.0, 0.0, 0.0], "sizes": [1.0, 1.0, 1.0]}, {"translations": [911.4894409179688, 0.0, 37.0], "angles": [0.0, 0.0, 0.0], "sizes": [1.0, 1.0, 1.0]}, {"translations": [962.7283554077148, 0.0, 187.0], "angles": [0.0, 0.0, 0.0], "sizes": [1.0, 1.0, 1.0]}, {"translations": [1312.5039825439453, 0.0, 37.0], "angles": [0.0, 0.0, 0.0], "sizes": [1.0, 1.0, 1.0]}, {"translations": [1367.7973022460938, 0.0, 187.0], "angles": [0.0, 0.0, 0.0], "sizes": [1.0, 1.0, 1.0]}, {"translations": [1713.750633239746, 0.0, 37.0], "angles": [0.0, 0.0, 0.0], "sizes": [1.0, 1.0, 1.0]}, {"translations": [1675.6761093139648, 0.0, 187.0], "angles": [0.0, 0.0, 0.0], "sizes": [1.0, 1.0, 1.0]}, {"translations": [2079.5151443481445, 0.0, 37.0], "angles": [0.0, 0.0, 0.0], "sizes": [1.0, 1.0, 1.0]}, {"translations": [2093.033576965332, 0.0, 187.0], "angles": [0.0, 0.0, 0.0], "sizes": [1.0, 1.0, 1.0]}, {"translations": [2498.907196044922, 0.0, 37.0], "angles": [0.0, 0.0, 0.0], "sizes": [1.0, 1.0, 1.0]}, {"translations": [2502.4140243530273, 0.0, 187.0], "angles": [0.0, 0.0, 0.0], "sizes": [1.0, 1.0, 1.0]}, {"translations": [2907.6520080566406, 0.0, 37.0], "angles": [0.0, 0.0, 0.0], "sizes": [1.0, 1.0, 1.0]}, {"translations": [2875.525344848633, 0.0, 187.0], "angles": [0.0, 0.0, 0.0], "sizes": [1.0, 1.0, 1.0]}, {"translations": [288.7731170654297, 0.0, 37.0], "angles": [0.0, 0.0, 0.0], "sizes": [1.0, 1.0, 1.0]}, {"translations": [275.2722930908203, 0.0, 187.0], "angles": [0.0, 0.0, 0.0], "sizes": [1.0, 1.0, 1.0]}, {"translations": [677.8896102905273, 0.0, 37.0], "angles": [0.0, 0.0, 0.0], "sizes": [1.0, 1.0, 1.0]}, {"translations": [682.6785354614258, 0.0, 187.0], "angles": [0.0, 0.0, 0.0], "sizes": [1.0, 1.0, 1.0]}, {"translations": [1092.4947204589844, 0.0, 37.0], "angles": [0.0, 0.0, 0.0], "sizes": [1.0, 1.0, 1.0]}, {"translations": [1118.1141815185547, 0.0, 187.0], "angles": [0.0, 0.0, 0.0], "sizes": [1.0, 1.0, 1.0]}, {"translations": [1493.0019912719727, 0.0, 37.0], "angles": [0.0, 0.0, 0.0], "sizes": [1.0, 1.0, 1.0]}, {"translations": [1520.6486511230469, 0.0, 187.0], "angles": [0.0, 0.0, 0.0], "sizes": [1.0, 1.0, 1.0]}, {"translations": [1893.6253204345703, 0.0, 37.0], "angles": [0.0, 0.0, 0.0], "sizes": [1.0, 1.0, 1.0]}, {"translations": [1874.5880508422852, 0.0, 187.0], "angles": [0.0, 0.0, 0.0], "sizes": [1.0, 1.0, 1.0]}, {"translations": [2276.5075759887695, 0.0, 37.0], "angles": [0.0, 0.0, 0.0], "sizes": [1.0, 1.0, 1.0]}, {"translations": [2283.2667846679688, 0.0, 187.0], "angles": [0.0, 0.0, 0.0], "sizes": [1.0, 1.0, 1.0]}, {"translations": [2686.203598022461, 0.0, 37.0], "angles": [0.0, 0.0, 0.0], "sizes": [1.0, 1.0, 1.0]}, {"translations": [2687.9570083618164, 0.0, 187.0], "angles": [0.0, 0.0, 0.0], "sizes": [1.0, 1.0, 1.0]}, {"translations": [3090.5760040283203, 0.0, 37.0], "angles": [0.0, 0.0, 0.0], "sizes": [1.0, 1.0, 1.0]}, {"translations": [3074.5126724243164, 0.0, 187.0], "angles": [0.0, 0.0, 0.0], "sizes": [1.0, 1.0, 1.0]}]}, {"SM_CardBoxB_02": [{"translations": [3032.0126724243164, 2.5, 208.0], "angles": [0.0, 0.0, 0.7013068158445771], "sizes": [1.0000000000000002, 1.0000000000000002, 1.0]}, {"translations": [2745.4570083618164, 37.5, 208.0], "angles": [0.0, 0.0, 0.6853006768784227], "sizes": [1.0, 1.0, 1.0]}, {"translations": [2653.703598022461, 7.5, 58.0], "angles": [0.0, 0.0, 0.5004430161167323], "sizes": [0.9999999999999998, 0.9999999999999998, 1.0]}, {"translations": [2219.0075759887695, 2.5, 58.0], "angles": [0.0, 0.0, 0.6214591998684321], "sizes": [1.0000000000000002, 1.0000000000000002, 1.0]}, {"translations": [1932.0880508422852, -2.5, 208.0], "angles": [0.0, 0.0, 0.7167417602672312], "sizes": [1.0000000000000002, 1.0000000000000002, 1.0]}, {"translations": [1545.5019912719727, 37.5, 58.0], "angles": [0.0, 0.0, 0.9498444743505544], "sizes": [0.9999999999999999, 0.9999999999999999, 1.0]}, {"translations": [1109.9947204589844, 47.5, 58.0], "angles": [0.0, 0.0, 0.33090274980570883], "sizes": [1.0, 1.0, 1.0]}, {"translations": [2466.407196044922, 7.5, 58.0], "angles": [0.0, 0.0, 0.5004430161167323], "sizes": [0.9999999999999998, 0.9999999999999998, 1.0]}, {"translations": [928.9894409179688, 47.5, 58.0], "angles": [0.0, 0.0, 0.33090274980570883], "sizes": [1.0, 1.0, 1.0]}, {"translations": [524.7792282104492, 7.5, 58.0], "angles": [0.0, 0.0, 0.1789638686773572], "sizes": [1.0, 1.0, 1.0]}]}, {"SM_CardBoxC_01": [{"translations": [3127.0126724243164, -37.5, 208.0], "angles": [0.0, 0.0, 0.8493100644485168], "sizes": [1.0, 1.0, 1.0]}, {"translations": [3143.0760040283203, -27.5, 58.0], "angles": [0.0, 0.0, 0.5889476128053758], "sizes": [1.0, 1.0, 1.0]}, {"translations": [2324.0075759887695, -42.5, 58.0], "angles": [0.0, 0.0, 0.09457948929837151], "sizes": [0.9999999999999999, 0.9999999999999999, 1.0]}, {"translations": [1951.1253204345703, -47.5, 58.0], "angles": [0.0, 0.0, 0.682941312989526], "sizes": [1.0000000000000002, 1.0000000000000002, 1.0]}, {"translations": [1841.1253204345703, 7.5, 58.0], "angles": [0.0, 0.0, 0.9094727748280194], "sizes": [0.9999999999999997, 0.9999999999999997, 1.0]}, {"translations": [1435.5019912719727, -7.5, 58.0], "angles": [0.0, 0.0, 0.9994596004441151], "sizes": [1.0000000000000004, 1.0000000000000004, 1.0]}, {"translations": [251.2731170654297, -47.5, 58.0], "angles": [0.0, 0.0, 0.9369599240009197], "sizes": [0.9999999999999994, 0.9999999999999994, 1.0]}, {"translations": [2913.025344848633, 47.5, 208.0], "angles": [0.0, 0.0, 0.9996879116231371], "sizes": [1.0000000000000002, 1.0000000000000002, 1.0]}, {"translations": [1728.1761093139648, -7.5, 208.0], "angles": [0.0, 0.0, 0.7126212930655441], "sizes": [1.0000000000000002, 1.0000000000000002, 1.0]}, {"translations": [1661.250633239746, 7.5, 58.0], "angles": [0.0, 0.0, 0.9094727748280194], "sizes": [0.9999999999999997, 0.9999999999999997, 1.0]}, {"translations": [1350.0039825439453, -7.5, 58.0], "angles": [0.0, 0.0, 0.042466434347857476], "sizes": [1.0, 1.0, 1.0]}]}, {"SM_CardBoxD_03": [{"translations": [3033.0760040283203, 12.5, 58.0], "angles": [0.0, 0.0, 0.6138808199753425], "sizes": [1.0000000000000002, 1.0000000000000002, 1.0]}, {"translations": [1099.9947204589844, -47.5, 58.0], "angles": [0.0, 0.0, 0.006760736624393581], "sizes": [1.0, 1.0, 1.0]}, {"translations": [740.1785354614258, -22.5, 208.0], "angles": [0.0, 0.0, 0.9532234845635723], "sizes": [1.0000000000000004, 1.0000000000000004, 1.0]}, {"translations": [625.1785354614258, 2.5, 208.0], "angles": [0.0, 0.0, 0.5864256616418562], "sizes": [1.0, 1.0, 1.0]}, {"translations": [322.7722930908203, -32.5, 208.0], "angles": [0.0, 0.0, 0.540203913647444], "sizes": [0.9999999999999999, 0.9999999999999999, 1.0]}, {"translations": [217.7722930908203, -7.5, 208.0], "angles": [0.0, 0.0, 0.5545139892791651], "sizes": [1.0, 1.0, 1.0]}, {"translations": [2935.1520080566406, -32.5, 58.0], "angles": [0.0, 0.0, 0.9843195490384864], "sizes": [1.0, 1.0, 1.0]}, {"translations": [2057.0151443481445, -37.5, 58.0], "angles": [0.0, 0.0, 0.38076525023128693], "sizes": [0.9999999999999999, 0.9999999999999999, 1.0]}, {"translations": [918.9894409179688, -47.5, 58.0], "angles": [0.0, 0.0, 0.006760736624393581], "sizes": [1.0, 1.0, 1.0]}]}, {"SM_CardBoxB_01": [{"translations": [2635.4570083618164, -42.5, 208.0], "angles": [0.0, 0.0, 0.9478274807947067], "sizes": [1.0000000000000004, 1.0000000000000004, 1.0]}, {"translations": [1145.6141815185547, -12.5, 208.0], "angles": [0.0, 0.0, 0.5236703287491425], "sizes": [1.0, 1.0, 1.0]}, {"translations": [2449.9140243530273, -42.5, 208.0], "angles": [0.0, 0.0, 0.9478274807947067], "sizes": [1.0000000000000004, 1.0000000000000004, 1.0]}, {"translations": [1771.250633239746, 2.5, 58.0], "angles": [0.0, 0.0, 0.6397853824519747], "sizes": [1.0000000000000002, 1.0000000000000002, 1.0]}, {"translations": [965.2283554077148, -42.5, 208.0], "angles": [0.0, 0.0, 0.06482960557650683], "sizes": [0.9999999999999999, 0.9999999999999999, 1.0]}, {"translations": [504.35707092285156, -27.5, 208.0], "angles": [0.0, 0.0, 0.9720068903394526], "sizes": [1.0000000000000002, 1.0000000000000002, 1.0]}, {"translations": [24.544578552246094, -37.5, 208.0], "angles": [0.0, 0.0, 0.7154363878647926], "sizes": [1.0000000000000002, 1.0000000000000002, 1.0]}]}, {"SM_CardBoxA_01": [{"translations": [2295.7667846679688, 2.5, 208.0], "angles": [0.0, 0.0, 0.938930238338133], "sizes": [0.9999999999999998, 0.9999999999999998, 1.0]}, {"translations": [1837.0880508422852, 2.5, 208.0], "angles": [0.0, 0.0, 0.20488229754885823], "sizes": [1.0, 1.0, 1.0]}, {"translations": [1493.1486511230469, 32.5, 208.0], "angles": [0.0, 0.0, 0.06471113613479441], "sizes": [1.0, 1.0, 1.0]}, {"translations": [635.3896102905273, -12.5, 58.0], "angles": [0.0, 0.0, 0.969440234399511], "sizes": [1.0000000000000004, 1.0000000000000004, 1.0]}, {"translations": [735.3896102905273, 7.5, 58.0], "angles": [0.0, 0.0, 0.6400996634923765], "sizes": [1.0, 1.0, 1.0]}, {"translations": [2843.025344848633, -37.5, 208.0], "angles": [0.0, 0.0, 0.3565460723324232], "sizes": [1.0, 1.0, 1.0]}, {"translations": [2554.9140243530273, -42.5, 208.0], "angles": [0.0, 0.0, 0.7488407416612766], "sizes": [1.0, 1.0, 1.0]}, {"translations": [2100.533576965332, -2.5, 208.0], "angles": [0.0, 0.0, 0.13613230163074833], "sizes": [1.0, 1.0, 1.0]}, {"translations": [1638.1761093139648, 2.5, 208.0], "angles": [0.0, 0.0, 0.20488229754885823], "sizes": [1.0, 1.0, 1.0]}, {"translations": [1370.2973022460938, -42.5, 208.0], "angles": [0.0, 0.0, 0.9452617247804345], "sizes": [1.0000000000000002, 1.0000000000000002, 1.0]}, {"translations": [975.2283554077148, 47.5, 208.0], "angles": [0.0, 0.0, 0.1044341322499262], "sizes": [1.0, 1.0, 1.0]}, {"translations": [124.5445785522461, 27.5, 208.0], "angles": [0.0, 0.0, 0.3694513968548011], "sizes": [1.0, 1.0, 1.0]}, {"translations": [141.54623413085938, 47.5, 58.0], "angles": [0.0, 0.0, 0.446812553600391], "sizes": [0.9999999999999999, 0.9999999999999999, 1.0]}]}]